id,L1,L2,L3,L4,L5,L6,L7,L8,L9,L10,L11,L12,L13,L14,L15,L16,ping
0,4.279,4.675,11.32,3.341,,,,,,,,,,,,,5.56
1,4.279,4.675,11.32,3.341,,,,,,,,,,,,,126.19
2,4.279,4.675,11.32,3.341,,,,,,,,,,,,,1.052
3,4.279,4.675,11.32,3.341,,,,,,,,,,,,,0.626
4,4.279,4.675,11.32,3.341,,,,,,,,,,,,,0.576
5,4.279,4.675,11.32,3.341,,,,,,,,,,,,,0.563
6,4.279,4.675,11.32,3.341,,,,,,,,,,,,,0.553
7,4.279,4.675,11.32,3.341,,,,,,,,,,,,,0.611
8,4.279,4.675,11.32,3.341,,,,,,,,,,,,,0.564
9,4.279,4.675,11.32,3.341,,,,,,,,,,,,,0.608
10,4.279,4.675,11.32,3.341,,,,,,,,,,,,,0.641
11,4.279,4.675,11.32,3.341,,,,,,,,,,,,,0.699
12,4.279,4.675,11.32,3.341,,,,,,,,,,,,,0.715
13,4.279,4.675,11.32,3.341,,,,,,,,,,,,,0.604
14,4.279,4.675,11.32,3.341,,,,,,,,,,,,,0.603
19,4.279,4.675,11.32,3.341,,,,,,,,,,,,,0.2
20,4.279,4.675,11.32,3.341,,,,,,,,,,,,,6.264
21,4.279,4.675,11.32,3.341,,,,,,,,,,,,,8.437
22,4.279,4.675,11.32,3.341,,,,,,,,,,,,,9.954
23,4.279,4.675,11.32,3.341,,,,,,,,,,,,,4.635
24,4.279,4.675,11.32,3.341,,,,,,,,,,,,,4.912
25,4.279,4.675,11.32,3.341,,,,,,,,,,,,,6.982
26,4.279,4.675,11.32,3.341,,,,,,,,,,,,,7.397
27,4.279,4.675,11.32,3.341,,,,,,,,,,,,,8.435
28,4.279,4.675,11.32,3.341,,,,,,,,,,,,,6.494
29,4.279,4.675,11.32,3.341,,,,,,,,,,,,,6.886
30,4.279,4.675,11.32,3.341,,,,,,,,,,,,,6.74
31,4.279,4.675,11.32,3.341,,,,,,,,,,,,,10.251
32,4.279,4.675,11.32,3.341,,,,,,,,,,,,,4.895
33,4.279,4.675,11.32,3.341,,,,,,,,,,,,,6.976
34,4.279,4.675,11.32,3.341,,,,,,,,,,,,,5.371
35,4.279,4.675,11.32,3.341,,,,,,,,,,,,,9.913
36,4.279,4.675,11.32,3.341,,,,,,,,,,,,,4.448
37,4.279,4.675,11.32,3.341,,,,,,,,,,,,,8.02
38,4.279,4.675,11.32,3.341,,,,,,,,,,,,,9.214
39,4.279,4.675,11.32,3.341,,,,,,,,,,,,,4.907
40,4.279,4.675,11.32,3.341,,,,,,,,,,,,,6.675
41,4.279,4.675,11.32,3.341,,,,,,,,,,,,,13.719
42,4.279,4.675,11.32,3.341,,,,,,,,,,,,,4.548
43,4.279,4.675,11.32,3.341,,,,,,,,,,,,,5.881
44,4.279,4.675,11.32,3.341,,,,,,,,,,,,,4.637
45,4.279,4.675,11.32,3.341,,,,,,,,,,,,,6.016
46,4.279,4.675,11.32,3.341,,,,,,,,,,,,,8.829
47,4.279,4.675,11.32,3.341,,,,,,,,,,,,,5.768
48,4.279,4.675,11.32,3.341,,,,,,,,,,,,,7.264
49,4.279,4.675,11.32,3.341,,,,,,,,,,,,,7.14
54,4.279,4.675,11.32,3.341,,,,,,,,,,,,,5.877
55,4.279,4.675,11.32,3.341,,,,,,,,,,,,,7.824
56,4.279,4.675,11.32,3.341,,,,,,,,,,,,,12.654
57,4.279,4.675,11.32,3.341,,,,,,,,,,,,,5.217
58,4.279,4.675,11.32,3.341,,,,,,,,,,,,,6.454
59,4.279,4.675,11.32,3.341,,,,,,,,,,,,,8.308
60,4.279,4.675,11.32,3.341,,,,,,,,,,,,,2.373
61,4.279,4.675,11.32,3.341,,,,,,,,,,,,,7.091
62,4.279,4.675,11.32,3.341,,,,,,,,,,,,,8.355
63,4.279,4.675,11.32,3.341,,,,,,,,,,,,,6.227
64,4.279,4.675,11.32,3.341,,,,,,,,,,,,,7.24
65,4.279,4.675,11.32,3.341,,,,,,,,,,,,,7.143
66,4.279,4.675,11.32,3.341,,,,,,,,,,,,,7.492
67,4.279,4.675,11.32,3.341,,,,,,,,,,,,,8.374
68,4.279,4.675,11.32,3.341,,,,,,,,,,,,,5.939
69,4.279,4.675,11.32,3.341,,,,,,,,,,,,,7.351
70,4.279,4.675,11.32,3.341,,,,,,,,,,,,,6.649
71,4.279,4.675,11.32,3.341,,,,,,,,,,,,,8.213
72,4.279,4.675,11.32,3.341,,,,,,,,,,,,,5.493
73,4.279,4.675,11.32,3.341,,,,,,,,,,,,,7.027
74,4.279,4.675,11.32,3.341,,,,,,,,,,,,,6.915
75,4.279,4.675,11.32,3.341,,,,,,,,,,,,,10.05
76,4.279,4.675,11.32,3.341,,,,,,,,,,,,,6.261
77,4.279,4.675,11.32,3.341,,,,,,,,,,,,,5.528
78,4.279,4.675,11.32,3.341,,,,,,,,,,,,,6.839
79,4.279,4.675,11.32,3.341,,,,,,,,,,,,,7.328
80,4.279,4.675,11.32,3.341,,,,,,,,,,,,,8.808
81,4.279,4.675,11.32,3.341,,,,,,,,,,,,,5.121
82,4.279,4.675,11.32,3.341,,,,,,,,,,,,,11.505
83,4.279,4.675,11.32,3.341,,,,,,,,,,,,,4.287
84,4.279,4.675,11.32,3.341,,,,,,,,,,,,,5.032
85,4.279,4.675,11.32,3.341,,,,,,,,,,,,,7.316
86,4.279,4.675,11.32,3.341,,,,,,,,,,,,,7.458
87,4.279,4.675,11.32,3.341,,,,,,,,,,,,,34.289
88,4.279,4.675,11.32,3.341,,,,,,,,,,,,,4.429
89,4.279,4.675,11.32,3.341,,,,,,,,,,,,,0.975
90,4.279,4.675,11.32,3.341,,,,,,,,,,,,,0.909
91,4.279,4.675,11.32,3.341,,,,,,,,,,,,,1.042
92,4.279,4.675,11.32,3.341,,,,,,,,,,,,,0.97
93,4.279,4.675,11.32,3.341,,,,,,,,,,,,,1.143
94,4.279,4.675,11.32,3.341,,,,,,,,,,,,,7.419
95,4.279,4.675,11.32,3.341,,,,,,,,,,,,,7.704
96,4.279,4.675,11.32,3.341,,,,,,,,,,,,,5.929
97,4.279,4.675,11.32,3.341,,,,,,,,,,,,,7.941
98,4.279,4.675,11.32,3.341,,,,,,,,,,,,,7.871
99,4.279,4.675,11.32,3.341,,,,,,,,,,,,,5.395
100,4.279,4.675,11.32,3.341,,,,,,,,,,,,,6.364
101,4.279,4.675,11.32,3.341,,,,,,,,,,,,,8.003
102,4.279,4.675,11.32,3.341,,,,,,,,,,,,,6.615
103,4.279,4.675,11.32,3.341,,,,,,,,,,,,,6.93
104,4.279,4.675,11.32,3.341,,,,,,,,,,,,,7.135
105,4.279,4.675,11.32,3.341,,,,,,,,,,,,,7.714
106,4.279,4.675,11.32,3.341,,,,,,,,,,,,,6.678
107,4.279,4.675,11.32,3.341,,,,,,,,,,,,,7.389
108,4.279,4.675,11.32,3.341,,,,,,,,,,,,,8.816
109,4.279,4.675,11.32,3.341,,,,,,,,,,,,,5.53
110,4.279,4.675,11.32,3.341,,,,,,,,,,,,,7.334
111,4.279,4.675,11.32,3.341,,,,,,,,,,,,,7.746
112,4.279,4.675,11.32,3.341,,,,,,,,,,,,,10.916
113,4.279,4.675,11.32,3.341,,,,,,,,,,,,,5.01
114,4.279,4.675,11.32,3.341,,,,,,,,,,,,,4.539
115,4.279,4.675,11.32,3.341,,,,,,,,,,,,,8.79
116,4.279,4.675,11.32,3.341,,,,,,,,,,,,,9.345
117,4.279,4.675,11.32,3.341,,,,,,,,,,,,,4.595
118,4.279,4.675,11.32,3.341,,,,,,,,,,,,,5.871
119,4.279,4.675,11.32,3.341,,,,,,,,,,,,,8.166
120,4.279,4.675,11.32,3.341,,,,,,,,,,,,,6.046
121,4.279,4.675,11.32,3.341,,,,,,,,,,,,,8.16
122,4.279,4.675,11.32,3.341,,,,,,,,,,,,,6.213
127,4.279,4.675,11.32,3.341,,,,,,,,,,,,,5.698
128,4.279,4.675,11.32,3.341,,,,,,,,,,,,,19.652
129,4.279,4.675,11.32,3.341,,,,,,,,,,,,,1.411
130,4.279,4.675,11.32,3.341,,,,,,,,,,,,,2.974
131,4.279,4.675,11.32,3.341,,,,,,,,,,,,,4.667
132,4.279,4.675,11.32,3.341,,,,,,,,,,,,,5.081
133,4.279,4.675,11.32,3.341,,,,,,,,,,,,,7.197
134,4.279,4.675,11.32,3.341,,,,,,,,,,,,,7.111
135,4.279,4.675,11.32,3.341,,,,,,,,,,,,,7.212
136,4.279,4.675,11.32,3.341,,,,,,,,,,,,,9.111
137,4.279,4.675,11.32,3.341,,,,,,,,,,,,,5.224
138,4.279,4.675,11.32,3.341,,,,,,,,,,,,,8.475
139,4.279,4.675,11.32,3.341,,,,,,,,,,,,,10.392
140,4.279,4.675,11.32,3.341,,,,,,,,,,,,,6.531
141,4.279,4.675,11.32,3.341,,,,,,,,,,,,,4.795
146,4.279,4.675,11.32,3.341,,,,,,,,,,,,,6.949
147,4.279,4.675,11.32,3.341,,,,,,,,,,,,,6.939
148,4.279,4.675,11.32,3.341,,,,,,,,,,,,,7.333
149,4.279,4.675,11.32,3.341,,,,,,,,,,,,,7.307
150,4.279,4.675,11.32,3.341,,,,,,,,,,,,,7.119
151,4.279,4.675,11.32,3.341,,,,,,,,,,,,,7.457
152,4.279,4.675,11.32,3.341,,,,,,,,,,,,,6.75
157,4.279,4.675,11.32,3.341,,,,,,,,,,,,,6.394
158,4.279,4.675,11.32,3.341,,,,,,,,,,,,,8.2
159,4.279,4.675,11.32,3.341,,,,,,,,,,,,,6.103
160,4.279,4.675,11.32,3.341,,,,,,,,,,,,,7.448
161,4.279,4.675,11.32,3.341,,,,,,,,,,,,,6.918
162,4.279,4.675,11.32,3.341,,,,,,,,,,,,,6.631
163,4.279,4.675,11.32,3.341,,,,,,,,,,,,,7.561
164,4.279,4.675,11.32,3.341,,,,,,,,,,,,,6.703
165,4.279,4.675,11.32,3.341,,,,,,,,,,,,,16.999
166,4.279,4.675,11.32,3.341,,,,,,,,,,,,,4.846
167,4.279,4.675,11.32,3.341,,,,,,,,,,,,,1.311
168,4.279,4.675,11.32,3.341,,,,,,,,,,,,,7.488
169,4.279,4.675,11.32,3.341,,,,,,,,,,,,,5.082
170,4.279,4.675,11.32,3.341,,,,,,,,,,,,,5.502
171,4.279,4.675,11.32,3.341,,,,,,,,,,,,,7.531
172,4.279,4.675,11.32,3.341,,,,,,,,,,,,,6.889
173,4.279,4.675,11.32,3.341,,,,,,,,,,,,,44.02
174,4.279,4.675,11.32,3.341,,,,,,,,,,,,,4.519
175,4.279,4.675,11.32,3.341,,,,,,,,,,,,,0.967
176,4.279,4.675,11.32,3.341,,,,,,,,,,,,,0.813
177,4.279,4.675,11.32,3.341,,,,,,,,,,,,,0.812
178,4.279,4.675,11.32,3.341,,,,,,,,,,,,,0.825
179,4.279,4.675,11.32,3.341,,,,,,,,,,,,,1.058
180,4.279,4.675,11.32,3.341,,,,,,,,,,,,,0.895
181,4.279,4.675,11.32,3.341,,,,,,,,,,,,,3.758
182,4.279,4.675,11.32,3.341,,,,,,,,,,,,,6.865
183,4.279,4.675,11.32,3.341,,,,,,,,,,,,,6.889
184,4.279,4.675,11.32,3.341,,,,,,,,,,,,,8.503
185,4.279,4.675,11.32,3.341,,,,,,,,,,,,,5.584
186,4.279,4.675,11.32,3.341,,,,,,,,,,,,,7.287
187,4.279,4.675,11.32,3.341,,,,,,,,,,,,,6.793
188,4.279,4.675,11.32,3.341,,,,,,,,,,,,,7.149
189,4.279,4.675,11.32,3.341,,,,,,,,,,,,,9.862
190,4.279,4.675,11.32,3.341,,,,,,,,,,,,,4.986
191,4.279,4.675,11.32,3.341,,,,,,,,,,,,,6.06
192,4.279,4.675,11.32,3.341,,,,,,,,,,,,,7.267
193,4.279,4.675,11.32,3.341,,,,,,,,,,,,,9.216
194,4.279,4.675,11.32,3.341,,,,,,,,,,,,,4.539
195,4.279,4.675,11.32,3.341,,,,,,,,,,,,,7.237
196,4.279,4.675,11.32,3.341,,,,,,,,,,,,,7.37
197,4.279,4.675,11.32,3.341,,,,,,,,,,,,,6.921
198,4.279,4.675,11.32,3.341,,,,,,,,,,,,,7.128
199,4.279,4.675,11.32,3.341,,,,,,,,,,,,,7.265
200,4.279,4.675,11.32,3.341,,,,,,,,,,,,,7.159
201,4.279,4.675,11.32,3.341,,,,,,,,,,,,,7.177
202,4.279,4.675,11.32,3.341,,,,,,,,,,,,,9.767
203,4.279,4.675,11.32,3.341,,,,,,,,,,,,,5.303
208,4.279,4.675,11.32,3.341,,,,,,,,,,,,,6.816
209,4.279,4.675,11.32,3.341,,,,,,,,,,,,,6.606
210,4.279,4.675,11.32,3.341,,,,,,,,,,,,,7.83
211,4.279,4.675,11.32,3.341,,,,,,,,,,,,,6.649
212,4.279,4.675,11.32,3.341,,,,,,,,,,,,,8.982
213,4.279,4.675,11.32,3.341,,,,,,,,,,,,,5.926
214,4.279,4.675,11.32,3.341,,,,,,,,,,,,,7.291
215,4.279,4.675,11.32,3.341,,,,,,,,,,,,,6.912
216,4.279,4.675,11.32,3.341,,,,,,,,,,,,,6.438
217,4.279,4.675,11.32,3.341,,,,,,,,,,,,,7.489
218,4.279,4.675,11.32,3.341,,,,,,,,,,,,,6.997
219,4.279,4.675,11.32,3.341,,,,,,,,,,,,,11.782
220,4.279,4.675,11.32,3.341,,,,,,,,,,,,,5.169
221,4.279,4.675,11.32,3.341,,,,,,,,,,,,,6.097
222,4.279,4.675,11.32,3.341,,,,,,,,,,,,,5.458
223,4.279,4.675,11.32,3.341,,,,,,,,,,,,,6.819
224,4.279,4.675,11.32,3.341,,,,,,,,,,,,,7.606
225,4.279,4.675,11.32,3.341,,,,,,,,,,,,,7.017
226,4.279,4.675,11.32,3.341,,,,,,,,,,,,,6.821
227,4.279,4.675,11.32,3.341,,,,,,,,,,,,,7.345
228,4.279,4.675,11.32,3.341,,,,,,,,,,,,,7.383
229,4.279,4.675,11.32,3.341,,,,,,,,,,,,,7.855
230,4.279,4.675,11.32,3.341,,,,,,,,,,,,,6.415
231,4.279,4.675,11.32,3.341,,,,,,,,,,,,,7.006
232,4.279,4.675,11.32,3.341,,,,,,,,,,,,,6.876
233,4.279,4.675,11.32,3.341,,,,,,,,,,,,,7.636
234,4.279,4.675,11.32,3.341,,,,,,,,,,,,,9.053
235,4.279,4.675,11.32,3.341,,,,,,,,,,,,,4.772
236,4.279,4.675,11.32,3.341,,,,,,,,,,,,,7.428
237,4.279,4.675,11.32,3.341,,,,,,,,,,,,,7.153
238,4.279,4.675,11.32,3.341,,,,,,,,,,,,,7.2
239,4.279,4.675,11.32,3.341,,,,,,,,,,,,,6.798
240,4.279,4.675,11.32,3.341,,,,,,,,,,,,,7.257
241,4.279,4.675,11.32,3.341,,,,,,,,,,,,,7.152
242,4.279,4.675,11.32,3.341,,,,,,,,,,,,,7.341
243,4.279,4.675,11.32,3.341,,,,,,,,,,,,,6.983
244,4.279,4.675,11.32,3.341,,,,,,,,,,,,,7.383
245,4.279,4.675,11.32,3.341,,,,,,,,,,,,,7.384
246,4.279,4.675,11.32,3.341,,,,,,,,,,,,,7.54
247,4.279,4.675,11.32,3.341,,,,,,,,,,,,,6.136
248,4.279,4.675,11.32,3.341,,,,,,,,,,,,,8.99
249,4.279,4.675,11.32,3.341,,,,,,,,,,,,,7.836
250,4.279,4.675,11.32,3.341,,,,,,,,,,,,,5.099
251,4.279,4.675,11.32,3.341,,,,,,,,,,,,,7.73
252,4.279,4.675,11.32,3.341,,,,,,,,,,,,,6.243
253,4.279,4.675,11.32,3.341,,,,,,,,,,,,,7.375
254,4.279,4.675,11.32,3.341,,,,,,,,,,,,,11.51
255,4.279,4.675,11.32,3.341,,,,,,,,,,,,,5.252
256,4.279,4.675,11.32,3.341,,,,,,,,,,,,,4.608
257,4.279,4.675,11.32,3.341,,,,,,,,,,,,,6.856
258,4.279,4.675,11.32,3.341,,,,,,,,,,,,,31.221
259,4.279,4.675,11.32,3.341,,,,,,,,,,,,,1.432
260,4.279,4.675,11.32,3.341,,,,,,,,,,,,,0.743
261,4.279,4.675,11.32,3.341,,,,,,,,,,,,,0.659
262,4.279,4.675,11.32,3.341,,,,,,,,,,,,,0.647
263,4.279,4.675,11.32,3.341,,,,,,,,,,,,,2.017
264,4.279,4.675,11.32,3.341,,,,,,,,,,,,,8.208
265,4.279,4.675,11.32,3.341,,,,,,,,,,,,,10.554
266,4.279,4.675,11.32,3.341,,,,,,,,,,,,,4.357
267,4.279,4.675,11.32,3.341,,,,,,,,,,,,,5.108
268,4.279,4.675,11.32,3.341,,,,,,,,,,,,,7.31
269,4.279,4.675,11.32,3.341,,,,,,,,,,,,,7.065
270,4.279,4.675,11.32,3.341,,,,,,,,,,,,,7.427
271,4.279,4.675,11.32,3.341,,,,,,,,,,,,,6.682
272,4.279,4.675,11.32,3.341,,,,,,,,,,,,,7.011
273,4.279,4.675,11.32,3.341,,,,,,,,,,,,,7.275
274,4.279,4.675,11.32,3.341,,,,,,,,,,,,,7.388
275,4.279,4.675,11.32,3.341,,,,,,,,,,,,,6.957
276,4.279,4.675,11.32,3.341,,,,,,,,,,,,,7.157
277,4.279,4.675,11.32,3.341,,,,,,,,,,,,,7.164
278,4.279,4.675,11.32,3.341,,,,,,,,,,,,,7.419
279,4.279,4.675,11.32,3.341,,,,,,,,,,,,,8.467
280,4.279,4.675,11.32,3.341,,,,,,,,,,,,,6.85
281,4.279,4.675,11.32,3.341,,,,,,,,,,,,,5.673
282,4.279,4.675,11.32,3.341,,,,,,,,,,,,,7.513
283,4.279,4.675,11.32,3.341,,,,,,,,,,,,,10.959
284,4.279,4.675,11.32,3.341,,,,,,,,,,,,,7.815
285,4.279,4.675,11.32,3.341,,,,,,,,,,,,,8.839
286,4.279,4.675,11.32,3.341,,,,,,,,,,,,,4.536
287,4.279,4.675,11.32,3.341,,,,,,,,,,,,,7.211
288,4.279,4.675,11.32,3.341,,,,,,,,,,,,,7.662
289,4.279,4.675,11.32,3.341,,,,,,,,,,,,,6.932
290,4.279,4.675,11.32,3.341,,,,,,,,,,,,,6.676
291,4.279,4.675,11.32,3.341,,,,,,,,,,,,,7.535
292,4.279,4.675,11.32,3.341,,,,,,,,,,,,,6.79
293,4.279,4.675,11.32,3.341,,,,,,,,,,,,,7.232
294,4.279,4.675,11.32,3.341,,,,,,,,,,,,,10.937
295,4.279,4.675,11.32,3.341,,,,,,,,,,,,,4.234
296,4.279,4.675,11.32,3.341,,,,,,,,,,,,,6.062
297,4.279,4.675,11.32,3.341,,,,,,,,,,,,,7.365
298,4.279,4.675,11.32,3.341,,,,,,,,,,,,,6.618
299,4.279,4.675,11.32,3.341,,,,,,,,,,,,,7.327
300,4.279,4.675,11.32,3.341,,,,,,,,,,,,,7.143
301,4.279,4.675,11.32,3.341,,,,,,,,,,,,,6.831
302,4.279,4.675,11.32,3.341,,,,,,,,,,,,,6.892
303,4.279,4.675,11.32,3.341,,,,,,,,,,,,,7.089
304,4.279,4.675,11.32,3.341,,,,,,,,,,,,,7.528
305,4.279,4.675,11.32,3.341,,,,,,,,,,,,,6.829
306,4.279,4.675,11.32,3.341,,,,,,,,,,,,,7.234
307,4.279,4.675,11.32,3.341,,,,,,,,,,,,,7.101
308,4.279,4.675,11.32,3.341,,,,,,,,,,,,,7.148
309,4.279,4.675,11.32,3.341,,,,,,,,,,,,,10.865
310,4.279,4.675,11.32,3.341,,,,,,,,,,,,,4.393
311,4.279,4.675,11.32,3.341,,,,,,,,,,,,,6.124
312,4.279,4.675,11.32,3.341,,,,,,,,,,,,,7.296
313,4.279,4.675,11.32,3.341,,,,,,,,,,,,,6.883
314,4.279,4.675,11.32,3.341,,,,,,,,,,,,,8.855
315,4.279,4.675,11.32,3.341,,,,,,,,,,,,,5.123
316,4.279,4.675,11.32,3.341,,,,,,,,,,,,,7.939
317,4.279,4.675,11.32,3.341,,,,,,,,,,,,,6.362
318,4.279,4.675,11.32,3.341,,,,,,,,,,,,,7.247
319,4.279,4.675,11.32,3.341,,,,,,,,,,,,,7.354
320,4.279,4.675,11.32,3.341,,,,,,,,,,,,,7.136
321,4.279,4.675,11.32,3.341,,,,,,,,,,,,,7.054
322,4.279,4.675,11.32,3.341,,,,,,,,,,,,,7.685
323,4.279,4.675,11.32,3.341,,,,,,,,,,,,,6.329
324,4.279,4.675,11.32,3.341,,,,,,,,,,,,,20.814
325,4.279,4.675,11.32,3.341,,,,,,,,,,,,,4.624
334,4.279,4.675,11.32,3.341,,,,,,,,,,,,,7.217
335,4.279,4.675,11.32,3.341,,,,,,,,,,,,,6.639
336,4.279,4.675,11.32,3.341,,,,,,,,,,,,,6.936
337,4.279,4.675,11.32,3.341,,,,,,,,,,,,,7.182
338,4.279,4.675,11.32,3.341,,,,,,,,,,,,,32.088
339,4.279,4.675,11.32,3.341,,,,,,,,,,,,,6.487
340,4.279,4.675,11.32,3.341,,,,,,,,,,,,,1.302
341,4.279,4.675,11.32,3.341,,,,,,,,,,,,,0.88
342,4.279,4.675,11.32,3.341,,,,,,,,,,,,,0.767
343,4.279,4.675,11.32,3.341,,,,,,,,,,,,,0.697
344,4.279,4.675,11.32,3.341,,,,,,,,,,,,,1.984
345,4.279,4.675,11.32,3.341,,,,,,,,,,,,,9.267
346,4.279,4.675,11.32,3.341,,,,,,,,,,,,,9.986
347,4.279,4.675,11.32,3.341,,,,,,,,,,,,,4.45
348,4.279,4.675,11.32,3.341,,,,,,,,,,,,,4.471
349,4.279,4.675,11.32,3.341,,,,,,,,,,,,,7.086
353,4.279,4.675,11.32,3.341,,,,,,,,,,,,,6.657
354,4.279,4.675,11.32,3.341,,,,,,,,,,,,,9.465
355,4.279,4.675,11.32,3.341,,,,,,,,,,,,,4.518
356,4.279,4.675,11.32,3.341,,,,,,,,,,,,,7.254
357,4.279,4.675,11.32,3.341,,,,,,,,,,,,,8.985
358,4.279,4.675,11.32,3.341,,,,,,,,,,,,,7.925
359,4.279,4.675,11.32,3.341,,,,,,,,,,,,,4.33
360,4.279,4.675,11.32,3.341,,,,,,,,,,,,,9.937
361,4.279,4.675,11.32,3.341,,,,,,,,,,,,,4.145
362,4.279,4.675,11.32,3.341,,,,,,,,,,,,,7.471
363,4.279,4.675,11.32,3.341,,,,,,,,,,,,,7.994
364,4.279,4.675,11.32,3.341,,,,,,,,,,,,,5.629
365,4.279,4.675,11.32,3.341,,,,,,,,,,,,,7.554
366,4.279,4.675,11.32,3.341,,,,,,,,,,,,,7.596
367,4.279,4.675,11.32,3.341,,,,,,,,,,,,,8.302
368,4.279,4.675,11.32,3.341,,,,,,,,,,,,,6.193
369,4.279,4.675,11.32,3.341,,,,,,,,,,,,,8.038
370,4.279,4.675,11.32,3.341,,,,,,,,,,,,,6.711
371,4.279,4.675,11.32,3.341,,,,,,,,,,,,,6.816
372,4.279,4.675,11.32,3.341,,,,,,,,,,,,,6.585
373,4.279,4.675,11.32,3.341,,,,,,,,,,,,,7.251
374,4.279,4.675,11.32,3.341,,,,,,,,,,,,,7.351
375,4.279,4.675,11.32,3.341,,,,,,,,,,,,,9.463
376,4.279,4.675,11.32,3.341,,,,,,,,,,,,,5.105
377,4.279,4.675,11.32,3.341,,,,,,,,,,,,,6.382
378,4.279,4.675,11.32,3.341,,,,,,,,,,,,,7.747
379,4.279,4.675,11.32,3.341,,,,,,,,,,,,,6.174
380,4.279,4.675,11.32,3.341,,,,,,,,,,,,,7.106
381,4.279,4.675,11.32,3.341,,,,,,,,,,,,,7.506
382,4.279,4.675,11.32,3.341,,,,,,,,,,,,,7.107
383,4.279,4.675,11.32,3.341,,,,,,,,,,,,,9.736
384,4.279,4.675,11.32,3.341,,,,,,,,,,,,,4.939
385,4.279,4.675,11.32,3.341,,,,,,,,,,,,,6.918
386,4.279,4.675,11.32,3.341,,,,,,,,,,,,,7.105
387,4.279,4.675,11.32,3.341,,,,,,,,,,,,,7.132
388,4.279,4.675,11.32,3.341,,,,,,,,,,,,,7.371
389,4.279,4.675,11.32,3.341,,,,,,,,,,,,,7.979
390,4.279,4.675,11.32,3.341,,,,,,,,,,,,,6.409
391,4.279,4.675,11.32,3.341,,,,,,,,,,,,,8.422
392,4.279,4.675,11.32,3.341,,,,,,,,,,,,,6.155
393,4.279,4.675,11.32,3.341,,,,,,,,,,,,,7.717
394,4.279,4.675,11.32,3.341,,,,,,,,,,,,,6.844
395,4.279,4.675,11.32,3.341,,,,,,,,,,,,,6.674
396,4.279,4.675,11.32,3.341,,,,,,,,,,,,,8.444
397,4.279,4.675,11.32,3.341,,,,,,,,,,,,,5.617
398,4.279,4.675,11.32,3.341,,,,,,,,,,,,,9.773
399,4.279,4.675,11.32,3.341,,,,,,,,,,,,,4.576
400,4.279,4.675,11.32,3.341,,,,,,,,,,,,,7.191
401,4.279,4.675,11.32,3.341,,,,,,,,,,,,,7.124
402,4.279,4.675,11.32,3.341,,,,,,,,,,,,,7.53
403,4.279,4.675,11.32,3.341,,,,,,,,,,,,,6.818
404,4.279,4.675,11.32,3.341,,,,,,,,,,,,,7.724
405,4.279,4.675,11.32,3.341,,,,,,,,,,,,,6.54
406,4.279,4.675,11.32,3.341,,,,,,,,,,,,,7.184
407,4.279,4.675,11.32,3.341,,,,,,,,,,,,,7.204
408,4.279,4.675,11.32,3.341,,,,,,,,,,,,,7.43
409,4.279,4.675,11.32,3.341,,,,,,,,,,,,,6.962
410,4.279,4.675,11.32,3.341,,,,,,,,,,,,,7.158
411,4.279,4.675,11.32,3.341,,,,,,,,,,,,,6.881
412,4.279,4.675,11.32,3.341,,,,,,,,,,,,,12.033
413,4.279,4.675,11.32,3.341,,,,,,,,,,,,,4.51
414,4.279,4.675,11.32,3.341,,,,,,,,,,,,,4.748
415,4.279,4.675,11.32,3.341,,,,,,,,,,,,,7.16
416,4.279,4.675,11.32,3.341,,,,,,,,,,,,,7.17
417,4.279,4.675,11.32,3.341,,,,,,,,,,,,,31.96
418,4.279,4.675,11.32,3.341,,,,,,,,,,,,,4.609
419,4.279,4.675,11.32,3.341,,,,,,,,,,,,,1.668
420,4.279,4.675,11.32,3.341,,,,,,,,,,,,,1.139
421,4.279,4.675,11.32,3.341,,,,,,,,,,,,,0.848
422,4.279,4.675,11.32,3.341,,,,,,,,,,,,,1.04
423,4.279,4.675,11.32,3.341,,,,,,,,,,,,,4.934
424,4.279,4.675,11.32,3.341,,,,,,,,,,,,,7.466
425,4.279,4.675,11.32,3.341,,,,,,,,,,,,,7.527
426,4.279,4.675,11.32,3.341,,,,,,,,,,,,,6.921
427,4.279,4.675,11.32,3.341,,,,,,,,,,,,,11.155
428,4.279,4.675,11.32,3.341,,,,,,,,,,,,,6.259
429,4.279,4.675,11.32,3.341,,,,,,,,,,,,,7.199
430,4.279,4.675,11.32,3.341,,,,,,,,,,,,,7.091
431,4.279,4.675,11.32,3.341,,,,,,,,,,,,,4.773
432,4.279,4.675,11.32,3.341,,,,,,,,,,,,,5.84
433,4.279,4.675,11.32,3.341,,,,,,,,,,,,,9.778
434,4.279,4.675,11.32,3.341,,,,,,,,,,,,,4.549
435,4.279,4.675,11.32,3.341,,,,,,,,,,,,,6.663
436,4.279,4.675,11.32,3.341,,,,,,,,,,,,,7.982
437,4.279,4.675,11.32,3.341,,,,,,,,,,,,,6.48
438,4.279,4.675,11.32,3.341,,,,,,,,,,,,,6.941
439,4.279,4.675,11.32,3.341,,,,,,,,,,,,,7.242
440,4.279,4.675,11.32,3.341,,,,,,,,,,,,,10.343
441,4.279,4.675,11.32,3.341,,,,,,,,,,,,,5.209
442,4.279,4.675,11.32,3.341,,,,,,,,,,,,,5.314
443,4.279,4.675,11.32,3.341,,,,,,,,,,,,,18.363
444,4.279,4.675,11.32,3.341,,,,,,,,,,,,,19.21
445,4.279,4.675,11.32,3.341,,,,,,,,,,,,,1.278
446,4.279,4.675,11.32,3.341,,,,,,,,,,,,,0.768
447,4.279,4.675,11.32,3.341,,,,,,,,,,,,,0.64
448,4.279,4.675,11.32,3.341,,,,,,,,,,,,,1.702
449,4.279,4.675,11.32,3.341,,,,,,,,,,,,,4.375
450,4.279,4.675,11.32,3.341,,,,,,,,,,,,,6.727
451,4.279,4.675,11.32,3.341,,,,,,,,,,,,,6.932
452,4.279,4.675,11.32,3.341,,,,,,,,,,,,,7.129
453,4.279,4.675,11.32,3.341,,,,,,,,,,,,,7.356
454,4.279,4.675,11.32,3.341,,,,,,,,,,,,,7.004
455,4.279,4.675,11.32,3.341,,,,,,,,,,,,,7.169
456,4.279,4.675,11.32,3.341,,,,,,,,,,,,,8.706
457,4.279,4.675,11.32,3.341,,,,,,,,,,,,,5.877
458,4.279,4.675,11.32,3.341,,,,,,,,,,,,,9.162
459,4.279,4.675,11.32,3.341,,,,,,,,,,,,,4.925
460,4.279,4.675,11.32,3.341,,,,,,,,,,,,,7.139
461,4.279,4.675,11.32,3.341,,,,,,,,,,,,,7.723
462,4.279,4.675,11.32,3.341,,,,,,,,,,,,,6.364
463,4.279,4.675,11.32,3.341,,,,,,,,,,,,,7.356
464,4.279,4.675,11.32,3.341,,,,,,,,,,,,,7.774
465,4.279,4.675,11.32,3.341,,,,,,,,,,,,,6.652
466,4.279,4.675,11.32,3.341,,,,,,,,,,,,,6.901
467,4.279,4.675,11.32,3.341,,,,,,,,,,,,,6.926
468,4.279,4.675,11.32,3.341,,,,,,,,,,,,,7.329
469,4.279,4.675,11.32,3.341,,,,,,,,,,,,,7.014
470,4.279,4.675,11.32,3.341,,,,,,,,,,,,,7.273
471,4.279,4.675,11.32,3.341,,,,,,,,,,,,,7.867
472,4.279,4.675,11.32,3.341,,,,,,,,,,,,,6.33
473,4.279,4.675,11.32,3.341,,,,,,,,,,,,,9.498
474,4.279,4.675,11.32,3.341,,,,,,,,,,,,,4.699
475,4.279,4.675,11.32,3.341,,,,,,,,,,,,,7.888
476,4.279,4.675,11.32,3.341,,,,,,,,,,,,,6.365
477,4.279,4.675,11.32,3.341,,,,,,,,,,,,,7.417
478,4.279,4.675,11.32,3.341,,,,,,,,,,,,,6.721
479,4.279,4.675,11.32,3.341,,,,,,,,,,,,,7.26
480,4.279,4.675,11.32,3.341,,,,,,,,,,,,,7.411
481,4.279,4.675,11.32,3.341,,,,,,,,,,,,,6.49
482,4.279,4.675,11.32,3.341,,,,,,,,,,,,,7.706
483,4.279,4.675,11.32,3.341,,,,,,,,,,,,,9.062
484,4.279,4.675,11.32,3.341,,,,,,,,,,,,,5.565
485,4.279,4.675,11.32,3.341,,,,,,,,,,,,,6.86
486,4.279,4.675,11.32,3.341,,,,,,,,,,,,,7.149
487,4.279,4.675,11.32,3.341,,,,,,,,,,,,,9.217
488,4.279,4.675,11.32,3.341,,,,,,,,,,,,,6.367
489,4.279,4.675,11.32,3.341,,,,,,,,,,,,,5.68
490,4.279,4.675,11.32,3.341,,,,,,,,,,,,,7.174
491,4.279,4.675,11.32,3.341,,,,,,,,,,,,,7.448
492,4.279,4.675,11.32,3.341,,,,,,,,,,,,,6.838
493,4.279,4.675,11.32,3.341,,,,,,,,,,,,,7.22
494,4.279,4.675,11.32,3.341,,,,,,,,,,,,,7.209
495,4.279,4.675,11.32,3.341,,,,,,,,,,,,,7.399
496,4.279,4.675,11.32,3.341,,,,,,,,,,,,,7.572
497,4.279,4.675,11.32,3.341,,,,,,,,,,,,,7.18
498,4.279,4.675,11.32,3.341,,,,,,,,,,,,,8.578
499,4.279,4.675,11.32,3.341,,,,,,,,,,,,,5.576
500,4.279,4.675,11.32,3.341,,,,,,,,,,,,,7.107
501,4.279,4.675,11.32,3.341,,,,,,,,,,,,,7.561
502,4.279,4.675,11.32,3.341,,,,,,,,,,,,,7.62
503,4.279,4.675,11.32,3.341,,,,,,,,,,,,,8.748
504,4.279,4.675,11.32,3.341,,,,,,,,,,,,,4.688
505,4.279,4.675,11.32,3.341,,,,,,,,,,,,,6.713
506,4.279,4.675,11.32,3.341,,,,,,,,,,,,,7.476
507,4.279,4.675,11.32,3.341,,,,,,,,,,,,,7.464
508,4.279,4.675,11.32,3.341,,,,,,,,,,,,,9.152
509,4.279,4.675,11.32,3.341,,,,,,,,,,,,,5.926
510,4.279,4.675,11.32,3.341,,,,,,,,,,,,,6.476
511,4.279,4.675,11.32,3.341,,,,,,,,,,,,,8.484
512,4.279,4.675,11.32,3.341,,,,,,,,,,,,,7.395
513,4.279,4.675,11.32,3.341,,,,,,,,,,,,,6.221
514,4.279,4.675,11.32,3.341,,,,,,,,,,,,,6.819
515,4.279,4.675,11.32,3.341,,,,,,,,,,,,,6.795
516,4.279,4.675,11.32,3.341,,,,,,,,,,,,,7.539
517,4.279,4.675,11.32,3.341,,,,,,,,,,,,,9.725
518,4.279,4.675,11.32,3.341,,,,,,,,,,,,,39.658
519,4.279,4.675,11.32,3.341,,,,,,,,,,,,,4.483
520,4.279,4.675,11.32,3.341,,,,,,,,,,,,,1.101
521,4.279,4.675,11.32,3.341,,,,,,,,,,,,,0.736
522,4.279,4.675,11.32,3.341,,,,,,,,,,,,,0.745
523,4.279,4.675,11.32,3.341,,,,,,,,,,,,,0.818
524,4.279,4.675,11.32,3.341,,,,,,,,,,,,,1.098
525,4.279,4.675,11.32,3.341,,,,,,,,,,,,,2.866
529,4.279,4.675,11.32,3.341,,,,,,,,,,,,,6.354
530,4.279,4.675,11.32,3.341,,,,,,,,,,,,,7.346
531,4.279,4.675,11.32,3.341,,,,,,,,,,,,,7.637
532,4.279,4.675,11.32,3.341,,,,,,,,,,,,,6.497
541,4.279,4.675,11.32,3.341,,,,,,,,,,,,,7.375
542,4.279,4.675,11.32,3.341,,,,,,,,,,,,,7.09
543,4.279,4.675,11.32,3.341,,,,,,,,,,,,,6.92
544,4.279,4.675,11.32,3.341,,,,,,,,,,,,,7.192
545,4.279,4.675,11.32,3.341,,,,,,,,,,,,,7.427
546,4.279,4.675,11.32,3.341,,,,,,,,,,,,,6.64
547,4.279,4.675,11.32,3.341,,,,,,,,,,,,,7.504
548,4.279,4.675,11.32,3.341,,,,,,,,,,,,,7.659
549,4.279,4.675,11.32,3.341,,,,,,,,,,,,,6.197
550,4.279,4.675,11.32,3.341,,,,,,,,,,,,,7.273
551,4.279,4.675,11.32,3.341,,,,,,,,,,,,,8.337
552,4.279,4.675,11.32,3.341,,,,,,,,,,,,,5.551
553,4.279,4.675,11.32,3.341,,,,,,,,,,,,,7.508
554,4.279,4.675,11.32,3.341,,,,,,,,,,,,,7.682
555,4.279,4.675,11.32,3.341,,,,,,,,,,,,,6.758
556,4.279,4.675,11.32,3.341,,,,,,,,,,,,,7.308
557,4.279,4.675,11.32,3.341,,,,,,,,,,,,,8.383
558,4.279,4.675,11.32,3.341,,,,,,,,,,,,,5.636
559,4.279,4.675,11.32,3.341,,,,,,,,,,,,,7.25
560,4.279,4.675,11.32,3.341,,,,,,,,,,,,,7.952
561,4.279,4.675,11.32,3.341,,,,,,,,,,,,,8.393
562,4.279,4.675,11.32,3.341,,,,,,,,,,,,,8.516
563,4.279,4.675,11.32,3.341,,,,,,,,,,,,,4.54
564,4.279,4.675,11.32,3.341,,,,,,,,,,,,,5.921
565,4.279,4.675,11.32,3.341,,,,,,,,,,,,,7.005
566,4.279,4.675,11.32,3.341,,,,,,,,,,,,,6.807
567,4.279,4.675,11.32,3.341,,,,,,,,,,,,,10.779
568,4.279,4.675,11.32,3.341,,,,,,,,,,,,,7.432
569,4.279,4.675,11.32,3.341,,,,,,,,,,,,,10.11
570,4.279,4.675,11.32,3.341,,,,,,,,,,,,,4.401
571,4.279,4.675,11.32,3.341,,,,,,,,,,,,,6.211
572,4.279,4.675,11.32,3.341,,,,,,,,,,,,,6.913
573,4.279,4.675,11.32,3.341,,,,,,,,,,,,,7.168
574,4.279,4.675,11.32,3.341,,,,,,,,,,,,,8.712
575,4.279,4.675,11.32,3.341,,,,,,,,,,,,,7.661
576,4.279,4.675,11.32,3.341,,,,,,,,,,,,,7.458
577,4.279,4.675,11.32,3.341,,,,,,,,,,,,,4.579
578,4.279,4.675,11.32,3.341,,,,,,,,,,,,,7.276
579,4.279,4.675,11.32,3.341,,,,,,,,,,,,,7.038
580,4.279,4.675,11.32,3.341,,,,,,,,,,,,,7.194
581,4.279,4.675,11.32,3.341,,,,,,,,,,,,,7.268
582,4.279,4.675,11.32,3.341,,,,,,,,,,,,,7.647
583,4.279,4.675,11.32,3.341,,,,,,,,,,,,,7.102
584,4.279,4.675,11.32,3.341,,,,,,,,,,,,,30.655
585,4.279,4.675,11.32,3.341,,,,,,,,,,,,,4.384
586,4.279,4.675,11.32,3.341,,,,,,,,,,,,,1.114
587,4.279,4.675,11.32,3.341,,,,,,,,,,,,,0.944
588,4.279,4.675,11.32,3.341,,,,,,,,,,,,,0.659
589,4.279,4.675,11.32,3.341,,,,,,,,,,,,,2.21
590,4.279,4.675,11.32,3.341,,,,,,,,,,,,,7.273
591,4.279,4.675,11.32,3.341,,,,,,,,,,,,,5.481
592,4.279,4.675,11.32,3.341,,,,,,,,,,,,,7.914
593,4.279,4.675,11.32,3.341,,,,,,,,,,,,,6.182
594,4.279,4.675,11.32,3.341,,,,,,,,,,,,,7.175
595,4.279,4.675,11.32,3.341,,,,,,,,,,,,,7.097
596,4.279,4.675,11.32,3.341,,,,,,,,,,,,,7.252
597,4.279,4.675,11.32,3.341,,,,,,,,,,,,,7.407
598,4.279,4.675,11.32,3.341,,,,,,,,,,,,,7.435
599,4.279,4.675,11.32,3.341,,,,,,,,,,,,,6.845
600,4.279,4.675,11.32,3.341,,,,,,,,,,,,,6.904
601,4.279,4.675,11.32,3.341,,,,,,,,,,,,,7.301
602,4.279,4.675,11.32,3.341,,,,,,,,,,,,,6.988
603,4.279,4.675,11.32,3.341,,,,,,,,,,,,,8.401
604,4.279,4.675,11.32,3.341,,,,,,,,,,,,,10.226
605,4.279,4.675,11.32,3.341,,,,,,,,,,,,,4.46
606,4.279,4.675,11.32,3.341,,,,,,,,,,,,,5.533
607,4.279,4.675,11.32,3.341,,,,,,,,,,,,,8.79
608,4.279,4.675,11.32,3.341,,,,,,,,,,,,,5.151
609,4.279,4.675,11.32,3.341,,,,,,,,,,,,,7.222
610,4.279,4.675,11.32,3.341,,,,,,,,,,,,,7.961
611,4.279,4.675,11.32,3.341,,,,,,,,,,,,,33.301
612,4.279,4.675,11.32,3.341,,,,,,,,,,,,,1.266
613,4.279,4.675,11.32,3.341,,,,,,,,,,,,,0.819
614,4.279,4.675,11.32,3.341,,,,,,,,,,,,,0.785
615,4.279,4.675,11.32,3.341,,,,,,,,,,,,,0.641
616,4.279,4.675,11.32,3.341,,,,,,,,,,,,,0.82
617,4.279,4.675,11.32,3.341,,,,,,,,,,,,,7.433
618,4.279,4.675,11.32,3.341,,,,,,,,,,,,,6.183
619,4.279,4.675,11.32,3.341,,,,,,,,,,,,,6.272
620,4.279,4.675,11.32,3.341,,,,,,,,,,,,,7.114
621,4.279,4.675,11.32,3.341,,,,,,,,,,,,,7.399
622,4.279,4.675,11.32,3.341,,,,,,,,,,,,,9.862
623,4.279,4.675,11.32,3.341,,,,,,,,,,,,,4.849
624,4.279,4.675,11.32,3.341,,,,,,,,,,,,,11.537
625,4.279,4.675,11.32,3.341,,,,,,,,,,,,,4.321
626,4.279,4.675,11.32,3.341,,,,,,,,,,,,,4.588
627,4.279,4.675,11.32,3.341,,,,,,,,,,,,,7.225
628,4.279,4.675,11.32,3.341,,,,,,,,,,,,,6.65
629,4.279,4.675,11.32,3.341,,,,,,,,,,,,,7.198
630,4.279,4.675,11.32,3.341,,,,,,,,,,,,,7.336
631,4.279,4.675,11.32,3.341,,,,,,,,,,,,,6.478
632,4.279,4.675,11.32,3.341,,,,,,,,,,,,,8.051
637,4.279,4.675,11.32,3.341,,,,,,,,,,,,,6.204
638,4.279,4.675,11.32,3.341,,,,,,,,,,,,,6.632
639,4.279,4.675,11.32,3.341,,,,,,,,,,,,,6.822
640,4.279,4.675,11.32,3.341,,,,,,,,,,,,,8.547
641,4.279,4.675,11.32,3.341,,,,,,,,,,,,,5.526
642,4.279,4.675,11.32,3.341,,,,,,,,,,,,,7.462
643,4.279,4.675,11.32,3.341,,,,,,,,,,,,,8.273
644,4.279,4.675,11.32,3.341,,,,,,,,,,,,,7.333
645,4.279,4.675,11.32,3.341,,,,,,,,,,,,,6.241
646,4.279,4.675,11.32,3.341,,,,,,,,,,,,,7.141
647,4.279,4.675,11.32,3.341,,,,,,,,,,,,,7.493
648,4.279,4.675,11.32,3.341,,,,,,,,,,,,,7.113
649,4.279,4.675,11.32,3.341,,,,,,,,,,,,,6.894
650,4.279,4.675,11.32,3.341,,,,,,,,,,,,,13.246
651,4.279,4.675,11.32,3.341,,,,,,,,,,,,,4.891
652,4.279,4.675,11.32,3.341,,,,,,,,,,,,,4.458
653,4.279,4.675,11.32,3.341,,,,,,,,,,,,,5.899
654,4.279,4.675,11.32,3.341,,,,,,,,,,,,,7.147
655,4.279,4.675,11.32,3.341,,,,,,,,,,,,,7.118
656,4.279,4.675,11.32,3.341,,,,,,,,,,,,,7.004
657,4.279,4.675,11.32,3.341,,,,,,,,,,,,,10.154
658,4.279,4.675,11.32,3.341,,,,,,,,,,,,,10.1
659,4.279,4.675,11.32,3.341,,,,,,,,,,,,,3.932
660,4.279,4.675,11.32,3.341,,,,,,,,,,,,,4.717
661,4.279,4.675,11.32,3.341,,,,,,,,,,,,,7.103
662,4.279,4.675,11.32,3.341,,,,,,,,,,,,,7.05
663,4.279,4.675,11.32,3.341,,,,,,,,,,,,,7.098
664,4.279,4.675,11.32,3.341,,,,,,,,,,,,,6.904
665,4.279,4.675,11.32,3.341,,,,,,,,,,,,,7.356
666,4.279,4.675,11.32,3.341,,,,,,,,,,,,,7.061
667,4.279,4.675,11.32,3.341,,,,,,,,,,,,,7.75
668,4.279,4.675,11.32,3.341,,,,,,,,,,,,,6.343
669,4.279,4.675,11.32,3.341,,,,,,,,,,,,,7.2
670,4.279,4.675,11.32,3.341,,,,,,,,,,,,,6.977
671,4.279,4.675,11.32,3.341,,,,,,,,,,,,,7.345
672,4.279,4.675,11.32,3.341,,,,,,,,,,,,,7.552
673,4.279,4.675,11.32,3.341,,,,,,,,,,,,,8.187
674,4.279,4.675,11.32,3.341,,,,,,,,,,,,,7.922
678,4.279,4.675,11.32,3.341,,,,,,,,,,,,,7.771
679,4.279,4.675,11.32,3.341,,,,,,,,,,,,,5.375
680,4.279,4.675,11.32,3.341,,,,,,,,,,,,,9.166
681,4.279,4.675,11.32,3.341,,,,,,,,,,,,,5.031
682,4.279,4.675,11.32,3.341,,,,,,,,,,,,,7.21
683,4.279,4.675,11.32,3.341,,,,,,,,,,,,,6.869
684,4.279,4.675,11.32,3.341,,,,,,,,,,,,,7.036
685,4.279,4.675,11.32,3.341,,,,,,,,,,,,,8.332
686,4.279,4.675,11.32,3.341,,,,,,,,,,,,,7.84
687,4.279,4.675,11.32,3.341,,,,,,,,,,,,,6.176
688,4.279,4.675,11.32,3.341,,,,,,,,,,,,,7.421
689,4.279,4.675,11.32,3.341,,,,,,,,,,,,,7.081
690,4.279,4.675,11.32,3.341,,,,,,,,,,,,,7.745
691,4.279,4.675,11.32,3.341,,,,,,,,,,,,,6.878
692,4.279,4.675,11.32,3.341,,,,,,,,,,,,,7.217
693,4.279,4.675,11.32,3.341,,,,,,,,,,,,,7.311
694,4.279,4.675,11.32,3.341,,,,,,,,,,,,,10.088
695,4.279,4.675,11.32,3.341,,,,,,,,,,,,,4.343
696,4.279,4.675,11.32,3.341,,,,,,,,,,,,,6.622
697,4.279,4.675,11.32,3.341,,,,,,,,,,,,,6.903
698,4.279,4.675,11.32,3.341,,,,,,,,,,,,,7.613
699,4.279,4.675,11.32,3.341,,,,,,,,,,,,,10.135
700,4.279,4.675,11.32,3.341,,,,,,,,,,,,,5.029
701,4.279,4.675,11.32,3.341,,,,,,,,,,,,,5.656
702,4.279,4.675,11.32,3.341,,,,,,,,,,,,,7.498
703,4.279,4.675,11.32,3.341,,,,,,,,,,,,,6.814
704,4.279,4.675,11.32,3.341,,,,,,,,,,,,,8.008
705,4.279,4.675,11.32,3.341,,,,,,,,,,,,,6.344
706,4.279,4.675,11.32,3.341,,,,,,,,,,,,,7.229
707,4.279,4.675,11.32,3.341,,,,,,,,,,,,,9.92
708,4.279,4.675,11.32,3.341,,,,,,,,,,,,,8.014
709,4.279,4.675,11.32,3.341,,,,,,,,,,,,,13.286
710,4.279,4.675,11.32,3.341,,,,,,,,,,,,,4.579
711,4.279,4.675,11.32,3.341,,,,,,,,,,,,,1.722
712,4.279,4.675,11.32,3.341,,,,,,,,,,,,,30.819
713,4.279,4.675,11.32,3.341,,,,,,,,,,,,,1.247
714,4.279,4.675,11.32,3.341,,,,,,,,,,,,,0.83
715,4.279,4.675,11.32,3.341,,,,,,,,,,,,,0.812
716,4.279,4.675,11.32,3.341,,,,,,,,,,,,,0.908
721,4.279,4.675,11.32,3.341,,,,,,,,,,,,,8.025
722,4.279,4.675,11.32,3.341,,,,,,,,,,,,,6.626
723,4.279,4.675,11.32,3.341,,,,,,,,,,,,,8.067
724,4.279,4.675,11.32,3.341,,,,,,,,,,,,,9.127
725,4.279,4.675,11.32,3.341,,,,,,,,,,,,,5.546
726,4.279,4.675,11.32,3.341,,,,,,,,,,,,,5.203
727,4.279,4.675,11.32,3.341,,,,,,,,,,,,,7.818
728,4.279,4.675,11.32,3.341,,,,,,,,,,,,,6.811
729,4.279,4.675,11.32,3.341,,,,,,,,,,,,,7.186
730,4.279,4.675,11.32,3.341,,,,,,,,,,,,,7.111
731,4.279,4.675,11.32,3.341,,,,,,,,,,,,,8.442
732,4.279,4.675,11.32,3.341,,,,,,,,,,,,,5.639
733,4.279,4.675,11.32,3.341,,,,,,,,,,,,,7.69
734,4.279,4.675,11.32,3.341,,,,,,,,,,,,,17.746
735,4.279,4.675,11.32,3.341,,,,,,,,,,,,,4.55
736,4.279,4.675,11.32,3.341,,,,,,,,,,,,,1.428
737,4.279,4.675,11.32,3.341,,,,,,,,,,,,,3.048
738,4.279,4.675,11.32,3.341,,,,,,,,,,,,,6.258
739,4.279,4.675,11.32,3.341,,,,,,,,,,,,,7.502
748,4.279,4.675,11.32,3.341,,,,,,,,,,,,,9.042
749,4.279,4.675,11.32,3.341,,,,,,,,,,,,,5.925
750,4.279,4.675,11.32,3.341,,,,,,,,,,,,,6.469
751,4.279,4.675,11.32,3.341,,,,,,,,,,,,,7.953
752,4.279,4.675,11.32,3.341,,,,,,,,,,,,,6.336
753,4.279,4.675,11.32,3.341,,,,,,,,,,,,,7.012
754,4.279,4.675,11.32,3.341,,,,,,,,,,,,,11.181
755,4.279,4.675,11.32,3.341,,,,,,,,,,,,,5.33
756,4.279,4.675,11.32,3.341,,,,,,,,,,,,,8.384
757,4.279,4.675,11.32,3.341,,,,,,,,,,,,,4.428
758,4.279,4.675,11.32,3.341,,,,,,,,,,,,,6.146
759,4.279,4.675,11.32,3.341,,,,,,,,,,,,,8.157
760,4.279,4.675,11.32,3.341,,,,,,,,,,,,,5.569
761,4.279,4.675,11.32,3.341,,,,,,,,,,,,,9.37
762,4.279,4.675,11.32,3.341,,,,,,,,,,,,,4.956
763,4.279,4.675,11.32,3.341,,,,,,,,,,,,,7.255
764,4.279,4.675,11.32,3.341,,,,,,,,,,,,,7.432
765,4.279,4.675,11.32,3.341,,,,,,,,,,,,,8.711
766,4.279,4.675,11.32,3.341,,,,,,,,,,,,,5.411
767,4.279,4.675,11.32,3.341,,,,,,,,,,,,,7.336
768,4.279,4.675,11.32,3.341,,,,,,,,,,,,,7.347
769,4.279,4.675,11.32,3.341,,,,,,,,,,,,,7.466
770,4.279,4.675,11.32,3.341,,,,,,,,,,,,,6.734
771,4.279,4.675,11.32,3.341,,,,,,,,,,,,,7.129
772,4.279,4.675,11.32,3.341,,,,,,,,,,,,,7.382
773,4.279,4.675,11.32,3.341,,,,,,,,,,,,,7.002
774,4.279,4.675,11.32,3.341,,,,,,,,,,,,,7.443
775,4.279,4.675,11.32,3.341,,,,,,,,,,,,,6.807
776,4.279,4.675,11.32,3.341,,,,,,,,,,,,,7.761
777,4.279,4.675,11.32,3.341,,,,,,,,,,,,,6.631
778,4.279,4.675,11.32,3.341,,,,,,,,,,,,,6.947
779,4.279,4.675,11.32,3.341,,,,,,,,,,,,,7.763
780,4.279,4.675,11.32,3.341,,,,,,,,,,,,,6.726
781,4.279,4.675,11.32,3.341,,,,,,,,,,,,,7.316
782,4.279,4.675,11.32,3.341,,,,,,,,,,,,,6.77
783,4.279,4.675,11.32,3.341,,,,,,,,,,,,,8.239
784,4.279,4.675,11.32,3.341,,,,,,,,,,,,,6.051
785,4.279,4.675,11.32,3.341,,,,,,,,,,,,,8.513
786,4.279,4.675,11.32,3.341,,,,,,,,,,,,,6.288
787,4.279,4.675,11.32,3.341,,,,,,,,,,,,,8.774
788,4.279,4.675,11.32,3.341,,,,,,,,,,,,,5.497
789,4.279,4.675,11.32,3.341,,,,,,,,,,,,,6.758
790,4.279,4.675,11.32,3.341,,,,,,,,,,,,,32.736
791,4.279,4.675,11.32,3.341,,,,,,,,,,,,,1.156
792,4.279,4.675,11.32,3.341,,,,,,,,,,,,,0.761
793,4.279,4.675,11.32,3.341,,,,,,,,,,,,,0.69
805,4.279,4.675,11.32,3.341,,,,,,,,,,,,,7.375
806,4.279,4.675,11.32,3.341,,,,,,,,,,,,,4.883
807,4.279,4.675,11.32,3.341,,,,,,,,,,,,,8.08
808,4.279,4.675,11.32,3.341,,,,,,,,,,,,,9.751
809,4.279,4.675,11.32,3.341,,,,,,,,,,,,,4.88
810,4.279,4.675,11.32,3.341,,,,,,,,,,,,,5.998
811,4.279,4.675,11.32,3.341,,,,,,,,,,,,,7.614
812,4.279,4.675,11.32,3.341,,,,,,,,,,,,,7.083
813,4.279,4.675,11.32,3.341,,,,,,,,,,,,,20.244
814,4.279,4.675,11.32,3.341,,,,,,,,,,,,,4.552
815,4.279,4.675,11.32,3.341,,,,,,,,,,,,,1.165
816,4.279,4.675,11.32,3.341,,,,,,,,,,,,,3.609
817,4.279,4.675,11.32,3.341,,,,,,,,,,,,,4.521
818,4.279,4.675,11.32,3.341,,,,,,,,,,,,,10.246
819,4.279,4.675,11.32,3.341,,,,,,,,,,,,,4.417
820,4.279,4.675,11.32,3.341,,,,,,,,,,,,,6.831
821,4.279,4.675,11.32,3.341,,,,,,,,,,,,,6.305
822,4.279,4.675,11.32,3.341,,,,,,,,,,,,,7.255
823,4.279,4.675,11.32,3.341,,,,,,,,,,,,,7.098
824,4.279,4.675,11.32,3.341,,,,,,,,,,,,,7.522
825,4.279,4.675,11.32,3.341,,,,,,,,,,,,,7.07
826,4.279,4.675,11.32,3.341,,,,,,,,,,,,,7.151
827,4.279,4.675,11.32,3.341,,,,,,,,,,,,,7.351
832,4.279,4.675,11.32,3.341,,,,,,,,,,,,,7.913
833,4.279,4.675,11.32,3.341,,,,,,,,,,,,,5.821
834,4.279,4.675,11.32,3.341,,,,,,,,,,,,,7.589
835,4.279,4.675,11.32,3.341,,,,,,,,,,,,,7.09
840,4.279,4.675,11.32,3.341,,,,,,,,,,,,,7.039
841,4.279,4.675,11.32,3.341,,,,,,,,,,,,,7.052
842,4.279,4.675,11.32,3.341,,,,,,,,,,,,,6.971
843,4.279,4.675,11.32,3.341,,,,,,,,,,,,,9.843
844,4.279,4.675,11.32,3.341,,,,,,,,,,,,,4.432
845,4.279,4.675,11.32,3.341,,,,,,,,,,,,,6.752
846,4.279,4.675,11.32,3.341,,,,,,,,,,,,,7.912
847,4.279,4.675,11.32,3.341,,,,,,,,,,,,,7.155
848,4.279,4.675,11.32,3.341,,,,,,,,,,,,,7.095
849,4.279,4.675,11.32,3.341,,,,,,,,,,,,,8.529
850,4.279,4.675,11.32,3.341,,,,,,,,,,,,,6.133
858,4.279,4.675,11.32,3.341,,,,,,,,,,,,,6.179
859,4.279,4.675,11.32,3.341,,,,,,,,,,,,,5.937
860,4.279,4.675,11.32,3.341,,,,,,,,,,,,,7.757
861,4.279,4.675,11.32,3.341,,,,,,,,,,,,,5.683
862,4.279,4.675,11.32,3.341,,,,,,,,,,,,,6.912
863,4.279,4.675,11.32,3.341,,,,,,,,,,,,,7.214
864,4.279,4.675,11.32,3.341,,,,,,,,,,,,,7.671
865,4.279,4.675,11.32,3.341,,,,,,,,,,,,,7.052
866,4.279,4.675,11.32,3.341,,,,,,,,,,,,,6.62
867,4.279,4.675,11.32,3.341,,,,,,,,,,,,,7.281
868,4.279,4.675,11.32,3.341,,,,,,,,,,,,,7.453
869,4.279,4.675,11.32,3.341,,,,,,,,,,,,,7.986
870,4.279,4.675,11.32,3.341,,,,,,,,,,,,,6.032
871,4.279,4.675,11.32,3.341,,,,,,,,,,,,,8.767
872,4.279,4.675,11.32,3.341,,,,,,,,,,,,,5.578
873,4.279,4.675,11.32,3.341,,,,,,,,,,,,,6.943
874,4.279,4.675,11.32,3.341,,,,,,,,,,,,,8.351
875,4.279,4.675,11.32,3.341,,,,,,,,,,,,,6.281
876,4.279,4.675,11.32,3.341,,,,,,,,,,,,,6.889
877,4.279,4.675,11.32,3.341,,,,,,,,,,,,,7.454
878,4.279,4.675,11.32,3.341,,,,,,,,,,,,,6.8
879,4.279,4.675,11.32,3.341,,,,,,,,,,,,,13.671
880,4.279,4.675,11.32,3.341,,,,,,,,,,,,,70.746
881,4.279,4.675,11.32,3.341,,,,,,,,,,,,,1.127
882,4.279,4.675,11.32,3.341,,,,,,,,,,,,,0.666
883,4.279,4.675,11.32,3.341,,,,,,,,,,,,,0.59
884,4.279,4.675,11.32,3.341,,,,,,,,,,,,,0.581
885,4.279,4.675,11.32,3.341,,,,,,,,,,,,,0.565
886,4.279,4.675,11.32,3.341,,,,,,,,,,,,,0.566
887,4.279,4.675,11.32,3.341,,,,,,,,,,,,,0.6
888,4.279,4.675,11.32,3.341,,,,,,,,,,,,,0.591
889,4.279,4.675,11.32,3.341,,,,,,,,,,,,,0.588
894,4.279,4.675,11.32,3.341,,,,,,,,,,,,,4.323
895,4.279,4.675,11.32,3.341,,,,,,,,,,,,,4.789
896,4.279,4.675,11.32,3.341,,,,,,,,,,,,,8.334
897,4.279,4.675,11.32,3.341,,,,,,,,,,,,,5.615
901,4.279,4.675,11.32,3.341,,,,,,,,,,,,,7.355
902,4.279,4.675,11.32,3.341,,,,,,,,,,,,,6.685
903,4.279,4.675,11.32,3.341,,,,,,,,,,,,,9.73
904,4.279,4.675,11.32,3.341,,,,,,,,,,,,,4.976
905,4.279,4.675,11.32,3.341,,,,,,,,,,,,,8.571
906,4.279,4.675,11.32,3.341,,,,,,,,,,,,,5.242
907,4.279,4.675,11.32,3.341,,,,,,,,,,,,,7.564
908,4.279,4.675,11.32,3.341,,,,,,,,,,,,,12.212
909,4.279,4.675,11.32,3.341,,,,,,,,,,,,,14.021
910,4.279,4.675,11.32,3.341,,,,,,,,,,,,,9.286
911,4.279,4.675,11.32,3.341,,,,,,,,,,,,,1.321
912,4.279,4.675,11.32,3.341,,,,,,,,,,,,,3.313
913,4.279,4.675,11.32,3.341,,,,,,,,,,,,,1.067
914,4.279,4.675,11.32,3.341,,,,,,,,,,,,,5.442
915,4.279,4.675,11.32,3.341,,,,,,,,,,,,,6.537
916,4.279,4.675,11.32,3.341,,,,,,,,,,,,,7.369
917,4.279,4.675,11.32,3.341,,,,,,,,,,,,,6.898
918,4.279,4.675,11.32,3.341,,,,,,,,,,,,,11.043
919,4.279,4.675,11.32,3.341,,,,,,,,,,,,,4.656
920,4.279,4.675,11.32,3.341,,,,,,,,,,,,,5.38
921,4.279,4.675,11.32,3.341,,,,,,,,,,,,,7.531
922,4.279,4.675,11.32,3.341,,,,,,,,,,,,,6.893
923,4.279,4.675,11.32,3.341,,,,,,,,,,,,,7.085
924,4.279,4.675,11.32,3.341,,,,,,,,,,,,,7.154
925,4.279,4.675,11.32,3.341,,,,,,,,,,,,,10.36
926,4.279,4.675,11.32,3.341,,,,,,,,,,,,,4.431
927,4.279,4.675,11.32,3.341,,,,,,,,,,,,,6.14
928,4.279,4.675,11.32,3.341,,,,,,,,,,,,,7.337
929,4.279,4.675,11.32,3.341,,,,,,,,,,,,,8.201
930,4.279,4.675,11.32,3.341,,,,,,,,,,,,,6.096
931,4.279,4.675,11.32,3.341,,,,,,,,,,,,,7.367
932,4.279,4.675,11.32,3.341,,,,,,,,,,,,,6.92
933,4.279,4.675,11.32,3.341,,,,,,,,,,,,,9.243
934,4.279,4.675,11.32,3.341,,,,,,,,,,,,,5.109
935,4.279,4.675,11.32,3.341,,,,,,,,,,,,,6.664
936,4.279,4.675,11.32,3.341,,,,,,,,,,,,,10.76
937,4.279,4.675,11.32,3.341,,,,,,,,,,,,,4.235
938,4.279,4.675,11.32,3.341,,,,,,,,,,,,,6.088
939,4.279,4.675,11.32,3.341,,,,,,,,,,,,,7.035
940,4.279,4.675,11.32,3.341,,,,,,,,,,,,,7.691
941,4.279,4.675,11.32,3.341,,,,,,,,,,,,,6.668
942,4.279,4.675,11.32,3.341,,,,,,,,,,,,,7.507
943,4.279,4.675,11.32,3.341,,,,,,,,,,,,,6.759
948,4.279,4.675,11.32,3.341,,,,,,,,,,,,,4.509
949,4.279,4.675,11.32,3.341,,,,,,,,,,,,,5.581
950,4.279,4.675,11.32,3.341,,,,,,,,,,,,,6.894
951,4.279,4.675,11.32,3.341,,,,,,,,,,,,,8.346
952,4.279,4.675,11.32,3.341,,,,,,,,,,,,,6.024
953,4.279,4.675,11.32,3.341,,,,,,,,,,,,,8.031
954,4.279,4.675,11.32,3.341,,,,,,,,,,,,,8.984
955,4.279,4.675,11.32,3.341,,,,,,,,,,,,,4.687
956,4.279,4.675,11.32,3.341,,,,,,,,,,,,,7.854
957,4.279,4.675,11.32,3.341,,,,,,,,,,,,,6.33
958,4.279,4.675,11.32,3.341,,,,,,,,,,,,,7.367
959,4.279,4.675,11.32,3.341,,,,,,,,,,,,,7.879
960,4.279,4.675,11.32,3.341,,,,,,,,,,,,,6.327
961,4.279,4.675,11.32,3.341,,,,,,,,,,,,,7.125
962,4.279,4.675,11.32,3.341,,,,,,,,,,,,,11.808
967,4.279,4.675,11.32,3.341,,,,,,,,,,,,,8.292
968,4.279,4.675,11.32,3.341,,,,,,,,,,,,,5.277
969,4.279,4.675,11.32,3.341,,,,,,,,,,,,,7.389
970,4.279,4.675,11.32,3.341,,,,,,,,,,,,,7.464
971,4.279,4.675,11.32,3.341,,,,,,,,,,,,,6.878
972,4.279,4.675,11.32,3.341,,,,,,,,,,,,,7.206
973,4.279,4.675,11.32,3.341,,,,,,,,,,,,,7.497
974,4.279,4.675,11.32,3.341,,,,,,,,,,,,,6.915
975,4.279,4.675,11.32,3.341,,,,,,,,,,,,,6.921
976,4.279,4.675,11.32,3.341,,,,,,,,,,,,,10.638
977,4.279,4.675,11.32,3.341,,,,,,,,,,,,,8.131
978,4.279,4.675,11.32,3.341,,,,,,,,,,,,,4.608
979,4.279,4.675,11.32,3.341,,,,,,,,,,,,,4.971
980,4.279,4.675,11.32,3.341,,,,,,,,,,,,,7.247
981,4.279,4.675,11.32,3.341,,,,,,,,,,,,,7.255
982,4.279,4.675,11.32,3.341,,,,,,,,,,,,,7.448
983,4.279,4.675,11.32,3.341,,,,,,,,,,,,,6.791
984,4.279,4.675,11.32,3.341,,,,,,,,,,,,,7.177
985,4.279,4.675,11.32,3.341,,,,,,,,,,,,,19.198
986,4.279,4.675,11.32,3.341,,,,,,,,,,,,,15.624
987,4.279,4.675,11.32,3.341,,,,,,,,,,,,,1.121
988,4.279,4.675,11.32,3.341,,,,,,,,,,,,,0.773
989,4.279,4.675,11.32,3.341,,,,,,,,,,,,,2.448
990,4.279,4.675,11.32,3.341,,,,,,,,,,,,,0.862
991,4.279,4.675,11.32,3.341,,,,,,,,,,,,,6.086
992,4.279,4.675,11.32,3.341,,,,,,,,,,,,,9.616
993,4.279,4.675,11.32,3.341,,,,,,,,,,,,,5.449
994,4.279,4.675,11.32,3.341,,,,,,,,,,,,,5.921
995,4.279,4.675,11.32,3.341,,,,,,,,,,,,,7.127
996,4.279,4.675,11.32,3.341,,,,,,,,,,,,,7.137
997,4.279,4.675,11.32,3.341,,,,,,,,,,,,,7.482
998,4.279,4.675,11.32,3.341,,,,,,,,,,,,,6.907
999,4.279,4.675,11.32,3.341,,,,,,,,,,,,,7.151
1000,4.279,4.675,11.32,3.341,,,,,,,,,,,,,7.149
1001,4.279,4.675,11.32,3.341,,,,,,,,,,,,,7.425
1002,4.279,4.675,11.32,3.341,,,,,,,,,,,,,7.299
1003,4.279,4.675,11.32,3.341,,,,,,,,,,,,,6.765
1004,4.279,4.675,11.32,3.341,,,,,,,,,,,,,7.885
1005,4.279,4.675,11.32,3.341,,,,,,,,,,,,,6.666
1006,4.279,4.675,11.32,3.341,,,,,,,,,,,,,7.802
1007,4.279,4.675,11.32,3.341,,,,,,,,,,,,,6.958
1008,4.279,4.675,11.32,3.341,,,,,,,,,,,,,7.629
1009,4.279,4.675,11.32,3.341,,,,,,,,,,,,,6.567
1010,4.279,4.675,11.32,3.341,,,,,,,,,,,,,7.166
1011,4.279,4.675,11.32,3.341,,,,,,,,,,,,,7.524
1012,4.279,4.675,11.32,3.341,,,,,,,,,,,,,7.13
1013,4.279,4.675,11.32,3.341,,,,,,,,,,,,,8.561
1014,4.279,4.675,11.32,3.341,,,,,,,,,,,,,5.462
1015,4.279,4.675,11.32,3.341,,,,,,,,,,,,,6.997
1016,4.279,4.675,11.32,3.341,,,,,,,,,,,,,7.155
1017,4.279,4.675,11.32,3.341,,,,,,,,,,,,,7.164
1018,4.279,4.675,11.32,3.341,,,,,,,,,,,,,7.42
1019,4.279,4.675,11.32,3.341,,,,,,,,,,,,,6.931
1020,4.279,4.675,11.32,3.341,,,,,,,,,,,,,7.231
1021,4.279,4.675,11.32,3.341,,,,,,,,,,,,,7.24
1022,4.279,4.675,11.32,3.341,,,,,,,,,,,,,8.998
1023,4.279,4.675,11.32,3.341,,,,,,,,,,,,,5.117
1024,4.279,4.675,11.32,3.341,,,,,,,,,,,,,7.503
1025,4.279,4.675,11.32,3.341,,,,,,,,,,,,,7.24
1026,4.279,4.675,11.32,3.341,,,,,,,,,,,,,7.011
1027,4.279,4.675,11.32,3.341,,,,,,,,,,,,,7.253
1028,4.279,4.675,11.32,3.341,,,,,,,,,,,,,7.27
1029,4.279,4.675,11.32,3.341,,,,,,,,,,,,,7.001
1030,4.279,4.675,11.32,3.341,,,,,,,,,,,,,7.913
1031,4.279,4.675,11.32,3.341,,,,,,,,,,,,,6.669
1032,4.279,4.675,11.32,3.341,,,,,,,,,,,,,7.336
1033,4.279,4.675,11.32,3.341,,,,,,,,,,,,,7.239
1034,4.279,4.675,11.32,3.341,,,,,,,,,,,,,7.322
1039,4.279,4.675,11.32,3.341,,,,,,,,,,,,,7.318
1040,4.279,4.675,11.32,3.341,,,,,,,,,,,,,8.293
1041,4.279,4.675,11.32,3.341,,,,,,,,,,,,,7.334
1042,4.279,4.675,11.32,3.341,,,,,,,,,,,,,5.779
1043,4.279,4.675,11.32,3.341,,,,,,,,,,,,,6.787
1044,4.279,4.675,11.32,3.341,,,,,,,,,,,,,7.501
1045,4.279,4.675,11.32,3.341,,,,,,,,,,,,,6.934
1046,4.279,4.675,11.32,3.341,,,,,,,,,,,,,7.167
1047,4.279,4.675,11.32,3.341,,,,,,,,,,,,,7.141
1048,4.279,4.675,11.32,3.341,,,,,,,,,,,,,7.305
1049,4.279,4.675,11.32,3.341,,,,,,,,,,,,,17.201
1054,4.279,4.675,11.32,3.341,,,,,,,,,,,,,6.369
1055,4.279,4.675,11.32,3.341,,,,,,,,,,,,,7.193
1056,4.279,4.675,11.32,3.341,,,,,,,,,,,,,7.505
1057,4.279,4.675,11.32,3.341,,,,,,,,,,,,,6.856
1062,4.279,4.675,11.32,3.341,,,,,,,,,,,,,8.788
1063,4.279,4.675,11.32,3.341,,,,,,,,,,,,,5.519
1064,4.279,4.675,11.32,3.341,,,,,,,,,,,,,19.363
1065,4.279,4.675,11.32,3.341,,,,,,,,,,,,,5.806
1066,4.279,4.675,11.32,3.341,,,,,,,,,,,,,1.327
1067,4.279,4.675,11.32,3.341,,,,,,,,,,,,,3.324
1068,4.279,4.675,11.32,3.341,,,,,,,,,,,,,5.086
1073,4.279,4.675,11.32,3.341,,,,,,,,,,,,,6.524
1074,4.279,4.675,11.32,3.341,,,,,,,,,,,,,7.448
1075,4.279,4.675,11.32,3.341,,,,,,,,,,,,,7.155
1076,4.279,4.675,11.32,3.341,,,,,,,,,,,,,36.765
1081,4.279,4.675,11.32,3.341,,,,,,,,,,,,,0.195
1082,4.279,4.675,11.32,3.341,,,,,,,,,,,,,4.847
1083,4.279,4.675,11.32,3.341,,,,,,,,,,,,,5.606
1084,4.279,4.675,11.32,3.341,,,,,,,,,,,,,5.484
1089,4.279,4.675,11.32,3.341,,,,,,,,,,,,,6.388
1090,4.279,4.675,11.32,3.341,,,,,,,,,,,,,6.619
1091,4.279,4.675,11.32,3.341,,,,,,,,,,,,,6.859
1092,4.279,4.675,11.32,3.341,,,,,,,,,,,,,7.018
1093,4.279,4.675,11.32,3.341,,,,,,,,,,,,,7.025
1094,4.279,4.675,11.32,3.341,,,,,,,,,,,,,7.525
1095,4.279,4.675,11.32,3.341,,,,,,,,,,,,,7.719
1096,4.279,4.675,11.32,3.341,,,,,,,,,,,,,6.526
1097,4.279,4.675,11.32,3.341,,,,,,,,,,,,,7.256
1098,4.279,4.675,11.32,3.341,,,,,,,,,,,,,8.334
1099,4.279,4.675,11.32,3.341,,,,,,,,,,,,,6.267
1100,4.279,4.675,11.32,3.341,,,,,,,,,,,,,6.848
1101,4.279,4.675,11.32,3.341,,,,,,,,,,,,,11.818
1102,4.279,4.675,11.32,3.341,,,,,,,,,,,,,2.775
1103,4.279,4.675,11.32,3.341,,,,,,,,,,,,,8.035
1104,4.279,4.675,11.32,3.341,,,,,,,,,,,,,8.278
1105,4.279,4.675,11.32,3.341,,,,,,,,,,,,,4.512
1106,4.279,4.675,11.32,3.341,,,,,,,,,,,,,7.63
1107,4.279,4.675,11.32,3.341,,,,,,,,,,,,,6.774
1108,4.279,4.675,11.32,3.341,,,,,,,,,,,,,7.295
1109,4.279,4.675,11.32,3.341,,,,,,,,,,,,,9.504
1110,4.279,4.675,11.32,3.341,,,,,,,,,,,,,4.895
1111,4.279,4.675,11.32,3.341,,,,,,,,,,,,,6.887
1112,4.279,4.675,11.32,3.341,,,,,,,,,,,,,7.078
1113,4.279,4.675,11.32,3.341,,,,,,,,,,,,,8.531
1114,4.279,4.675,11.32,3.341,,,,,,,,,,,,,7.116
1115,4.279,4.675,11.32,3.341,,,,,,,,,,,,,5.696
1116,4.279,4.675,11.32,3.341,,,,,,,,,,,,,7.186
1117,4.279,4.675,11.32,3.341,,,,,,,,,,,,,8.275
1118,4.279,4.675,11.32,3.341,,,,,,,,,,,,,5.992
1123,4.279,4.675,11.32,3.341,,,,,,,,,,,,,7.642
1124,4.279,4.675,11.32,3.341,,,,,,,,,,,,,6.67
1125,4.279,4.675,11.32,3.341,,,,,,,,,,,,,7.634
1126,4.279,4.675,11.32,3.341,,,,,,,,,,,,,6.731
1134,4.279,4.675,11.32,3.341,,,,,,,,,,,,,7.403
1135,4.279,4.675,11.32,3.341,,,,,,,,,,,,,11.422
1136,4.279,4.675,11.32,3.341,,,,,,,,,,,,,9.648
1137,4.279,4.675,11.32,3.341,,,,,,,,,,,,,4.481
1138,4.279,4.675,11.32,3.341,,,,,,,,,,,,,8.182
1139,4.279,4.675,11.32,3.341,,,,,,,,,,,,,6.16
1140,4.279,4.675,11.32,3.341,,,,,,,,,,,,,7.058
1141,4.279,4.675,11.32,3.341,,,,,,,,,,,,,7.405
1142,4.279,4.675,11.32,3.341,,,,,,,,,,,,,6.795
1143,4.279,4.675,11.32,3.341,,,,,,,,,,,,,7.456
1144,4.279,4.675,11.32,3.341,,,,,,,,,,,,,7.17
1145,4.279,4.675,11.32,3.341,,,,,,,,,,,,,7.532
1146,4.279,4.675,11.32,3.341,,,,,,,,,,,,,6.786
1147,4.279,4.675,11.32,3.341,,,,,,,,,,,,,7.402
1148,4.279,4.675,11.32,3.341,,,,,,,,,,,,,6.864
1149,4.279,4.675,11.32,3.341,,,,,,,,,,,,,9.357
1150,4.279,4.675,11.32,3.341,,,,,,,,,,,,,4.9
1151,4.279,4.675,11.32,3.341,,,,,,,,,,,,,7.067
1152,4.279,4.675,11.32,3.341,,,,,,,,,,,,,7.24
1153,4.279,4.675,11.32,3.341,,,,,,,,,,,,,7.592
1154,4.279,4.675,11.32,3.341,,,,,,,,,,,,,7.046
1155,4.279,4.675,11.32,3.341,,,,,,,,,,,,,7.366
1160,4.279,4.675,11.32,3.341,,,,,,,,,,,,,7.133
1161,4.279,4.675,11.32,3.341,,,,,,,,,,,,,7.095
1162,4.279,4.675,11.32,3.341,,,,,,,,,,,,,7.248
1163,4.279,4.675,11.32,3.341,,,,,,,,,,,,,7.853
1164,4.279,4.675,11.32,3.341,,,,,,,,,,,,,7.235
1165,4.279,4.675,11.32,3.341,,,,,,,,,,,,,19.462
1166,4.279,4.675,11.32,3.341,,,,,,,,,,,,,19.752
1167,4.279,4.675,11.32,3.341,,,,,,,,,,,,,1.256
1168,4.279,4.675,11.32,3.341,,,,,,,,,,,,,0.886
1169,4.279,4.675,11.32,3.341,,,,,,,,,,,,,0.753
1170,4.279,4.675,11.32,3.341,,,,,,,,,,,,,0.663
1171,4.279,4.675,11.32,3.341,,,,,,,,,,,,,1.885
1172,4.279,4.675,11.32,3.341,,,,,,,,,,,,,7.04
1173,4.279,4.675,11.32,3.341,,,,,,,,,,,,,8.392
1174,4.279,4.675,11.32,3.341,,,,,,,,,,,,,6.356
1175,4.279,4.675,11.32,3.341,,,,,,,,,,,,,6.184
1176,4.279,4.675,11.32,3.341,,,,,,,,,,,,,7.639
1177,4.279,4.675,11.32,3.341,,,,,,,,,,,,,6.461
1178,4.279,4.675,11.32,3.341,,,,,,,,,,,,,7.735
1179,4.279,4.675,11.32,3.341,,,,,,,,,,,,,6.923
1180,4.279,4.675,11.32,3.341,,,,,,,,,,,,,7.09
1181,4.279,4.675,11.32,3.341,,,,,,,,,,,,,7.704
1182,4.279,4.675,11.32,3.341,,,,,,,,,,,,,6.455
1183,4.279,4.675,11.32,3.341,,,,,,,,,,,,,6.844
1184,4.279,4.675,11.32,3.341,,,,,,,,,,,,,7.432
1185,4.279,4.675,11.32,3.341,,,,,,,,,,,,,6.788
1186,4.279,4.675,11.32,3.341,,,,,,,,,,,,,7.306
1187,4.279,4.675,11.32,3.341,,,,,,,,,,,,,6.962
1188,4.279,4.675,11.32,3.341,,,,,,,,,,,,,7.096
1189,4.279,4.675,11.32,3.341,,,,,,,,,,,,,7.204
1190,4.279,4.675,11.32,3.341,,,,,,,,,,,,,7.118
1191,4.279,4.675,11.32,3.341,,,,,,,,,,,,,7.376
1192,4.279,4.675,11.32,3.341,,,,,,,,,,,,,6.838
1193,4.279,4.675,11.32,3.341,,,,,,,,,,,,,7.883
1194,4.279,4.675,11.32,3.341,,,,,,,,,,,,,14.517
1195,4.279,4.675,11.32,3.341,,,,,,,,,,,,,4.433
1196,4.279,4.675,11.32,3.341,,,,,,,,,,,,,4.547
1197,4.279,4.675,11.32,3.341,,,,,,,,,,,,,4.358
1198,4.279,4.675,11.32,3.341,,,,,,,,,,,,,7.688
1199,4.279,4.675,11.32,3.341,,,,,,,,,,,,,5.602
1200,4.279,4.675,11.32,3.341,,,,,,,,,,,,,8.944
1201,4.279,4.675,11.32,3.341,,,,,,,,,,,,,5.662
1202,4.279,4.675,11.32,3.341,,,,,,,,,,,,,7.359
1210,4.279,4.675,11.32,3.341,,,,,,,,,,,,,7.027
1211,4.279,4.675,11.32,3.341,,,,,,,,,,,,,8.27
1212,4.279,4.675,11.32,3.341,,,,,,,,,,,,,5.963
1213,4.279,4.675,11.32,3.341,,,,,,,,,,,,,6.916
1214,4.279,4.675,11.32,3.341,,,,,,,,,,,,,7.488
1215,4.279,4.675,11.32,3.341,,,,,,,,,,,,,6.522
1216,4.279,4.675,11.32,3.341,,,,,,,,,,,,,7.512
1217,4.279,4.675,11.32,3.341,,,,,,,,,,,,,8.434
1218,4.279,4.675,11.32,3.341,,,,,,,,,,,,,8.055
1219,4.279,4.675,11.32,3.341,,,,,,,,,,,,,4.667
1220,4.279,4.675,11.32,3.341,,,,,,,,,,,,,7.509
1221,4.279,4.675,11.32,3.341,,,,,,,,,,,,,7.744
1222,4.279,4.675,11.32,3.341,,,,,,,,,,,,,6.956
1223,4.279,4.675,11.32,3.341,,,,,,,,,,,,,7.141
1224,4.279,4.675,11.32,3.341,,,,,,,,,,,,,7.183
1225,4.279,4.675,11.32,3.341,,,,,,,,,,,,,7.71
1226,4.279,4.675,11.32,3.341,,,,,,,,,,,,,6.922
1227,4.279,4.675,11.32,3.341,,,,,,,,,,,,,7.129
1228,4.279,4.675,11.32,3.341,,,,,,,,,,,,,7.257
1229,4.279,4.675,11.32,3.341,,,,,,,,,,,,,11.227
1230,4.279,4.675,11.32,3.341,,,,,,,,,,,,,4.362
1231,4.279,4.675,11.32,3.341,,,,,,,,,,,,,5.134
1232,4.279,4.675,11.32,3.341,,,,,,,,,,,,,7.154
1233,4.279,4.675,11.32,3.341,,,,,,,,,,,,,7.163
1234,4.279,4.675,11.32,3.341,,,,,,,,,,,,,7.172
1235,4.279,4.675,11.32,3.341,,,,,,,,,,,,,7.243
1236,4.279,4.675,11.32,3.341,,,,,,,,,,,,,8.391
1237,4.279,4.675,11.32,3.341,,,,,,,,,,,,,6.288
1238,4.279,4.675,11.32,3.341,,,,,,,,,,,,,10.332
1239,4.279,4.675,11.32,3.341,,,,,,,,,,,,,5.552
1240,4.279,4.675,11.32,3.341,,,,,,,,,,,,,4.468
1241,4.279,4.675,11.32,3.341,,,,,,,,,,,,,8.03
1242,4.279,4.675,11.32,3.341,,,,,,,,,,,,,7.034
1243,4.279,4.675,11.32,3.341,,,,,,,,,,,,,8.037
1244,4.279,4.675,11.32,3.341,,,,,,,,,,,,,7.849
1245,4.279,4.675,11.32,3.341,,,,,,,,,,,,,5.549
1246,4.279,4.675,11.32,3.341,,,,,,,,,,,,,7.759
1247,4.279,4.675,11.32,3.341,,,,,,,,,,,,,8.683
1248,4.279,4.675,11.32,3.341,,,,,,,,,,,,,7.418
1249,4.279,4.675,11.32,3.341,,,,,,,,,,,,,5.114
1250,4.279,4.675,11.32,3.341,,,,,,,,,,,,,7.538
1251,4.279,4.675,11.32,3.341,,,,,,,,,,,,,7.885
1252,4.279,4.675,11.32,3.341,,,,,,,,,,,,,9.22
1253,4.279,4.675,11.32,3.341,,,,,,,,,,,,,5.085
1254,4.279,4.675,11.32,3.341,,,,,,,,,,,,,5.274
1255,4.279,4.675,11.32,3.341,,,,,,,,,,,,,8.318
1256,4.279,4.675,11.32,3.341,,,,,,,,,,,,,7.505
1257,4.279,4.675,11.32,3.341,,,,,,,,,,,,,7.852
1258,4.279,4.675,11.32,3.341,,,,,,,,,,,,,5.141
1259,4.279,4.675,11.32,3.341,,,,,,,,,,,,,6.994
1260,4.279,4.675,11.32,3.341,,,,,,,,,,,,,7.325
1261,4.279,4.675,11.32,3.341,,,,,,,,,,,,,34.536
1262,4.279,4.675,11.32,3.341,,,,,,,,,,,,,1.152
1263,4.279,4.675,11.32,3.341,,,,,,,,,,,,,0.655
1264,4.279,4.675,11.32,3.341,,,,,,,,,,,,,0.612
1265,4.279,4.675,11.32,3.341,,,,,,,,,,,,,0.606
1266,4.279,4.675,11.32,3.341,,,,,,,,,,,,,1.505
1267,4.279,4.675,11.32,3.341,,,,,,,,,,,,,4.937
1268,4.279,4.675,11.32,3.341,,,,,,,,,,,,,11.189
1269,4.279,4.675,11.32,3.341,,,,,,,,,,,,,4.512
1270,4.279,4.675,11.32,3.341,,,,,,,,,,,,,5.542
1271,4.279,4.675,11.32,3.341,,,,,,,,,,,,,6.984
1272,4.279,4.675,11.32,3.341,,,,,,,,,,,,,8.146
1273,4.279,4.675,11.32,3.341,,,,,,,,,,,,,7.008
1274,4.279,4.675,11.32,3.341,,,,,,,,,,,,,6.298
1275,4.279,4.675,11.32,3.341,,,,,,,,,,,,,7.175
1276,4.279,4.675,11.32,3.341,,,,,,,,,,,,,7.138
1277,4.279,4.675,11.32,3.341,,,,,,,,,,,,,7.704
1278,4.279,4.675,11.32,3.341,,,,,,,,,,,,,6.651
1279,4.279,4.675,11.32,3.341,,,,,,,,,,,,,7.953
1280,4.279,4.675,11.32,3.341,,,,,,,,,,,,,6.57
1281,4.279,4.675,11.32,3.341,,,,,,,,,,,,,11.181
1282,4.279,4.675,11.32,3.341,,,,,,,,,,,,,8.87
1283,4.279,4.675,11.32,3.341,,,,,,,,,,,,,4.525
1284,4.279,4.675,11.32,3.341,,,,,,,,,,,,,6.733
1285,4.279,4.675,11.32,3.341,,,,,,,,,,,,,4.359
1286,4.279,4.675,11.32,3.341,,,,,,,,,,,,,6.654
1287,4.279,4.675,11.32,3.341,,,,,,,,,,,,,7.178
1288,4.279,4.675,11.32,3.341,,,,,,,,,,,,,7.407
1289,4.279,4.675,11.32,3.341,,,,,,,,,,,,,7.994
1290,4.279,4.675,11.32,3.341,,,,,,,,,,,,,5.765
1291,4.279,4.675,11.32,3.341,,,,,,,,,,,,,7.506
1292,4.279,4.675,11.32,3.341,,,,,,,,,,,,,7.545
1293,4.279,4.675,11.32,3.341,,,,,,,,,,,,,6.938
1294,4.279,4.675,11.32,3.341,,,,,,,,,,,,,7.192
1295,4.279,4.675,11.32,3.341,,,,,,,,,,,,,7.15
1296,4.279,4.675,11.32,3.341,,,,,,,,,,,,,7.92
1297,4.279,4.675,11.32,3.341,,,,,,,,,,,,,9.734
1302,4.279,4.675,11.32,3.341,,,,,,,,,,,,,5.57
1303,4.279,4.675,11.32,3.341,,,,,,,,,,,,,7.399
1304,4.279,4.675,11.32,3.341,,,,,,,,,,,,,7.359
1305,4.279,4.675,11.32,3.341,,,,,,,,,,,,,8.864
1306,4.279,4.675,11.32,3.341,,,,,,,,,,,,,7.248
1307,4.279,4.675,11.32,3.341,,,,,,,,,,,,,4.765
1308,4.279,4.675,11.32,3.341,,,,,,,,,,,,,7.191
1309,4.279,4.675,11.32,3.341,,,,,,,,,,,,,8.284
1313,4.279,4.675,11.32,3.341,,,,,,,,,,,,,4.275
1314,4.279,4.675,11.32,3.341,,,,,,,,,,,,,6.069
1315,4.279,4.675,11.32,3.341,,,,,,,,,,,,,6.772
1316,4.279,4.675,11.32,3.341,,,,,,,,,,,,,7.542
1321,4.279,4.675,11.32,3.341,,,,,,,,,,,,,7.051
1322,4.279,4.675,11.32,3.341,,,,,,,,,,,,,8.043
1323,4.279,4.675,11.32,3.341,,,,,,,,,,,,,6.818
1328,4.279,4.675,11.32,3.341,,,,,,,,,,,,,5.908
1329,4.279,4.675,11.32,3.341,,,,,,,,,,,,,7.411
1330,4.279,4.675,11.32,3.341,,,,,,,,,,,,,6.972
1331,4.279,4.675,11.32,3.341,,,,,,,,,,,,,7.188
1332,4.279,4.675,11.32,3.341,,,,,,,,,,,,,7.946
1333,4.279,4.675,11.32,3.341,,,,,,,,,,,,,6.39
1334,4.279,4.675,11.32,3.341,,,,,,,,,,,,,8.109
1335,4.279,4.675,11.32,3.341,,,,,,,,,,,,,6.842
1336,4.279,4.675,11.32,3.341,,,,,,,,,,,,,6.539
1337,4.279,4.675,11.32,3.341,,,,,,,,,,,,,8.509
1338,4.279,4.675,11.32,3.341,,,,,,,,,,,,,5.488
1339,4.279,4.675,11.32,3.341,,,,,,,,,,,,,7.446
1340,4.279,4.675,11.32,3.341,,,,,,,,,,,,,7.26
1341,4.279,4.675,11.32,3.341,,,,,,,,,,,,,7.125
1342,4.279,4.675,11.32,3.341,,,,,,,,,,,,,7.535
1343,4.279,4.675,11.32,3.341,,,,,,,,,,,,,7.187
1344,4.279,4.675,11.32,3.341,,,,,,,,,,,,,7.015
1345,4.279,4.675,11.32,3.341,,,,,,,,,,,,,7.143
1346,4.279,4.675,11.32,3.341,,,,,,,,,,,,,7.257
1347,4.279,4.675,11.32,3.341,,,,,,,,,,,,,7.941
1348,4.279,4.675,11.32,3.341,,,,,,,,,,,,,6.498
1349,4.279,4.675,11.32,3.341,,,,,,,,,,,,,18.248
1350,4.279,4.675,11.32,3.341,,,,,,,,,,,,,1.123
1351,4.279,4.675,11.32,3.341,,,,,,,,,,,,,12.267
1352,4.279,4.675,11.32,3.341,,,,,,,,,,,,,1.379
1353,4.279,4.675,11.32,3.341,,,,,,,,,,,,,3.217
1354,4.279,4.675,11.32,3.341,,,,,,,,,,,,,4.315
1355,4.279,4.675,11.32,3.341,,,,,,,,,,,,,6.644
1356,4.279,4.675,11.32,3.341,,,,,,,,,,,,,9.539
1357,4.279,4.675,11.32,3.341,,,,,,,,,,,,,4.51
1358,4.279,4.675,11.32,3.341,,,,,,,,,,,,,6.76
1363,4.279,4.675,11.32,3.341,,,,,,,,,,,,,5.376
1364,4.279,4.675,11.32,3.341,,,,,,,,,,,,,7.169
1365,4.279,4.675,11.32,3.341,,,,,,,,,,,,,7.142
1366,4.279,4.675,11.32,3.341,,,,,,,,,,,,,7.562
1367,4.279,4.675,11.32,3.341,,,,,,,,,,,,,7.086
1368,4.279,4.675,11.32,3.341,,,,,,,,,,,,,7.411
1369,4.279,4.675,11.32,3.341,,,,,,,,,,,,,7.169
1370,4.279,4.675,11.32,3.341,,,,,,,,,,,,,21.891
1371,4.279,4.675,11.32,3.341,,,,,,,,,,,,,4.465
1372,4.279,4.675,11.32,3.341,,,,,,,,,,,,,1.241
1373,4.279,4.675,11.32,3.341,,,,,,,,,,,,,1.031
1374,4.279,4.675,11.32,3.341,,,,,,,,,,,,,4.159
1375,4.279,4.675,11.32,3.341,,,,,,,,,,,,,7.136
1376,4.279,4.675,11.32,3.341,,,,,,,,,,,,,7.182
1377,4.279,4.675,11.32,3.341,,,,,,,,,,,,,14.749
1378,4.279,4.675,11.32,3.341,,,,,,,,,,,,,4.496
1379,4.279,4.675,11.32,3.341,,,,,,,,,,,,,5.236
1380,4.279,4.675,11.32,3.341,,,,,,,,,,,,,4.684
1381,4.279,4.675,11.32,3.341,,,,,,,,,,,,,6.853
1382,4.279,4.675,11.32,3.341,,,,,,,,,,,,,6.98
1383,4.279,4.675,11.32,3.341,,,,,,,,,,,,,9.092
1384,4.279,4.675,11.32,3.341,,,,,,,,,,,,,5.75
1385,4.279,4.675,11.32,3.341,,,,,,,,,,,,,6.925
1386,4.279,4.675,11.32,3.341,,,,,,,,,,,,,7.283
1387,4.279,4.675,11.32,3.341,,,,,,,,,,,,,7.015
1388,4.279,4.675,11.32,3.341,,,,,,,,,,,,,6.928
1389,4.279,4.675,11.32,3.341,,,,,,,,,,,,,9.05
1390,4.279,4.675,11.32,3.341,,,,,,,,,,,,,6.736
1391,4.279,4.675,11.32,3.341,,,,,,,,,,,,,5.721
1392,4.279,4.675,11.32,3.341,,,,,,,,,,,,,7.415
1393,4.279,4.675,11.32,3.341,,,,,,,,,,,,,6.572
1394,4.279,4.675,11.32,3.341,,,,,,,,,,,,,7.177
1395,4.279,4.675,11.32,3.341,,,,,,,,,,,,,7.664
1396,4.279,4.675,11.32,3.341,,,,,,,,,,,,,7.562
1397,4.279,4.675,11.32,3.341,,,,,,,,,,,,,9.359
1398,4.279,4.675,11.32,3.341,,,,,,,,,,,,,4.815
1399,4.279,4.675,11.32,3.341,,,,,,,,,,,,,10.826
1400,4.279,4.675,11.32,3.341,,,,,,,,,,,,,4.417
1401,4.279,4.675,11.32,3.341,,,,,,,,,,,,,5.6
1402,4.279,4.675,11.32,3.341,,,,,,,,,,,,,6.934
1403,4.279,4.675,11.32,3.341,,,,,,,,,,,,,7.139
1404,4.279,4.675,11.32,3.341,,,,,,,,,,,,,7.275
1405,4.279,4.675,11.32,3.341,,,,,,,,,,,,,7.227
1406,4.279,4.675,11.32,3.341,,,,,,,,,,,,,7.329
1407,4.279,4.675,11.32,3.341,,,,,,,,,,,,,8.151
1408,4.279,4.675,11.32,3.341,,,,,,,,,,,,,5.599
1409,4.279,4.675,11.32,3.341,,,,,,,,,,,,,8.149
1410,4.279,4.675,11.32,3.341,,,,,,,,,,,,,7.222
1411,4.279,4.675,11.32,3.341,,,,,,,,,,,,,7.327
1416,4.279,4.675,11.32,3.341,,,,,,,,,,,,,0.306
1417,4.279,4.675,11.32,3.341,,,,,,,,,,,,,8.484
1418,4.279,4.675,11.32,3.341,,,,,,,,,,,,,6.912
1419,4.279,4.675,11.32,3.341,,,,,,,,,,,,,8.784
1420,4.279,4.675,11.32,3.341,,,,,,,,,,,,,5.675
1421,4.279,4.675,11.32,3.341,,,,,,,,,,,,,7.357
1422,4.279,4.675,11.32,3.341,,,,,,,,,,,,,7.076
1423,4.279,4.675,11.32,3.341,,,,,,,,,,,,,7.063
1424,4.279,4.675,11.32,3.341,,,,,,,,,,,,,8.148
1425,4.279,4.675,11.32,3.341,,,,,,,,,,,,,6.843
1426,4.279,4.675,11.32,3.341,,,,,,,,,,,,,6.674
1427,4.279,4.675,11.32,3.341,,,,,,,,,,,,,7.158
1428,4.279,4.675,11.32,3.341,,,,,,,,,,,,,9.749
1429,4.279,4.675,11.32,3.341,,,,,,,,,,,,,4.615
1430,4.279,4.675,11.32,3.341,,,,,,,,,,,,,6.153
1431,4.279,4.675,11.32,3.341,,,,,,,,,,,,,7.126
1432,4.279,4.675,11.32,3.341,,,,,,,,,,,,,8.502
1433,4.279,4.675,11.32,3.341,,,,,,,,,,,,,7.013
1434,4.279,4.675,11.32,3.341,,,,,,,,,,,,,7.055
1435,4.279,4.675,11.32,3.341,,,,,,,,,,,,,34.55
1436,4.279,4.675,11.32,3.341,,,,,,,,,,,,,4.586
1437,4.279,4.675,11.32,3.341,,,,,,,,,,,,,1.33
1438,4.279,4.675,11.32,3.341,,,,,,,,,,,,,1.021
1439,4.279,4.675,11.32,3.341,,,,,,,,,,,,,0.957
1440,4.279,4.675,11.32,3.341,,,,,,,,,,,,,0.883
1441,4.279,4.675,11.32,3.341,,,,,,,,,,,,,0.69
1442,4.279,4.675,11.32,3.341,,,,,,,,,,,,,7.021
1443,4.279,4.675,11.32,3.341,,,,,,,,,,,,,6.77
1444,4.279,4.675,11.32,3.341,,,,,,,,,,,,,8.973
1445,4.279,4.675,11.32,3.341,,,,,,,,,,,,,5.381
1446,4.279,4.675,11.32,3.341,,,,,,,,,,,,,7.142
1450,4.279,4.675,11.32,3.341,,,,,,,,,,,,,17.35
1451,4.279,4.675,11.32,3.341,,,,,,,,,,,,,1.336
1452,4.279,4.675,11.32,3.341,,,,,,,,,,,,,0.896
1453,4.279,4.675,11.32,3.341,,,,,,,,,,,,,2.074
1454,4.279,4.675,11.32,3.341,,,,,,,,,,,,,0.818
1455,4.279,4.675,11.32,3.341,,,,,,,,,,,,,6.314
1456,4.279,4.675,11.32,3.341,,,,,,,,,,,,,9.61
1457,4.279,4.675,11.32,3.341,,,,,,,,,,,,,4.535
1458,4.279,4.675,11.32,3.341,,,,,,,,,,,,,7.752
1459,4.279,4.675,11.32,3.341,,,,,,,,,,,,,8.315
1460,4.279,4.675,11.32,3.341,,,,,,,,,,,,,5.222
1461,4.279,4.675,11.32,3.341,,,,,,,,,,,,,7.214
1462,4.279,4.675,11.32,3.341,,,,,,,,,,,,,7.047
1463,4.279,4.675,11.32,3.341,,,,,,,,,,,,,7.513
1464,4.279,4.675,11.32,3.341,,,,,,,,,,,,,8.007
1465,4.279,4.675,11.32,3.341,,,,,,,,,,,,,6.107
1466,4.279,4.675,11.32,3.341,,,,,,,,,,,,,7.175
1467,4.279,4.675,11.32,3.341,,,,,,,,,,,,,9.727
1468,4.279,4.675,11.32,3.341,,,,,,,,,,,,,4.894
1469,4.279,4.675,11.32,3.341,,,,,,,,,,,,,8.593
1474,4.279,4.675,11.32,3.341,,,,,,,,,,,,,4.293
1475,4.279,4.675,11.32,3.341,,,,,,,,,,,,,5.367
1476,4.279,4.675,11.32,3.341,,,,,,,,,,,,,7.059
1477,4.279,4.675,11.32,3.341,,,,,,,,,,,,,6.884
1478,4.279,4.675,11.32,3.341,,,,,,,,,,,,,7.166
1479,4.279,4.675,11.32,3.341,,,,,,,,,,,,,7.332
1480,4.279,4.675,11.32,3.341,,,,,,,,,,,,,7.763
1481,4.279,4.675,11.32,3.341,,,,,,,,,,,,,6.561
1482,4.279,4.675,11.32,3.341,,,,,,,,,,,,,7.908
1483,4.279,4.675,11.32,3.341,,,,,,,,,,,,,8.261
1484,4.279,4.675,11.32,3.341,,,,,,,,,,,,,6.353
1485,4.279,4.675,11.32,3.341,,,,,,,,,,,,,7.151
1486,4.279,4.675,11.32,3.341,,,,,,,,,,,,,7.247
1487,4.279,4.675,11.32,3.341,,,,,,,,,,,,,10.465
1488,4.279,4.675,11.32,3.341,,,,,,,,,,,,,4.414
1493,4.279,4.675,11.32,3.341,,,,,,,,,,,,,0.101
1494,4.279,4.675,11.32,3.341,,,,,,,,,,,,,1.038
1495,4.279,4.675,11.32,3.341,,,,,,,,,,,,,0.756
1496,4.279,4.675,11.32,3.341,,,,,,,,,,,,,4.372
1497,4.279,4.675,11.32,3.341,,,,,,,,,,,,,8.031
1498,4.279,4.675,11.32,3.341,,,,,,,,,,,,,7.597
1499,4.279,4.675,11.32,3.341,,,,,,,,,,,,,7.115
1500,4.279,4.675,11.32,3.341,,,,,,,,,,,,,7.403
1501,4.279,4.675,11.32,3.341,,,,,,,,,,,,,10.424
1502,4.279,4.675,11.32,3.341,,,,,,,,,,,,,4.322
1503,4.279,4.675,11.32,3.341,,,,,,,,,,,,,6.095
1504,4.279,4.675,11.32,3.341,,,,,,,,,,,,,7.322
1505,4.279,4.675,11.32,3.341,,,,,,,,,,,,,7.338
1506,4.279,4.675,11.32,3.341,,,,,,,,,,,,,6.486
1507,4.279,4.675,11.32,3.341,,,,,,,,,,,,,9.298
1512,4.279,4.675,11.32,3.341,,,,,,,,,,,,,6.37
1513,4.279,4.675,11.32,3.341,,,,,,,,,,,,,7.55
1514,4.279,4.675,11.32,3.341,,,,,,,,,,,,,7.191
1515,4.279,4.675,11.32,3.341,,,,,,,,,,,,,6.993
1516,4.279,4.675,11.32,3.341,,,,,,,,,,,,,6.856
1517,4.279,4.675,11.32,3.341,,,,,,,,,,,,,13.72
1518,4.279,4.675,11.32,3.341,,,,,,,,,,,,,7.97
1519,4.279,4.675,11.32,3.341,,,,,,,,,,,,,1.135
1524,4.279,4.675,11.32,3.341,,,,,,,,,,,,,0.145
1525,4.279,4.675,11.32,3.341,,,,,,,,,,,,,1.22
1526,4.279,4.675,11.32,3.341,,,,,,,,,,,,,0.727
1527,4.279,4.675,11.32,3.341,,,,,,,,,,,,,0.652
1528,4.279,4.675,11.32,3.341,,,,,,,,,,,,,2.439
1529,4.279,4.675,11.32,3.341,,,,,,,,,,,,,7.131
1530,4.279,4.675,11.32,3.341,,,,,,,,,,,,,7.503
1531,4.279,4.675,11.32,3.341,,,,,,,,,,,,,7.951
1532,4.279,4.675,11.32,3.341,,,,,,,,,,,,,6.131
1533,4.279,4.675,11.32,3.341,,,,,,,,,,,,,7.183
1534,4.279,4.675,11.32,3.341,,,,,,,,,,,,,7.126
1535,4.279,4.675,11.32,3.341,,,,,,,,,,,,,7.164
1536,4.279,4.675,11.32,3.341,,,,,,,,,,,,,7.444
1537,4.279,4.675,11.32,3.341,,,,,,,,,,,,,7.097
1538,4.279,4.675,11.32,3.341,,,,,,,,,,,,,7.505
1539,4.279,4.675,11.32,3.341,,,,,,,,,,,,,6.342
1540,4.279,4.675,11.32,3.341,,,,,,,,,,,,,8.01
1541,4.279,4.675,11.32,3.341,,,,,,,,,,,,,6.804
1542,4.279,4.675,11.32,3.341,,,,,,,,,,,,,7.259
1543,4.279,4.675,11.32,3.341,,,,,,,,,,,,,7.393
1544,4.279,4.675,11.32,3.341,,,,,,,,,,,,,7.084
1545,4.279,4.675,11.32,3.341,,,,,,,,,,,,,7.463
1546,4.279,4.675,11.32,3.341,,,,,,,,,,,,,7
1547,4.279,4.675,11.32,3.341,,,,,,,,,,,,,7.082
1548,4.279,4.675,11.32,3.341,,,,,,,,,,,,,7.745
1549,4.279,4.675,11.32,3.341,,,,,,,,,,,,,8.516
1550,4.279,4.675,11.32,3.341,,,,,,,,,,,,,6.02
1551,4.279,4.675,11.32,3.341,,,,,,,,,,,,,7.826
1552,4.279,4.675,11.32,3.341,,,,,,,,,,,,,5.541
1553,4.279,4.675,11.32,3.341,,,,,,,,,,,,,7.185
1554,4.279,4.675,11.32,3.341,,,,,,,,,,,,,7.352
1558,4.279,4.675,11.32,3.341,,,,,,,,,,,,,7.262
1559,4.279,4.675,11.32,3.341,,,,,,,,,,,,,6.741
1560,4.279,4.675,11.32,3.341,,,,,,,,,,,,,7.681
1561,4.279,4.675,11.32,3.341,,,,,,,,,,,,,6.927
1566,4.279,4.675,11.32,3.341,,,,,,,,,,,,,6.168
1567,4.279,4.675,11.32,3.341,,,,,,,,,,,,,8.604
1568,4.279,4.675,11.32,3.341,,,,,,,,,,,,,6.653
1569,4.279,4.675,11.32,3.341,,,,,,,,,,,,,6.733
1570,4.279,4.675,11.32,3.341,,,,,,,,,,,,,6.565
1571,4.279,4.675,11.32,3.341,,,,,,,,,,,,,7.318
1572,4.279,4.675,11.32,3.341,,,,,,,,,,,,,7.245
1573,4.279,4.675,11.32,3.341,,,,,,,,,,,,,7.462
1574,4.279,4.675,11.32,3.341,,,,,,,,,,,,,6.718
1575,4.279,4.675,11.32,3.341,,,,,,,,,,,,,7.949
1576,4.279,4.675,11.32,3.341,,,,,,,,,,,,,6.935
1577,4.279,4.675,11.32,3.341,,,,,,,,,,,,,6.638
1578,4.279,4.675,11.32,3.341,,,,,,,,,,,,,7.181
1579,4.279,4.675,11.32,3.341,,,,,,,,,,,,,7.073
1580,4.279,4.675,11.32,3.341,,,,,,,,,,,,,8.313
1581,4.279,4.675,11.32,3.341,,,,,,,,,,,,,6.254
1582,4.279,4.675,11.32,3.341,,,,,,,,,,,,,7.524
1583,4.279,4.675,11.32,3.341,,,,,,,,,,,,,6.6
1584,4.279,4.675,11.32,3.341,,,,,,,,,,,,,7.348
1585,4.279,4.675,11.32,3.341,,,,,,,,,,,,,7.294
1586,4.279,4.675,11.32,3.341,,,,,,,,,,,,,6.6
1587,4.279,4.675,11.32,3.341,,,,,,,,,,,,,7.17
1588,4.279,4.675,11.32,3.341,,,,,,,,,,,,,7.172
1589,4.279,4.675,11.32,3.341,,,,,,,,,,,,,7.153
1590,4.279,4.675,11.32,3.341,,,,,,,,,,,,,7.435
1591,4.279,4.675,11.32,3.341,,,,,,,,,,,,,8.329
1592,4.279,4.675,11.32,3.341,,,,,,,,,,,,,6.586
1593,4.279,4.675,11.32,3.341,,,,,,,,,,,,,6.692
1594,4.279,4.675,11.32,3.341,,,,,,,,,,,,,18.309
1595,4.279,4.675,11.32,3.341,,,,,,,,,,,,,4.584
1596,4.279,4.675,11.32,3.341,,,,,,,,,,,,,1.173
1597,4.279,4.675,11.32,3.341,,,,,,,,,,,,,3.425
1598,4.279,4.675,11.32,3.341,,,,,,,,,,,,,6.382
1599,4.279,4.675,11.32,3.341,,,,,,,,,,,,,7.417
1604,4.279,4.675,11.32,3.341,,,,,,,,,,,,,7.026
1605,4.279,4.675,11.32,3.341,,,,,,,,,,,,,7.148
1606,4.279,4.675,11.32,3.341,,,,,,,,,,,,,7.152
1607,4.279,4.675,11.32,3.341,,,,,,,,,,,,,6.902
1608,4.279,4.675,11.32,3.341,,,,,,,,,,,,,7.179
1609,4.279,4.675,11.32,3.341,,,,,,,,,,,,,9.735
1610,4.279,4.675,11.32,3.341,,,,,,,,,,,,,4.943
1611,4.279,4.675,11.32,3.341,,,,,,,,,,,,,32.152
1612,4.279,4.675,11.32,3.341,,,,,,,,,,,,,1.766
1613,4.279,4.675,11.32,3.341,,,,,,,,,,,,,0.737
1614,4.279,4.675,11.32,3.341,,,,,,,,,,,,,0.643
1615,4.279,4.675,11.32,3.341,,,,,,,,,,,,,0.614
1616,4.279,4.675,11.32,3.341,,,,,,,,,,,,,1.453
1617,4.279,4.675,11.32,3.341,,,,,,,,,,,,,7.303
1618,4.279,4.675,11.32,3.341,,,,,,,,,,,,,6.706
1619,4.279,4.675,11.32,3.341,,,,,,,,,,,,,11.274
1627,4.279,4.675,11.32,3.341,,,,,,,,,,,,,7.957
1628,4.279,4.675,11.32,3.341,,,,,,,,,,,,,6.576
1629,4.279,4.675,11.32,3.341,,,,,,,,,,,,,6.398
1630,4.279,4.675,11.32,3.341,,,,,,,,,,,,,6.986
1631,4.279,4.675,11.32,3.341,,,,,,,,,,,,,6.907
1632,4.279,4.675,11.32,3.341,,,,,,,,,,,,,7.316
1633,4.279,4.675,11.32,3.341,,,,,,,,,,,,,8.036
1634,4.279,4.675,11.32,3.341,,,,,,,,,,,,,5.815
1635,4.279,4.675,11.32,3.341,,,,,,,,,,,,,8.318
1636,4.279,4.675,11.32,3.341,,,,,,,,,,,,,5.858
1637,4.279,4.675,11.32,3.341,,,,,,,,,,,,,7.111
1638,4.279,4.675,11.32,3.341,,,,,,,,,,,,,7.222
1639,4.279,4.675,11.32,3.341,,,,,,,,,,,,,8.116
1640,4.279,4.675,11.32,3.341,,,,,,,,,,,,,6.224
1641,4.279,4.675,11.32,3.341,,,,,,,,,,,,,7.75
1642,4.279,4.675,11.32,3.341,,,,,,,,,,,,,7.066
1643,4.279,4.675,11.32,3.341,,,,,,,,,,,,,7.497
1644,4.279,4.675,11.32,3.341,,,,,,,,,,,,,6.781
1645,4.279,4.675,11.32,3.341,,,,,,,,,,,,,6.729
1650,4.279,4.675,11.32,3.341,,,,,,,,,,,,,7.654
1651,4.279,4.675,11.32,3.341,,,,,,,,,,,,,6.983
1652,4.279,4.675,11.32,3.341,,,,,,,,,,,,,8.192
1653,4.279,4.675,11.32,3.341,,,,,,,,,,,,,8.792
1654,4.279,4.675,11.32,3.341,,,,,,,,,,,,,4.641
1655,4.279,4.675,11.32,3.341,,,,,,,,,,,,,5.953
1656,4.279,4.675,11.32,3.341,,,,,,,,,,,,,8.404
1657,4.279,4.675,11.32,3.341,,,,,,,,,,,,,7.022
1658,4.279,4.675,11.32,3.341,,,,,,,,,,,,,6.881
1659,4.279,4.675,11.32,3.341,,,,,,,,,,,,,7.816
1660,4.279,4.675,11.32,3.341,,,,,,,,,,,,,6.767
1661,4.279,4.675,11.32,3.341,,,,,,,,,,,,,7.803
1662,4.279,4.675,11.32,3.341,,,,,,,,,,,,,7.52
1663,4.279,4.675,11.32,3.341,,,,,,,,,,,,,6.348
1664,4.279,4.675,11.32,3.341,,,,,,,,,,,,,8.836
1665,4.279,4.675,11.32,3.341,,,,,,,,,,,,,5.514
1666,4.279,4.675,11.32,3.341,,,,,,,,,,,,,11.15
1667,4.279,4.675,11.32,3.341,,,,,,,,,,,,,7.799
1668,4.279,4.675,11.32,3.341,,,,,,,,,,,,,4.622
1669,4.279,4.675,11.32,3.341,,,,,,,,,,,,,5.061
1670,4.279,4.675,11.32,3.341,,,,,,,,,,,,,7.034
1671,4.279,4.675,11.32,3.341,,,,,,,,,,,,,7.412
1672,4.279,4.675,11.32,3.341,,,,,,,,,,,,,14.875
1673,4.279,4.675,11.32,3.341,,,,,,,,,,,,,13.503
1674,4.279,4.675,11.32,3.341,,,,,,,,,,,,,1.954
1675,4.279,4.675,11.32,3.341,,,,,,,,,,,,,17.939
1676,4.279,4.675,11.32,3.341,,,,,,,,,,,,,1.18
1681,4.279,4.675,11.32,3.341,,,,,,,,,,,,,4.514
1682,4.279,4.675,11.32,3.341,,,,,,,,,,,,,5.829
1683,4.279,4.675,11.32,3.341,,,,,,,,,,,,,8.653
1684,4.279,4.675,11.32,3.341,,,,,,,,,,,,,12.518
1689,4.279,4.675,11.32,3.341,,,,,,,,,,,,,4.568
1690,4.279,4.675,11.32,3.341,,,,,,,,,,,,,1.58
1691,4.279,4.675,11.32,3.341,,,,,,,,,,,,,7.108
1692,4.279,4.675,11.32,3.341,,,,,,,,,,,,,5.882
1693,4.279,4.675,11.32,3.341,,,,,,,,,,,,,5.844
1694,4.279,4.675,11.32,3.341,,,,,,,,,,,,,7.259
1695,4.279,4.675,11.32,3.341,,,,,,,,,,,,,6.497
1696,4.279,4.675,11.32,3.341,,,,,,,,,,,,,7.492
1697,4.279,4.675,11.32,3.341,,,,,,,,,,,,,6.542
1698,4.279,4.675,11.32,3.341,,,,,,,,,,,,,11.85
1699,4.279,4.675,11.32,3.341,,,,,,,,,,,,,3.963
1700,4.279,4.675,11.32,3.341,,,,,,,,,,,,,5.402
1701,4.279,4.675,11.32,3.341,,,,,,,,,,,,,7.558
1702,4.279,4.675,11.32,3.341,,,,,,,,,,,,,10.979
1703,4.279,4.675,11.32,3.341,,,,,,,,,,,,,6.434
1708,4.279,4.675,11.32,3.341,,,,,,,,,,,,,0.088
1709,4.279,4.675,11.32,3.341,,,,,,,,,,,,,1.067
1710,4.279,4.675,11.32,3.341,,,,,,,,,,,,,4.251
1711,4.279,4.675,11.32,3.341,,,,,,,,,,,,,7.101
1712,4.279,4.675,11.32,3.341,,,,,,,,,,,,,21.54
1713,4.279,4.675,11.32,3.341,,,,,,,,,,,,,21.901
1714,4.279,4.675,11.32,3.341,,,,,,,,,,,,,1.425
1715,4.279,4.675,11.32,3.341,,,,,,,,,,,,,0.819
1716,4.279,4.675,11.32,3.341,,,,,,,,,,,,,0.679
1717,4.279,4.675,11.32,3.341,,,,,,,,,,,,,0.683
1718,4.279,4.675,11.32,3.341,,,,,,,,,,,,,1.255
1719,4.279,4.675,11.32,3.341,,,,,,,,,,,,,4.412
1720,4.279,4.675,11.32,3.341,,,,,,,,,,,,,6.455
1721,4.279,4.675,11.32,3.341,,,,,,,,,,,,,7.914
1722,4.279,4.675,11.32,3.341,,,,,,,,,,,,,6.91
1723,4.279,4.675,11.32,3.341,,,,,,,,,,,,,6.064
1724,4.279,4.675,11.32,3.341,,,,,,,,,,,,,9.083
1725,4.279,4.675,11.32,3.341,,,,,,,,,,,,,5.262
1726,4.279,4.675,11.32,3.341,,,,,,,,,,,,,12.027
1727,4.279,4.675,11.32,3.341,,,,,,,,,,,,,5.346
1728,4.279,4.675,11.32,3.341,,,,,,,,,,,,,4.413
1729,4.279,4.675,11.32,3.341,,,,,,,,,,,,,6.706
1730,4.279,4.675,11.32,3.341,,,,,,,,,,,,,7.601
1731,4.279,4.675,11.32,3.341,,,,,,,,,,,,,6.161
1732,4.279,4.675,11.32,3.341,,,,,,,,,,,,,7.342
1733,4.279,4.675,11.32,3.341,,,,,,,,,,,,,7.308
1734,4.279,4.675,11.32,3.341,,,,,,,,,,,,,6.964
1739,4.279,4.675,11.32,3.341,,,,,,,,,,,,,5.656
1740,4.279,4.675,11.32,3.341,,,,,,,,,,,,,7.285
1741,4.279,4.675,11.32,3.341,,,,,,,,,,,,,7.36
1742,4.279,4.675,11.32,3.341,,,,,,,,,,,,,8.06
1743,4.279,4.675,11.32,3.341,,,,,,,,,,,,,5.981
1744,4.279,4.675,11.32,3.341,,,,,,,,,,,,,7.143
1745,4.279,4.675,11.32,3.341,,,,,,,,,,,,,9.133
1746,4.279,4.675,11.32,3.341,,,,,,,,,,,,,5.982
1747,4.279,4.675,11.32,3.341,,,,,,,,,,,,,6.671
1748,4.279,4.675,11.32,3.341,,,,,,,,,,,,,8.196
1749,4.279,4.675,11.32,3.341,,,,,,,,,,,,,6.126
1758,4.279,4.675,11.32,3.341,,,,,,,,,,,,,6.593
1759,4.279,4.675,11.32,3.341,,,,,,,,,,,,,6.81
1760,4.279,4.675,11.32,3.341,,,,,,,,,,,,,6.81
1761,4.279,4.675,11.32,3.341,,,,,,,,,,,,,8.319
1762,4.279,4.675,11.32,3.341,,,,,,,,,,,,,6.358
1763,4.279,4.675,11.32,3.341,,,,,,,,,,,,,6.706
1764,4.279,4.675,11.32,3.341,,,,,,,,,,,,,7.735
1765,4.279,4.675,11.32,3.341,,,,,,,,,,,,,6.306
1766,4.279,4.675,11.32,3.341,,,,,,,,,,,,,7.154
1767,4.279,4.675,11.32,3.341,,,,,,,,,,,,,7.43
1768,4.279,4.675,11.32,3.341,,,,,,,,,,,,,6.924
1769,4.279,4.675,11.32,3.341,,,,,,,,,,,,,8
1770,4.279,4.675,11.32,3.341,,,,,,,,,,,,,6.325
1771,4.279,4.675,11.32,3.341,,,,,,,,,,,,,9.488
1772,4.279,4.675,11.32,3.341,,,,,,,,,,,,,4.834
1773,4.279,4.675,11.32,3.341,,,,,,,,,,,,,7.18
1774,4.279,4.675,11.32,3.341,,,,,,,,,,,,,7.426
1775,4.279,4.675,11.32,3.341,,,,,,,,,,,,,6.941
1776,4.279,4.675,11.32,3.341,,,,,,,,,,,,,8.955
1777,4.279,4.675,11.32,3.341,,,,,,,,,,,,,5.534
1778,4.279,4.675,11.32,3.341,,,,,,,,,,,,,6.979
1779,4.279,4.675,11.32,3.341,,,,,,,,,,,,,6.971
1780,4.279,4.675,11.32,3.341,,,,,,,,,,,,,7.368
1781,4.279,4.675,11.32,3.341,,,,,,,,,,,,,6.89
1782,4.279,4.675,11.32,3.341,,,,,,,,,,,,,7.205
1783,4.279,4.675,11.32,3.341,,,,,,,,,,,,,8.118
1784,4.279,4.675,11.32,3.341,,,,,,,,,,,,,6.33
1785,4.279,4.675,11.32,3.341,,,,,,,,,,,,,7.244
1786,4.279,4.675,11.32,3.341,,,,,,,,,,,,,7.944
1787,4.279,4.675,11.32,3.341,,,,,,,,,,,,,5.852
1788,4.279,4.675,11.32,3.341,,,,,,,,,,,,,7.524
1789,4.279,4.675,11.32,3.341,,,,,,,,,,,,,6.586
1790,4.279,4.675,11.32,3.341,,,,,,,,,,,,,7.44
1791,4.279,4.675,11.32,3.341,,,,,,,,,,,,,7.366
1792,4.279,4.675,11.32,3.341,,,,,,,,,,,,,6.45
1793,4.279,4.675,11.32,3.341,,,,,,,,,,,,,7.497
1794,4.279,4.675,11.32,3.341,,,,,,,,,,,,,7.202
1795,4.279,4.675,11.32,3.341,,,,,,,,,,,,,7.045
1796,4.279,4.675,11.32,3.341,,,,,,,,,,,,,7.792
1797,4.279,4.675,11.32,3.341,,,,,,,,,,,,,6.622
1798,4.279,4.675,11.32,3.341,,,,,,,,,,,,,7.197
1799,4.279,4.675,11.32,3.341,,,,,,,,,,,,,7.245
1800,4.279,4.675,11.32,3.341,,,,,,,,,,,,,8.64
1801,4.279,4.675,11.32,3.341,,,,,,,,,,,,,6.292
1802,4.279,4.675,11.32,3.341,,,,,,,,,,,,,16.168
1803,4.279,4.675,11.32,3.341,,,,,,,,,,,,,1.182
1804,4.279,4.675,11.32,3.341,,,,,,,,,,,,,13.189
1805,4.279,4.675,11.32,3.341,,,,,,,,,,,,,1.76
1806,4.279,4.675,11.32,3.341,,,,,,,,,,,,,3.03
1807,4.279,4.675,11.32,3.341,,,,,,,,,,,,,8.416
1815,4.279,4.675,11.32,3.341,,,,,,,,,,,,,8.892
1816,4.279,4.675,11.32,3.341,,,,,,,,,,,,,5.804
1817,4.279,4.675,11.32,3.341,,,,,,,,,,,,,7.791
1818,4.279,4.675,11.32,3.341,,,,,,,,,,,,,6.602
1819,4.279,4.675,11.32,3.341,,,,,,,,,,,,,7.187
1820,4.279,4.675,11.32,3.341,,,,,,,,,,,,,7.412
1821,4.279,4.675,11.32,3.341,,,,,,,,,,,,,7.407
1822,4.279,4.675,11.32,3.341,,,,,,,,,,,,,7.827
1823,4.279,4.675,11.32,3.341,,,,,,,,,,,,,5.766
1824,4.279,4.675,11.32,3.341,,,,,,,,,,,,,6.882
1825,4.279,4.675,11.32,3.341,,,,,,,,,,,,,7.222
1826,4.279,4.675,11.32,3.341,,,,,,,,,,,,,7.004
1827,4.279,4.675,11.32,3.341,,,,,,,,,,,,,7.313
1828,4.279,4.675,11.32,3.341,,,,,,,,,,,,,7.588
1829,4.279,4.675,11.32,3.341,,,,,,,,,,,,,7.813
1830,4.279,4.675,11.32,3.341,,,,,,,,,,,,,5.759
1831,4.279,4.675,11.32,3.341,,,,,,,,,,,,,7.502
1832,4.279,4.675,11.32,3.341,,,,,,,,,,,,,7.2
1833,4.279,4.675,11.32,3.341,,,,,,,,,,,,,6.924
1834,4.279,4.675,11.32,3.341,,,,,,,,,,,,,6.867
1835,4.279,4.675,11.32,3.341,,,,,,,,,,,,,7.173
1836,4.279,4.675,11.32,3.341,,,,,,,,,,,,,15.083
1837,4.279,4.675,11.32,3.341,,,,,,,,,,,,,4.496
1838,4.279,4.675,11.32,3.341,,,,,,,,,,,,,4.436
1839,4.279,4.675,11.32,3.341,,,,,,,,,,,,,6.527
1840,4.279,4.675,11.32,3.341,,,,,,,,,,,,,4.965
1841,4.279,4.675,11.32,3.341,,,,,,,,,,,,,7.569
1842,4.279,4.675,11.32,3.341,,,,,,,,,,,,,7.218
1843,4.279,4.675,11.32,3.341,,,,,,,,,,,,,11.661
1844,4.279,4.675,11.32,3.341,,,,,,,,,,,,,6.119
1845,4.279,4.675,11.32,3.341,,,,,,,,,,,,,3.067
1846,4.279,4.675,11.32,3.341,,,,,,,,,,,,,7.379
1847,4.279,4.675,11.32,3.341,,,,,,,,,,,,,7.003
1848,4.279,4.675,11.32,3.341,,,,,,,,,,,,,7.173
1849,4.279,4.675,11.32,3.341,,,,,,,,,,,,,7.595
1850,4.279,4.675,11.32,3.341,,,,,,,,,,,,,6.743
1851,4.279,4.675,11.32,3.341,,,,,,,,,,,,,7.097
1852,4.279,4.675,11.32,3.341,,,,,,,,,,,,,7.255
1853,4.279,4.675,11.32,3.341,,,,,,,,,,,,,7.886
1854,4.279,4.675,11.32,3.341,,,,,,,,,,,,,6.621
1855,4.279,4.675,11.32,3.341,,,,,,,,,,,,,8.074
1856,4.279,4.675,11.32,3.341,,,,,,,,,,,,,6.333
1857,4.279,4.675,11.32,3.341,,,,,,,,,,,,,7.721
1858,4.279,4.675,11.32,3.341,,,,,,,,,,,,,11.161
1859,4.279,4.675,11.32,3.341,,,,,,,,,,,,,4.649
1860,4.279,4.675,11.32,3.341,,,,,,,,,,,,,4.755
1861,4.279,4.675,11.32,3.341,,,,,,,,,,,,,7.298
1862,4.279,4.675,11.32,3.341,,,,,,,,,,,,,7.209
1863,4.279,4.675,11.32,3.341,,,,,,,,,,,,,7.3
1868,4.279,4.675,11.32,3.341,,,,,,,,,,,,,6.535
1869,4.279,4.675,11.32,3.341,,,,,,,,,,,,,7.209
1870,4.279,4.675,11.32,3.341,,,,,,,,,,,,,7.36
1871,4.279,4.675,11.32,3.341,,,,,,,,,,,,,6.804
1872,4.279,4.675,11.32,3.341,,,,,,,,,,,,,7.678
1873,4.279,4.675,11.32,3.341,,,,,,,,,,,,,8.623
1874,4.279,4.675,11.32,3.341,,,,,,,,,,,,,5.084
1875,4.279,4.675,11.32,3.341,,,,,,,,,,,,,7.7
1879,4.279,4.675,11.32,3.341,,,,,,,,,,,,,7.427
1880,4.279,4.675,11.32,3.341,,,,,,,,,,,,,9.715
1881,4.279,4.675,11.32,3.341,,,,,,,,,,,,,4.551
1882,4.279,4.675,11.32,3.341,,,,,,,,,,,,,6.465
1887,4.279,4.675,11.32,3.341,,,,,,,,,,,,,10.538
1888,4.279,4.675,11.32,3.341,,,,,,,,,,,,,4.256
1889,4.279,4.675,11.32,3.341,,,,,,,,,,,,,6.164
1890,4.279,4.675,11.32,3.341,,,,,,,,,,,,,8.693
1891,4.279,4.675,11.32,3.341,,,,,,,,,,,,,5.827
1892,4.279,4.675,11.32,3.341,,,,,,,,,,,,,7.008
1893,4.279,4.675,11.32,3.341,,,,,,,,,,,,,6.038
1894,4.279,4.675,11.32,3.341,,,,,,,,,,,,,8.128
1895,4.279,4.675,11.32,3.341,,,,,,,,,,,,,32.754
1896,4.279,4.675,11.32,3.341,,,,,,,,,,,,,4.234
1897,4.279,4.675,11.32,3.341,,,,,,,,,,,,,1.108
1898,4.279,4.675,11.32,3.341,,,,,,,,,,,,,1.021
1899,4.279,4.675,11.32,3.341,,,,,,,,,,,,,0.68
1900,4.279,4.675,11.32,3.341,,,,,,,,,,,,,1.553
1901,4.279,4.675,11.32,3.341,,,,,,,,,,,,,4.379
1902,4.279,4.675,11.32,3.341,,,,,,,,,,,,,11.827
1903,4.279,4.675,11.32,3.341,,,,,,,,,,,,,4.564
1904,4.279,4.675,11.32,3.341,,,,,,,,,,,,,4.379
1905,4.279,4.675,11.32,3.341,,,,,,,,,,,,,7.218
1906,4.279,4.675,11.32,3.341,,,,,,,,,,,,,7.07
1907,4.279,4.675,11.32,3.341,,,,,,,,,,,,,7.363
1908,4.279,4.675,11.32,3.341,,,,,,,,,,,,,7.273
1909,4.279,4.675,11.32,3.341,,,,,,,,,,,,,6.998
1910,4.279,4.675,11.32,3.341,,,,,,,,,,,,,6.813
1911,4.279,4.675,11.32,3.341,,,,,,,,,,,,,8.043
1912,4.279,4.675,11.32,3.341,,,,,,,,,,,,,6.33
1913,4.279,4.675,11.32,3.341,,,,,,,,,,,,,7.095
1914,4.279,4.675,11.32,3.341,,,,,,,,,,,,,7.779
1915,4.279,4.675,11.32,3.341,,,,,,,,,,,,,6.652
1916,4.279,4.675,11.32,3.341,,,,,,,,,,,,,7.165
1917,4.279,4.675,11.32,3.341,,,,,,,,,,,,,7.428
1918,4.279,4.675,11.32,3.341,,,,,,,,,,,,,7.344
1919,4.279,4.675,11.32,3.341,,,,,,,,,,,,,6.475
1920,4.279,4.675,11.32,3.341,,,,,,,,,,,,,7.072
1921,4.279,4.675,11.32,3.341,,,,,,,,,,,,,7.538
1922,4.279,4.675,11.32,3.341,,,,,,,,,,,,,6.976
1923,4.279,4.675,11.32,3.341,,,,,,,,,,,,,7.484
1924,4.279,4.675,11.32,3.341,,,,,,,,,,,,,6.485
1925,4.279,4.675,11.32,3.341,,,,,,,,,,,,,7.129
1929,4.279,4.675,11.32,3.341,,,,,,,,,,,,,7.026
1930,4.279,4.675,11.32,3.341,,,,,,,,,,,,,7.608
1931,4.279,4.675,11.32,3.341,,,,,,,,,,,,,7.677
1932,4.279,4.675,11.32,3.341,,,,,,,,,,,,,6.303
1933,4.279,4.675,11.32,3.341,,,,,,,,,,,,,10.049
1934,4.279,4.675,11.32,3.341,,,,,,,,,,,,,5.242
1935,4.279,4.675,11.32,3.341,,,,,,,,,,,,,6.155
1936,4.279,4.675,11.32,3.341,,,,,,,,,,,,,7.482
1937,4.279,4.675,11.32,3.341,,,,,,,,,,,,,7.165
1938,4.279,4.675,11.32,3.341,,,,,,,,,,,,,7.257
1939,4.279,4.675,11.32,3.341,,,,,,,,,,,,,7.008
1940,4.279,4.675,11.32,3.341,,,,,,,,,,,,,7.491
1941,4.279,4.675,11.32,3.341,,,,,,,,,,,,,6.226
1942,4.279,4.675,11.32,3.341,,,,,,,,,,,,,7.116
1943,4.279,4.675,11.32,3.341,,,,,,,,,,,,,7.392
1944,4.279,4.675,11.32,3.341,,,,,,,,,,,,,7.2
1948,4.279,4.675,11.32,3.341,,,,,,,,,,,,,5.822
1949,4.279,4.675,11.32,3.341,,,,,,,,,,,,,7.216
1950,4.279,4.675,11.32,3.341,,,,,,,,,,,,,7.202
1951,4.279,4.675,11.32,3.341,,,,,,,,,,,,,7.24
1952,4.279,4.675,11.32,3.341,,,,,,,,,,,,,7.095
1953,4.279,4.675,11.32,3.341,,,,,,,,,,,,,7.245
1954,4.279,4.675,11.32,3.341,,,,,,,,,,,,,7.075
1955,4.279,4.675,11.32,3.341,,,,,,,,,,,,,7.21
1956,4.279,4.675,11.32,3.341,,,,,,,,,,,,,7.231
1957,4.279,4.675,11.32,3.341,,,,,,,,,,,,,7.426
1958,4.279,4.675,11.32,3.341,,,,,,,,,,,,,6.944
1959,4.279,4.675,11.32,3.341,,,,,,,,,,,,,7.328
1964,4.279,4.675,11.32,3.341,,,,,,,,,,,,,7.124
1965,4.279,4.675,11.32,3.341,,,,,,,,,,,,,7.19
1966,4.279,4.675,11.32,3.341,,,,,,,,,,,,,7.283
1967,4.279,4.675,11.32,3.341,,,,,,,,,,,,,13.705
1968,4.279,4.675,11.32,3.341,,,,,,,,,,,,,5.308
1969,4.279,4.675,11.32,3.341,,,,,,,,,,,,,4.431
1970,4.279,4.675,11.32,3.341,,,,,,,,,,,,,4.898
1971,4.279,4.675,11.32,3.341,,,,,,,,,,,,,7.114
1972,4.279,4.675,11.32,3.341,,,,,,,,,,,,,6.933
1973,4.279,4.675,11.32,3.341,,,,,,,,,,,,,7.547
1974,4.279,4.675,11.32,3.341,,,,,,,,,,,,,6.498
1975,4.279,4.675,11.32,3.341,,,,,,,,,,,,,8.133
1976,4.279,4.675,11.32,3.341,,,,,,,,,,,,,11.871
1977,4.279,4.675,11.32,3.341,,,,,,,,,,,,,4.879
1978,4.279,4.675,11.32,3.341,,,,,,,,,,,,,5.651
1982,4.279,4.675,11.32,3.341,,,,,,,,,,,,,5.106
1983,4.279,4.675,11.32,3.341,,,,,,,,,,,,,7.203
1984,4.279,4.675,11.32,3.341,,,,,,,,,,,,,36.505
1985,4.279,4.675,11.32,3.341,,,,,,,,,,,,,4.516
1986,4.279,4.675,11.32,3.341,,,,,,,,,,,,,1.549
1987,4.279,4.675,11.32,3.341,,,,,,,,,,,,,1.247
1988,4.279,4.675,11.32,3.341,,,,,,,,,,,,,1.269
1989,4.279,4.675,11.32,3.341,,,,,,,,,,,,,1.304
1990,4.279,4.675,11.32,3.341,,,,,,,,,,,,,4.514
1991,4.279,4.675,11.32,3.341,,,,,,,,,,,,,30.758
1992,4.279,4.675,11.32,3.341,,,,,,,,,,,,,4.937
1993,4.279,4.675,11.32,3.341,,,,,,,,,,,,,1.423
1994,4.279,4.675,11.32,3.341,,,,,,,,,,,,,0.988
1995,4.279,4.675,11.32,3.341,,,,,,,,,,,,,0.877
1996,4.279,4.675,11.32,3.341,,,,,,,,,,,,,2.848
1997,4.279,4.675,11.32,3.341,,,,,,,,,,,,,4.599
1998,4.279,4.675,11.32,3.341,,,,,,,,,,,,,5.09
1999,4.279,4.675,11.32,3.341,,,,,,,,,,,,,7.205
2000,4.279,4.675,11.32,3.341,,,,,,,,,,,,,6.884
2001,4.279,4.675,11.32,3.341,,,,,,,,,,,,,7.203
2002,4.279,4.675,11.32,3.341,,,,,,,,,,,,,7.206
2003,4.279,4.675,11.32,3.341,,,,,,,,,,,,,7.119
2004,4.279,4.675,11.32,3.341,,,,,,,,,,,,,7.43
2005,4.279,4.675,11.32,3.341,,,,,,,,,,,,,8.777
2006,4.279,4.675,11.32,3.341,,,,,,,,,,,,,5.735
2007,4.279,4.675,11.32,3.341,,,,,,,,,,,,,10.159
2008,4.279,4.675,11.32,3.341,,,,,,,,,,,,,11.464
2009,4.279,4.675,11.32,3.341,,,,,,,,,,,,,4.432
2010,4.279,4.675,11.32,3.341,,,,,,,,,,,,,4.823
2011,4.279,4.675,11.32,3.341,,,,,,,,,,,,,10.505
2012,4.279,4.675,11.32,3.341,,,,,,,,,,,,,7.635
2013,4.279,4.675,11.32,3.341,,,,,,,,,,,,,4.533
2014,4.279,4.675,11.32,3.341,,,,,,,,,,,,,5.122
2015,4.279,4.675,11.32,3.341,,,,,,,,,,,,,4.564
2016,4.279,4.675,11.32,3.341,,,,,,,,,,,,,7.165
2017,4.279,4.675,11.32,3.341,,,,,,,,,,,,,7.221
2018,4.279,4.675,11.32,3.341,,,,,,,,,,,,,8.404
2019,4.279,4.675,11.32,3.341,,,,,,,,,,,,,6.142
2020,4.279,4.675,11.32,3.341,,,,,,,,,,,,,7.133
2021,4.279,4.675,11.32,3.341,,,,,,,,,,,,,7.645
2022,4.279,4.675,11.32,3.341,,,,,,,,,,,,,9.3
2023,4.279,4.675,11.32,3.341,,,,,,,,,,,,,5.38
2024,4.279,4.675,11.32,3.341,,,,,,,,,,,,,6.362
2025,4.279,4.675,11.32,3.341,,,,,,,,,,,,,8.453
2026,4.279,4.675,11.32,3.341,,,,,,,,,,,,,5.698
2027,4.279,4.675,11.32,3.341,,,,,,,,,,,,,7.589
2028,4.279,4.675,11.32,3.341,,,,,,,,,,,,,7.02
2029,4.279,4.675,11.32,3.341,,,,,,,,,,,,,8.687
2030,4.279,4.675,11.32,3.341,,,,,,,,,,,,,5.356
2031,4.279,4.675,11.32,3.341,,,,,,,,,,,,,7.469
2032,4.279,4.675,11.32,3.341,,,,,,,,,,,,,7.702
2033,4.279,4.675,11.32,3.341,,,,,,,,,,,,,6.779
2034,4.279,4.675,11.32,3.341,,,,,,,,,,,,,7.439
2035,4.279,4.675,11.32,3.341,,,,,,,,,,,,,9.047
2036,4.279,4.675,11.32,3.341,,,,,,,,,,,,,8.458
2037,4.279,4.675,11.32,3.341,,,,,,,,,,,,,4.321
2038,4.279,4.675,11.32,3.341,,,,,,,,,,,,,6.407
2039,4.279,4.675,11.32,3.341,,,,,,,,,,,,,7.402
2040,4.279,4.675,11.32,3.341,,,,,,,,,,,,,6.957
2041,4.279,4.675,11.32,3.341,,,,,,,,,,,,,7.064
2042,4.279,4.675,11.32,3.341,,,,,,,,,,,,,7.272
2043,4.279,4.675,11.32,3.341,,,,,,,,,,,,,7.741
2047,4.279,4.675,11.32,3.341,,,,,,,,,,,,,7.487
2048,4.279,4.675,11.32,3.341,,,,,,,,,,,,,6.562
2049,4.279,4.675,11.32,3.341,,,,,,,,,,,,,6.935
2050,4.279,4.675,11.32,3.341,,,,,,,,,,,,,8.22
2051,4.279,4.675,11.32,3.341,,,,,,,,,,,,,9.672
2052,4.279,4.675,11.32,3.341,,,,,,,,,,,,,4.338
2053,4.279,4.675,11.32,3.341,,,,,,,,,,,,,6.092
2054,4.279,4.675,11.32,3.341,,,,,,,,,,,,,7.257
2055,4.279,4.675,11.32,3.341,,,,,,,,,,,,,7.188
2056,4.279,4.675,11.32,3.341,,,,,,,,,,,,,7.104
2057,4.279,4.675,11.32,3.341,,,,,,,,,,,,,9.307
2058,4.279,4.675,11.32,3.341,,,,,,,,,,,,,4.999
2059,4.279,4.675,11.32,3.341,,,,,,,,,,,,,8.479
2060,4.279,4.675,11.32,3.341,,,,,,,,,,,,,5.893
2061,4.279,4.675,11.32,3.341,,,,,,,,,,,,,6.953
2062,4.279,4.675,11.32,3.341,,,,,,,,,,,,,7.47
2063,4.279,4.675,11.32,3.341,,,,,,,,,,,,,39.991
2064,4.279,4.675,11.32,3.341,,,,,,,,,,,,,4.455
2065,4.279,4.675,11.32,3.341,,,,,,,,,,,,,0.835
2066,4.279,4.675,11.32,3.341,,,,,,,,,,,,,0.669
2067,4.279,4.675,11.32,3.341,,,,,,,,,,,,,0.692
2068,4.279,4.675,11.32,3.341,,,,,,,,,,,,,0.687
2069,4.279,4.675,11.32,3.341,,,,,,,,,,,,,0.827
2070,4.279,4.675,11.32,3.341,,,,,,,,,,,,,2.224
2071,4.279,4.675,11.32,3.341,,,,,,,,,,,,,7.113
2072,4.279,4.675,11.32,3.341,,,,,,,,,,,,,7.539
2073,4.279,4.675,11.32,3.341,,,,,,,,,,,,,6.302
2074,4.279,4.675,11.32,3.341,,,,,,,,,,,,,7.156
2075,4.279,4.675,11.32,3.341,,,,,,,,,,,,,7.216
2076,4.279,4.675,11.32,3.341,,,,,,,,,,,,,7.476
2077,4.279,4.675,11.32,3.341,,,,,,,,,,,,,6.913
2078,4.279,4.675,11.32,3.341,,,,,,,,,,,,,7.517
2079,4.279,4.675,11.32,3.341,,,,,,,,,,,,,6.788
2080,4.279,4.675,11.32,3.341,,,,,,,,,,,,,7.359
2081,4.279,4.675,11.32,3.341,,,,,,,,,,,,,9.536
2082,4.279,4.675,11.32,3.341,,,,,,,,,,,,,4.317
2083,4.279,4.675,11.32,3.341,,,,,,,,,,,,,7.214
2084,4.279,4.675,11.32,3.341,,,,,,,,,,,,,7.188
2085,4.279,4.675,11.32,3.341,,,,,,,,,,,,,7.152
2086,4.279,4.675,11.32,3.341,,,,,,,,,,,,,7.36
2087,4.279,4.675,11.32,3.341,,,,,,,,,,,,,7.168
2088,4.279,4.675,11.32,3.341,,,,,,,,,,,,,6.646
2089,4.279,4.675,11.32,3.341,,,,,,,,,,,,,7.491
2090,4.279,4.675,11.32,3.341,,,,,,,,,,,,,7.076
2091,4.279,4.675,11.32,3.341,,,,,,,,,,,,,10.91
2092,4.279,4.675,11.32,3.341,,,,,,,,,,,,,3.251
2093,4.279,4.675,11.32,3.341,,,,,,,,,,,,,6.687
2094,4.279,4.675,11.32,3.341,,,,,,,,,,,,,7.604
2095,4.279,4.675,11.32,3.341,,,,,,,,,,,,,9.63
2096,4.279,4.675,11.32,3.341,,,,,,,,,,,,,4.507
2097,4.279,4.675,11.32,3.341,,,,,,,,,,,,,6.612
2098,4.279,4.675,11.32,3.341,,,,,,,,,,,,,6.974
2099,4.279,4.675,11.32,3.341,,,,,,,,,,,,,7.283
2100,4.279,4.675,11.32,3.341,,,,,,,,,,,,,5.719
2101,4.279,4.675,11.32,3.341,,,,,,,,,,,,,8.158
2102,4.279,4.675,11.32,3.341,,,,,,,,,,,,,6.937
2103,4.279,4.675,11.32,3.341,,,,,,,,,,,,,9.032
2104,4.279,4.675,11.32,3.341,,,,,,,,,,,,,5.939
2105,4.279,4.675,11.32,3.341,,,,,,,,,,,,,7.639
2106,4.279,4.675,11.32,3.341,,,,,,,,,,,,,8.453
2107,4.279,4.675,11.32,3.341,,,,,,,,,,,,,6.529
2108,4.279,4.675,11.32,3.341,,,,,,,,,,,,,5.661
2113,4.279,4.675,11.32,3.341,,,,,,,,,,,,,7.461
2114,4.279,4.675,11.32,3.341,,,,,,,,,,,,,7.246
2115,4.279,4.675,11.32,3.341,,,,,,,,,,,,,8.89
2116,4.279,4.675,11.32,3.341,,,,,,,,,,,,,6.061
2117,4.279,4.675,11.32,3.341,,,,,,,,,,,,,6.752
2118,4.279,4.675,11.32,3.341,,,,,,,,,,,,,7.107
2119,4.279,4.675,11.32,3.341,,,,,,,,,,,,,7.651
2120,4.279,4.675,11.32,3.341,,,,,,,,,,,,,6.745
2121,4.279,4.675,11.32,3.341,,,,,,,,,,,,,7.411
2122,4.279,4.675,11.32,3.341,,,,,,,,,,,,,8.483
2123,4.279,4.675,11.32,3.341,,,,,,,,,,,,,5.718
2128,4.279,4.675,11.32,3.341,,,,,,,,,,,,,4.955
2129,4.279,4.675,11.32,3.341,,,,,,,,,,,,,7.242
2130,4.279,4.675,11.32,3.341,,,,,,,,,,,,,7.342
2131,4.279,4.675,11.32,3.341,,,,,,,,,,,,,6.986
2132,4.279,4.675,11.32,3.341,,,,,,,,,,,,,7.344
2133,4.279,4.675,11.32,3.341,,,,,,,,,,,,,8.273
2134,4.279,4.675,11.32,3.341,,,,,,,,,,,,,6.411
2135,4.279,4.675,11.32,3.341,,,,,,,,,,,,,7.175
2136,4.279,4.675,11.32,3.341,,,,,,,,,,,,,8.286
2137,4.279,4.675,11.32,3.341,,,,,,,,,,,,,6.94
2138,4.279,4.675,11.32,3.341,,,,,,,,,,,,,7.638
2139,4.279,4.675,11.32,3.341,,,,,,,,,,,,,5.651
2140,4.279,4.675,11.32,3.341,,,,,,,,,,,,,8.156
2141,4.279,4.675,11.32,3.341,,,,,,,,,,,,,6.331
2142,4.279,4.675,11.32,3.341,,,,,,,,,,,,,8.04
2143,4.279,4.675,11.32,3.341,,,,,,,,,,,,,6.782
2144,4.279,4.675,11.32,3.341,,,,,,,,,,,,,8.498
2145,4.279,4.675,11.32,3.341,,,,,,,,,,,,,5.639
2146,4.279,4.675,11.32,3.341,,,,,,,,,,,,,8.324
2147,4.279,4.675,11.32,3.341,,,,,,,,,,,,,5.741
2148,4.279,4.675,11.32,3.341,,,,,,,,,,,,,7.42
2149,4.279,4.675,11.32,3.341,,,,,,,,,,,,,7.147
2150,4.279,4.675,11.32,3.341,,,,,,,,,,,,,7.164
2151,4.279,4.675,11.32,3.341,,,,,,,,,,,,,7.176
2152,4.279,4.675,11.32,3.341,,,,,,,,,,,,,7.531
2153,4.279,4.675,11.32,3.341,,,,,,,,,,,,,6.783
2154,4.279,4.675,11.32,3.341,,,,,,,,,,,,,10.637
2155,4.279,4.675,11.32,3.341,,,,,,,,,,,,,4.432
2156,4.279,4.675,11.32,3.341,,,,,,,,,,,,,8.19
2157,4.279,4.675,11.32,3.341,,,,,,,,,,,,,4.863
2158,4.279,4.675,11.32,3.341,,,,,,,,,,,,,7.527
2159,4.279,4.675,11.32,3.341,,,,,,,,,,,,,7.376
2160,4.279,4.675,11.32,3.341,,,,,,,,,,,,,6.833
2161,4.279,4.675,11.32,3.341,,,,,,,,,,,,,33.662
2166,4.279,4.675,11.32,3.341,,,,,,,,,,,,,0.095
2167,4.279,4.675,11.32,3.341,,,,,,,,,,,,,6.048
2168,4.279,4.675,11.32,3.341,,,,,,,,,,,,,6.478
2169,4.279,4.675,11.32,3.341,,,,,,,,,,,,,7.213
2170,4.279,4.675,11.32,3.341,,,,,,,,,,,,,9.132
2171,4.279,4.675,11.32,3.341,,,,,,,,,,,,,5.116
2172,4.279,4.675,11.32,3.341,,,,,,,,,,,,,7.424
2173,4.279,4.675,11.32,3.341,,,,,,,,,,,,,7.548
2174,4.279,4.675,11.32,3.341,,,,,,,,,,,,,6.552
2175,4.279,4.675,11.32,3.341,,,,,,,,,,,,,7.459
2176,4.279,4.675,11.32,3.341,,,,,,,,,,,,,8.679
2177,4.279,4.675,11.32,3.341,,,,,,,,,,,,,26.118
2178,4.279,4.675,11.32,3.341,,,,,,,,,,,,,1.358
2179,4.279,4.675,11.32,3.341,,,,,,,,,,,,,3.018
2180,4.279,4.675,11.32,3.341,,,,,,,,,,,,,0.939
2181,4.279,4.675,11.32,3.341,,,,,,,,,,,,,0.858
2182,4.279,4.675,11.32,3.341,,,,,,,,,,,,,5.132
2183,4.279,4.675,11.32,3.341,,,,,,,,,,,,,6.414
2184,4.279,4.675,11.32,3.341,,,,,,,,,,,,,7.394
2185,4.279,4.675,11.32,3.341,,,,,,,,,,,,,9.233
2186,4.279,4.675,11.32,3.341,,,,,,,,,,,,,4.762
2187,4.279,4.675,11.32,3.341,,,,,,,,,,,,,7.637
2188,4.279,4.675,11.32,3.341,,,,,,,,,,,,,7.061
2189,4.279,4.675,11.32,3.341,,,,,,,,,,,,,6.9
2194,4.279,4.675,11.32,3.341,,,,,,,,,,,,,6.856
2195,4.279,4.675,11.32,3.341,,,,,,,,,,,,,6.847
2196,4.279,4.675,11.32,3.341,,,,,,,,,,,,,7.315
2201,4.279,4.675,11.32,3.341,,,,,,,,,,,,,4.299
2202,4.279,4.675,11.32,3.341,,,,,,,,,,,,,4.386
2203,4.279,4.675,11.32,3.341,,,,,,,,,,,,,7.118
2204,4.279,4.675,11.32,3.341,,,,,,,,,,,,,7.225
2205,4.279,4.675,11.32,3.341,,,,,,,,,,,,,7.432
2206,4.279,4.675,11.32,3.341,,,,,,,,,,,,,7.012
2207,4.279,4.675,11.32,3.341,,,,,,,,,,,,,7.638
2208,4.279,4.675,11.32,3.341,,,,,,,,,,,,,6.964
2209,4.279,4.675,11.32,3.341,,,,,,,,,,,,,7.237
2210,4.279,4.675,11.32,3.341,,,,,,,,,,,,,8.96
2211,4.279,4.675,11.32,3.341,,,,,,,,,,,,,5.383
2212,4.279,4.675,11.32,3.341,,,,,,,,,,,,,7.318
2213,4.279,4.675,11.32,3.341,,,,,,,,,,,,,7.293
2214,4.279,4.675,11.32,3.341,,,,,,,,,,,,,6.825
2215,4.279,4.675,11.32,3.341,,,,,,,,,,,,,8.969
2216,4.279,4.675,11.32,3.341,,,,,,,,,,,,,5.368
2217,4.279,4.675,11.32,3.341,,,,,,,,,,,,,7.255
2218,4.279,4.675,11.32,3.341,,,,,,,,,,,,,6.562
2219,4.279,4.675,11.32,3.341,,,,,,,,,,,,,7.402
2220,4.279,4.675,11.32,3.341,,,,,,,,,,,,,6.674
2221,4.279,4.675,11.32,3.341,,,,,,,,,,,,,8.983
2222,4.279,4.675,11.32,3.341,,,,,,,,,,,,,6.387
2223,4.279,4.675,11.32,3.341,,,,,,,,,,,,,6.225
2224,4.279,4.675,11.32,3.341,,,,,,,,,,,,,7.184
2225,4.279,4.675,11.32,3.341,,,,,,,,,,,,,7.067
2226,4.279,4.675,11.32,3.341,,,,,,,,,,,,,8.019
2227,4.279,4.675,11.32,3.341,,,,,,,,,,,,,6.391
2228,4.279,4.675,11.32,3.341,,,,,,,,,,,,,6.847
2229,4.279,4.675,11.32,3.341,,,,,,,,,,,,,7.532
2230,4.279,4.675,11.32,3.341,,,,,,,,,,,,,7.379
2231,4.279,4.675,11.32,3.341,,,,,,,,,,,,,6.911
2232,4.279,4.675,11.32,3.341,,,,,,,,,,,,,7.183
2233,4.279,4.675,11.32,3.341,,,,,,,,,,,,,7.086
2234,4.279,4.675,11.32,3.341,,,,,,,,,,,,,7.248
2235,4.279,4.675,11.32,3.341,,,,,,,,,,,,,7.525
2236,4.279,4.675,11.32,3.341,,,,,,,,,,,,,7.356
2237,4.279,4.675,11.32,3.341,,,,,,,,,,,,,6.666
2238,4.279,4.675,11.32,3.341,,,,,,,,,,,,,23.038
2239,4.279,4.675,11.32,3.341,,,,,,,,,,,,,31.714
2240,4.279,4.675,11.32,3.341,,,,,,,,,,,,,1.357
2241,4.279,4.675,11.32,3.341,,,,,,,,,,,,,0.811
2242,4.279,4.675,11.32,3.341,,,,,,,,,,,,,0.664
2243,4.279,4.675,11.32,3.341,,,,,,,,,,,,,1.468
2244,4.279,4.675,11.32,3.341,,,,,,,,,,,,,1.153
2245,4.279,4.675,11.32,3.341,,,,,,,,,,,,,0.965
2246,4.279,4.675,11.32,3.341,,,,,,,,,,,,,0.774
2247,4.279,4.675,11.32,3.341,,,,,,,,,,,,,1.84
2251,4.279,4.675,11.32,3.341,,,,,,,,,,,,,7.554
2252,4.279,4.675,11.32,3.341,,,,,,,,,,,,,6.872
2253,4.279,4.675,11.32,3.341,,,,,,,,,,,,,6.956
2254,4.279,4.675,11.32,3.341,,,,,,,,,,,,,8.293
2267,4.279,4.675,11.32,3.341,,,,,,,,,,,,,7.693
2268,4.279,4.675,11.32,3.341,,,,,,,,,,,,,7.146
2269,4.279,4.675,11.32,3.341,,,,,,,,,,,,,10.954
2270,4.279,4.675,11.32,3.341,,,,,,,,,,,,,6.648
2271,4.279,4.675,11.32,3.341,,,,,,,,,,,,,7.44
2272,4.279,4.675,11.32,3.341,,,,,,,,,,,,,8.058
2273,4.279,4.675,11.32,3.341,,,,,,,,,,,,,7.786
2278,4.279,4.675,11.32,3.341,,,,,,,,,,,,,7.324
2279,4.279,4.675,11.32,3.341,,,,,,,,,,,,,7.587
2280,4.279,4.675,11.32,3.341,,,,,,,,,,,,,6.97
2281,4.279,4.675,11.32,3.341,,,,,,,,,,,,,7.55
2282,4.279,4.675,11.32,3.341,,,,,,,,,,,,,6.784
2283,4.279,4.675,11.32,3.341,,,,,,,,,,,,,7.157
2284,4.279,4.675,11.32,3.341,,,,,,,,,,,,,9.608
2289,4.279,4.675,11.32,3.341,,,,,,,,,,,,,2.84
2290,4.279,4.675,11.32,3.341,,,,,,,,,,,,,1.564
2291,4.279,4.675,11.32,3.341,,,,,,,,,,,,,3.743
2292,4.279,4.675,11.32,3.341,,,,,,,,,,,,,7.166
2293,4.279,4.675,11.32,3.341,,,,,,,,,,,,,10.417
2294,4.279,4.675,11.32,3.341,,,,,,,,,,,,,27.377
2295,4.279,4.675,11.32,3.341,,,,,,,,,,,,,35.673
2296,4.279,4.675,11.32,3.341,,,,,,,,,,,,,1.245
2297,4.279,4.675,11.32,3.341,,,,,,,,,,,,,0.812
2298,4.279,4.675,11.32,3.341,,,,,,,,,,,,,0.688
2299,4.279,4.675,11.32,3.341,,,,,,,,,,,,,4.868
2300,4.279,4.675,11.32,3.341,,,,,,,,,,,,,1.371
2301,4.279,4.675,11.32,3.341,,,,,,,,,,,,,0.866
2302,4.279,4.675,11.32,3.341,,,,,,,,,,,,,0.799
2303,4.279,4.675,11.32,3.341,,,,,,,,,,,,,0.891
2304,4.279,4.675,11.32,3.341,,,,,,,,,,,,,1.364
2305,4.279,4.675,11.32,3.341,,,,,,,,,,,,,8.128
2306,4.279,4.675,11.32,3.341,,,,,,,,,,,,,1.373
2307,4.279,4.675,11.32,3.341,,,,,,,,,,,,,9.88
2308,4.279,4.675,11.32,3.341,,,,,,,,,,,,,13.223
2309,4.279,4.675,11.32,3.341,,,,,,,,,,,,,1.25
2310,4.279,4.675,11.32,3.341,,,,,,,,,,,,,3.237
2311,4.279,4.675,11.32,3.341,,,,,,,,,,,,,1.447
2312,4.279,4.675,11.32,3.341,,,,,,,,,,,,,4.896
2313,4.279,4.675,11.32,3.341,,,,,,,,,,,,,6.882
2314,4.279,4.675,11.32,3.341,,,,,,,,,,,,,7.431
2315,4.279,4.675,11.32,3.341,,,,,,,,,,,,,7.045
2316,4.279,4.675,11.32,3.341,,,,,,,,,,,,,6.777
2321,4.279,4.675,11.32,3.341,,,,,,,,,,,,,6.347
2322,4.279,4.675,11.32,3.341,,,,,,,,,,,,,4.279
2323,4.279,4.675,11.32,3.341,,,,,,,,,,,,,6.995
2324,4.279,4.675,11.32,3.341,,,,,,,,,,,,,9.081
2325,4.279,4.675,11.32,3.341,,,,,,,,,,,,,4.849
2326,4.279,4.675,11.32,3.341,,,,,,,,,,,,,12.231
2327,4.279,4.675,11.32,3.341,,,,,,,,,,,,,5.552
2328,4.279,4.675,11.32,3.341,,,,,,,,,,,,,5.254
2329,4.279,4.675,11.32,3.341,,,,,,,,,,,,,9.706
2330,4.279,4.675,11.32,3.341,,,,,,,,,,,,,12.871
2331,4.279,4.675,11.32,3.341,,,,,,,,,,,,,6.817
2332,4.279,4.675,11.32,3.341,,,,,,,,,,,,,1.468
2333,4.279,4.675,11.32,3.341,,,,,,,,,,,,,3.048
2334,4.279,4.675,11.32,3.341,,,,,,,,,,,,,9.708
2335,4.279,4.675,11.32,3.341,,,,,,,,,,,,,5.312
2336,4.279,4.675,11.32,3.341,,,,,,,,,,,,,5.622
2337,4.279,4.675,11.32,3.341,,,,,,,,,,,,,7.481
2338,4.279,4.675,11.32,3.341,,,,,,,,,,,,,5.691
2339,4.279,4.675,11.32,3.341,,,,,,,,,,,,,7.273
2340,4.279,4.675,11.32,3.341,,,,,,,,,,,,,7.279
2341,4.279,4.675,11.32,3.341,,,,,,,,,,,,,7.251
2342,4.279,4.675,11.32,3.341,,,,,,,,,,,,,7.302
2343,4.279,4.675,11.32,3.341,,,,,,,,,,,,,32.58
2344,4.279,4.675,11.32,3.341,,,,,,,,,,,,,4.459
2345,4.279,4.675,11.32,3.341,,,,,,,,,,,,,1.221
2346,4.279,4.675,11.32,3.341,,,,,,,,,,,,,1.114
2347,4.279,4.675,11.32,3.341,,,,,,,,,,,,,0.854
2348,4.279,4.675,11.32,3.341,,,,,,,,,,,,,1.214
2353,4.279,4.675,11.32,3.341,,,,,,,,,,,,,6.641
2354,4.279,4.675,11.32,3.341,,,,,,,,,,,,,6.733
2355,4.279,4.675,11.32,3.341,,,,,,,,,,,,,7.597
2356,4.279,4.675,11.32,3.341,,,,,,,,,,,,,6.669
2357,4.279,4.675,11.32,3.341,,,,,,,,,,,,,7.482
2358,4.279,4.675,11.32,3.341,,,,,,,,,,,,,7.106
2359,4.279,4.675,11.32,3.341,,,,,,,,,,,,,7.188
2360,4.279,4.675,11.32,3.341,,,,,,,,,,,,,8.243
2361,4.279,4.675,11.32,3.341,,,,,,,,,,,,,5.876
2362,4.279,4.675,11.32,3.341,,,,,,,,,,,,,7.177
2363,4.279,4.675,11.32,3.341,,,,,,,,,,,,,7.08
2364,4.279,4.675,11.32,3.341,,,,,,,,,,,,,7.244
2365,4.279,4.675,11.32,3.341,,,,,,,,,,,,,9.967
2366,4.279,4.675,11.32,3.341,,,,,,,,,,,,,4.309
2367,4.279,4.675,11.32,3.341,,,,,,,,,,,,,8.349
2368,4.279,4.675,11.32,3.341,,,,,,,,,,,,,6.262
2369,4.279,4.675,11.32,3.341,,,,,,,,,,,,,7.289
2370,4.279,4.675,11.32,3.341,,,,,,,,,,,,,6.737
2371,4.279,4.675,11.32,3.341,,,,,,,,,,,,,7.541
2372,4.279,4.675,11.32,3.341,,,,,,,,,,,,,6.827
2373,4.279,4.675,11.32,3.341,,,,,,,,,,,,,7.423
2374,4.279,4.675,11.32,3.341,,,,,,,,,,,,,6.979
2375,4.279,4.675,11.32,3.341,,,,,,,,,,,,,7.17
2376,4.279,4.675,11.32,3.341,,,,,,,,,,,,,7.421
2377,4.279,4.675,11.32,3.341,,,,,,,,,,,,,7.09
2378,4.279,4.675,11.32,3.341,,,,,,,,,,,,,6.908
2379,4.279,4.675,11.32,3.341,,,,,,,,,,,,,8.467
2380,4.279,4.675,11.32,3.341,,,,,,,,,,,,,5.654
2381,4.279,4.675,11.32,3.341,,,,,,,,,,,,,7.239
2382,4.279,4.675,11.32,3.341,,,,,,,,,,,,,7.229
2383,4.279,4.675,11.32,3.341,,,,,,,,,,,,,7.119
2384,4.279,4.675,11.32,3.341,,,,,,,,,,,,,7.38
2385,4.279,4.675,11.32,3.341,,,,,,,,,,,,,7.43
2386,4.279,4.675,11.32,3.341,,,,,,,,,,,,,6.443
2387,4.279,4.675,11.32,3.341,,,,,,,,,,,,,7.847
2388,4.279,4.675,11.32,3.341,,,,,,,,,,,,,6.469
2389,4.279,4.675,11.32,3.341,,,,,,,,,,,,,7.088
2390,4.279,4.675,11.32,3.341,,,,,,,,,,,,,8.261
2391,4.279,4.675,11.32,3.341,,,,,,,,,,,,,6.734
2392,4.279,4.675,11.32,3.341,,,,,,,,,,,,,6.347
2393,4.279,4.675,11.32,3.341,,,,,,,,,,,,,10.679
2398,4.279,4.675,11.32,3.341,,,,,,,,,,,,,4.594
2399,4.279,4.675,11.32,3.341,,,,,,,,,,,,,7.952
2400,4.279,4.675,11.32,3.341,,,,,,,,,,,,,5.389
2401,4.279,4.675,11.32,3.341,,,,,,,,,,,,,7.176
2402,4.279,4.675,11.32,3.341,,,,,,,,,,,,,7.139
2403,4.279,4.675,11.32,3.341,,,,,,,,,,,,,7.428
2404,4.279,4.675,11.32,3.341,,,,,,,,,,,,,6.804
2405,4.279,4.675,11.32,3.341,,,,,,,,,,,,,7.198
2409,4.279,4.675,11.32,3.341,,,,,,,,,,,,,7.156
2410,4.279,4.675,11.32,3.341,,,,,,,,,,,,,8.277
2411,4.279,4.675,11.32,3.341,,,,,,,,,,,,,6.542
2412,4.279,4.675,11.32,3.341,,,,,,,,,,,,,6.747
2417,4.279,4.675,11.32,3.341,,,,,,,,,,,,,7.586
2418,4.279,4.675,11.32,3.341,,,,,,,,,,,,,7.743
2419,4.279,4.675,11.32,3.341,,,,,,,,,,,,,5.56
2420,4.279,4.675,11.32,3.341,,,,,,,,,,,,,7.921
2421,4.279,4.675,11.32,3.341,,,,,,,,,,,,,6.369
2422,4.279,4.675,11.32,3.341,,,,,,,,,,,,,22.147
2423,4.279,4.675,11.32,3.341,,,,,,,,,,,,,19.437
2424,4.279,4.675,11.32,3.341,,,,,,,,,,,,,1.295
2429,4.279,4.675,11.32,3.341,,,,,,,,,,,,,5.905
2430,4.279,4.675,11.32,3.341,,,,,,,,,,,,,6.664
2431,4.279,4.675,11.32,3.341,,,,,,,,,,,,,7.449
2432,4.279,4.675,11.32,3.341,,,,,,,,,,,,,7.23
2433,4.279,4.675,11.32,3.341,,,,,,,,,,,,,7.039
2434,4.279,4.675,11.32,3.341,,,,,,,,,,,,,8.121
2435,4.279,4.675,11.32,3.341,,,,,,,,,,,,,5.62
2436,4.279,4.675,11.32,3.341,,,,,,,,,,,,,7.162
2440,4.279,4.675,11.32,3.341,,,,,,,,,,,,,7.216
2441,4.279,4.675,11.32,3.341,,,,,,,,,,,,,7.459
2442,4.279,4.675,11.32,3.341,,,,,,,,,,,,,6.923
2443,4.279,4.675,11.32,3.341,,,,,,,,,,,,,8.701
2444,4.279,4.675,11.32,3.341,,,,,,,,,,,,,5.514
2445,4.279,4.675,11.32,3.341,,,,,,,,,,,,,7.57
2446,4.279,4.675,11.32,3.341,,,,,,,,,,,,,6.595
2447,4.279,4.675,11.32,3.341,,,,,,,,,,,,,10.536
2448,4.279,4.675,11.32,3.341,,,,,,,,,,,,,4.254
2449,4.279,4.675,11.32,3.341,,,,,,,,,,,,,6.292
2450,4.279,4.675,11.32,3.341,,,,,,,,,,,,,8.899
2451,4.279,4.675,11.32,3.341,,,,,,,,,,,,,5.554
2452,4.279,4.675,11.32,3.341,,,,,,,,,,,,,6.831
2453,4.279,4.675,11.32,3.341,,,,,,,,,,,,,7.075
2454,4.279,4.675,11.32,3.341,,,,,,,,,,,,,7.682
2455,4.279,4.675,11.32,3.341,,,,,,,,,,,,,8.302
2456,4.279,4.675,11.32,3.341,,,,,,,,,,,,,6.275
2457,4.279,4.675,11.32,3.341,,,,,,,,,,,,,7.091
2458,4.279,4.675,11.32,3.341,,,,,,,,,,,,,7.528
2459,4.279,4.675,11.32,3.341,,,,,,,,,,,,,7.132
2460,4.279,4.675,11.32,3.341,,,,,,,,,,,,,7.166
2461,4.279,4.675,11.32,3.341,,,,,,,,,,,,,7.155
2462,4.279,4.675,11.32,3.341,,,,,,,,,,,,,7.439
2463,4.279,4.675,11.32,3.341,,,,,,,,,,,,,8.469
2464,4.279,4.675,11.32,3.341,,,,,,,,,,,,,5.56
2465,4.279,4.675,11.32,3.341,,,,,,,,,,,,,7.219
2466,4.279,4.675,11.32,3.341,,,,,,,,,,,,,7.187
2467,4.279,4.675,11.32,3.341,,,,,,,,,,,,,10.257
2468,4.279,4.675,11.32,3.341,,,,,,,,,,,,,4.626
2469,4.279,4.675,11.32,3.341,,,,,,,,,,,,,5.787
2470,4.279,4.675,11.32,3.341,,,,,,,,,,,,,7.481
2471,4.279,4.675,11.32,3.341,,,,,,,,,,,,,7.547
2472,4.279,4.675,11.32,3.341,,,,,,,,,,,,,7.049
2473,4.279,4.675,11.32,3.341,,,,,,,,,,,,,6.934
2474,4.279,4.675,11.32,3.341,,,,,,,,,,,,,7.063
2475,4.279,4.675,11.32,3.341,,,,,,,,,,,,,7.509
2476,4.279,4.675,11.32,3.341,,,,,,,,,,,,,8.192
2477,4.279,4.675,11.32,3.341,,,,,,,,,,,,,6.399
2478,4.279,4.675,11.32,3.341,,,,,,,,,,,,,7.433
2479,4.279,4.675,11.32,3.341,,,,,,,,,,,,,7.106
2480,4.279,4.675,11.32,3.341,,,,,,,,,,,,,8.271
2481,4.279,4.675,11.32,3.341,,,,,,,,,,,,,10.516
2482,4.279,4.675,11.32,3.341,,,,,,,,,,,,,4.359
2483,4.279,4.675,11.32,3.341,,,,,,,,,,,,,6.853
2484,4.279,4.675,11.32,3.341,,,,,,,,,,,,,18.324
2485,4.279,4.675,11.32,3.341,,,,,,,,,,,,,6.229
2486,4.279,4.675,11.32,3.341,,,,,,,,,,,,,1.563
2487,4.279,4.675,11.32,3.341,,,,,,,,,,,,,0.942
2488,4.279,4.675,11.32,3.341,,,,,,,,,,,,,3.356
2489,4.279,4.675,11.32,3.341,,,,,,,,,,,,,7.774
2490,4.279,4.675,11.32,3.341,,,,,,,,,,,,,8.979
2491,4.279,4.675,11.32,3.341,,,,,,,,,,,,,12.389
2492,4.279,4.675,11.32,3.341,,,,,,,,,,,,,6.047
2493,4.279,4.675,11.32,3.341,,,,,,,,,,,,,5.214
2494,4.279,4.675,11.32,3.341,,,,,,,,,,,,,4.401
2495,4.279,4.675,11.32,3.341,,,,,,,,,,,,,4.36
2496,4.279,4.675,11.32,3.341,,,,,,,,,,,,,7.405
2497,4.279,4.675,11.32,3.341,,,,,,,,,,,,,7.905
2501,4.279,4.675,11.32,3.341,,,,,,,,,,,,,7.051
2502,4.279,4.675,11.32,3.341,,,,,,,,,,,,,6.69
2503,4.279,4.675,11.32,3.341,,,,,,,,,,,,,9.325
2504,4.279,4.675,11.32,3.341,,,,,,,,,,,,,5.443
2505,4.279,4.675,11.32,3.341,,,,,,,,,,,,,6.973
2506,4.279,4.675,11.32,3.341,,,,,,,,,,,,,8.59
2507,4.279,4.675,11.32,3.341,,,,,,,,,,,,,5.866
2508,4.279,4.675,11.32,3.341,,,,,,,,,,,,,6.825
2509,4.279,4.675,11.32,3.341,,,,,,,,,,,,,7.493
2510,4.279,4.675,11.32,3.341,,,,,,,,,,,,,6.674
2511,4.279,4.675,11.32,3.341,,,,,,,,,,,,,8.353
2512,4.279,4.675,11.32,3.341,,,,,,,,,,,,,5.679
2513,4.279,4.675,11.32,3.341,,,,,,,,,,,,,7.112
2514,4.279,4.675,11.32,3.341,,,,,,,,,,,,,8.024
2515,4.279,4.675,11.32,3.341,,,,,,,,,,,,,6.466
2516,4.279,4.675,11.32,3.341,,,,,,,,,,,,,6.851
2517,4.279,4.675,11.32,3.341,,,,,,,,,,,,,7.067
2518,4.279,4.675,11.32,3.341,,,,,,,,,,,,,7.34
2519,4.279,4.675,11.32,3.341,,,,,,,,,,,,,37.808
2520,4.279,4.675,11.32,3.341,,,,,,,,,,,,,5.025
2521,4.279,4.675,11.32,3.341,,,,,,,,,,,,,1.254
2522,4.279,4.675,11.32,3.341,,,,,,,,,,,,,1.114
2523,4.279,4.675,11.32,3.341,,,,,,,,,,,,,0.846
2524,4.279,4.675,11.32,3.341,,,,,,,,,,,,,0.786
2529,4.279,4.675,11.32,3.341,,,,,,,,,,,,,7.148
2530,4.279,4.675,11.32,3.341,,,,,,,,,,,,,7.002
2531,4.279,4.675,11.32,3.341,,,,,,,,,,,,,7.089
2532,4.279,4.675,11.32,3.341,,,,,,,,,,,,,7.552
2533,4.279,4.675,11.32,3.341,,,,,,,,,,,,,6.659
2534,4.279,4.675,11.32,3.341,,,,,,,,,,,,,7.133
2535,4.279,4.675,11.32,3.341,,,,,,,,,,,,,7.175
2536,4.279,4.675,11.32,3.341,,,,,,,,,,,,,7.236
2537,4.279,4.675,11.32,3.341,,,,,,,,,,,,,7.97
2538,4.279,4.675,11.32,3.341,,,,,,,,,,,,,6.516
2539,4.279,4.675,11.32,3.341,,,,,,,,,,,,,6.946
2544,4.279,4.675,11.32,3.341,,,,,,,,,,,,,8.01
2545,4.279,4.675,11.32,3.341,,,,,,,,,,,,,6.463
2546,4.279,4.675,11.32,3.341,,,,,,,,,,,,,8.42
2547,4.279,4.675,11.32,3.341,,,,,,,,,,,,,5.72
2548,4.279,4.675,11.32,3.341,,,,,,,,,,,,,7.138
2549,4.279,4.675,11.32,3.341,,,,,,,,,,,,,7.133
2550,4.279,4.675,11.32,3.341,,,,,,,,,,,,,7.253
2551,4.279,4.675,11.32,3.341,,,,,,,,,,,,,7.066
2552,4.279,4.675,11.32,3.341,,,,,,,,,,,,,7.611
2553,4.279,4.675,11.32,3.341,,,,,,,,,,,,,8.296
2554,4.279,4.675,11.32,3.341,,,,,,,,,,,,,10.371
2555,4.279,4.675,11.32,3.341,,,,,,,,,,,,,9.623
2556,4.279,4.675,11.32,3.341,,,,,,,,,,,,,4.699
2557,4.279,4.675,11.32,3.341,,,,,,,,,,,,,10.087
2558,4.279,4.675,11.32,3.341,,,,,,,,,,,,,4.918
2559,4.279,4.675,11.32,3.341,,,,,,,,,,,,,6.513
2560,4.279,4.675,11.32,3.341,,,,,,,,,,,,,7.051
2561,4.279,4.675,11.32,3.341,,,,,,,,,,,,,7.412
2562,4.279,4.675,11.32,3.341,,,,,,,,,,,,,6.847
2563,4.279,4.675,11.32,3.341,,,,,,,,,,,,,6.943
2564,4.279,4.675,11.32,3.341,,,,,,,,,,,,,7.229
2565,4.279,4.675,11.32,3.341,,,,,,,,,,,,,6.822
2570,4.279,4.675,11.32,3.341,,,,,,,,,,,,,5.095
2571,4.279,4.675,11.32,3.341,,,,,,,,,,,,,7.227
2572,4.279,4.675,11.32,3.341,,,,,,,,,,,,,7.216
2573,4.279,4.675,11.32,3.341,,,,,,,,,,,,,8.409
2574,4.279,4.675,11.32,3.341,,,,,,,,,,,,,8.494
2575,4.279,4.675,11.32,3.341,,,,,,,,,,,,,4.242
2576,4.279,4.675,11.32,3.341,,,,,,,,,,,,,7.422
2577,4.279,4.675,11.32,3.341,,,,,,,,,,,,,7.338
2578,4.279,4.675,11.32,3.341,,,,,,,,,,,,,7.905
2579,4.279,4.675,11.32,3.341,,,,,,,,,,,,,9.047
2580,4.279,4.675,11.32,3.341,,,,,,,,,,,,,5.463
2581,4.279,4.675,11.32,3.341,,,,,,,,,,,,,8.198
2582,4.279,4.675,11.32,3.341,,,,,,,,,,,,,4.913
2583,4.279,4.675,11.32,3.341,,,,,,,,,,,,,7.889
2584,4.279,4.675,11.32,3.341,,,,,,,,,,,,,7.516
2585,4.279,4.675,11.32,3.341,,,,,,,,,,,,,5.585
2586,4.279,4.675,11.32,3.341,,,,,,,,,,,,,7.79
2587,4.279,4.675,11.32,3.341,,,,,,,,,,,,,6.607
2588,4.279,4.675,11.32,3.341,,,,,,,,,,,,,7.987
2589,4.279,4.675,11.32,3.341,,,,,,,,,,,,,8.242
2590,4.279,4.675,11.32,3.341,,,,,,,,,,,,,5.195
2591,4.279,4.675,11.32,3.341,,,,,,,,,,,,,7.161
2592,4.279,4.675,11.32,3.341,,,,,,,,,,,,,7.868
2593,4.279,4.675,11.32,3.341,,,,,,,,,,,,,6.735
2594,4.279,4.675,11.32,3.341,,,,,,,,,,,,,6.641
2595,4.279,4.675,11.32,3.341,,,,,,,,,,,,,7.294
2596,4.279,4.675,11.32,3.341,,,,,,,,,,,,,34.952
2597,4.279,4.675,11.32,3.341,,,,,,,,,,,,,1.331
2598,4.279,4.675,11.32,3.341,,,,,,,,,,,,,0.872
2599,4.279,4.675,11.32,3.341,,,,,,,,,,,,,1.072
2600,4.279,4.675,11.32,3.341,,,,,,,,,,,,,0.829
2605,4.279,4.675,11.32,3.341,,,,,,,,,,,,,7.206
2606,4.279,4.675,11.32,3.341,,,,,,,,,,,,,7.285
2607,4.279,4.675,11.32,3.341,,,,,,,,,,,,,7.066
2608,4.279,4.675,11.32,3.341,,,,,,,,,,,,,8.206
2609,4.279,4.675,11.32,3.341,,,,,,,,,,,,,6.537
2610,4.279,4.675,11.32,3.341,,,,,,,,,,,,,7.208
2611,4.279,4.675,11.32,3.341,,,,,,,,,,,,,6.751
2612,4.279,4.675,11.32,3.341,,,,,,,,,,,,,6.986
2613,4.279,4.675,11.32,3.341,,,,,,,,,,,,,7.052
2614,4.279,4.675,11.32,3.341,,,,,,,,,,,,,8.625
2615,4.279,4.675,11.32,3.341,,,,,,,,,,,,,6.903
2620,4.279,4.675,11.32,3.341,,,,,,,,,,,,,7.203
2621,4.279,4.675,11.32,3.341,,,,,,,,,,,,,7.331
2622,4.279,4.675,11.32,3.341,,,,,,,,,,,,,7.265
2623,4.279,4.675,11.32,3.341,,,,,,,,,,,,,6.805
2624,4.279,4.675,11.32,3.341,,,,,,,,,,,,,8.084
2625,4.279,4.675,11.32,3.341,,,,,,,,,,,,,7.243
2626,4.279,4.675,11.32,3.341,,,,,,,,,,,,,6.279
2631,4.279,4.675,11.32,3.341,,,,,,,,,,,,,4.467
2632,4.279,4.675,11.32,3.341,,,,,,,,,,,,,1.645
2633,4.279,4.675,11.32,3.341,,,,,,,,,,,,,4.987
2634,4.279,4.675,11.32,3.341,,,,,,,,,,,,,7.178
2635,4.279,4.675,11.32,3.341,,,,,,,,,,,,,7.689
2636,4.279,4.675,11.32,3.341,,,,,,,,,,,,,6.986
2637,4.279,4.675,11.32,3.341,,,,,,,,,,,,,9.775
2638,4.279,4.675,11.32,3.341,,,,,,,,,,,,,7.184
2639,4.279,4.675,11.32,3.341,,,,,,,,,,,,,4.71
2640,4.279,4.675,11.32,3.341,,,,,,,,,,,,,6.631
2641,4.279,4.675,11.32,3.341,,,,,,,,,,,,,8.534
2642,4.279,4.675,11.32,3.341,,,,,,,,,,,,,10.301
2643,4.279,4.675,11.32,3.341,,,,,,,,,,,,,4.913
2644,4.279,4.675,11.32,3.341,,,,,,,,,,,,,5.506
2645,4.279,4.675,11.32,3.341,,,,,,,,,,,,,6.61
2646,4.279,4.675,11.32,3.341,,,,,,,,,,,,,6.956
2647,4.279,4.675,11.32,3.341,,,,,,,,,,,,,6.884
2648,4.279,4.675,11.32,3.341,,,,,,,,,,,,,10.761
2649,4.279,4.675,11.32,3.341,,,,,,,,,,,,,4.511
2650,4.279,4.675,11.32,3.341,,,,,,,,,,,,,5.592
2651,4.279,4.675,11.32,3.341,,,,,,,,,,,,,7.272
2652,4.279,4.675,11.32,3.341,,,,,,,,,,,,,6.889
2653,4.279,4.675,11.32,3.341,,,,,,,,,,,,,7.414
2654,4.279,4.675,11.32,3.341,,,,,,,,,,,,,6.857
2655,4.279,4.675,11.32,3.341,,,,,,,,,,,,,7.608
2656,4.279,4.675,11.32,3.341,,,,,,,,,,,,,8.13
2657,4.279,4.675,11.32,3.341,,,,,,,,,,,,,6.287
2658,4.279,4.675,11.32,3.341,,,,,,,,,,,,,20.059
2659,4.279,4.675,11.32,3.341,,,,,,,,,,,,,1.53
2660,4.279,4.675,11.32,3.341,,,,,,,,,,,,,0.834
2661,4.279,4.675,11.32,3.341,,,,,,,,,,,,,2.991
2666,4.279,4.675,11.32,3.341,,,,,,,,,,,,,6.278
2667,4.279,4.675,11.32,3.341,,,,,,,,,,,,,7.264
2668,4.279,4.675,11.32,3.341,,,,,,,,,,,,,7.121
2669,4.279,4.675,11.32,3.341,,,,,,,,,,,,,8.837
2670,4.279,4.675,11.32,3.341,,,,,,,,,,,,,5.364
2671,4.279,4.675,11.32,3.341,,,,,,,,,,,,,7.209
2672,4.279,4.675,11.32,3.341,,,,,,,,,,,,,7.723
2673,4.279,4.675,11.32,3.341,,,,,,,,,,,,,19.775
2674,4.279,4.675,11.32,3.341,,,,,,,,,,,,,5.044
2675,4.279,4.675,11.32,3.341,,,,,,,,,,,,,1.163
2676,4.279,4.675,11.32,3.341,,,,,,,,,,,,,29.866
2677,4.279,4.675,11.32,3.341,,,,,,,,,,,,,1.374
2678,4.279,4.675,11.32,3.341,,,,,,,,,,,,,0.781
2679,4.279,4.675,11.32,3.341,,,,,,,,,,,,,0.689
2680,4.279,4.675,11.32,3.341,,,,,,,,,,,,,0.647
2681,4.279,4.675,11.32,3.341,,,,,,,,,,,,,0.64
2686,4.279,4.675,11.32,3.341,,,,,,,,,,,,,8.275
2687,4.279,4.675,11.32,3.341,,,,,,,,,,,,,8.16
2688,4.279,4.675,11.32,3.341,,,,,,,,,,,,,8.995
2689,4.279,4.675,11.32,3.341,,,,,,,,,,,,,4.302
2690,4.279,4.675,11.32,3.341,,,,,,,,,,,,,5.691
2691,4.279,4.675,11.32,3.341,,,,,,,,,,,,,7.791
2692,4.279,4.675,11.32,3.341,,,,,,,,,,,,,6.766
2693,4.279,4.675,11.32,3.341,,,,,,,,,,,,,6.935
2694,4.279,4.675,11.32,3.341,,,,,,,,,,,,,8.164
2695,4.279,4.675,11.32,3.341,,,,,,,,,,,,,6.192
2696,4.279,4.675,11.32,3.341,,,,,,,,,,,,,7.042
2697,4.279,4.675,11.32,3.341,,,,,,,,,,,,,7.517
2698,4.279,4.675,11.32,3.341,,,,,,,,,,,,,7.949
2699,4.279,4.675,11.32,3.341,,,,,,,,,,,,,6.361
2700,4.279,4.675,11.32,3.341,,,,,,,,,,,,,7.089
2701,4.279,4.675,11.32,3.341,,,,,,,,,,,,,8.283
2702,4.279,4.675,11.32,3.341,,,,,,,,,,,,,6.147
2703,4.279,4.675,11.32,3.341,,,,,,,,,,,,,9.784
2704,4.279,4.675,11.32,3.341,,,,,,,,,,,,,4.738
2705,4.279,4.675,11.32,3.341,,,,,,,,,,,,,6.705
2706,4.279,4.675,11.32,3.341,,,,,,,,,,,,,8.05
2707,4.279,4.675,11.32,3.341,,,,,,,,,,,,,6.25
2708,4.279,4.675,11.32,3.341,,,,,,,,,,,,,7.691
2709,4.279,4.675,11.32,3.341,,,,,,,,,,,,,6.927
2710,4.279,4.675,11.32,3.341,,,,,,,,,,,,,8.497
2711,4.279,4.675,11.32,3.341,,,,,,,,,,,,,6.018
2712,4.279,4.675,11.32,3.341,,,,,,,,,,,,,7.033
2713,4.279,4.675,11.32,3.341,,,,,,,,,,,,,6.856
2714,4.279,4.675,11.32,3.341,,,,,,,,,,,,,7.226
2715,4.279,4.675,11.32,3.341,,,,,,,,,,,,,8.002
2720,4.279,4.675,11.32,3.341,,,,,,,,,,,,,6.564
2721,4.279,4.675,11.32,3.341,,,,,,,,,,,,,7.181
2722,4.279,4.675,11.32,3.341,,,,,,,,,,,,,7.383
2723,4.279,4.675,11.32,3.341,,,,,,,,,,,,,7.602
2724,4.279,4.675,11.32,3.341,,,,,,,,,,,,,10.187
2725,4.279,4.675,11.32,3.341,,,,,,,,,,,,,4.747
2726,4.279,4.675,11.32,3.341,,,,,,,,,,,,,5.692
2727,4.279,4.675,11.32,3.341,,,,,,,,,,,,,7.629
2728,4.279,4.675,11.32,3.341,,,,,,,,,,,,,8.004
2729,4.279,4.675,11.32,3.341,,,,,,,,,,,,,5.605
2730,4.279,4.675,11.32,3.341,,,,,,,,,,,,,10.893
2731,4.279,4.675,11.32,3.341,,,,,,,,,,,,,3.672
2732,4.279,4.675,11.32,3.341,,,,,,,,,,,,,8.825
2733,4.279,4.675,11.32,3.341,,,,,,,,,,,,,6.206
2734,4.279,4.675,11.32,3.341,,,,,,,,,,,,,7.169
2735,4.279,4.675,11.32,3.341,,,,,,,,,,,,,12.27
2736,4.279,4.675,11.32,3.341,,,,,,,,,,,,,3.254
2737,4.279,4.675,11.32,3.341,,,,,,,,,,,,,5.111
2738,4.279,4.675,11.32,3.341,,,,,,,,,,,,,6.901
2739,4.279,4.675,11.32,3.341,,,,,,,,,,,,,7.164
2740,4.279,4.675,11.32,3.341,,,,,,,,,,,,,7.391
2741,4.279,4.675,11.32,3.341,,,,,,,,,,,,,6.89
2742,4.279,4.675,11.32,3.341,,,,,,,,,,,,,7.21
2743,4.279,4.675,11.32,3.341,,,,,,,,,,,,,7.24
2744,4.279,4.675,11.32,3.341,,,,,,,,,,,,,7.383
2745,4.279,4.675,11.32,3.341,,,,,,,,,,,,,7.077
2746,4.279,4.675,11.32,3.341,,,,,,,,,,,,,9.313
2747,4.279,4.675,11.32,3.341,,,,,,,,,,,,,4.738
2748,4.279,4.675,11.32,3.341,,,,,,,,,,,,,7.069
2749,4.279,4.675,11.32,3.341,,,,,,,,,,,,,7.386
2750,4.279,4.675,11.32,3.341,,,,,,,,,,,,,7.049
2751,4.279,4.675,11.32,3.341,,,,,,,,,,,,,6.734
2752,4.279,4.675,11.32,3.341,,,,,,,,,,,,,7.439
2753,4.279,4.675,11.32,3.341,,,,,,,,,,,,,7.647
2754,4.279,4.675,11.32,3.341,,,,,,,,,,,,,11.746
2755,4.279,4.675,11.32,3.341,,,,,,,,,,,,,4.407
2756,4.279,4.675,11.32,3.341,,,,,,,,,,,,,4.84
2757,4.279,4.675,11.32,3.341,,,,,,,,,,,,,6.87
2758,4.279,4.675,11.32,3.341,,,,,,,,,,,,,6.791
2759,4.279,4.675,11.32,3.341,,,,,,,,,,,,,7.14
2760,4.279,4.675,11.32,3.341,,,,,,,,,,,,,12.48
2761,4.279,4.675,11.32,3.341,,,,,,,,,,,,,4.519
2762,4.279,4.675,11.32,3.341,,,,,,,,,,,,,4.598
2763,4.279,4.675,11.32,3.341,,,,,,,,,,,,,34.736
2764,4.279,4.675,11.32,3.341,,,,,,,,,,,,,7.44
2765,4.279,4.675,11.32,3.341,,,,,,,,,,,,,2.381
2766,4.279,4.675,11.32,3.341,,,,,,,,,,,,,1.481
2767,4.279,4.675,11.32,3.341,,,,,,,,,,,,,0.847
2768,4.279,4.675,11.32,3.341,,,,,,,,,,,,,0.706
2769,4.279,4.675,11.32,3.341,,,,,,,,,,,,,0.719
2770,4.279,4.675,11.32,3.341,,,,,,,,,,,,,1.984
2771,4.279,4.675,11.32,3.341,,,,,,,,,,,,,9.009
2772,4.279,4.675,11.32,3.341,,,,,,,,,,,,,6.321
2773,4.279,4.675,11.32,3.341,,,,,,,,,,,,,7.005
2778,4.279,4.675,11.32,3.341,,,,,,,,,,,,,7.097
2779,4.279,4.675,11.32,3.341,,,,,,,,,,,,,7.267
2780,4.279,4.675,11.32,3.341,,,,,,,,,,,,,7.244
2781,4.279,4.675,11.32,3.341,,,,,,,,,,,,,7.254
2782,4.279,4.675,11.32,3.341,,,,,,,,,,,,,7.394
2783,4.279,4.675,11.32,3.341,,,,,,,,,,,,,6.924
2784,4.279,4.675,11.32,3.341,,,,,,,,,,,,,7.168
2785,4.279,4.675,11.32,3.341,,,,,,,,,,,,,8.217
2786,4.279,4.675,11.32,3.341,,,,,,,,,,,,,7.167
2787,4.279,4.675,11.32,3.341,,,,,,,,,,,,,6.659
2788,4.279,4.675,11.32,3.341,,,,,,,,,,,,,6.401
2793,4.279,4.675,11.32,3.341,,,,,,,,,,,,,7.59
2794,4.279,4.675,11.32,3.341,,,,,,,,,,,,,6.566
2795,4.279,4.675,11.32,3.341,,,,,,,,,,,,,7.334
2796,4.279,4.675,11.32,3.341,,,,,,,,,,,,,7.292
2800,4.279,4.675,11.32,3.341,,,,,,,,,,,,,7.028
2801,4.279,4.675,11.32,3.341,,,,,,,,,,,,,7.607
2802,4.279,4.675,11.32,3.341,,,,,,,,,,,,,7.376
2803,4.279,4.675,11.32,3.341,,,,,,,,,,,,,6.757
2804,4.279,4.675,11.32,3.341,,,,,,,,,,,,,7.851
2805,4.279,4.675,11.32,3.341,,,,,,,,,,,,,10.659
2806,4.279,4.675,11.32,3.341,,,,,,,,,,,,,4.287
2807,4.279,4.675,11.32,3.341,,,,,,,,,,,,,6.241
2808,4.279,4.675,11.32,3.341,,,,,,,,,,,,,8.418
2809,4.279,4.675,11.32,3.341,,,,,,,,,,,,,5.659
2810,4.279,4.675,11.32,3.341,,,,,,,,,,,,,8.755
2811,4.279,4.675,11.32,3.341,,,,,,,,,,,,,4.442
2812,4.279,4.675,11.32,3.341,,,,,,,,,,,,,8.516
2813,4.279,4.675,11.32,3.341,,,,,,,,,,,,,5.71
2814,4.279,4.675,11.32,3.341,,,,,,,,,,,,,9.075
2815,4.279,4.675,11.32,3.341,,,,,,,,,,,,,5.801
2816,4.279,4.675,11.32,3.341,,,,,,,,,,,,,6.875
2817,4.279,4.675,11.32,3.341,,,,,,,,,,,,,8.214
2818,4.279,4.675,11.32,3.341,,,,,,,,,,,,,5.946
2823,4.279,4.675,11.32,3.341,,,,,,,,,,,,,7.156
2824,4.279,4.675,11.32,3.341,,,,,,,,,,,,,7.5
2825,4.279,4.675,11.32,3.341,,,,,,,,,,,,,6.878
2826,4.279,4.675,11.32,3.341,,,,,,,,,,,,,7.128
2827,4.279,4.675,11.32,3.341,,,,,,,,,,,,,7.522
2828,4.279,4.675,11.32,3.341,,,,,,,,,,,,,7.907
2829,4.279,4.675,11.32,3.341,,,,,,,,,,,,,6.629
2830,4.279,4.675,11.32,3.341,,,,,,,,,,,,,6.875
2838,4.279,4.675,11.32,3.341,,,,,,,,,,,,,9.382
2839,4.279,4.675,11.32,3.341,,,,,,,,,,,,,4.633
2840,4.279,4.675,11.32,3.341,,,,,,,,,,,,,35.842
2841,4.279,4.675,11.32,3.341,,,,,,,,,,,,,4.355
2842,4.279,4.675,11.32,3.341,,,,,,,,,,,,,1.229
2843,4.279,4.675,11.32,3.341,,,,,,,,,,,,,0.808
2844,4.279,4.675,11.32,3.341,,,,,,,,,,,,,0.694
2845,4.279,4.675,11.32,3.341,,,,,,,,,,,,,0.642
2846,4.279,4.675,11.32,3.341,,,,,,,,,,,,,5.435
2847,4.279,4.675,11.32,3.341,,,,,,,,,,,,,5.511
2848,4.279,4.675,11.32,3.341,,,,,,,,,,,,,5.392
2849,4.279,4.675,11.32,3.341,,,,,,,,,,,,,8.588
2850,4.279,4.675,11.32,3.341,,,,,,,,,,,,,6.44
2851,4.279,4.675,11.32,3.341,,,,,,,,,,,,,4.188
2852,4.279,4.675,11.32,3.341,,,,,,,,,,,,,7.209
2853,4.279,4.675,11.32,3.341,,,,,,,,,,,,,7.544
2854,4.279,4.675,11.32,3.341,,,,,,,,,,,,,13.796
2855,4.279,4.675,11.32,3.341,,,,,,,,,,,,,12.702
2856,4.279,4.675,11.32,3.341,,,,,,,,,,,,,1.506
2857,4.279,4.675,11.32,3.341,,,,,,,,,,,,,3.424
2858,4.279,4.675,11.32,3.341,,,,,,,,,,,,,5.625
2859,4.279,4.675,11.32,3.341,,,,,,,,,,,,,4.609
2860,4.279,4.675,11.32,3.341,,,,,,,,,,,,,6.395
2861,4.279,4.675,11.32,3.341,,,,,,,,,,,,,6.914
2862,4.279,4.675,11.32,3.341,,,,,,,,,,,,,8.967
2863,4.279,4.675,11.32,3.341,,,,,,,,,,,,,9.762
2864,4.279,4.675,11.32,3.341,,,,,,,,,,,,,4.248
2865,4.279,4.675,11.32,3.341,,,,,,,,,,,,,5.65
2866,4.279,4.675,11.32,3.341,,,,,,,,,,,,,7.218
2867,4.279,4.675,11.32,3.341,,,,,,,,,,,,,6.83
2868,4.279,4.675,11.32,3.341,,,,,,,,,,,,,7.26
2869,4.279,4.675,11.32,3.341,,,,,,,,,,,,,7.198
2870,4.279,4.675,11.32,3.341,,,,,,,,,,,,,7.657
2871,4.279,4.675,11.32,3.341,,,,,,,,,,,,,7.422
2872,4.279,4.675,11.32,3.341,,,,,,,,,,,,,9.455
2873,4.279,4.675,11.32,3.341,,,,,,,,,,,,,4.544
2874,4.279,4.675,11.32,3.341,,,,,,,,,,,,,6.404
2875,4.279,4.675,11.32,3.341,,,,,,,,,,,,,7.225
2876,4.279,4.675,11.32,3.341,,,,,,,,,,,,,7.179
2877,4.279,4.675,11.32,3.341,,,,,,,,,,,,,6.942
2878,4.279,4.675,11.32,3.341,,,,,,,,,,,,,8.348
2879,4.279,4.675,11.32,3.341,,,,,,,,,,,,,6.642
2880,4.279,4.675,11.32,3.341,,,,,,,,,,,,,7.032
2881,4.279,4.675,11.32,3.341,,,,,,,,,,,,,6.832
2882,4.279,4.675,11.32,3.341,,,,,,,,,,,,,8.23
2883,4.279,4.675,11.32,3.341,,,,,,,,,,,,,11.588
2884,4.279,4.675,11.32,3.341,,,,,,,,,,,,,4.798
2885,4.279,4.675,11.32,3.341,,,,,,,,,,,,,4.038
2886,4.279,4.675,11.32,3.341,,,,,,,,,,,,,7.259
2887,4.279,4.675,11.32,3.341,,,,,,,,,,,,,6.899
2888,4.279,4.675,11.32,3.341,,,,,,,,,,,,,6.55
2889,4.279,4.675,11.32,3.341,,,,,,,,,,,,,8.035
2890,4.279,4.675,11.32,3.341,,,,,,,,,,,,,5.81
2891,4.279,4.675,11.32,3.341,,,,,,,,,,,,,7.506
2892,4.279,4.675,11.32,3.341,,,,,,,,,,,,,8.117
2893,4.279,4.675,11.32,3.341,,,,,,,,,,,,,9.157
2894,4.279,4.675,11.32,3.341,,,,,,,,,,,,,4.808
2895,4.279,4.675,11.32,3.341,,,,,,,,,,,,,5.537
2896,4.279,4.675,11.32,3.341,,,,,,,,,,,,,7.438
2897,4.279,4.675,11.32,3.341,,,,,,,,,,,,,7.15
2898,4.279,4.675,11.32,3.341,,,,,,,,,,,,,17.199
2899,4.279,4.675,11.32,3.341,,,,,,,,,,,,,4.291
2900,4.279,4.675,11.32,3.341,,,,,,,,,,,,,1.25
2901,4.279,4.675,11.32,3.341,,,,,,,,,,,,,8.774
2902,4.279,4.675,11.32,3.341,,,,,,,,,,,,,7.632
2903,4.279,4.675,11.32,3.341,,,,,,,,,,,,,4.659
2904,4.279,4.675,11.32,3.341,,,,,,,,,,,,,5.064
2905,4.279,4.675,11.32,3.341,,,,,,,,,,,,,7.383
2906,4.279,4.675,11.32,3.341,,,,,,,,,,,,,7.275
2907,4.279,4.675,11.32,3.341,,,,,,,,,,,,,9.607
2908,4.279,4.675,11.32,3.341,,,,,,,,,,,,,4.925
2909,4.279,4.675,11.32,3.341,,,,,,,,,,,,,6.377
2910,4.279,4.675,11.32,3.341,,,,,,,,,,,,,6.867
2911,4.279,4.675,11.32,3.341,,,,,,,,,,,,,9.915
2912,4.279,4.675,11.32,3.341,,,,,,,,,,,,,5.243
2913,4.279,4.675,11.32,3.341,,,,,,,,,,,,,5.93
2914,4.279,4.675,11.32,3.341,,,,,,,,,,,,,7.408
2915,4.279,4.675,11.32,3.341,,,,,,,,,,,,,9.532
2916,4.279,4.675,11.32,3.341,,,,,,,,,,,,,4.779
2917,4.279,4.675,11.32,3.341,,,,,,,,,,,,,7.269
2918,4.279,4.675,11.32,3.341,,,,,,,,,,,,,8.176
2919,4.279,4.675,11.32,3.341,,,,,,,,,,,,,6.388
2920,4.279,4.675,11.32,3.341,,,,,,,,,,,,,7.098
2921,4.279,4.675,11.32,3.341,,,,,,,,,,,,,7.333
2930,4.279,4.675,11.32,3.341,,,,,,,,,,,,,7.157
2931,4.279,4.675,11.32,3.341,,,,,,,,,,,,,7.147
2932,4.279,4.675,11.32,3.341,,,,,,,,,,,,,44.266
2933,4.279,4.675,11.32,3.341,,,,,,,,,,,,,5.379
2934,4.279,4.675,11.32,3.341,,,,,,,,,,,,,1.245
2935,4.279,4.675,11.32,3.341,,,,,,,,,,,,,0.74
2936,4.279,4.675,11.32,3.341,,,,,,,,,,,,,0.676
2937,4.279,4.675,11.32,3.341,,,,,,,,,,,,,0.663
2938,4.279,4.675,11.32,3.341,,,,,,,,,,,,,0.658
2939,4.279,4.675,11.32,3.341,,,,,,,,,,,,,0.84
2940,4.279,4.675,11.32,3.341,,,,,,,,,,,,,17.119
2941,4.279,4.675,11.32,3.341,,,,,,,,,,,,,4.478
2942,4.279,4.675,11.32,3.341,,,,,,,,,,,,,1.254
2943,4.279,4.675,11.32,3.341,,,,,,,,,,,,,3.588
2944,4.279,4.675,11.32,3.341,,,,,,,,,,,,,4.72
2945,4.279,4.675,11.32,3.341,,,,,,,,,,,,,7.035
2946,4.279,4.675,11.32,3.341,,,,,,,,,,,,,6.992
2947,4.279,4.675,11.32,3.341,,,,,,,,,,,,,9.355
2948,4.279,4.675,11.32,3.341,,,,,,,,,,,,,5.027
2949,4.279,4.675,11.32,3.341,,,,,,,,,,,,,7.48
2950,4.279,4.675,11.32,3.341,,,,,,,,,,,,,7
2951,4.279,4.675,11.32,3.341,,,,,,,,,,,,,7.091
2952,4.279,4.675,11.32,3.341,,,,,,,,,,,,,11.542
2953,4.279,4.675,11.32,3.341,,,,,,,,,,,,,4.322
2965,4.279,4.675,11.32,3.341,,,,,,,,,,,,,7.631
2966,4.279,4.675,11.32,3.341,,,,,,,,,,,,,7.43
2967,4.279,4.675,11.32,3.341,,,,,,,,,,,,,7.09
2968,4.279,4.675,11.32,3.341,,,,,,,,,,,,,5.688
2969,4.279,4.675,11.32,3.341,,,,,,,,,,,,,7.772
2970,4.279,4.675,11.32,3.341,,,,,,,,,,,,,6.509
2971,4.279,4.675,11.32,3.341,,,,,,,,,,,,,7.355
2972,4.279,4.675,11.32,3.341,,,,,,,,,,,,,6.893
2981,4.279,4.675,11.32,3.341,,,,,,,,,,,,,11.062
2982,4.279,4.675,11.32,3.341,,,,,,,,,,,,,5.37
2983,4.279,4.675,11.32,3.341,,,,,,,,,,,,,4.318
2984,4.279,4.675,11.32,3.341,,,,,,,,,,,,,5.731
2985,4.279,4.675,11.32,3.341,,,,,,,,,,,,,6.997
2986,4.279,4.675,11.32,3.341,,,,,,,,,,,,,7.491
2987,4.279,4.676,11.32,3.341,,,,,,,,,,,,,7.443
2988,4.279,4.676,11.32,3.341,,,,,,,,,,,,,6.926
2989,4.279,4.676,11.32,3.341,,,,,,,,,,,,,7.209
2990,4.279,4.676,11.32,3.341,,,,,,,,,,,,,7.522
2991,4.279,4.675,11.32,3.341,,,,,,,,,,,,,7.484
2992,4.279,4.675,11.32,3.341,,,,,,,,,,,,,6.41
2993,4.279,4.675,11.32,3.341,,,,,,,,,,,,,7.535
2994,4.279,4.675,11.32,3.341,,,,,,,,,,,,,6.816
2995,4.279,4.675,11.32,3.341,,,,,,,,,,,,,7.339
2996,4.279,4.675,11.32,3.341,,,,,,,,,,,,,8.787
2997,4.279,4.675,11.32,3.341,,,,,,,,,,,,,5.37
2998,4.279,4.675,11.32,3.341,,,,,,,,,,,,,6.865
2999,4.279,4.675,11.32,3.341,,,,,,,,,,,,,7.242
3000,4.279,4.675,11.32,3.341,,,,,,,,,,,,,7.51
3001,4.279,4.675,11.32,3.341,,,,,,,,,,,,,6.721
3002,4.279,4.675,11.32,3.341,,,,,,,,,,,,,7.276
3003,4.279,4.675,11.32,3.341,,,,,,,,,,,,,7.157
3004,4.279,4.675,11.32,3.341,,,,,,,,,,,,,6.951
3005,4.279,4.675,11.32,3.341,,,,,,,,,,,,,7.655
3006,4.279,4.675,11.32,3.341,,,,,,,,,,,,,7.004
3011,4.279,4.675,11.32,3.341,,,,,,,,,,,,,4.369
3012,4.279,4.675,11.32,3.341,,,,,,,,,,,,,5.459
3013,4.279,4.675,11.32,3.341,,,,,,,,,,,,,7.458
3014,4.279,4.675,11.32,3.341,,,,,,,,,,,,,6.627
3019,4.279,4.676,11.32,3.341,,,,,,,,,,,,,6.916
3020,4.279,4.676,11.32,3.341,,,,,,,,,,,,,6.978
3021,4.279,4.676,11.32,3.341,,,,,,,,,,,,,7.121
3026,4.279,4.675,11.32,3.342,,,,,,,,,,,,,4.775
3027,4.279,4.675,11.32,3.342,,,,,,,,,,,,,9.539
3028,4.279,4.675,11.32,3.342,,,,,,,,,,,,,5.782
3029,4.279,4.675,11.32,3.342,,,,,,,,,,,,,6.856
3030,4.279,4.675,11.32,3.342,,,,,,,,,,,,,28.012
3031,4.279,4.675,11.32,3.342,,,,,,,,,,,,,5.136
3032,4.279,4.675,11.32,3.342,,,,,,,,,,,,,1.384
3033,4.279,4.675,11.32,3.342,,,,,,,,,,,,,0.88
3038,4.279,4.676,11.32,3.342,,,,,,,,,,,,,0.213
3039,4.279,4.676,11.32,3.342,,,,,,,,,,,,,1.141
3040,4.279,4.676,11.32,3.342,,,,,,,,,,,,,0.827
3041,4.279,4.676,11.32,3.342,,,,,,,,,,,,,0.952
3042,4.279,4.676,11.32,3.342,,,,,,,,,,,,,4.087
3043,4.279,4.676,11.32,3.342,,,,,,,,,,,,,6.865
3044,4.279,4.676,11.32,3.342,,,,,,,,,,,,,6.341
3045,4.279,4.676,11.32,3.342,,,,,,,,,,,,,7.799
3046,4.279,4.676,11.32,3.342,,,,,,,,,,,,,8.121
3047,4.279,4.676,11.32,3.342,,,,,,,,,,,,,6.399
3048,4.279,4.676,11.32,3.342,,,,,,,,,,,,,6.034
3049,4.279,4.676,11.32,3.342,,,,,,,,,,,,,6.69
3050,4.279,4.676,11.32,3.342,,,,,,,,,,,,,7.548
3051,4.279,4.676,11.32,3.342,,,,,,,,,,,,,7.043
3052,4.279,4.676,11.32,3.342,,,,,,,,,,,,,8.308
3053,4.279,4.675,11.32,3.342,,,,,,,,,,,,,7.617
3054,4.279,4.675,11.32,3.342,,,,,,,,,,,,,5.579
3055,4.279,4.675,11.32,3.342,,,,,,,,,,,,,6.982
3056,4.279,4.675,11.32,3.342,,,,,,,,,,,,,7.168
3057,4.279,4.676,11.32,3.342,,,,,,,,,,,,,8.659
3058,4.279,4.676,11.32,3.342,,,,,,,,,,,,,5.938
3059,4.279,4.676,11.32,3.342,,,,,,,,,,,,,6.854
3060,4.279,4.676,11.32,3.342,,,,,,,,,,,,,6.462
3061,4.279,4.676,11.32,3.342,,,,,,,,,,,,,8.094
3062,4.279,4.676,11.32,3.342,,,,,,,,,,,,,6.57
3063,4.279,4.676,11.32,3.342,,,,,,,,,,,,,7.102
3064,4.279,4.676,11.32,3.342,,,,,,,,,,,,,6.803
3065,4.279,4.676,11.32,3.342,,,,,,,,,,,,,7.433
3066,4.279,4.676,11.32,3.342,,,,,,,,,,,,,7.259
3067,4.279,4.676,11.32,3.342,,,,,,,,,,,,,7.275
3068,4.279,4.676,11.32,3.342,,,,,,,,,,,,,6.996
3069,4.279,4.676,11.32,3.342,,,,,,,,,,,,,7.659
3070,4.279,4.676,11.32,3.342,,,,,,,,,,,,,6.725
3071,4.279,4.676,11.32,3.342,,,,,,,,,,,,,9.014
3072,4.279,4.675,11.32,3.342,,,,,,,,,,,,,6.297
3073,4.279,4.675,11.32,3.342,,,,,,,,,,,,,6.075
3074,4.279,4.675,11.32,3.342,,,,,,,,,,,,,7.22
3075,4.279,4.675,11.32,3.342,,,,,,,,,,,,,7.28
3076,4.279,4.675,11.32,3.342,,,,,,,,,,,,,6.904
3077,4.279,4.675,11.32,3.342,,,,,,,,,,,,,7.714
3078,4.279,4.675,11.32,3.342,,,,,,,,,,,,,15.154
3079,4.279,4.675,11.32,3.342,,,,,,,,,,,,,6.081
3080,4.279,4.676,11.32,3.342,,,,,,,,,,,,,6.894
3081,4.279,4.676,11.32,3.342,,,,,,,,,,,,,1.306
3082,4.279,4.676,11.32,3.342,,,,,,,,,,,,,5.611
3083,4.279,4.676,11.32,3.342,,,,,,,,,,,,,8.108
3084,4.279,4.676,11.32,3.342,,,,,,,,,,,,,10.064
3085,4.279,4.676,11.32,3.342,,,,,,,,,,,,,13.562
3086,4.279,4.676,11.32,3.342,,,,,,,,,,,,,4.606
3087,4.279,4.676,11.32,3.342,,,,,,,,,,,,,1.518
3088,4.279,4.675,11.32,3.342,,,,,,,,,,,,,3.604
3089,4.279,4.675,11.32,3.342,,,,,,,,,,,,,5.618
3090,4.279,4.675,11.32,3.342,,,,,,,,,,,,,7.481
3091,4.279,4.675,11.32,3.342,,,,,,,,,,,,,6.627
3096,4.279,4.675,11.32,3.342,,,,,,,,,,,,,6.208
3097,4.279,4.675,11.32,3.342,,,,,,,,,,,,,9.376
3098,4.279,4.675,11.32,3.342,,,,,,,,,,,,,5.934
3099,4.279,4.676,11.32,3.342,,,,,,,,,,,,,4.741
3104,4.279,4.675,11.32,3.342,,,,,,,,,,,,,8.26
3105,4.279,4.675,11.32,3.342,,,,,,,,,,,,,8.911
3106,4.279,4.675,11.32,3.342,,,,,,,,,,,,,6.375
3107,4.279,4.675,11.32,3.342,,,,,,,,,,,,,14.732
3108,4.279,4.675,11.32,3.342,,,,,,,,,,,,,6.812
3109,4.279,4.675,11.32,3.342,,,,,,,,,,,,,1.485
3110,4.279,4.675,11.32,3.342,,,,,,,,,,,,,8.352
3111,4.279,4.675,11.32,3.342,,,,,,,,,,,,,18.292
3112,4.279,4.675,11.32,3.342,,,,,,,,,,,,,8.566
3113,4.279,4.675,11.32,3.342,,,,,,,,,,,,,1.417
3114,4.279,4.675,11.32,3.342,,,,,,,,,,,,,1.807
3115,4.279,4.675,11.32,3.342,,,,,,,,,,,,,21.11
3116,4.279,4.675,11.32,3.342,,,,,,,,,,,,,11.009
3117,4.279,4.675,11.32,3.342,,,,,,,,,,,,,1.684
3118,4.279,4.675,11.32,3.342,,,,,,,,,,,,,1.515
3119,4.279,4.675,11.32,3.342,,,,,,,,,,,,,1.318
3120,4.279,4.675,11.32,3.342,,,,,,,,,,,,,2.238
3121,4.279,4.675,11.32,3.342,,,,,,,,,,,,,1.868
3122,4.279,4.675,11.32,3.342,,,,,,,,,,,,,5.174
3123,4.279,4.675,11.32,3.342,,,,,,,,,,,,,34.821
3124,4.279,4.675,11.32,3.342,,,,,,,,,,,,,9.481
3125,4.279,4.675,11.32,3.342,,,,,,,,,,,,,1.577
3126,4.279,4.675,11.32,3.342,,,,,,,,,,,,,1.001
3127,4.279,4.675,11.32,3.342,,,,,,,,,,,,,0.815
3128,4.279,4.675,11.32,3.342,,,,,,,,,,,,,1.161
3129,4.279,4.675,11.32,3.342,,,,,,,,,,,,,1.131
3130,4.279,4.675,11.32,3.342,,,,,,,,,,,,,5.108
3131,4.279,4.675,11.32,3.342,,,,,,,,,,,,,18.682
3132,4.279,4.675,11.32,3.342,,,,,,,,,,,,,11.758
3133,4.279,4.675,11.32,3.342,,,,,,,,,,,,,1.401
3134,4.279,4.675,11.32,3.342,,,,,,,,,,,,,0.832
3135,4.279,4.675,11.32,3.342,,,,,,,,,,,,,0.66
3136,4.279,4.675,11.32,3.342,,,,,,,,,,,,,12.435
3137,4.279,4.675,11.32,3.341,,,,,,,,,,,,,5.73
3138,4.279,4.675,11.32,3.341,,,,,,,,,,,,,1.091
3139,4.279,4.675,11.32,3.341,,,,,,,,,,,,,3.462
3140,4.279,4.675,11.32,3.341,,,,,,,,,,,,,6.621
3141,4.279,4.675,11.32,3.342,,,,,,,,,,,,,13.108
3142,4.279,4.675,11.32,3.342,,,,,,,,,,,,,21.249
3143,4.279,4.675,11.32,3.342,,,,,,,,,,,,,31.825
3144,4.279,4.675,11.32,3.342,,,,,,,,,,,,,1.242
3145,4.279,4.675,11.32,3.342,,,,,,,,,,,,,0.752
3146,4.279,4.675,11.32,3.342,,,,,,,,,,,,,0.689
3147,4.279,4.675,11.32,3.342,,,,,,,,,,,,,2.307
3148,4.279,4.676,11.32,3.342,,,,,,,,,,,,,1.029
3149,4.279,4.676,11.32,3.342,,,,,,,,,,,,,0.677
3150,4.279,4.676,11.32,3.342,,,,,,,,,,,,,0.656
3151,4.279,4.676,11.32,3.342,,,,,,,,,,,,,0.628
3152,4.279,4.675,11.32,3.342,,,,,,,,,,,,,2.9
3153,4.279,4.675,11.32,3.342,,,,,,,,,,,,,5.669
3154,4.279,4.675,11.32,3.342,,,,,,,,,,,,,7.133
3155,4.279,4.675,11.32,3.342,,,,,,,,,,,,,7.211
3156,4.279,4.675,11.32,3.342,,,,,,,,,,,,,15.137
3165,4.279,4.675,11.32,3.342,,,,,,,,,,,,,4.34
3166,4.279,4.675,11.32,3.342,,,,,,,,,,,,,5.996
3167,4.279,4.675,11.32,3.342,,,,,,,,,,,,,12.236
3168,4.279,4.675,11.32,3.342,,,,,,,,,,,,,4.762
3172,4.279,4.675,11.32,3.342,,,,,,,,,,,,,27.631
3173,4.279,4.675,11.32,3.342,,,,,,,,,,,,,1.592
3174,4.279,4.675,11.32,3.342,,,,,,,,,,,,,0.941
3175,4.279,4.675,11.32,3.342,,,,,,,,,,,,,0.725
3176,4.279,4.676,11.32,3.342,,,,,,,,,,,,,1.305
3177,4.279,4.676,11.32,3.341,,,,,,,,,,,,,5.971
3178,4.279,4.676,11.32,3.341,,,,,,,,,,,,,6.953
3179,4.279,4.676,11.32,3.341,,,,,,,,,,,,,11.682
3188,4.279,4.675,11.32,3.341,,,,,,,,,,,,,5.595
3189,4.279,4.675,11.32,3.341,,,,,,,,,,,,,15.854
3190,4.279,4.675,11.32,3.341,,,,,,,,,,,,,7.078
3191,4.279,4.675,11.32,3.341,,,,,,,,,,,,,0.989
3192,4.279,4.675,11.32,3.341,,,,,,,,,,,,,3.872
3193,4.279,4.675,11.32,3.341,,,,,,,,,,,,,8.077
3194,4.279,4.675,11.32,3.341,,,,,,,,,,,,,6.545
3195,4.279,4.675,11.32,3.341,,,,,,,,,,,,,7.633
3196,4.279,4.675,11.32,3.341,,,,,,,,,,,,,10.645
3197,4.279,4.675,11.32,3.341,,,,,,,,,,,,,5.92
3198,4.279,4.675,11.32,3.341,,,,,,,,,,,,,4.784
3199,4.279,4.675,11.32,3.341,,,,,,,,,,,,,7.511
3200,4.279,4.675,11.32,3.341,,,,,,,,,,,,,5.58
3201,4.279,4.675,11.32,3.341,,,,,,,,,,,,,7.352
3202,4.279,4.675,11.32,3.341,,,,,,,,,,,,,6.907
3203,4.279,4.675,11.32,3.341,,,,,,,,,,,,,6.981
3204,4.279,4.675,11.32,3.341,,,,,,,,,,,,,7.269
3205,4.279,4.675,11.32,3.341,,,,,,,,,,,,,6.693
3206,4.279,4.675,11.32,3.341,,,,,,,,,,,,,13.862
3207,4.279,4.675,11.32,3.341,,,,,,,,,,,,,4.339
3208,4.279,4.675,11.32,3.341,,,,,,,,,,,,,4.375
3209,4.279,4.675,11.32,3.341,,,,,,,,,,,,,6.412
3210,4.279,4.675,11.32,3.341,,,,,,,,,,,,,5.621
3211,4.279,4.675,11.32,3.341,,,,,,,,,,,,,7.34
3212,4.279,4.675,11.32,3.341,,,,,,,,,,,,,7.237
3213,4.279,4.675,11.32,3.341,,,,,,,,,,,,,6.419
3214,4.279,4.675,11.32,3.341,,,,,,,,,,,,,8.007
3215,4.279,4.675,11.32,3.341,,,,,,,,,,,,,6.887
3216,4.279,4.675,11.32,3.341,,,,,,,,,,,,,6.841
3217,4.279,4.675,11.32,3.341,,,,,,,,,,,,,7.267
3218,4.279,4.675,11.32,3.341,,,,,,,,,,,,,7.235
3219,4.279,4.675,11.32,3.341,,,,,,,,,,,,,6.851
3220,4.279,4.675,11.32,3.341,,,,,,,,,,,,,7.352
3221,4.279,4.675,11.32,3.341,,,,,,,,,,,,,43.81
3222,4.279,4.675,11.32,3.341,,,,,,,,,,,,,1.384
3223,4.279,4.675,11.32,3.341,,,,,,,,,,,,,1.098
3224,4.279,4.675,11.32,3.341,,,,,,,,,,,,,0.925
3225,4.279,4.675,11.32,3.341,,,,,,,,,,,,,0.739
3226,4.279,4.675,11.32,3.341,,,,,,,,,,,,,0.677
3227,4.279,4.675,11.32,3.341,,,,,,,,,,,,,0.671
3228,4.279,4.675,11.32,3.341,,,,,,,,,,,,,0.732
3229,4.279,4.675,11.32,3.341,,,,,,,,,,,,,6.512
3230,4.279,4.675,11.32,3.341,,,,,,,,,,,,,6.448
3231,4.279,4.675,11.32,3.341,,,,,,,,,,,,,7.186
3232,4.279,4.675,11.32,3.341,,,,,,,,,,,,,6.622
3233,4.279,4.675,11.32,3.341,,,,,,,,,,,,,7.141
3234,4.279,4.675,11.32,3.341,,,,,,,,,,,,,8.988
3235,4.279,4.675,11.32,3.341,,,,,,,,,,,,,5.074
3236,4.279,4.675,11.32,3.341,,,,,,,,,,,,,7.22
3237,4.279,4.675,11.32,3.341,,,,,,,,,,,,,7.134
3238,4.279,4.675,11.32,3.341,,,,,,,,,,,,,7.433
3239,4.279,4.675,11.32,3.341,,,,,,,,,,,,,6.766
3240,4.279,4.675,11.32,3.341,,,,,,,,,,,,,13.269
3241,4.279,4.675,11.32,3.341,,,,,,,,,,,,,4.791
3242,4.279,4.675,11.32,3.341,,,,,,,,,,,,,4.388
3243,4.279,4.675,11.32,3.341,,,,,,,,,,,,,6.11
3244,4.279,4.675,11.32,3.341,,,,,,,,,,,,,7.241
3245,4.279,4.675,11.32,3.341,,,,,,,,,,,,,7.674
3246,4.279,4.675,11.32,3.341,,,,,,,,,,,,,6.665
3247,4.279,4.675,11.32,3.341,,,,,,,,,,,,,7.712
3248,4.279,4.675,11.32,3.341,,,,,,,,,,,,,6.44
3249,4.279,4.675,11.32,3.341,,,,,,,,,,,,,6.871
3250,4.279,4.675,11.32,3.341,,,,,,,,,,,,,7.661
3251,4.279,4.675,11.32,3.341,,,,,,,,,,,,,6.448
3252,4.279,4.675,11.32,3.341,,,,,,,,,,,,,7.675
3253,4.279,4.675,11.32,3.341,,,,,,,,,,,,,6.927
3254,4.279,4.675,11.32,3.341,,,,,,,,,,,,,7.013
3255,4.279,4.675,11.32,3.341,,,,,,,,,,,,,9.446
3256,4.279,4.675,11.32,3.341,,,,,,,,,,,,,4.717
3257,4.279,4.675,11.32,3.341,,,,,,,,,,,,,7.206
3258,4.279,4.675,11.32,3.341,,,,,,,,,,,,,7.277
3259,4.279,4.675,11.32,3.341,,,,,,,,,,,,,6.796
3260,4.279,4.675,11.32,3.341,,,,,,,,,,,,,7.501
3261,4.279,4.675,11.32,3.341,,,,,,,,,,,,,6.807
3262,4.279,4.675,11.32,3.341,,,,,,,,,,,,,7.211
3263,4.279,4.675,11.32,3.341,,,,,,,,,,,,,7.167
3264,4.279,4.675,11.32,3.341,,,,,,,,,,,,,7.156
3265,4.279,4.675,11.32,3.341,,,,,,,,,,,,,7.167
3266,4.279,4.675,11.32,3.341,,,,,,,,,,,,,6.98
3267,4.279,4.675,11.32,3.341,,,,,,,,,,,,,7.089
3268,4.279,4.675,11.32,3.341,,,,,,,,,,,,,7.442
3269,4.279,4.675,11.32,3.341,,,,,,,,,,,,,18.674
3270,4.279,4.675,11.32,3.341,,,,,,,,,,,,,6.982
3271,4.279,4.675,11.32,3.341,,,,,,,,,,,,,1.379
3272,4.279,4.675,11.32,3.341,,,,,,,,,,,,,3.404
3273,4.279,4.675,11.32,3.341,,,,,,,,,,,,,8.237
3274,4.279,4.675,11.32,3.341,,,,,,,,,,,,,5.62
3275,4.279,4.675,11.32,3.341,,,,,,,,,,,,,14.102
3276,4.279,4.675,11.32,3.341,,,,,,,,,,,,,5.015
3277,4.279,4.675,11.32,3.341,,,,,,,,,,,,,1.631
3278,4.279,4.675,11.32,3.341,,,,,,,,,,,,,5.916
3279,4.279,4.675,11.32,3.341,,,,,,,,,,,,,7.558
3280,4.279,4.675,11.32,3.341,,,,,,,,,,,,,4.94
3281,4.279,4.675,11.32,3.341,,,,,,,,,,,,,7.983
3282,4.279,4.675,11.32,3.341,,,,,,,,,,,,,8.953
3283,4.279,4.675,11.32,3.341,,,,,,,,,,,,,4.616
3284,4.279,4.675,11.32,3.341,,,,,,,,,,,,,8.03
3285,4.279,4.675,11.32,3.341,,,,,,,,,,,,,6.251
3286,4.279,4.675,11.32,3.341,,,,,,,,,,,,,8.723
3287,4.279,4.675,11.32,3.341,,,,,,,,,,,,,6.885
3288,4.279,4.675,11.32,3.341,,,,,,,,,,,,,4.788
3289,4.279,4.675,11.32,3.341,,,,,,,,,,,,,7.526
3290,4.279,4.675,11.32,3.341,,,,,,,,,,,,,8.204
3291,4.279,4.675,11.32,3.341,,,,,,,,,,,,,6.872
3296,4.279,4.675,11.32,3.341,,,,,,,,,,,,,5.825
3297,4.279,4.675,11.32,3.341,,,,,,,,,,,,,4.578
3298,4.279,4.675,11.32,3.341,,,,,,,,,,,,,7.758
3299,4.279,4.675,11.32,3.341,,,,,,,,,,,,,8.529
3300,4.279,4.675,11.32,3.341,,,,,,,,,,,,,7.091
3301,4.279,4.675,11.32,3.341,,,,,,,,,,,,,6.675
3302,4.279,4.675,11.32,3.341,,,,,,,,,,,,,5.76
3303,4.279,4.675,11.32,3.341,,,,,,,,,,,,,7.235
3308,4.279,4.675,11.32,3.341,,,,,,,,,,,,,6.963
3309,4.279,4.675,11.32,3.341,,,,,,,,,,,,,5.629
3310,4.279,4.675,11.32,3.341,,,,,,,,,,,,,8.719
3311,4.279,4.675,11.32,3.341,,,,,,,,,,,,,5.343
3312,4.279,4.675,11.32,3.341,,,,,,,,,,,,,8.25
3313,4.279,4.675,11.32,3.341,,,,,,,,,,,,,7.905
3314,4.279,4.675,11.32,3.341,,,,,,,,,,,,,10.78
3319,4.279,4.675,11.32,3.341,,,,,,,,,,,,,7.965
3320,4.279,4.675,11.32,3.341,,,,,,,,,,,,,1.518
3321,4.279,4.675,11.32,3.341,,,,,,,,,,,,,1.57
3322,4.279,4.675,11.32,3.341,,,,,,,,,,,,,0.99
3323,4.279,4.675,11.32,3.341,,,,,,,,,,,,,0.9
3324,4.279,4.675,11.32,3.341,,,,,,,,,,,,,0.816
3325,4.279,4.675,11.32,3.341,,,,,,,,,,,,,3.945
3326,4.279,4.675,11.32,3.341,,,,,,,,,,,,,6.369
3327,4.279,4.675,11.32,3.341,,,,,,,,,,,,,5.092
3328,4.279,4.675,11.32,3.341,,,,,,,,,,,,,17.375
3329,4.279,4.675,11.32,3.341,,,,,,,,,,,,,6.551
3330,4.279,4.675,11.32,3.341,,,,,,,,,,,,,1.562
3335,4.279,4.675,11.32,3.341,,,,,,,,,,,,,5.999
3336,4.279,4.675,11.32,3.341,,,,,,,,,,,,,7.203
3337,4.279,4.675,11.32,3.341,,,,,,,,,,,,,7.458
3338,4.279,4.675,11.32,3.341,,,,,,,,,,,,,7.001
3339,4.279,4.675,11.32,3.341,,,,,,,,,,,,,7.086
3340,4.279,4.675,11.32,3.341,,,,,,,,,,,,,7.776
3341,4.279,4.675,11.32,3.341,,,,,,,,,,,,,9.687
3342,4.279,4.675,11.32,3.341,,,,,,,,,,,,,4.553
3343,4.279,4.675,11.32,3.341,,,,,,,,,,,,,9.945
3344,4.279,4.675,11.32,3.341,,,,,,,,,,,,,4.484
3345,4.279,4.675,11.32,3.341,,,,,,,,,,,,,10.999
3346,4.279,4.675,11.32,3.341,,,,,,,,,,,,,4.647
3347,4.279,4.675,11.32,3.341,,,,,,,,,,,,,4.746
3348,4.279,4.675,11.32,3.341,,,,,,,,,,,,,9.745
3349,4.279,4.675,11.32,3.341,,,,,,,,,,,,,4.831
3354,4.279,4.675,11.32,3.341,,,,,,,,,,,,,5.297
3355,4.279,4.675,11.32,3.341,,,,,,,,,,,,,7.177
3356,4.279,4.675,11.32,3.341,,,,,,,,,,,,,7.12
3357,4.279,4.675,11.32,3.341,,,,,,,,,,,,,8.462
3358,4.279,4.675,11.32,3.341,,,,,,,,,,,,,5.568
3359,4.279,4.675,11.32,3.341,,,,,,,,,,,,,10.456
3360,4.279,4.675,11.32,3.341,,,,,,,,,,,,,4.475
3361,4.279,4.675,11.32,3.341,,,,,,,,,,,,,6.352
3362,4.279,4.675,11.32,3.341,,,,,,,,,,,,,8.497
3363,4.279,4.675,11.32,3.341,,,,,,,,,,,,,5.519
3364,4.279,4.675,11.32,3.341,,,,,,,,,,,,,10.985
3365,4.279,4.675,11.32,3.341,,,,,,,,,,,,,13.192
3366,4.279,4.675,11.32,3.341,,,,,,,,,,,,,4.277
3367,4.279,4.675,11.32,3.341,,,,,,,,,,,,,1.606
3368,4.279,4.675,11.32,3.341,,,,,,,,,,,,,4.06
3369,4.279,4.675,11.32,3.341,,,,,,,,,,,,,7.407
3370,4.279,4.675,11.32,3.341,,,,,,,,,,,,,7.126
3371,4.279,4.675,11.32,3.341,,,,,,,,,,,,,6.886
3372,4.279,4.675,11.32,3.341,,,,,,,,,,,,,10.946
3373,4.279,4.675,11.32,3.341,,,,,,,,,,,,,8.57
3377,4.279,4.675,11.32,3.341,,,,,,,,,,,,,4.812
3378,4.279,4.675,11.32,3.341,,,,,,,,,,,,,5.477
3379,4.279,4.675,11.32,3.341,,,,,,,,,,,,,7.165
3380,4.279,4.675,11.32,3.341,,,,,,,,,,,,,7.07
3381,4.279,4.675,11.32,3.341,,,,,,,,,,,,,7.126
3382,4.279,4.675,11.32,3.341,,,,,,,,,,,,,7.337
3383,4.279,4.675,11.32,3.341,,,,,,,,,,,,,6.775
3384,4.279,4.675,11.32,3.341,,,,,,,,,,,,,7.716
3385,4.279,4.675,11.32,3.341,,,,,,,,,,,,,7.401
3386,4.279,4.675,11.32,3.341,,,,,,,,,,,,,5.805
3387,4.279,4.675,11.32,3.341,,,,,,,,,,,,,7.556
3388,4.279,4.675,11.32,3.341,,,,,,,,,,,,,8.242
3389,4.279,4.675,11.32,3.341,,,,,,,,,,,,,6.218
3390,4.279,4.675,11.32,3.341,,,,,,,,,,,,,8.243
3391,4.279,4.675,11.32,3.341,,,,,,,,,,,,,5.634
3392,4.279,4.675,11.32,3.341,,,,,,,,,,,,,7.089
3393,4.279,4.675,11.32,3.341,,,,,,,,,,,,,7.269
3394,4.279,4.675,11.32,3.341,,,,,,,,,,,,,11.554
3395,4.279,4.675,11.32,3.341,,,,,,,,,,,,,10.489
3396,4.279,4.675,11.32,3.341,,,,,,,,,,,,,4.653
3397,4.279,4.675,11.32,3.341,,,,,,,,,,,,,4.287
3398,4.279,4.675,11.32,3.341,,,,,,,,,,,,,4.769
3399,4.279,4.675,11.32,3.341,,,,,,,,,,,,,6.902
3400,4.279,4.675,11.32,3.341,,,,,,,,,,,,,6.752
3401,4.279,4.675,11.32,3.341,,,,,,,,,,,,,7.107
3402,4.279,4.675,11.32,3.341,,,,,,,,,,,,,7.285
3403,4.279,4.675,11.32,3.341,,,,,,,,,,,,,9.677
3408,4.279,4.675,11.32,3.341,,,,,,,,,,,,,7.06
3409,4.279,4.675,11.32,3.341,,,,,,,,,,,,,9.091
3410,4.279,4.675,11.32,3.341,,,,,,,,,,,,,4.976
3411,4.279,4.675,11.32,3.341,,,,,,,,,,,,,11.615
3412,4.279,4.675,11.32,3.341,,,,,,,,,,,,,9.118
3413,4.279,4.675,11.32,3.341,,,,,,,,,,,,,4.625
3414,4.279,4.675,11.32,3.341,,,,,,,,,,,,,7.311
3415,4.279,4.675,11.32,3.341,,,,,,,,,,,,,19.361
3416,4.279,4.675,11.32,3.341,,,,,,,,,,,,,7.318
3417,4.279,4.675,11.32,3.341,,,,,,,,,,,,,1.529
3418,4.279,4.675,11.32,3.341,,,,,,,,,,,,,1.135
3419,4.279,4.675,11.32,3.341,,,,,,,,,,,,,35.342
3420,4.279,4.675,11.32,3.341,,,,,,,,,,,,,6.837
3421,4.279,4.675,11.32,3.341,,,,,,,,,,,,,1.487
3422,4.279,4.675,11.32,3.341,,,,,,,,,,,,,0.933
3423,4.279,4.675,11.32,3.341,,,,,,,,,,,,,0.739
3424,4.279,4.675,11.32,3.341,,,,,,,,,,,,,0.685
3425,4.279,4.675,11.32,3.341,,,,,,,,,,,,,1.113
3426,4.279,4.675,11.32,3.341,,,,,,,,,,,,,4.549
3427,4.279,4.675,11.32,3.341,,,,,,,,,,,,,4.326
3428,4.279,4.675,11.32,3.341,,,,,,,,,,,,,4.616
3429,4.279,4.675,11.32,3.341,,,,,,,,,,,,,7.427
3430,4.279,4.675,11.32,3.341,,,,,,,,,,,,,6.644
3431,4.279,4.675,11.32,3.341,,,,,,,,,,,,,7.348
3432,4.279,4.675,11.32,3.341,,,,,,,,,,,,,7.272
3433,4.279,4.675,11.32,3.341,,,,,,,,,,,,,7.149
3434,4.279,4.675,11.32,3.341,,,,,,,,,,,,,9.02
3435,4.279,4.675,11.32,3.341,,,,,,,,,,,,,5.276
3436,4.279,4.675,11.32,3.341,,,,,,,,,,,,,6.977
3437,4.279,4.675,11.32,3.341,,,,,,,,,,,,,7.13
3438,4.279,4.675,11.32,3.341,,,,,,,,,,,,,8.702
3439,4.279,4.675,11.32,3.341,,,,,,,,,,,,,5.653
3440,4.279,4.675,11.32,3.341,,,,,,,,,,,,,6.862
3441,4.279,4.675,11.32,3.341,,,,,,,,,,,,,7.186
3442,4.279,4.675,11.32,3.341,,,,,,,,,,,,,7.173
3447,4.279,4.675,11.32,3.341,,,,,,,,,,,,,7.197
3448,4.279,4.675,11.32,3.341,,,,,,,,,,,,,12.101
3449,4.279,4.675,11.32,3.341,,,,,,,,,,,,,4.788
3450,4.279,4.675,11.32,3.341,,,,,,,,,,,,,5.184
3451,4.279,4.675,11.32,3.341,,,,,,,,,,,,,7.177
3452,4.279,4.675,11.32,3.341,,,,,,,,,,,,,6.974
3453,4.279,4.675,11.32,3.341,,,,,,,,,,,,,7.029
3454,4.279,4.675,11.32,3.341,,,,,,,,,,,,,7.854
3455,4.279,4.675,11.32,3.341,,,,,,,,,,,,,6.287
3456,4.279,4.675,11.32,3.341,,,,,,,,,,,,,6.988
3457,4.279,4.675,11.32,3.341,,,,,,,,,,,,,6.767
3458,4.279,4.675,11.32,3.341,,,,,,,,,,,,,7.436
3459,4.279,4.675,11.32,3.341,,,,,,,,,,,,,6.723
3460,4.279,4.675,11.32,3.341,,,,,,,,,,,,,7.51
3461,4.279,4.675,11.32,3.341,,,,,,,,,,,,,7.603
3462,4.279,4.675,11.32,3.341,,,,,,,,,,,,,6.234
3463,4.279,4.675,11.32,3.341,,,,,,,,,,,,,7.798
3464,4.279,4.675,11.32,3.341,,,,,,,,,,,,,7.941
3465,4.279,4.675,11.32,3.341,,,,,,,,,,,,,5.803
3469,4.279,4.675,11.32,3.341,,,,,,,,,,,,,6.959
3470,4.279,4.675,11.32,3.341,,,,,,,,,,,,,6.729
3471,4.279,4.675,11.32,3.341,,,,,,,,,,,,,9.824
3472,4.279,4.675,11.32,3.341,,,,,,,,,,,,,5.276
3473,4.279,4.675,11.32,3.341,,,,,,,,,,,,,5.635
3474,4.279,4.675,11.32,3.341,,,,,,,,,,,,,8.172
3475,4.279,4.675,11.32,3.341,,,,,,,,,,,,,6.76
3476,4.279,4.675,11.32,3.341,,,,,,,,,,,,,9.627
3477,4.279,4.675,11.32,3.341,,,,,,,,,,,,,4.474
3478,4.279,4.675,11.32,3.341,,,,,,,,,,,,,7.325
3479,4.279,4.675,11.32,3.341,,,,,,,,,,,,,8.392
3480,4.279,4.675,11.32,3.341,,,,,,,,,,,,,7.035
3485,4.279,4.675,11.32,3.341,,,,,,,,,,,,,7.207
3486,4.279,4.675,11.32,3.341,,,,,,,,,,,,,6.901
3487,4.279,4.675,11.32,3.341,,,,,,,,,,,,,8.251
3488,4.279,4.675,11.32,3.341,,,,,,,,,,,,,6.217
3489,4.279,4.675,11.32,3.341,,,,,,,,,,,,,7.127
3490,4.279,4.675,11.32,3.341,,,,,,,,,,,,,7.271
3491,4.279,4.675,11.32,3.341,,,,,,,,,,,,,7.186
3492,4.279,4.675,11.32,3.341,,,,,,,,,,,,,10.888
3493,4.279,4.675,11.32,3.341,,,,,,,,,,,,,6.831
3494,4.279,4.675,11.32,3.341,,,,,,,,,,,,,4.867
3495,4.279,4.675,11.32,3.341,,,,,,,,,,,,,6.04
3496,4.279,4.675,11.32,3.341,,,,,,,,,,,,,6.556
3497,4.279,4.675,11.32,3.341,,,,,,,,,,,,,7.131
3498,4.279,4.675,11.32,3.341,,,,,,,,,,,,,9.029
3499,4.279,4.675,11.32,3.341,,,,,,,,,,,,,31.879
3504,4.279,4.675,11.32,3.341,,,,,,,,,,,,,0.188
3505,4.279,4.675,11.32,3.341,,,,,,,,,,,,,6.039
3506,4.279,4.675,11.32,3.341,,,,,,,,,,,,,6.481
3507,4.279,4.675,11.32,3.341,,,,,,,,,,,,,7.428
3512,4.279,4.675,11.32,3.341,,,,,,,,,,,,,6.921
3513,4.279,4.675,11.32,3.341,,,,,,,,,,,,,7.425
3514,4.279,4.675,11.32,3.341,,,,,,,,,,,,,7
3515,4.279,4.675,11.32,3.341,,,,,,,,,,,,,7.355
3516,4.279,4.675,11.32,3.341,,,,,,,,,,,,,7.46
3517,4.279,4.675,11.32,3.341,,,,,,,,,,,,,6.612
3518,4.279,4.675,11.32,3.341,,,,,,,,,,,,,7.434
3519,4.279,4.675,11.32,3.341,,,,,,,,,,,,,7.431
3520,4.279,4.675,11.32,3.341,,,,,,,,,,,,,6.12
3521,4.279,4.675,11.32,3.341,,,,,,,,,,,,,6.742
3522,4.279,4.675,11.32,3.341,,,,,,,,,,,,,9.309
3523,4.279,4.675,11.32,3.341,,,,,,,,,,,,,7.868
3524,4.279,4.675,11.32,3.341,,,,,,,,,,,,,4.983
3525,4.279,4.675,11.32,3.341,,,,,,,,,,,,,6.066
3526,4.279,4.675,11.32,3.341,,,,,,,,,,,,,7.01
3527,4.279,4.675,11.32,3.341,,,,,,,,,,,,,6.95
3528,4.279,4.675,11.32,3.341,,,,,,,,,,,,,7.442
3529,4.279,4.675,11.32,3.341,,,,,,,,,,,,,6.883
3530,4.279,4.675,11.32,3.341,,,,,,,,,,,,,7.815
3531,4.279,4.675,11.32,3.341,,,,,,,,,,,,,7.347
3532,4.279,4.675,11.32,3.341,,,,,,,,,,,,,6.126
3533,4.279,4.675,11.32,3.341,,,,,,,,,,,,,7.65
3534,4.279,4.675,11.32,3.341,,,,,,,,,,,,,6.463
3539,4.279,4.675,11.32,3.341,,,,,,,,,,,,,4.397
3540,4.279,4.675,11.32,3.341,,,,,,,,,,,,,9.32
3541,4.279,4.675,11.32,3.341,,,,,,,,,,,,,4.676
3542,4.279,4.675,11.32,3.341,,,,,,,,,,,,,7.262
3543,4.279,4.675,11.32,3.341,,,,,,,,,,,,,5.61
3544,4.279,4.675,11.32,3.341,,,,,,,,,,,,,7.387
3545,4.279,4.675,11.32,3.341,,,,,,,,,,,,,7.162
3546,4.279,4.675,11.32,3.341,,,,,,,,,,,,,7.501
3547,4.279,4.675,11.32,3.341,,,,,,,,,,,,,7.099
3548,4.279,4.675,11.32,3.341,,,,,,,,,,,,,7.156
3549,4.279,4.675,11.32,3.341,,,,,,,,,,,,,6.907
3550,4.279,4.675,11.32,3.341,,,,,,,,,,,,,8.463
3551,4.279,4.675,11.32,3.341,,,,,,,,,,,,,5.865
3552,4.279,4.675,11.32,3.341,,,,,,,,,,,,,6.96
3553,4.279,4.675,11.32,3.341,,,,,,,,,,,,,7.83
3554,4.279,4.675,11.32,3.341,,,,,,,,,,,,,8.071
3555,4.279,4.675,11.32,3.341,,,,,,,,,,,,,5.806
3556,4.279,4.675,11.32,3.341,,,,,,,,,,,,,7.896
3557,4.279,4.675,11.32,3.341,,,,,,,,,,,,,6.003
3558,4.279,4.675,11.32,3.341,,,,,,,,,,,,,7.892
3559,4.279,4.675,11.32,3.341,,,,,,,,,,,,,6.235
3560,4.279,4.675,11.32,3.341,,,,,,,,,,,,,7.385
3561,4.279,4.675,11.32,3.341,,,,,,,,,,,,,7.225
3562,4.279,4.675,11.32,3.341,,,,,,,,,,,,,7.321
3563,4.279,4.675,11.32,3.341,,,,,,,,,,,,,7.427
3564,4.279,4.675,11.32,3.341,,,,,,,,,,,,,6.89
3565,4.279,4.675,11.32,3.341,,,,,,,,,,,,,6.657
3566,4.279,4.675,11.32,3.341,,,,,,,,,,,,,7.401
3567,4.279,4.675,11.32,3.341,,,,,,,,,,,,,10.008
3568,4.279,4.675,11.32,3.341,,,,,,,,,,,,,4.547
3573,4.279,4.675,11.32,3.341,,,,,,,,,,,,,7.085
3574,4.279,4.675,11.32,3.341,,,,,,,,,,,,,7.166
3575,4.279,4.675,11.32,3.341,,,,,,,,,,,,,8.718
3576,4.279,4.675,11.32,3.341,,,,,,,,,,,,,5.624
3577,4.279,4.675,11.32,3.341,,,,,,,,,,,,,7.148
3578,4.279,4.675,11.32,3.341,,,,,,,,,,,,,7.24
3579,4.279,4.675,11.32,3.341,,,,,,,,,,,,,16.565
3580,4.279,4.675,11.32,3.341,,,,,,,,,,,,,14.76
3581,4.279,4.675,11.32,3.341,,,,,,,,,,,,,1.356
3582,4.279,4.675,11.32,3.341,,,,,,,,,,,,,14.167
3583,4.279,4.675,11.32,3.341,,,,,,,,,,,,,1.243
3584,4.279,4.675,11.32,3.341,,,,,,,,,,,,,0.845
3589,4.279,4.675,11.32,3.341,,,,,,,,,,,,,5.992
3590,4.279,4.675,11.32,3.341,,,,,,,,,,,,,7.825
3591,4.279,4.675,11.32,3.341,,,,,,,,,,,,,33.715
3592,4.279,4.675,11.32,3.341,,,,,,,,,,,,,1.435
3593,4.279,4.675,11.32,3.341,,,,,,,,,,,,,1.021
3594,4.279,4.675,11.32,3.341,,,,,,,,,,,,,1.088
3595,4.279,4.675,11.32,3.341,,,,,,,,,,,,,0.835
3596,4.279,4.675,11.32,3.341,,,,,,,,,,,,,4.549
3601,4.279,4.675,11.32,3.341,,,,,,,,,,,,,7.291
3602,4.279,4.675,11.32,3.341,,,,,,,,,,,,,7.545
3603,4.279,4.675,11.32,3.341,,,,,,,,,,,,,6.781
3604,4.279,4.675,11.32,3.341,,,,,,,,,,,,,6.759
3605,4.279,4.675,11.32,3.341,,,,,,,,,,,,,8.228
3606,4.279,4.675,11.32,3.341,,,,,,,,,,,,,7.67
3607,4.279,4.675,11.32,3.341,,,,,,,,,,,,,5.755
3608,4.279,4.675,11.32,3.341,,,,,,,,,,,,,8.341
3609,4.279,4.675,11.32,3.341,,,,,,,,,,,,,5.943
3610,4.279,4.675,11.32,3.341,,,,,,,,,,,,,7.099
3611,4.279,4.675,11.32,3.341,,,,,,,,,,,,,7.43
3612,4.279,4.675,11.32,3.341,,,,,,,,,,,,,6.651
3613,4.279,4.675,11.32,3.341,,,,,,,,,,,,,7.171
3614,4.279,4.675,11.32,3.341,,,,,,,,,,,,,7.508
3615,4.279,4.675,11.32,3.341,,,,,,,,,,,,,7.016
3616,4.279,4.675,11.32,3.341,,,,,,,,,,,,,7.318
3617,4.279,4.675,11.32,3.341,,,,,,,,,,,,,6.674
3618,4.279,4.675,11.32,3.341,,,,,,,,,,,,,7.056
3619,4.279,4.675,11.32,3.341,,,,,,,,,,,,,8.031
3628,4.279,4.675,11.32,3.341,,,,,,,,,,,,,4.155
3629,4.279,4.675,11.32,3.341,,,,,,,,,,,,,7.107
3630,4.279,4.675,11.32,3.341,,,,,,,,,,,,,4.442
3631,4.279,4.675,11.32,3.341,,,,,,,,,,,,,6.405
3632,4.279,4.675,11.32,3.341,,,,,,,,,,,,,7.33
3633,4.279,4.675,11.32,3.341,,,,,,,,,,,,,6.753
3634,4.279,4.675,11.32,3.341,,,,,,,,,,,,,7.076
3635,4.279,4.675,11.32,3.341,,,,,,,,,,,,,7.283
3636,4.279,4.675,11.32,3.341,,,,,,,,,,,,,7.411
3637,4.279,4.675,11.32,3.341,,,,,,,,,,,,,6.901
3638,4.279,4.675,11.32,3.341,,,,,,,,,,,,,6.853
3639,4.279,4.675,11.32,3.341,,,,,,,,,,,,,8.184
3640,4.279,4.675,11.32,3.341,,,,,,,,,,,,,6.738
3641,4.279,4.675,11.32,3.341,,,,,,,,,,,,,6.639
3642,4.279,4.675,11.32,3.341,,,,,,,,,,,,,8.628
3643,4.279,4.675,11.32,3.341,,,,,,,,,,,,,5.632
3644,4.279,4.675,11.32,3.341,,,,,,,,,,,,,7.251
3645,4.279,4.675,11.32,3.341,,,,,,,,,,,,,7.599
3646,4.279,4.675,11.32,3.341,,,,,,,,,,,,,7.259
3651,4.279,4.675,11.32,3.341,,,,,,,,,,,,,7.5
3652,4.279,4.675,11.32,3.341,,,,,,,,,,,,,6.412
3653,4.279,4.675,11.32,3.341,,,,,,,,,,,,,7.167
3654,4.279,4.675,11.32,3.341,,,,,,,,,,,,,7.161
3655,4.279,4.675,11.32,3.341,,,,,,,,,,,,,7.904
3656,4.279,4.675,11.32,3.341,,,,,,,,,,,,,6.177
3657,4.279,4.675,11.32,3.341,,,,,,,,,,,,,11.655
3658,4.279,4.675,11.32,3.341,,,,,,,,,,,,,4.38
3659,4.279,4.675,11.32,3.341,,,,,,,,,,,,,5.412
3660,4.279,4.675,11.32,3.341,,,,,,,,,,,,,6.977
3661,4.279,4.675,11.32,3.341,,,,,,,,,,,,,6.902
3662,4.279,4.675,11.32,3.341,,,,,,,,,,,,,8.473
3663,4.279,4.675,11.32,3.341,,,,,,,,,,,,,6.388
3664,4.279,4.675,11.32,3.341,,,,,,,,,,,,,6.402
3665,4.279,4.675,11.32,3.341,,,,,,,,,,,,,8.204
3666,4.279,4.675,11.32,3.341,,,,,,,,,,,,,6.366
3667,4.279,4.675,11.32,3.341,,,,,,,,,,,,,6.678
3668,4.279,4.675,11.32,3.341,,,,,,,,,,,,,7.33
3669,4.279,4.675,11.32,3.341,,,,,,,,,,,,,7.277
3670,4.279,4.675,11.32,3.341,,,,,,,,,,,,,7.406
3671,4.279,4.675,11.32,3.341,,,,,,,,,,,,,6.686
3672,4.279,4.675,11.32,3.341,,,,,,,,,,,,,9.388
3673,4.279,4.675,11.32,3.341,,,,,,,,,,,,,30.491
3674,4.279,4.675,11.32,3.341,,,,,,,,,,,,,1.701
3675,4.279,4.675,11.32,3.341,,,,,,,,,,,,,0.958
3676,4.279,4.675,11.32,3.341,,,,,,,,,,,,,0.835
3677,4.279,4.675,11.32,3.341,,,,,,,,,,,,,0.822
3682,4.279,4.675,11.32,3.341,,,,,,,,,,,,,7.151
3683,4.279,4.675,11.32,3.341,,,,,,,,,,,,,7.386
3684,4.279,4.675,11.32,3.341,,,,,,,,,,,,,6.823
3685,4.279,4.675,11.32,3.341,,,,,,,,,,,,,7.175
3686,4.279,4.675,11.32,3.341,,,,,,,,,,,,,7.312
3687,4.279,4.675,11.32,3.341,,,,,,,,,,,,,11.209
3688,4.279,4.675,11.32,3.341,,,,,,,,,,,,,5.464
3689,4.279,4.675,11.32,3.341,,,,,,,,,,,,,4.474
3690,4.279,4.675,11.32,3.341,,,,,,,,,,,,,6.705
3691,4.279,4.675,11.32,3.341,,,,,,,,,,,,,7.157
3692,4.279,4.675,11.32,3.341,,,,,,,,,,,,,7.617
3693,4.279,4.675,11.32,3.341,,,,,,,,,,,,,6.775
3694,4.279,4.675,11.32,3.341,,,,,,,,,,,,,7.35
3695,4.279,4.675,11.32,3.341,,,,,,,,,,,,,6.717
3696,4.279,4.675,11.32,3.341,,,,,,,,,,,,,7.3
3697,4.279,4.675,11.32,3.341,,,,,,,,,,,,,14.785
3698,4.279,4.675,11.32,3.341,,,,,,,,,,,,,4.589
3699,4.279,4.675,11.32,3.341,,,,,,,,,,,,,5.688
3700,4.279,4.675,11.32,3.341,,,,,,,,,,,,,6.795
3701,4.279,4.675,11.32,3.341,,,,,,,,,,,,,7.968
3702,4.279,4.675,11.32,3.341,,,,,,,,,,,,,6.685
3703,4.279,4.675,11.32,3.341,,,,,,,,,,,,,7.357
3704,4.279,4.675,11.32,3.341,,,,,,,,,,,,,7.175
3705,4.279,4.675,11.32,3.341,,,,,,,,,,,,,7.004
3706,4.279,4.675,11.32,3.341,,,,,,,,,,,,,6.934
3707,4.279,4.675,11.32,3.341,,,,,,,,,,,,,7.053
3708,4.279,4.675,11.32,3.341,,,,,,,,,,,,,8.801
3709,4.279,4.675,11.32,3.341,,,,,,,,,,,,,5.585
3710,4.279,4.675,11.32,3.341,,,,,,,,,,,,,7.302
3711,4.279,4.675,11.32,3.341,,,,,,,,,,,,,10.835
3712,4.279,4.675,11.32,3.341,,,,,,,,,,,,,4.408
3713,4.279,4.675,11.32,3.341,,,,,,,,,,,,,6.906
3714,4.279,4.675,11.32,3.341,,,,,,,,,,,,,6.828
3715,4.279,4.675,11.32,3.341,,,,,,,,,,,,,6.674
3716,4.279,4.675,11.32,3.341,,,,,,,,,,,,,7.346
3717,4.279,4.675,11.32,3.341,,,,,,,,,,,,,6.972
3718,4.279,4.675,11.32,3.341,,,,,,,,,,,,,7.598
3719,4.279,4.675,11.32,3.341,,,,,,,,,,,,,7.288
3720,4.279,4.675,11.32,3.341,,,,,,,,,,,,,8.273
3721,4.279,4.675,11.32,3.341,,,,,,,,,,,,,5.352
3722,4.279,4.675,11.32,3.341,,,,,,,,,,,,,7.74
3723,4.279,4.675,11.32,3.341,,,,,,,,,,,,,6.64
3724,4.279,4.675,11.32,3.341,,,,,,,,,,,,,7.271
3725,4.279,4.675,11.32,3.341,,,,,,,,,,,,,7.183
3726,4.279,4.675,11.32,3.341,,,,,,,,,,,,,7.373
3727,4.279,4.675,11.32,3.341,,,,,,,,,,,,,26.788
3728,4.279,4.675,11.32,3.341,,,,,,,,,,,,,1.56
3729,4.279,4.675,11.32,3.341,,,,,,,,,,,,,15.784
3730,4.279,4.676,11.32,3.341,,,,,,,,,,,,,1.216
3731,4.279,4.676,11.32,3.341,,,,,,,,,,,,,0.742
3732,4.279,4.676,11.32,3.341,,,,,,,,,,,,,4.421
3733,4.279,4.676,11.32,3.341,,,,,,,,,,,,,1.031
3734,4.279,4.676,11.32,3.341,,,,,,,,,,,,,3.402
3735,4.279,4.675,11.32,3.341,,,,,,,,,,,,,4.458
3736,4.279,4.675,11.32,3.341,,,,,,,,,,,,,6.124
3737,4.279,4.675,11.32,3.341,,,,,,,,,,,,,6.401
3738,4.279,4.675,11.32,3.341,,,,,,,,,,,,,7.515
3739,4.279,4.675,11.32,3.341,,,,,,,,,,,,,7.092
3740,4.279,4.675,11.32,3.341,,,,,,,,,,,,,8.093
3741,4.279,4.675,11.32,3.341,,,,,,,,,,,,,6.748
3742,4.279,4.675,11.32,3.341,,,,,,,,,,,,,6.81
3743,4.279,4.675,11.32,3.341,,,,,,,,,,,,,8.346
3744,4.279,4.675,11.32,3.341,,,,,,,,,,,,,6.692
3745,4.279,4.675,11.32,3.341,,,,,,,,,,,,,6.56
3746,4.279,4.675,11.32,3.341,,,,,,,,,,,,,7.602
3747,4.279,4.675,11.32,3.341,,,,,,,,,,,,,5.799
3748,4.279,4.675,11.32,3.341,,,,,,,,,,,,,7.944
3749,4.279,4.675,11.32,3.341,,,,,,,,,,,,,6.076
3750,4.279,4.675,11.32,3.341,,,,,,,,,,,,,7.764
3751,4.279,4.675,11.32,3.341,,,,,,,,,,,,,6.525
3752,4.279,4.675,11.32,3.341,,,,,,,,,,,,,7.271
3753,4.279,4.675,11.32,3.341,,,,,,,,,,,,,7.44
3754,4.279,4.675,11.32,3.341,,,,,,,,,,,,,7.679
3755,4.279,4.675,11.32,3.341,,,,,,,,,,,,,9.727
3756,4.279,4.675,11.32,3.341,,,,,,,,,,,,,4.507
3757,4.279,4.675,11.32,3.341,,,,,,,,,,,,,7.932
3758,4.279,4.675,11.32,3.341,,,,,,,,,,,,,5.93
3759,4.279,4.675,11.32,3.341,,,,,,,,,,,,,7.999
3760,4.279,4.675,11.32,3.341,,,,,,,,,,,,,7.425
3761,4.279,4.675,11.32,3.341,,,,,,,,,,,,,7.542
3762,4.279,4.675,11.32,3.341,,,,,,,,,,,,,6.817
3763,4.279,4.675,11.32,3.341,,,,,,,,,,,,,8.356
3764,4.279,4.675,11.32,3.341,,,,,,,,,,,,,6.199
3778,4.279,4.675,11.32,3.341,,,,,,,,,,,,,0.087
3779,4.279,4.675,11.32,3.341,,,,,,,,,,,,,4.811
3780,4.279,4.675,11.32,3.341,,,,,,,,,,,,,4.594
3781,4.279,4.675,11.32,3.341,,,,,,,,,,,,,5.865
3782,4.279,4.675,11.32,3.341,,,,,,,,,,,,,7.268
3783,4.279,4.675,11.32,3.341,,,,,,,,,,,,,7.143
3784,4.279,4.675,11.32,3.341,,,,,,,,,,,,,7.544
3785,4.279,4.675,11.32,3.341,,,,,,,,,,,,,6.728
3786,4.279,4.675,11.32,3.341,,,,,,,,,,,,,7.303
3787,4.279,4.675,11.32,3.341,,,,,,,,,,,,,7.078
3788,4.279,4.675,11.32,3.341,,,,,,,,,,,,,7.205
3789,4.279,4.675,11.32,3.341,,,,,,,,,,,,,7.087
3790,4.279,4.675,11.32,3.341,,,,,,,,,,,,,9.891
3791,4.279,4.675,11.32,3.341,,,,,,,,,,,,,4.459
3792,4.279,4.675,11.32,3.341,,,,,,,,,,,,,6.9
3797,4.279,4.675,11.32,3.341,,,,,,,,,,,,,0.138
3798,4.279,4.675,11.32,3.341,,,,,,,,,,,,,1.446
3799,4.279,4.675,11.32,3.341,,,,,,,,,,,,,2.83
3800,4.279,4.675,11.32,3.341,,,,,,,,,,,,,1.266
3801,4.279,4.675,11.32,3.341,,,,,,,,,,,,,0.898
3802,4.279,4.675,11.32,3.341,,,,,,,,,,,,,2.346
3803,4.279,4.675,11.32,3.341,,,,,,,,,,,,,6.608
3804,4.279,4.675,11.32,3.341,,,,,,,,,,,,,5.894
3805,4.279,4.675,11.32,3.341,,,,,,,,,,,,,8.553
3809,4.279,4.675,11.32,3.341,,,,,,,,,,,,,7.678
3810,4.279,4.675,11.32,3.341,,,,,,,,,,,,,6.382
3811,4.279,4.675,11.32,3.341,,,,,,,,,,,,,6.896
3812,4.279,4.675,11.32,3.341,,,,,,,,,,,,,7.095
3813,4.279,4.675,11.32,3.341,,,,,,,,,,,,,7.238
3814,4.279,4.675,11.32,3.341,,,,,,,,,,,,,8.14
3815,4.279,4.675,11.32,3.341,,,,,,,,,,,,,6.474
3816,4.279,4.675,11.32,3.341,,,,,,,,,,,,,7.419
3817,4.279,4.675,11.32,3.341,,,,,,,,,,,,,6.744
3818,4.279,4.675,11.32,3.341,,,,,,,,,,,,,6.781
3819,4.279,4.675,11.32,3.341,,,,,,,,,,,,,9.364
3820,4.279,4.675,11.32,3.341,,,,,,,,,,,,,8.722
3821,4.279,4.675,11.32,3.341,,,,,,,,,,,,,6.285
3822,4.279,4.675,11.32,3.341,,,,,,,,,,,,,4.272
3823,4.279,4.675,11.32,3.341,,,,,,,,,,,,,7.977
3824,4.279,4.675,11.32,3.341,,,,,,,,,,,,,6.686
3825,4.279,4.675,11.32,3.341,,,,,,,,,,,,,6.317
3826,4.279,4.675,11.32,3.341,,,,,,,,,,,,,7.182
3827,4.279,4.675,11.32,3.341,,,,,,,,,,,,,7.237
3832,4.279,4.675,11.32,3.341,,,,,,,,,,,,,8.444
3833,4.279,4.675,11.32,3.341,,,,,,,,,,,,,4.57
3834,4.279,4.675,11.32,3.341,,,,,,,,,,,,,9.769
3835,4.279,4.675,11.32,3.341,,,,,,,,,,,,,3.444
3836,4.279,4.675,11.32,3.341,,,,,,,,,,,,,8.061
3837,4.279,4.675,11.32,3.341,,,,,,,,,,,,,7.669
3838,4.279,4.675,11.32,3.341,,,,,,,,,,,,,6.373
3839,4.279,4.676,11.32,3.341,,,,,,,,,,,,,7.454
3840,4.279,4.676,11.32,3.341,,,,,,,,,,,,,6.418
3841,4.279,4.676,11.32,3.341,,,,,,,,,,,,,7.317
3842,4.279,4.676,11.32,3.341,,,,,,,,,,,,,7.239
3843,4.279,4.675,11.32,3.341,,,,,,,,,,,,,11.207
3844,4.279,4.675,11.32,3.341,,,,,,,,,,,,,4.484
3845,4.279,4.675,11.32,3.341,,,,,,,,,,,,,6.661
3846,4.279,4.675,11.32,3.341,,,,,,,,,,,,,7.051
3851,4.279,4.675,11.32,3.341,,,,,,,,,,,,,7.078
3852,4.279,4.675,11.32,3.341,,,,,,,,,,,,,9.533
3853,4.279,4.675,11.32,3.341,,,,,,,,,,,,,5.391
3854,4.279,4.675,11.32,3.341,,,,,,,,,,,,,8.993
3855,4.279,4.675,11.32,3.341,,,,,,,,,,,,,4.861
3856,4.279,4.675,11.32,3.341,,,,,,,,,,,,,7.951
3857,4.279,4.675,11.32,3.341,,,,,,,,,,,,,7.47
3858,4.279,4.675,11.32,3.341,,,,,,,,,,,,,6.697
3859,4.279,4.675,11.32,3.341,,,,,,,,,,,,,7.375
3860,4.279,4.675,11.32,3.341,,,,,,,,,,,,,6.487
3861,4.279,4.675,11.32,3.341,,,,,,,,,,,,,6.913
3862,4.279,4.675,11.32,3.341,,,,,,,,,,,,,7.236
3863,4.279,4.675,11.32,3.341,,,,,,,,,,,,,7.328
3864,4.279,4.675,11.32,3.341,,,,,,,,,,,,,7.431
3865,4.279,4.675,11.32,3.341,,,,,,,,,,,,,6.493
3866,4.279,4.675,11.32,3.341,,,,,,,,,,,,,7.402
3867,4.279,4.675,11.32,3.341,,,,,,,,,,,,,7.494
3868,4.279,4.675,11.32,3.341,,,,,,,,,,,,,6.119
3869,4.279,4.675,11.32,3.341,,,,,,,,,,,,,7.353
3870,4.279,4.675,11.32,3.341,,,,,,,,,,,,,9.189
3871,4.279,4.675,11.32,3.341,,,,,,,,,,,,,7.438
3872,4.279,4.675,11.32,3.341,,,,,,,,,,,,,6.45
3873,4.279,4.675,11.32,3.341,,,,,,,,,,,,,7.093
3874,4.279,4.675,11.32,3.341,,,,,,,,,,,,,6.493
3875,4.279,4.675,11.32,3.341,,,,,,,,,,,,,22.526
3876,4.279,4.675,11.32,3.341,,,,,,,,,,,,,4.321
3877,4.279,4.675,11.32,3.341,,,,,,,,,,,,,1.075
3878,4.279,4.675,11.32,3.341,,,,,,,,,,,,,0.801
3879,4.279,4.675,11.32,3.341,,,,,,,,,,,,,11.229
3880,4.279,4.675,11.32,3.341,,,,,,,,,,,,,4.328
3881,4.279,4.675,11.32,3.341,,,,,,,,,,,,,4.542
3882,4.279,4.675,11.32,3.341,,,,,,,,,,,,,6.216
3883,4.279,4.675,11.32,3.341,,,,,,,,,,,,,5.559
3884,4.279,4.675,11.32,3.341,,,,,,,,,,,,,7.533
3885,4.279,4.675,11.32,3.341,,,,,,,,,,,,,6.651
3886,4.279,4.675,11.32,3.341,,,,,,,,,,,,,7.333
3887,4.279,4.675,11.32,3.341,,,,,,,,,,,,,7.238
3888,4.279,4.675,11.32,3.341,,,,,,,,,,,,,6.634
3893,4.279,4.675,11.32,3.341,,,,,,,,,,,,,7.941
3894,4.279,4.675,11.32,3.341,,,,,,,,,,,,,7.453
3895,4.279,4.675,11.32,3.341,,,,,,,,,,,,,19.568
3896,4.279,4.675,11.32,3.341,,,,,,,,,,,,,15.422
3897,4.279,4.675,11.32,3.341,,,,,,,,,,,,,1.926
3898,4.279,4.675,11.32,3.341,,,,,,,,,,,,,13.359
3899,4.279,4.675,11.32,3.341,,,,,,,,,,,,,1.705
3900,4.279,4.675,11.32,3.341,,,,,,,,,,,,,1.509
3901,4.279,4.675,11.32,3.341,,,,,,,,,,,,,12.065
3902,4.279,4.675,11.32,3.341,,,,,,,,,,,,,1.631
3903,4.279,4.675,11.32,3.341,,,,,,,,,,,,,2.983
3904,4.279,4.675,11.32,3.341,,,,,,,,,,,,,1.215
3905,4.279,4.675,11.32,3.341,,,,,,,,,,,,,0.891
3906,4.279,4.675,11.32,3.341,,,,,,,,,,,,,3.284
3907,4.279,4.675,11.32,3.341,,,,,,,,,,,,,8.036
3908,4.279,4.675,11.32,3.341,,,,,,,,,,,,,7.355
3909,4.279,4.675,11.32,3.341,,,,,,,,,,,,,5.869
3910,4.279,4.675,11.32,3.341,,,,,,,,,,,,,7.68
3911,4.279,4.675,11.32,3.341,,,,,,,,,,,,,7.154
3912,4.279,4.675,11.32,3.341,,,,,,,,,,,,,8.866
3913,4.279,4.675,11.32,3.341,,,,,,,,,,,,,5.016
3914,4.279,4.675,11.32,3.341,,,,,,,,,,,,,7.331
3915,4.279,4.675,11.32,3.341,,,,,,,,,,,,,6.432
3916,4.279,4.675,11.32,3.341,,,,,,,,,,,,,8.289
3925,4.279,4.675,11.32,3.341,,,,,,,,,,,,,5.889
3926,4.279,4.675,11.32,3.341,,,,,,,,,,,,,7.399
3927,4.279,4.675,11.32,3.341,,,,,,,,,,,,,7.455
3928,4.279,4.675,11.32,3.341,,,,,,,,,,,,,6.357
3929,4.279,4.675,11.32,3.341,,,,,,,,,,,,,7.245
3930,4.279,4.675,11.32,3.341,,,,,,,,,,,,,6.92
3931,4.279,4.675,11.32,3.341,,,,,,,,,,,,,7.794
3932,4.279,4.675,11.32,3.341,,,,,,,,,,,,,6.539
3933,4.279,4.675,11.32,3.341,,,,,,,,,,,,,7.525
3934,4.279,4.675,11.32,3.341,,,,,,,,,,,,,6.913
3935,4.279,4.675,11.32,3.341,,,,,,,,,,,,,7.333
3936,4.279,4.675,11.32,3.341,,,,,,,,,,,,,7.068
3937,4.279,4.675,11.32,3.341,,,,,,,,,,,,,6.922
3938,4.279,4.675,11.32,3.341,,,,,,,,,,,,,7.42
3939,4.279,4.675,11.32,3.341,,,,,,,,,,,,,7.178
3940,4.279,4.675,11.32,3.341,,,,,,,,,,,,,10.657
3941,4.279,4.675,11.32,3.341,,,,,,,,,,,,,4.034
3942,4.279,4.675,11.32,3.341,,,,,,,,,,,,,6.42
3943,4.279,4.675,11.32,3.341,,,,,,,,,,,,,7.183
3944,4.279,4.675,11.32,3.341,,,,,,,,,,,,,7.111
3945,4.279,4.675,11.32,3.341,,,,,,,,,,,,,9.56
3946,4.279,4.675,11.32,3.341,,,,,,,,,,,,,5.857
3947,4.279,4.675,11.32,3.341,,,,,,,,,,,,,7.05
3948,4.279,4.675,11.32,3.341,,,,,,,,,,,,,6.634
3949,4.279,4.675,11.32,3.341,,,,,,,,,,,,,7.442
3950,4.279,4.675,11.32,3.341,,,,,,,,,,,,,7.924
3951,4.279,4.675,11.32,3.341,,,,,,,,,,,,,6.234
3952,4.279,4.675,11.32,3.341,,,,,,,,,,,,,8.361
3953,4.279,4.675,11.32,3.341,,,,,,,,,,,,,5.365
3954,4.279,4.675,11.32,3.341,,,,,,,,,,,,,7.65
3955,4.279,4.675,11.32,3.341,,,,,,,,,,,,,7.286
3956,4.279,4.675,11.32,3.341,,,,,,,,,,,,,6.577
3957,4.279,4.675,11.32,3.341,,,,,,,,,,,,,7.239
3958,4.279,4.675,11.32,3.341,,,,,,,,,,,,,7.093
3963,4.279,4.675,11.32,3.341,,,,,,,,,,,,,5.969
3964,4.279,4.675,11.32,3.341,,,,,,,,,,,,,8.57
3965,4.279,4.675,11.32,3.341,,,,,,,,,,,,,5.614
3966,4.279,4.675,11.32,3.341,,,,,,,,,,,,,10.252
3967,4.279,4.675,11.32,3.341,,,,,,,,,,,,,4.241
3968,4.279,4.675,11.32,3.341,,,,,,,,,,,,,7.501
3969,4.279,4.675,11.32,3.341,,,,,,,,,,,,,5.799
3970,4.279,4.675,11.32,3.341,,,,,,,,,,,,,6.986
3971,4.279,4.675,11.32,3.341,,,,,,,,,,,,,7.706
3972,4.279,4.675,11.32,3.341,,,,,,,,,,,,,6.659
3973,4.279,4.675,11.32,3.341,,,,,,,,,,,,,7.497
3974,4.279,4.675,11.32,3.341,,,,,,,,,,,,,6.857
3975,4.279,4.675,11.32,3.341,,,,,,,,,,,,,35.334
3976,4.279,4.675,11.32,3.341,,,,,,,,,,,,,5.309
3977,4.279,4.675,11.32,3.341,,,,,,,,,,,,,1.46
3978,4.279,4.675,11.32,3.341,,,,,,,,,,,,,0.975
3979,4.279,4.675,11.32,3.341,,,,,,,,,,,,,0.778
3980,4.279,4.675,11.32,3.341,,,,,,,,,,,,,0.709
3981,4.279,4.675,11.32,3.341,,,,,,,,,,,,,0.691
3982,4.279,4.675,11.32,3.341,,,,,,,,,,,,,10.28
3983,4.279,4.675,11.32,3.341,,,,,,,,,,,,,7.237
3984,4.279,4.675,11.32,3.341,,,,,,,,,,,,,7.892
3985,4.279,4.675,11.32,3.341,,,,,,,,,,,,,6.166
3986,4.279,4.675,11.32,3.341,,,,,,,,,,,,,7.66
3987,4.279,4.675,11.32,3.341,,,,,,,,,,,,,6.562
3988,4.279,4.675,11.32,3.341,,,,,,,,,,,,,7.228
3993,4.279,4.675,11.32,3.341,,,,,,,,,,,,,7.163
3994,4.279,4.675,11.32,3.341,,,,,,,,,,,,,7.229
3995,4.279,4.675,11.32,3.341,,,,,,,,,,,,,6.806
3996,4.279,4.675,11.32,3.341,,,,,,,,,,,,,7.245
3997,4.279,4.675,11.32,3.341,,,,,,,,,,,,,7.748
3998,4.279,4.675,11.32,3.341,,,,,,,,,,,,,6.021
3999,4.279,4.675,11.32,3.341,,,,,,,,,,,,,7.237
4000,4.279,4.675,11.32,3.341,,,,,,,,,,,,,7.161
4001,4.279,4.675,11.32,3.341,,,,,,,,,,,,,7.305
4002,4.279,4.675,11.32,3.341,,,,,,,,,,,,,7.288
4003,4.279,4.675,11.32,3.341,,,,,,,,,,,,,7.181
4004,4.279,4.675,11.32,3.341,,,,,,,,,,,,,7.504
4005,4.279,4.675,11.32,3.341,,,,,,,,,,,,,6.814
4006,4.279,4.675,11.32,3.341,,,,,,,,,,,,,7.212
4007,4.279,4.675,11.32,3.341,,,,,,,,,,,,,7.594
4008,4.279,4.675,11.32,3.341,,,,,,,,,,,,,6.648
4009,4.279,4.675,11.32,3.341,,,,,,,,,,,,,6.304
4010,4.279,4.675,11.32,3.341,,,,,,,,,,,,,8.082
4011,4.279,4.675,11.32,3.341,,,,,,,,,,,,,8.96
4012,4.279,4.675,11.32,3.341,,,,,,,,,,,,,5.411
4013,4.279,4.675,11.32,3.341,,,,,,,,,,,,,7.067
4014,4.279,4.675,11.32,3.341,,,,,,,,,,,,,7.277
4015,4.279,4.675,11.32,3.341,,,,,,,,,,,,,7.268
4016,4.279,4.675,11.32,3.341,,,,,,,,,,,,,7.142
4017,4.279,4.675,11.32,3.341,,,,,,,,,,,,,7.009
4018,4.279,4.675,11.32,3.341,,,,,,,,,,,,,7.52
4019,4.279,4.675,11.32,3.341,,,,,,,,,,,,,7.157
4020,4.279,4.675,11.32,3.341,,,,,,,,,,,,,8.017
4021,4.279,4.675,11.32,3.341,,,,,,,,,,,,,6.68
4022,4.279,4.675,11.32,3.341,,,,,,,,,,,,,8.509
4027,4.279,4.675,11.32,3.341,,,,,,,,,,,,,6.506
4028,4.279,4.675,11.32,3.341,,,,,,,,,,,,,5.584
4029,4.279,4.675,11.32,3.341,,,,,,,,,,,,,7.176
4030,4.279,4.675,11.32,3.341,,,,,,,,,,,,,13.866
4031,4.279,4.675,11.32,3.341,,,,,,,,,,,,,5.446
4032,4.279,4.675,11.32,3.341,,,,,,,,,,,,,4.588
4033,4.279,4.675,11.32,3.341,,,,,,,,,,,,,4.515
4034,4.279,4.675,11.32,3.341,,,,,,,,,,,,,8.774
4035,4.279,4.675,11.32,3.341,,,,,,,,,,,,,5.705
4036,4.279,4.675,11.32,3.341,,,,,,,,,,,,,7.001
4037,4.279,4.675,11.32,3.341,,,,,,,,,,,,,7.671
4038,4.279,4.675,11.32,3.341,,,,,,,,,,,,,6.592
4039,4.279,4.675,11.32,3.341,,,,,,,,,,,,,7.526
4040,4.279,4.675,11.32,3.341,,,,,,,,,,,,,10.583
4041,4.279,4.675,11.32,3.341,,,,,,,,,,,,,5.819
4042,4.279,4.675,11.32,3.341,,,,,,,,,,,,,8.121
4043,4.279,4.675,11.32,3.341,,,,,,,,,,,,,4.426
4044,4.279,4.675,11.32,3.341,,,,,,,,,,,,,5.921
4045,4.279,4.675,11.32,3.341,,,,,,,,,,,,,7.329
4046,4.279,4.675,11.32,3.341,,,,,,,,,,,,,8.442
4047,4.279,4.675,11.32,3.341,,,,,,,,,,,,,6.296
4048,4.279,4.675,11.32,3.341,,,,,,,,,,,,,6.948
4049,4.279,4.675,11.32,3.341,,,,,,,,,,,,,7.351
4050,4.279,4.675,11.32,3.341,,,,,,,,,,,,,8.189
4051,4.279,4.675,11.32,3.341,,,,,,,,,,,,,5.726
4052,4.279,4.675,11.32,3.341,,,,,,,,,,,,,7.176
4053,4.279,4.675,11.32,3.341,,,,,,,,,,,,,9.027
4054,4.279,4.675,11.32,3.341,,,,,,,,,,,,,5.374
4055,4.279,4.675,11.32,3.341,,,,,,,,,,,,,20.994
4056,4.279,4.675,11.32,3.341,,,,,,,,,,,,,5.121
4057,4.279,4.675,11.32,3.341,,,,,,,,,,,,,1.469
4058,4.279,4.675,11.32,3.341,,,,,,,,,,,,,3.331
4059,4.279,4.675,11.32,3.341,,,,,,,,,,,,,4.44
4060,4.279,4.675,11.32,3.341,,,,,,,,,,,,,5.617
4061,4.279,4.675,11.32,3.341,,,,,,,,,,,,,6.838
4062,4.279,4.675,11.32,3.341,,,,,,,,,,,,,7.214
4063,4.279,4.675,11.32,3.341,,,,,,,,,,,,,32.381
4064,4.279,4.675,11.32,3.341,,,,,,,,,,,,,5.109
4065,4.279,4.675,11.32,3.341,,,,,,,,,,,,,2.515
4066,4.279,4.675,11.32,3.341,,,,,,,,,,,,,1.268
4067,4.279,4.675,11.32,3.341,,,,,,,,,,,,,1.667
4068,4.279,4.675,11.32,3.341,,,,,,,,,,,,,2.375
4069,4.279,4.675,11.32,3.341,,,,,,,,,,,,,1.634
4070,4.279,4.675,11.32,3.341,,,,,,,,,,,,,5.597
4071,4.279,4.675,11.32,3.341,,,,,,,,,,,,,8.333
4072,4.279,4.675,11.32,3.341,,,,,,,,,,,,,5.656
4073,4.279,4.675,11.32,3.341,,,,,,,,,,,,,8.234
4074,4.279,4.675,11.32,3.341,,,,,,,,,,,,,6.579
4075,4.279,4.675,11.32,3.341,,,,,,,,,,,,,6.8
4076,4.279,4.675,11.32,3.341,,,,,,,,,,,,,7.083
4077,4.279,4.675,11.32,3.341,,,,,,,,,,,,,7.304
4078,4.279,4.675,11.32,3.342,,,,,,,,,,,,,7.062
4079,4.279,4.675,11.32,3.342,,,,,,,,,,,,,7.874
4080,4.279,4.676,11.32,3.342,,,,,,,,,,,,,6.609
4081,4.279,4.676,11.32,3.342,,,,,,,,,,,,,7.825
4082,4.279,4.676,11.32,3.34,,,,,,,,,,,,,6.372
4083,4.278,4.676,11.32,3.34,,,,,,,,,,,,,6.92
4084,4.278,4.675,11.32,3.34,,,,,,,,,,,,,7.548
4085,4.278,4.675,11.32,3.34,,,,,,,,,,,,,6.862
4086,4.278,4.675,11.32,3.34,,,,,,,,,,,,,7.343
4087,4.279,4.675,11.32,3.34,,,,,,,,,,,,,7.096
4088,4.279,4.675,11.32,3.34,,,,,,,,,,,,,7.533
4089,4.279,4.675,11.32,3.343,,,,,,,,,,,,,8.268
4090,4.279,4.675,11.32,3.343,,,,,,,,,,,,,5.691
4091,4.28,4.675,11.32,3.343,,,,,,,,,,,,,7.455
4092,4.28,4.676,11.32,3.343,,,,,,,,,,,,,6.991
4093,4.28,4.676,11.32,3.341,,,,,,,,,,,,,7.054
4094,4.28,4.676,11.32,3.341,,,,,,,,,,,,,7.371
4095,4.279,4.675,11.32,3.341,,,,,,,,,,,,,6.78
4096,4.279,4.675,11.32,3.341,,,,,,,,,,,,,7.137
4097,4.279,4.675,11.32,3.34,,,,,,,,,,,,,7.156
4098,4.279,4.675,11.32,3.34,,,,,,,,,,,,,7.235
4099,4.279,4.676,11.32,3.34,,,,,,,,,,,,,7.239
4100,4.279,4.676,11.32,3.34,,,,,,,,,,,,,7.01
4101,4.279,4.676,11.32,3.341,,,,,,,,,,,,,7.17
4102,4.279,4.676,11.32,3.341,,,,,,,,,,,,,7.517
4103,4.279,4.676,11.32,3.341,,,,,,,,,,,,,7.84
4104,4.279,4.676,11.32,3.342,,,,,,,,,,,,,7.647
4105,4.279,4.676,11.32,3.342,,,,,,,,,,,,,6.764
4106,4.279,4.676,11.32,3.342,,,,,,,,,,,,,7.436
4107,4.279,4.675,11.32,3.342,,,,,,,,,,,,,7.096
4108,4.279,4.675,11.32,3.34,,,,,,,,,,,,,7.625
4109,4.279,4.675,11.32,3.34,,,,,,,,,,,,,7.337
4110,4.279,4.675,11.32,3.34,,,,,,,,,,,,,6.841
4111,4.279,4.675,11.32,3.34,,,,,,,,,,,,,7.382
4112,4.279,4.675,11.32,3.341,,,,,,,,,,,,,6.894
4113,4.279,4.675,11.32,3.341,,,,,,,,,,,,,7.661
4114,4.279,4.675,11.32,3.341,,,,,,,,,,,,,9.079
4115,4.279,4.675,11.32,3.341,,,,,,,,,,,,,4.881
4116,4.279,4.675,11.32,3.342,,,,,,,,,,,,,7.104
4117,4.279,4.675,11.32,3.342,,,,,,,,,,,,,7.477
4118,4.279,4.675,11.32,3.342,,,,,,,,,,,,,8.159
4119,4.279,4.675,11.32,3.341,,,,,,,,,,,,,6.315
4120,4.279,4.675,11.32,3.341,,,,,,,,,,,,,7.288
4121,4.279,4.675,11.32,3.341,,,,,,,,,,,,,6.885
4126,4.279,4.675,11.32,3.341,,,,,,,,,,,,,6.781
4127,4.279,4.675,11.32,3.341,,,,,,,,,,,,,7.041
4128,4.279,4.675,11.32,3.341,,,,,,,,,,,,,7.317
4129,4.279,4.675,11.32,3.341,,,,,,,,,,,,,7.349
4130,4.279,4.675,11.32,3.341,,,,,,,,,,,,,6.834
4131,4.279,4.675,11.32,3.341,,,,,,,,,,,,,7.272
4132,4.279,4.675,11.32,3.341,,,,,,,,,,,,,7.446
4133,4.279,4.675,11.32,3.341,,,,,,,,,,,,,7.132
4134,4.279,4.675,11.32,3.341,,,,,,,,,,,,,11.272
4135,4.279,4.675,11.32,3.341,,,,,,,,,,,,,4.585
4136,4.279,4.675,11.32,3.341,,,,,,,,,,,,,5.294
4137,4.279,4.675,11.32,3.341,,,,,,,,,,,,,7.474
4138,4.279,4.675,11.32,3.341,,,,,,,,,,,,,6.95
4139,4.279,4.675,11.32,3.341,,,,,,,,,,,,,7.325
4140,4.279,4.675,11.32,3.341,,,,,,,,,,,,,7.25
4145,4.279,4.675,11.32,3.341,,,,,,,,,,,,,0.177
4146,4.279,4.675,11.32,3.341,,,,,,,,,,,,,1.932
4147,4.279,4.675,11.32,3.341,,,,,,,,,,,,,2.314
4148,4.279,4.675,11.32,3.341,,,,,,,,,,,,,5.384
4153,4.279,4.675,11.32,3.341,,,,,,,,,,,,,8.866
4154,4.279,4.675,11.32,3.341,,,,,,,,,,,,,5.628
4155,4.279,4.675,11.32,3.341,,,,,,,,,,,,,6.689
4156,4.279,4.675,11.32,3.341,,,,,,,,,,,,,7.276
4157,4.279,4.675,11.32,3.341,,,,,,,,,,,,,8.131
4158,4.279,4.675,11.32,3.341,,,,,,,,,,,,,6.314
4159,4.279,4.675,11.32,3.341,,,,,,,,,,,,,10.57
4160,4.279,4.675,11.32,3.341,,,,,,,,,,,,,4.281
4161,4.279,4.675,11.32,3.341,,,,,,,,,,,,,6.461
4162,4.279,4.675,11.32,3.341,,,,,,,,,,,,,8.745
4163,4.279,4.675,11.32,3.341,,,,,,,,,,,,,5.596
4164,4.279,4.675,11.32,3.341,,,,,,,,,,,,,29.866
4165,4.279,4.675,11.32,3.341,,,,,,,,,,,,,1.59
4166,4.279,4.675,11.32,3.341,,,,,,,,,,,,,1.597
4167,4.279,4.675,11.32,3.341,,,,,,,,,,,,,1.578
4168,4.279,4.675,11.32,3.341,,,,,,,,,,,,,1.101
4169,4.279,4.675,11.32,3.341,,,,,,,,,,,,,1.457
4170,4.279,4.675,11.32,3.341,,,,,,,,,,,,,6.793
4171,4.279,4.675,11.32,3.341,,,,,,,,,,,,,7.169
4172,4.279,4.675,11.32,3.341,,,,,,,,,,,,,6.592
4173,4.279,4.675,11.32,3.341,,,,,,,,,,,,,7.478
4174,4.279,4.675,11.32,3.341,,,,,,,,,,,,,12.06
4175,4.279,4.675,11.32,3.341,,,,,,,,,,,,,5.238
4176,4.279,4.675,11.32,3.341,,,,,,,,,,,,,4.866
4177,4.279,4.675,11.32,3.341,,,,,,,,,,,,,6.271
4178,4.279,4.675,11.32,3.341,,,,,,,,,,,,,10.51
4179,4.279,4.675,11.32,3.341,,,,,,,,,,,,,6.02
4180,4.279,4.675,11.32,3.341,,,,,,,,,,,,,4.674
4188,4.279,4.675,11.32,3.341,,,,,,,,,,,,,6.808
4189,4.279,4.675,11.32,3.341,,,,,,,,,,,,,13.048
4190,4.279,4.675,11.32,3.341,,,,,,,,,,,,,4.249
4191,4.279,4.675,11.32,3.341,,,,,,,,,,,,,4.651
4196,4.279,4.675,11.32,3.341,,,,,,,,,,,,,7.28
4197,4.279,4.675,11.32,3.341,,,,,,,,,,,,,8.062
4198,4.279,4.675,11.32,3.341,,,,,,,,,,,,,7.397
4199,4.279,4.675,11.32,3.341,,,,,,,,,,,,,5.822
4200,4.279,4.675,11.32,3.341,,,,,,,,,,,,,7.421
4201,4.279,4.675,11.32,3.341,,,,,,,,,,,,,7.527
4202,4.279,4.675,11.32,3.341,,,,,,,,,,,,,6.664
4203,4.279,4.675,11.32,3.341,,,,,,,,,,,,,7.079
4204,4.279,4.675,11.32,3.341,,,,,,,,,,,,,14.559
4205,4.279,4.675,11.32,3.341,,,,,,,,,,,,,4.429
4206,4.279,4.675,11.32,3.341,,,,,,,,,,,,,4.354
4207,4.279,4.675,11.32,3.341,,,,,,,,,,,,,18.002
4208,4.279,4.675,11.32,3.341,,,,,,,,,,,,,5.312
4209,4.279,4.675,11.32,3.341,,,,,,,,,,,,,1.683
4210,4.279,4.675,11.32,3.341,,,,,,,,,,,,,2.681
4211,4.279,4.675,11.32,3.341,,,,,,,,,,,,,4.363
4212,4.279,4.675,11.32,3.341,,,,,,,,,,,,,9.156
4213,4.279,4.675,11.32,3.341,,,,,,,,,,,,,8.894
4214,4.279,4.675,11.32,3.341,,,,,,,,,,,,,4.48
4215,4.279,4.675,11.32,3.341,,,,,,,,,,,,,5.851
4216,4.279,4.675,11.32,3.341,,,,,,,,,,,,,7.13
4217,4.279,4.675,11.32,3.341,,,,,,,,,,,,,7.283
4218,4.279,4.675,11.32,3.341,,,,,,,,,,,,,6.857
4219,4.279,4.675,11.32,3.341,,,,,,,,,,,,,12.572
4220,4.279,4.675,11.32,3.341,,,,,,,,,,,,,5.491
4221,4.279,4.675,11.32,3.341,,,,,,,,,,,,,6.175
4222,4.279,4.675,11.32,3.341,,,,,,,,,,,,,4.454
4223,4.279,4.675,11.32,3.341,,,,,,,,,,,,,7.17
4224,4.279,4.675,11.32,3.341,,,,,,,,,,,,,6.479
4225,4.279,4.675,11.32,3.341,,,,,,,,,,,,,10.672
4226,4.279,4.675,11.32,3.341,,,,,,,,,,,,,4.276
4227,4.279,4.675,11.32,3.341,,,,,,,,,,,,,6.195
4228,4.279,4.675,11.32,3.341,,,,,,,,,,,,,11.205
4229,4.279,4.675,11.32,3.341,,,,,,,,,,,,,6.612
4230,4.279,4.675,11.32,3.341,,,,,,,,,,,,,4.7
4231,4.279,4.675,11.32,3.341,,,,,,,,,,,,,5.59
4232,4.279,4.675,11.32,3.341,,,,,,,,,,,,,9.312
4233,4.279,4.675,11.32,3.341,,,,,,,,,,,,,4.743
4234,4.279,4.675,11.32,3.341,,,,,,,,,,,,,7.263
4235,4.279,4.675,11.32,3.341,,,,,,,,,,,,,9.149
4236,4.279,4.675,11.32,3.341,,,,,,,,,,,,,5.675
4237,4.279,4.675,11.32,3.341,,,,,,,,,,,,,6.97
4238,4.279,4.675,11.32,3.341,,,,,,,,,,,,,6.798
4239,4.279,4.675,11.32,3.341,,,,,,,,,,,,,9.168
4240,4.279,4.675,11.32,3.341,,,,,,,,,,,,,4.386
4241,4.279,4.675,11.32,3.341,,,,,,,,,,,,,11.365
4242,4.279,4.675,11.32,3.341,,,,,,,,,,,,,10.963
4243,4.279,4.675,11.32,3.341,,,,,,,,,,,,,5.169
4244,4.279,4.675,11.32,3.341,,,,,,,,,,,,,1.256
4245,4.279,4.675,11.32,3.341,,,,,,,,,,,,,4.824
4246,4.279,4.675,11.32,3.341,,,,,,,,,,,,,7.942
4247,4.279,4.675,11.32,3.341,,,,,,,,,,,,,6.142
4248,4.279,4.675,11.32,3.341,,,,,,,,,,,,,7.492
4249,4.279,4.675,11.32,3.341,,,,,,,,,,,,,9.949
4253,4.279,4.675,11.32,3.341,,,,,,,,,,,,,7.24
4254,4.279,4.675,11.32,3.341,,,,,,,,,,,,,9.562
4255,4.279,4.675,11.32,3.341,,,,,,,,,,,,,5.352
4256,4.279,4.675,11.32,3.341,,,,,,,,,,,,,6.411
4257,4.279,4.675,11.32,3.341,,,,,,,,,,,,,7.574
4258,4.279,4.675,11.32,3.341,,,,,,,,,,,,,9.569
4259,4.279,4.675,11.32,3.341,,,,,,,,,,,,,4.509
4260,4.279,4.675,11.32,3.341,,,,,,,,,,,,,6.412
4261,4.279,4.675,11.32,3.341,,,,,,,,,,,,,7.839
4262,4.279,4.675,11.32,3.341,,,,,,,,,,,,,6.321
4263,4.279,4.675,11.32,3.341,,,,,,,,,,,,,23.061
4264,4.279,4.675,11.32,3.341,,,,,,,,,,,,,18.703
4265,4.279,4.675,11.32,3.341,,,,,,,,,,,,,1.53
4266,4.279,4.675,11.32,3.341,,,,,,,,,,,,,3.003
4267,4.279,4.675,11.32,3.341,,,,,,,,,,,,,1.322
4268,4.279,4.675,11.32,3.341,,,,,,,,,,,,,0.877
4269,4.279,4.675,11.32,3.341,,,,,,,,,,,,,3.214
4270,4.279,4.675,11.32,3.341,,,,,,,,,,,,,8.202
4271,4.279,4.675,11.32,3.341,,,,,,,,,,,,,7.782
4272,4.279,4.675,11.32,3.341,,,,,,,,,,,,,5.56
4273,4.279,4.675,11.32,3.341,,,,,,,,,,,,,7.905
4274,4.279,4.675,11.32,3.341,,,,,,,,,,,,,6.32
4275,4.279,4.675,11.32,3.341,,,,,,,,,,,,,8.312
4276,4.279,4.675,11.32,3.341,,,,,,,,,,,,,6.419
4277,4.279,4.675,11.32,3.341,,,,,,,,,,,,,6.878
4278,4.279,4.675,11.32,3.341,,,,,,,,,,,,,11.368
4279,4.279,4.675,11.32,3.341,,,,,,,,,,,,,4.419
4280,4.279,4.675,11.32,3.341,,,,,,,,,,,,,8.202
4281,4.279,4.675,11.32,3.341,,,,,,,,,,,,,5.159
4282,4.279,4.675,11.32,3.341,,,,,,,,,,,,,7.173
4283,4.279,4.675,11.32,3.341,,,,,,,,,,,,,7.976
4284,4.279,4.675,11.32,3.341,,,,,,,,,,,,,5.555
4285,4.279,4.675,11.32,3.341,,,,,,,,,,,,,7.212
4286,4.279,4.675,11.32,3.341,,,,,,,,,,,,,8.138
4287,4.279,4.675,11.32,3.341,,,,,,,,,,,,,6.981
4288,4.279,4.675,11.32,3.341,,,,,,,,,,,,,6.907
4289,4.279,4.675,11.32,3.341,,,,,,,,,,,,,7.914
4290,4.279,4.675,11.32,3.341,,,,,,,,,,,,,6.152
4291,4.279,4.675,11.32,3.341,,,,,,,,,,,,,8.618
4292,4.279,4.675,11.32,3.341,,,,,,,,,,,,,5.894
4293,4.279,4.675,11.32,3.341,,,,,,,,,,,,,6.896
4294,4.279,4.675,11.32,3.341,,,,,,,,,,,,,8.061
4295,4.279,4.675,11.32,3.341,,,,,,,,,,,,,6.147
4296,4.279,4.675,11.32,3.341,,,,,,,,,,,,,7.507
4297,4.279,4.675,11.32,3.341,,,,,,,,,,,,,7.019
4298,4.279,4.675,11.32,3.341,,,,,,,,,,,,,6.643
4306,4.279,4.675,11.32,3.341,,,,,,,,,,,,,7.826
4307,4.279,4.675,11.32,3.341,,,,,,,,,,,,,6.674
4308,4.279,4.675,11.32,3.341,,,,,,,,,,,,,10.341
4309,4.279,4.675,11.32,3.341,,,,,,,,,,,,,4.521
4310,4.279,4.675,11.32,3.341,,,,,,,,,,,,,5.446
4311,4.279,4.675,11.32,3.341,,,,,,,,,,,,,7.373
4312,4.279,4.675,11.32,3.341,,,,,,,,,,,,,6.798
4313,4.279,4.675,11.32,3.341,,,,,,,,,,,,,7.092
4314,4.279,4.675,11.32,3.341,,,,,,,,,,,,,7.45
4315,4.279,4.675,11.32,3.341,,,,,,,,,,,,,7.015
4316,4.279,4.675,11.32,3.341,,,,,,,,,,,,,6.88
4317,4.279,4.675,11.32,3.341,,,,,,,,,,,,,7.58
4318,4.279,4.675,11.32,3.341,,,,,,,,,,,,,7.028
4319,4.279,4.675,11.32,3.341,,,,,,,,,,,,,6.863
4320,4.279,4.675,11.32,3.341,,,,,,,,,,,,,8.284
4321,4.279,4.675,11.32,3.341,,,,,,,,,,,,,6.073
4322,4.279,4.675,11.32,3.341,,,,,,,,,,,,,11.69
4323,4.279,4.675,11.32,3.341,,,,,,,,,,,,,4.465
4324,4.279,4.675,11.32,3.341,,,,,,,,,,,,,9.169
4325,4.279,4.675,11.32,3.341,,,,,,,,,,,,,4.301
4326,4.279,4.675,11.32,3.341,,,,,,,,,,,,,7.238
4327,4.279,4.675,11.32,3.341,,,,,,,,,,,,,6.134
4328,4.279,4.675,11.32,3.341,,,,,,,,,,,,,7.324
4333,4.279,4.675,11.32,3.341,,,,,,,,,,,,,0.1
4334,4.279,4.675,11.32,3.341,,,,,,,,,,,,,1.551
4335,4.279,4.675,11.32,3.341,,,,,,,,,,,,,0.974
4336,4.279,4.675,11.32,3.341,,,,,,,,,,,,,0.771
4337,4.279,4.675,11.32,3.341,,,,,,,,,,,,,0.802
4338,4.279,4.675,11.32,3.341,,,,,,,,,,,,,1.366
4339,4.279,4.675,11.32,3.341,,,,,,,,,,,,,1.895
4340,4.279,4.675,11.32,3.341,,,,,,,,,,,,,1.119
4341,4.279,4.675,11.32,3.341,,,,,,,,,,,,,1.034
4342,4.279,4.675,11.32,3.341,,,,,,,,,,,,,0.807
4343,4.279,4.675,11.32,3.341,,,,,,,,,,,,,1.202
4344,4.279,4.675,11.32,3.341,,,,,,,,,,,,,1.596
4345,4.279,4.675,11.32,3.341,,,,,,,,,,,,,4.762
4350,4.279,4.675,11.32,3.341,,,,,,,,,,,,,4.332
4351,4.279,4.675,11.32,3.341,,,,,,,,,,,,,5.973
4352,4.279,4.675,11.32,3.341,,,,,,,,,,,,,6.927
4353,4.279,4.675,11.32,3.341,,,,,,,,,,,,,9.167
4354,4.279,4.675,11.32,3.341,,,,,,,,,,,,,5.159
4355,4.279,4.675,11.32,3.341,,,,,,,,,,,,,6.802
4356,4.279,4.675,11.32,3.341,,,,,,,,,,,,,6.773
4357,4.279,4.675,11.32,3.341,,,,,,,,,,,,,7.165
4358,4.279,4.675,11.32,3.341,,,,,,,,,,,,,8.739
4359,4.279,4.675,11.32,3.341,,,,,,,,,,,,,6.554
4360,4.279,4.675,11.32,3.341,,,,,,,,,,,,,5.951
4370,4.279,4.676,11.32,3.341,,,,,,,,,,,,,4.843
4371,4.279,4.676,11.32,3.341,,,,,,,,,,,,,8.082
4372,4.279,4.676,11.32,3.341,,,,,,,,,,,,,5.133
4373,4.279,4.675,11.32,3.341,,,,,,,,,,,,,7.374
4377,4.279,4.675,11.32,3.341,,,,,,,,,,,,,6.811
4378,4.279,4.675,11.32,3.341,,,,,,,,,,,,,7.312
4379,4.279,4.675,11.32,3.341,,,,,,,,,,,,,7.357
4380,4.279,4.675,11.32,3.341,,,,,,,,,,,,,6.201
4381,4.279,4.675,11.32,3.341,,,,,,,,,,,,,8.066
4382,4.279,4.675,11.32,3.341,,,,,,,,,,,,,6.724
4383,4.279,4.675,11.32,3.341,,,,,,,,,,,,,8.55
4384,4.279,4.675,11.32,3.341,,,,,,,,,,,,,8.551
4385,4.279,4.675,11.32,3.341,,,,,,,,,,,,,4.361
4386,4.279,4.675,11.32,3.341,,,,,,,,,,,,,6.963
4387,4.279,4.675,11.32,3.341,,,,,,,,,,,,,7.446
4388,4.279,4.675,11.32,3.341,,,,,,,,,,,,,6.086
4389,4.279,4.675,11.32,3.341,,,,,,,,,,,,,6.891
4390,4.279,4.675,11.32,3.341,,,,,,,,,,,,,6.867
4391,4.279,4.675,11.32,3.341,,,,,,,,,,,,,7.201
4392,4.279,4.675,11.32,3.341,,,,,,,,,,,,,7.155
4393,4.279,4.675,11.32,3.341,,,,,,,,,,,,,7.605
4394,4.279,4.675,11.32,3.341,,,,,,,,,,,,,7.234
4395,4.279,4.675,11.32,3.341,,,,,,,,,,,,,7.212
4396,4.279,4.675,11.32,3.341,,,,,,,,,,,,,7.083
4397,4.279,4.675,11.32,3.341,,,,,,,,,,,,,6.783
4398,4.279,4.675,11.32,3.341,,,,,,,,,,,,,10.383
4399,4.279,4.675,11.32,3.341,,,,,,,,,,,,,6.305
4408,4.279,4.675,11.32,3.341,,,,,,,,,,,,,7.977
4409,4.279,4.675,11.32,3.341,,,,,,,,,,,,,6.588
4410,4.279,4.675,11.32,3.341,,,,,,,,,,,,,6.919
4411,4.279,4.675,11.32,3.341,,,,,,,,,,,,,8.612
4412,4.279,4.675,11.32,3.341,,,,,,,,,,,,,5.731
4413,4.279,4.675,11.32,3.341,,,,,,,,,,,,,8.724
4414,4.279,4.675,11.32,3.341,,,,,,,,,,,,,5.533
4415,4.279,4.675,11.32,3.341,,,,,,,,,,,,,6.805
4416,4.279,4.675,11.32,3.341,,,,,,,,,,,,,7.093
4417,4.279,4.675,11.32,3.341,,,,,,,,,,,,,7.111
4418,4.279,4.675,11.32,3.341,,,,,,,,,,,,,7.243
4423,4.279,4.675,11.32,3.341,,,,,,,,,,,,,6.47
4424,4.279,4.675,11.32,3.341,,,,,,,,,,,,,8.314
4425,4.279,4.675,11.32,3.341,,,,,,,,,,,,,7.297
4426,4.279,4.675,11.32,3.341,,,,,,,,,,,,,7.427
4427,4.279,4.675,11.32,3.341,,,,,,,,,,,,,6.794
4428,4.279,4.675,11.32,3.341,,,,,,,,,,,,,6.94
4429,4.279,4.675,11.32,3.341,,,,,,,,,,,,,6.662
4430,4.279,4.675,11.32,3.341,,,,,,,,,,,,,8.956
4434,4.279,4.675,11.32,3.341,,,,,,,,,,,,,5.928
4435,4.279,4.675,11.32,3.341,,,,,,,,,,,,,6.939
4436,4.279,4.675,11.32,3.341,,,,,,,,,,,,,7.261
4437,4.279,4.675,11.32,3.341,,,,,,,,,,,,,7.465
4438,4.279,4.675,11.32,3.341,,,,,,,,,,,,,7.077
4439,4.279,4.675,11.32,3.341,,,,,,,,,,,,,7.387
4440,4.279,4.675,11.32,3.341,,,,,,,,,,,,,6.902
4441,4.279,4.675,11.32,3.341,,,,,,,,,,,,,7.469
4442,4.279,4.675,11.32,3.341,,,,,,,,,,,,,6.877
4443,4.279,4.675,11.32,3.341,,,,,,,,,,,,,7.642
4444,4.279,4.675,11.32,3.341,,,,,,,,,,,,,7.423
4445,4.279,4.675,11.32,3.341,,,,,,,,,,,,,6.351
4446,4.279,4.675,11.32,3.341,,,,,,,,,,,,,7.505
4447,4.279,4.675,11.32,3.341,,,,,,,,,,,,,6.959
4448,4.279,4.675,11.32,3.341,,,,,,,,,,,,,7.052
4449,4.279,4.675,11.32,3.341,,,,,,,,,,,,,7.834
4450,4.279,4.675,11.32,3.341,,,,,,,,,,,,,6.234
4451,4.279,4.675,11.32,3.341,,,,,,,,,,,,,7.252
4452,4.279,4.675,11.32,3.341,,,,,,,,,,,,,7.323
4453,4.279,4.675,11.32,3.341,,,,,,,,,,,,,7.304
4454,4.279,4.675,11.32,3.341,,,,,,,,,,,,,10.898
4455,4.279,4.675,11.32,3.341,,,,,,,,,,,,,4.438
4456,4.279,4.675,11.32,3.341,,,,,,,,,,,,,5.919
4457,4.279,4.675,11.32,3.341,,,,,,,,,,,,,7.325
4458,4.279,4.675,11.32,3.341,,,,,,,,,,,,,7.437
4459,4.279,4.675,11.32,3.341,,,,,,,,,,,,,7.14
4460,4.279,4.675,11.32,3.341,,,,,,,,,,,,,6.749
4461,4.279,4.675,11.32,3.341,,,,,,,,,,,,,6.785
4462,4.279,4.675,11.32,3.341,,,,,,,,,,,,,33.728
4463,4.279,4.675,11.32,3.341,,,,,,,,,,,,,4.578
4464,4.279,4.676,11.32,3.341,,,,,,,,,,,,,1.175
4465,4.279,4.676,11.32,3.341,,,,,,,,,,,,,1.126
4466,4.279,4.676,11.32,3.341,,,,,,,,,,,,,0.877
4467,4.279,4.676,11.32,3.341,,,,,,,,,,,,,0.808
4468,4.279,4.675,11.32,3.341,,,,,,,,,,,,,1.594
4469,4.279,4.675,11.32,3.341,,,,,,,,,,,,,7.44
4470,4.279,4.675,11.32,3.341,,,,,,,,,,,,,7.167
4471,4.279,4.675,11.32,3.341,,,,,,,,,,,,,7.064
4472,4.279,4.676,11.32,3.341,,,,,,,,,,,,,7.095
4473,4.279,4.676,11.32,3.341,,,,,,,,,,,,,7.587
4474,4.279,4.676,11.32,3.341,,,,,,,,,,,,,7.181
4475,4.279,4.676,11.32,3.341,,,,,,,,,,,,,6.847
4476,4.279,4.675,11.32,3.341,,,,,,,,,,,,,6.924
4484,4.279,4.675,11.32,3.341,,,,,,,,,,,,,5.876
4485,4.279,4.675,11.32,3.342,,,,,,,,,,,,,6.315
4486,4.279,4.675,11.32,3.342,,,,,,,,,,,,,7.913
4487,4.279,4.675,11.32,3.342,,,,,,,,,,,,,6.217
4488,4.279,4.675,11.32,3.342,,,,,,,,,,,,,20.033
4489,4.279,4.675,11.32,3.341,,,,,,,,,,,,,6.107
4490,4.279,4.675,11.32,3.341,,,,,,,,,,,,,1.304
4491,4.279,4.675,11.32,3.341,,,,,,,,,,,,,2.971
4492,4.279,4.675,11.32,3.341,,,,,,,,,,,,,4.656
4493,4.279,4.675,11.32,3.341,,,,,,,,,,,,,6.052
4494,4.279,4.675,11.32,3.341,,,,,,,,,,,,,7.816
4495,4.279,4.676,11.32,3.341,,,,,,,,,,,,,6.289
4496,4.279,4.676,11.32,3.341,,,,,,,,,,,,,6.765
4497,4.279,4.676,11.32,3.341,,,,,,,,,,,,,7.416
4498,4.279,4.676,11.32,3.341,,,,,,,,,,,,,7.414
4499,4.279,4.675,11.32,3.341,,,,,,,,,,,,,10.79
4500,4.279,4.675,11.32,3.341,,,,,,,,,,,,,4.468
4501,4.279,4.675,11.32,3.341,,,,,,,,,,,,,7.75
4502,4.279,4.675,11.32,3.341,,,,,,,,,,,,,8.788
4503,4.279,4.675,11.32,3.341,,,,,,,,,,,,,5.098
4504,4.279,4.675,11.32,3.341,,,,,,,,,,,,,5.864
4505,4.279,4.675,11.32,3.341,,,,,,,,,,,,,26.861
4506,4.279,4.675,11.32,3.341,,,,,,,,,,,,,7.383
4507,4.279,4.675,11.32,3.341,,,,,,,,,,,,,1.308
4508,4.279,4.675,11.32,3.341,,,,,,,,,,,,,1.18
4509,4.279,4.675,11.32,3.341,,,,,,,,,,,,,0.916
4510,4.279,4.675,11.32,3.341,,,,,,,,,,,,,1.614
4511,4.279,4.675,11.32,3.341,,,,,,,,,,,,,6.431
4516,4.279,4.676,11.32,3.342,,,,,,,,,,,,,6.864
4517,4.279,4.676,11.32,3.342,,,,,,,,,,,,,17.906
4518,4.279,4.676,11.32,3.342,,,,,,,,,,,,,5.115
4519,4.279,4.675,11.32,3.342,,,,,,,,,,,,,4.306
4520,4.279,4.675,11.32,3.342,,,,,,,,,,,,,1.689
4521,4.279,4.675,11.32,3.34,,,,,,,,,,,,,1.941
4522,4.279,4.675,11.32,3.34,,,,,,,,,,,,,4.634
4523,4.279,4.675,11.32,3.34,,,,,,,,,,,,,7.46
4524,4.279,4.675,11.32,3.341,,,,,,,,,,,,,6.741
4525,4.279,4.675,11.32,3.341,,,,,,,,,,,,,7.361
4526,4.279,4.675,11.32,3.341,,,,,,,,,,,,,7.959
4527,4.279,4.676,11.32,3.341,,,,,,,,,,,,,7.227
4528,4.279,4.676,11.32,3.341,,,,,,,,,,,,,6.4
4529,4.279,4.676,11.32,3.341,,,,,,,,,,,,,7.463
4530,4.279,4.675,11.32,3.341,,,,,,,,,,,,,7.658
4531,4.279,4.675,11.32,3.341,,,,,,,,,,,,,6.044
4532,4.279,4.675,11.32,3.341,,,,,,,,,,,,,7.196
4533,4.279,4.675,11.32,3.341,,,,,,,,,,,,,19.146
4534,4.279,4.675,11.32,3.341,,,,,,,,,,,,,4.403
4535,4.279,4.675,11.32,3.341,,,,,,,,,,,,,1.765
4536,4.279,4.675,11.32,3.341,,,,,,,,,,,,,2.584
4537,4.279,4.675,11.32,3.341,,,,,,,,,,,,,6.198
4538,4.279,4.676,11.32,3.341,,,,,,,,,,,,,7.115
4539,4.279,4.676,11.32,3.341,,,,,,,,,,,,,7.687
4540,4.279,4.676,11.32,3.341,,,,,,,,,,,,,8.031
4541,4.279,4.676,11.32,3.341,,,,,,,,,,,,,6.476
4542,4.279,4.675,11.32,3.341,,,,,,,,,,,,,6.438
4547,4.279,4.676,11.32,3.341,,,,,,,,,,,,,0.233
4548,4.279,4.676,11.32,3.341,,,,,,,,,,,,,7.903
4549,4.279,4.676,11.32,3.341,,,,,,,,,,,,,4.29
4550,4.279,4.676,11.32,3.341,,,,,,,,,,,,,4.51
4551,4.279,4.675,11.32,3.341,,,,,,,,,,,,,8.371
4552,4.279,4.675,11.32,3.34,,,,,,,,,,,,,5.067
4553,4.279,4.675,11.32,3.34,,,,,,,,,,,,,11.564
4558,4.279,4.675,11.32,3.341,,,,,,,,,,,,,5.968
4559,4.279,4.675,11.32,3.341,,,,,,,,,,,,,6.604
4560,4.279,4.675,11.32,3.341,,,,,,,,,,,,,7.514
4561,4.279,4.676,11.32,3.341,,,,,,,,,,,,,6.958
4562,4.279,4.676,11.32,3.341,,,,,,,,,,,,,6.849
4563,4.279,4.676,11.32,3.341,,,,,,,,,,,,,7.277
4564,4.279,4.676,11.32,3.341,,,,,,,,,,,,,6.986
4565,4.279,4.675,11.32,3.341,,,,,,,,,,,,,7.214
4566,4.279,4.675,11.32,3.341,,,,,,,,,,,,,8.478
4567,4.279,4.675,11.32,3.341,,,,,,,,,,,,,5.758
4568,4.279,4.675,11.32,3.341,,,,,,,,,,,,,7.049
4569,4.279,4.675,11.32,3.341,,,,,,,,,,,,,7.352
4570,4.279,4.675,11.32,3.341,,,,,,,,,,,,,6.934
4571,4.279,4.675,11.32,3.341,,,,,,,,,,,,,7.205
4572,4.279,4.675,11.32,3.341,,,,,,,,,,,,,7.091
4573,4.279,4.675,11.32,3.341,,,,,,,,,,,,,7.396
4574,4.279,4.675,11.32,3.341,,,,,,,,,,,,,6.806
4575,4.279,4.675,11.32,3.341,,,,,,,,,,,,,7.159
4576,4.279,4.675,11.32,3.341,,,,,,,,,,,,,7.671
4577,4.279,4.675,11.32,3.341,,,,,,,,,,,,,7.469
4578,4.279,4.675,11.32,3.341,,,,,,,,,,,,,6.593
4579,4.279,4.675,11.32,3.341,,,,,,,,,,,,,6.613
4580,4.279,4.675,11.32,3.341,,,,,,,,,,,,,8.854
4581,4.279,4.675,11.32,3.341,,,,,,,,,,,,,5.68
4582,4.279,4.675,11.32,3.341,,,,,,,,,,,,,7.559
4583,4.279,4.675,11.32,3.341,,,,,,,,,,,,,7.805
4584,4.279,4.676,11.32,3.341,,,,,,,,,,,,,6.494
4585,4.279,4.676,11.32,3.341,,,,,,,,,,,,,9.982
4586,4.279,4.676,11.32,3.341,,,,,,,,,,,,,5.086
4587,4.279,4.676,11.32,3.341,,,,,,,,,,,,,7.333
4588,4.279,4.675,11.32,3.341,,,,,,,,,,,,,6.696
4589,4.279,4.675,11.32,3.341,,,,,,,,,,,,,7.254
4590,4.279,4.675,11.32,3.341,,,,,,,,,,,,,7.687
4591,4.279,4.675,11.32,3.341,,,,,,,,,,,,,8.236
4596,4.279,4.676,11.32,3.341,,,,,,,,,,,,,7.773
4597,4.279,4.676,11.32,3.341,,,,,,,,,,,,,6.376
4598,4.279,4.676,11.32,3.341,,,,,,,,,,,,,7.278
4599,4.279,4.675,11.32,3.341,,,,,,,,,,,,,10.302
4600,4.279,4.675,11.32,3.341,,,,,,,,,,,,,5.397
4601,4.279,4.675,11.32,3.341,,,,,,,,,,,,,17.025
4602,4.279,4.675,11.32,3.341,,,,,,,,,,,,,4.46
4603,4.279,4.676,11.32,3.341,,,,,,,,,,,,,1.306
4604,4.279,4.676,11.32,3.341,,,,,,,,,,,,,4.155
4605,4.279,4.676,11.32,3.341,,,,,,,,,,,,,6.697
4606,4.279,4.676,11.32,3.341,,,,,,,,,,,,,6.438
4607,4.279,4.675,11.32,3.341,,,,,,,,,,,,,9.681
4611,4.279,4.675,11.32,3.341,,,,,,,,,,,,,4.988
4612,4.279,4.675,11.32,3.341,,,,,,,,,,,,,6.238
4613,4.279,4.675,11.32,3.341,,,,,,,,,,,,,7.01
4614,4.279,4.675,11.32,3.341,,,,,,,,,,,,,7.342
4615,4.279,4.675,11.32,3.341,,,,,,,,,,,,,7.286
4616,4.279,4.675,11.32,3.341,,,,,,,,,,,,,7.673
4617,4.279,4.675,11.32,3.341,,,,,,,,,,,,,6.572
4618,4.279,4.676,11.32,3.341,,,,,,,,,,,,,7.223
4619,4.279,4.676,11.32,3.341,,,,,,,,,,,,,7.418
4620,4.279,4.676,11.32,3.341,,,,,,,,,,,,,6.937
4621,4.279,4.676,11.32,3.341,,,,,,,,,,,,,19.468
4622,4.279,4.675,11.32,3.341,,,,,,,,,,,,,19.312
4623,4.279,4.675,11.32,3.341,,,,,,,,,,,,,1.249
4624,4.279,4.675,11.32,3.341,,,,,,,,,,,,,0.933
4625,4.279,4.675,11.32,3.341,,,,,,,,,,,,,1.127
4626,4.279,4.675,11.32,3.341,,,,,,,,,,,,,1.16
4627,4.279,4.675,11.32,3.341,,,,,,,,,,,,,4.278
4628,4.279,4.675,11.32,3.341,,,,,,,,,,,,,5.67
4629,4.279,4.675,11.32,3.341,,,,,,,,,,,,,6.875
4630,4.279,4.675,11.32,3.341,,,,,,,,,,,,,6.423
4631,4.279,4.675,11.32,3.341,,,,,,,,,,,,,6.672
4632,4.279,4.675,11.32,3.341,,,,,,,,,,,,,7.8
4633,4.279,4.675,11.32,3.341,,,,,,,,,,,,,7.75
4634,4.279,4.675,11.32,3.341,,,,,,,,,,,,,6.275
4635,4.279,4.675,11.32,3.341,,,,,,,,,,,,,7.343
4636,4.279,4.675,11.32,3.341,,,,,,,,,,,,,6.761
4637,4.279,4.675,11.32,3.341,,,,,,,,,,,,,7.657
4638,4.279,4.676,11.32,3.341,,,,,,,,,,,,,7.703
4639,4.279,4.676,11.32,3.34,,,,,,,,,,,,,6.367
4640,4.279,4.676,11.32,3.34,,,,,,,,,,,,,7.064
4641,4.279,4.676,11.32,3.34,,,,,,,,,,,,,6.768
4642,4.279,4.675,11.32,3.34,,,,,,,,,,,,,8.709
4643,4.279,4.675,11.32,3.341,,,,,,,,,,,,,5.769
4644,4.279,4.675,11.32,3.341,,,,,,,,,,,,,7.065
4645,4.279,4.675,11.32,3.341,,,,,,,,,,,,,7.01
4646,4.279,4.675,11.32,3.341,,,,,,,,,,,,,6.82
4647,4.279,4.675,11.32,3.341,,,,,,,,,,,,,8.166
4648,4.279,4.675,11.32,3.341,,,,,,,,,,,,,6.246
4649,4.279,4.675,11.32,3.341,,,,,,,,,,,,,7.072
4650,4.279,4.675,11.32,3.341,,,,,,,,,,,,,7.327
4651,4.279,4.675,11.32,3.341,,,,,,,,,,,,,11.605
4652,4.279,4.675,11.32,3.341,,,,,,,,,,,,,4.357
4653,4.279,4.675,11.32,3.341,,,,,,,,,,,,,4.834
4658,4.279,4.676,11.32,3.341,,,,,,,,,,,,,5.944
4659,4.279,4.676,11.32,3.341,,,,,,,,,,,,,7.238
4660,4.279,4.676,11.32,3.341,,,,,,,,,,,,,7.206
4661,4.279,4.675,11.32,3.341,,,,,,,,,,,,,7.833
4662,4.279,4.675,11.32,3.341,,,,,,,,,,,,,6.32
4663,4.279,4.675,11.32,3.341,,,,,,,,,,,,,7.506
4664,4.279,4.675,11.32,3.341,,,,,,,,,,,,,7.314
4665,4.279,4.675,11.32,3.341,,,,,,,,,,,,,6.826
4666,4.279,4.675,11.32,3.341,,,,,,,,,,,,,8.429
4667,4.279,4.675,11.32,3.341,,,,,,,,,,,,,6.016
4668,4.279,4.675,11.32,3.341,,,,,,,,,,,,,6.31
4669,4.279,4.675,11.32,3.341,,,,,,,,,,,,,7.287
4670,4.279,4.675,11.32,3.341,,,,,,,,,,,,,7.329
4671,4.279,4.675,11.32,3.341,,,,,,,,,,,,,7.41
4672,4.279,4.675,11.32,3.341,,,,,,,,,,,,,6.905
4673,4.279,4.675,11.32,3.341,,,,,,,,,,,,,7.29
4674,4.279,4.675,11.32,3.341,,,,,,,,,,,,,7.286
4675,4.279,4.675,11.32,3.341,,,,,,,,,,,,,7.45
4676,4.279,4.675,11.32,3.341,,,,,,,,,,,,,7.91
4677,4.279,4.675,11.32,3.341,,,,,,,,,,,,,5.833
4678,4.279,4.675,11.32,3.341,,,,,,,,,,,,,7.684
4679,4.279,4.675,11.32,3.341,,,,,,,,,,,,,6.636
4684,4.279,4.675,11.32,3.341,,,,,,,,,,,,,6.977
4685,4.279,4.675,11.32,3.341,,,,,,,,,,,,,7.154
4686,4.279,4.675,11.32,3.341,,,,,,,,,,,,,7.378
4687,4.279,4.675,11.32,3.341,,,,,,,,,,,,,7.192
4688,4.279,4.675,11.32,3.341,,,,,,,,,,,,,7.16
4689,4.279,4.675,11.32,3.34,,,,,,,,,,,,,7.095
4690,4.279,4.675,11.32,3.34,,,,,,,,,,,,,7.33
4691,4.279,4.675,11.32,3.34,,,,,,,,,,,,,7.167
4692,4.279,4.675,11.32,3.341,,,,,,,,,,,,,6.843
4693,4.279,4.675,11.32,3.341,,,,,,,,,,,,,8.085
4694,4.279,4.675,11.32,3.341,,,,,,,,,,,,,9.963
4695,4.279,4.676,11.32,3.341,,,,,,,,,,,,,4.757
4696,4.279,4.676,11.32,3.341,,,,,,,,,,,,,6.631
4697,4.279,4.676,11.32,3.341,,,,,,,,,,,,,5.584
4698,4.279,4.675,11.32,3.341,,,,,,,,,,,,,9.041
4699,4.279,4.675,11.32,3.341,,,,,,,,,,,,,5.26
4700,4.279,4.675,11.32,3.341,,,,,,,,,,,,,7.496
4701,4.279,4.675,11.32,3.341,,,,,,,,,,,,,9.657
4702,4.279,4.675,11.32,3.341,,,,,,,,,,,,,4.701
4703,4.279,4.675,11.32,3.341,,,,,,,,,,,,,7.587
4704,4.279,4.675,11.32,3.341,,,,,,,,,,,,,6.465
4705,4.279,4.675,11.32,3.341,,,,,,,,,,,,,7.517
4706,4.279,4.676,11.32,3.341,,,,,,,,,,,,,7.011
4707,4.279,4.676,11.32,3.341,,,,,,,,,,,,,6.969
4708,4.279,4.676,11.32,3.341,,,,,,,,,,,,,7.093
4709,4.279,4.676,11.32,3.341,,,,,,,,,,,,,7.588
4710,4.279,4.675,11.32,3.341,,,,,,,,,,,,,6.333
4711,4.279,4.675,11.32,3.341,,,,,,,,,,,,,7.086
4712,4.279,4.675,11.32,3.341,,,,,,,,,,,,,6.966
4713,4.279,4.675,11.32,3.341,,,,,,,,,,,,,7.175
4714,4.279,4.675,11.32,3.341,,,,,,,,,,,,,7.926
4715,4.279,4.675,11.32,3.341,,,,,,,,,,,,,6.61
4716,4.279,4.675,11.32,3.341,,,,,,,,,,,,,7.169
4717,4.279,4.675,11.32,3.341,,,,,,,,,,,,,7.214
4718,4.279,4.675,11.32,3.341,,,,,,,,,,,,,7.247
4719,4.279,4.675,11.32,3.341,,,,,,,,,,,,,7.098
4720,4.279,4.675,11.32,3.341,,,,,,,,,,,,,33.599
4721,4.279,4.675,11.32,3.341,,,,,,,,,,,,,8.351
4727,4.279,4.675,11.32,3.34,,,,,,,,,,,,,5.192
4728,4.279,4.675,11.32,3.34,,,,,,,,,,,,,7.104
4729,4.279,4.675,11.32,3.34,,,,,,,,,,,,,7.462
4730,4.279,4.675,11.32,3.34,,,,,,,,,,,,,6.987
4731,4.279,4.675,11.32,3.341,,,,,,,,,,,,,7.499
4732,4.279,4.675,11.32,3.341,,,,,,,,,,,,,6.912
4733,4.279,4.675,11.32,3.341,,,,,,,,,,,,,8.297
4734,4.279,4.675,11.32,3.341,,,,,,,,,,,,,6.27
4735,4.279,4.675,11.32,3.341,,,,,,,,,,,,,6.873
4736,4.279,4.675,11.32,3.341,,,,,,,,,,,,,7.047
4737,4.279,4.675,11.32,3.341,,,,,,,,,,,,,7.095
4738,4.279,4.675,11.32,3.341,,,,,,,,,,,,,8.239
4739,4.279,4.675,11.32,3.341,,,,,,,,,,,,,6.203
4740,4.279,4.675,11.32,3.341,,,,,,,,,,,,,7.116
4741,4.279,4.675,11.32,3.341,,,,,,,,,,,,,7.238
4742,4.279,4.675,11.32,3.341,,,,,,,,,,,,,7.56
4743,4.279,4.675,11.32,3.341,,,,,,,,,,,,,6.519
4744,4.279,4.675,11.32,3.341,,,,,,,,,,,,,8.051
4749,4.279,4.675,11.32,3.341,,,,,,,,,,,,,5.1
4750,4.279,4.675,11.32,3.341,,,,,,,,,,,,,7.157
4751,4.279,4.675,11.32,3.341,,,,,,,,,,,,,7.143
4752,4.279,4.676,11.32,3.341,,,,,,,,,,,,,7.289
4753,4.279,4.676,11.32,3.341,,,,,,,,,,,,,8.173
4754,4.279,4.676,11.32,3.341,,,,,,,,,,,,,7.341
4755,4.279,4.676,11.32,3.341,,,,,,,,,,,,,5.856
4756,4.279,4.676,11.32,3.341,,,,,,,,,,,,,7.391
4757,4.279,4.676,11.32,3.34,,,,,,,,,,,,,7.24
4758,4.279,4.676,11.32,3.34,,,,,,,,,,,,,7.417
4759,4.279,4.676,11.32,3.34,,,,,,,,,,,,,7.348
4760,4.279,4.675,11.32,3.34,,,,,,,,,,,,,7.18
4761,4.279,4.675,11.32,3.341,,,,,,,,,,,,,7.04
4762,4.279,4.675,11.32,3.341,,,,,,,,,,,,,6.843
4763,4.279,4.675,11.32,3.341,,,,,,,,,,,,,7.294
4768,4.279,4.676,11.32,3.341,,,,,,,,,,,,,9.713
4769,4.279,4.676,11.32,3.341,,,,,,,,,,,,,4.288
4770,4.279,4.676,11.32,3.341,,,,,,,,,,,,,6.708
4771,4.279,4.675,11.32,3.341,,,,,,,,,,,,,7.158
4772,4.279,4.675,11.32,3.341,,,,,,,,,,,,,7.958
4773,4.279,4.675,11.32,3.341,,,,,,,,,,,,,7.139
4774,4.279,4.675,11.32,3.341,,,,,,,,,,,,,7.205
4775,4.279,4.675,11.32,3.341,,,,,,,,,,,,,6.64
4776,4.279,4.675,11.32,3.341,,,,,,,,,,,,,7.164
4777,4.279,4.675,11.32,3.341,,,,,,,,,,,,,7.2
4778,4.279,4.675,11.32,3.341,,,,,,,,,,,,,7.146
4779,4.279,4.675,11.32,3.341,,,,,,,,,,,,,7.432
4780,4.279,4.675,11.32,3.341,,,,,,,,,,,,,14.438
4781,4.279,4.675,11.32,3.341,,,,,,,,,,,,,5.694
4782,4.279,4.676,11.32,3.341,,,,,,,,,,,,,1.941
4783,4.279,4.676,11.32,3.341,,,,,,,,,,,,,8.787
4784,4.279,4.676,11.32,3.341,,,,,,,,,,,,,5.574
4785,4.279,4.676,11.32,3.341,,,,,,,,,,,,,4.203
4786,4.279,4.675,11.32,3.341,,,,,,,,,,,,,7.559
4787,4.279,4.675,11.32,3.341,,,,,,,,,,,,,7.145
4788,4.279,4.675,11.32,3.341,,,,,,,,,,,,,7.305
4789,4.279,4.675,11.32,3.341,,,,,,,,,,,,,6.743
4790,4.279,4.675,11.32,3.341,,,,,,,,,,,,,7.408
4791,4.279,4.675,11.32,3.341,,,,,,,,,,,,,7.183
4792,4.279,4.675,11.32,3.341,,,,,,,,,,,,,7.85
4793,4.279,4.675,11.32,3.341,,,,,,,,,,,,,6.507
4794,4.279,4.675,11.32,3.341,,,,,,,,,,,,,8.518
4795,4.279,4.675,11.32,3.341,,,,,,,,,,,,,5.519
4796,4.279,4.675,11.32,3.341,,,,,,,,,,,,,7.703
4797,4.279,4.675,11.32,3.341,,,,,,,,,,,,,9.757
4802,4.279,4.675,11.32,3.341,,,,,,,,,,,,,7.181
4803,4.279,4.675,11.32,3.341,,,,,,,,,,,,,7.553
4804,4.279,4.675,11.32,3.341,,,,,,,,,,,,,6.865
4805,4.279,4.675,11.32,3.341,,,,,,,,,,,,,7.009
4806,4.279,4.675,11.32,3.341,,,,,,,,,,,,,7.583
4807,4.279,4.675,11.32,3.341,,,,,,,,,,,,,6.827
4808,4.279,4.675,11.32,3.341,,,,,,,,,,,,,7.234
4809,4.279,4.675,11.32,3.341,,,,,,,,,,,,,7.412
4810,4.279,4.675,11.32,3.341,,,,,,,,,,,,,7.104
4811,4.279,4.675,11.32,3.341,,,,,,,,,,,,,9.072
4812,4.279,4.675,11.32,3.341,,,,,,,,,,,,,10.105
4813,4.279,4.676,11.32,3.341,,,,,,,,,,,,,4.495
4814,4.279,4.676,11.32,3.341,,,,,,,,,,,,,32.192
4815,4.279,4.676,11.32,3.341,,,,,,,,,,,,,5.503
4816,4.279,4.676,11.32,3.341,,,,,,,,,,,,,1.26
4817,4.279,4.675,11.32,3.341,,,,,,,,,,,,,0.987
4818,4.279,4.675,11.32,3.341,,,,,,,,,,,,,0.754
4819,4.279,4.675,11.32,3.341,,,,,,,,,,,,,0.691
4820,4.279,4.675,11.32,3.341,,,,,,,,,,,,,0.679
4821,4.279,4.675,11.32,3.341,,,,,,,,,,,,,7.278
4822,4.279,4.675,11.32,3.341,,,,,,,,,,,,,6.687
4823,4.279,4.675,11.32,3.341,,,,,,,,,,,,,6.633
4824,4.279,4.675,11.32,3.341,,,,,,,,,,,,,7.255
4825,4.279,4.676,11.32,3.341,,,,,,,,,,,,,7.426
4826,4.279,4.676,11.32,3.341,,,,,,,,,,,,,7.131
4827,4.279,4.676,11.32,3.341,,,,,,,,,,,,,7.076
4828,4.279,4.676,11.32,3.341,,,,,,,,,,,,,8.219
4829,4.279,4.675,11.32,3.341,,,,,,,,,,,,,5.578
4830,4.279,4.675,11.32,3.341,,,,,,,,,,,,,7.446
4831,4.279,4.675,11.32,3.341,,,,,,,,,,,,,6.829
4832,4.279,4.675,11.32,3.341,,,,,,,,,,,,,7.509
4833,4.279,4.675,11.32,3.341,,,,,,,,,,,,,20.112
4834,4.279,4.675,11.32,3.341,,,,,,,,,,,,,14.721
4835,4.279,4.675,11.32,3.341,,,,,,,,,,,,,1.325
4836,4.279,4.675,11.32,3.341,,,,,,,,,,,,,13.908
4837,4.279,4.675,11.32,3.341,,,,,,,,,,,,,1.581
4838,4.279,4.675,11.32,3.341,,,,,,,,,,,,,14.112
4839,4.279,4.675,11.32,3.341,,,,,,,,,,,,,1.705
4840,4.279,4.675,11.32,3.341,,,,,,,,,,,,,3.113
4841,4.279,4.675,11.32,3.341,,,,,,,,,,,,,1.59
4842,4.279,4.675,11.32,3.341,,,,,,,,,,,,,1.302
4843,4.279,4.675,11.32,3.341,,,,,,,,,,,,,6.947
4844,4.279,4.675,11.32,3.341,,,,,,,,,,,,,5.124
4845,4.279,4.675,11.32,3.341,,,,,,,,,,,,,4.986
4846,4.279,4.675,11.32,3.341,,,,,,,,,,,,,6.498
4847,4.279,4.675,11.32,3.341,,,,,,,,,,,,,6.917
4848,4.279,4.675,11.32,3.341,,,,,,,,,,,,,7.67
4849,4.279,4.675,11.32,3.341,,,,,,,,,,,,,6.776
4850,4.279,4.675,11.32,3.341,,,,,,,,,,,,,6.906
4851,4.279,4.675,11.32,3.341,,,,,,,,,,,,,7.334
4852,4.279,4.675,11.32,3.341,,,,,,,,,,,,,6.933
4853,4.279,4.675,11.32,3.341,,,,,,,,,,,,,7.346
4854,4.279,4.675,11.32,3.341,,,,,,,,,,,,,7.101
4855,4.279,4.675,11.32,3.341,,,,,,,,,,,,,7.04
4856,4.279,4.675,11.32,3.341,,,,,,,,,,,,,7.318
4857,4.279,4.675,11.32,3.341,,,,,,,,,,,,,11.61
4858,4.279,4.675,11.32,3.341,,,,,,,,,,,,,5.249
4859,4.279,4.675,11.32,3.341,,,,,,,,,,,,,6.162
4860,4.279,4.675,11.32,3.341,,,,,,,,,,,,,6.182
4861,4.279,4.675,11.32,3.341,,,,,,,,,,,,,6.228
4862,4.279,4.675,11.32,3.341,,,,,,,,,,,,,7.429
4863,4.279,4.675,11.32,3.341,,,,,,,,,,,,,7.73
4864,4.279,4.675,11.32,3.341,,,,,,,,,,,,,6.364
4865,4.279,4.675,11.32,3.341,,,,,,,,,,,,,7.168
4866,4.279,4.675,11.32,3.341,,,,,,,,,,,,,9.389
4867,4.279,4.675,11.32,3.341,,,,,,,,,,,,,4.878
4868,4.279,4.675,11.32,3.341,,,,,,,,,,,,,7.4
4869,4.279,4.675,11.32,3.341,,,,,,,,,,,,,7.21
4870,4.279,4.675,11.32,3.341,,,,,,,,,,,,,7.266
4871,4.279,4.676,11.32,3.341,,,,,,,,,,,,,7.1
4875,4.279,4.675,11.32,3.341,,,,,,,,,,,,,7.589
4876,4.279,4.675,11.32,3.34,,,,,,,,,,,,,7.065
4877,4.279,4.675,11.32,3.34,,,,,,,,,,,,,7.18
4878,4.279,4.675,11.32,3.34,,,,,,,,,,,,,7.174
4879,4.279,4.675,11.32,3.34,,,,,,,,,,,,,7.087
4880,4.279,4.675,11.32,3.341,,,,,,,,,,,,,7.28
4881,4.279,4.675,11.32,3.341,,,,,,,,,,,,,7.081
4882,4.279,4.675,11.32,3.341,,,,,,,,,,,,,7.281
4883,4.279,4.675,11.32,3.341,,,,,,,,,,,,,6.939
4884,4.279,4.675,11.32,3.341,,,,,,,,,,,,,7.536
4885,4.279,4.675,11.32,3.341,,,,,,,,,,,,,6.929
4886,4.279,4.675,11.32,3.341,,,,,,,,,,,,,10.473
4887,4.279,4.675,11.32,3.341,,,,,,,,,,,,,4.36
4888,4.279,4.675,11.32,3.341,,,,,,,,,,,,,6.642
4889,4.279,4.675,11.32,3.341,,,,,,,,,,,,,7.221
4890,4.279,4.675,11.32,3.341,,,,,,,,,,,,,7.192
4891,4.279,4.675,11.32,3.341,,,,,,,,,,,,,7.099
4892,4.279,4.675,11.32,3.341,,,,,,,,,,,,,6.657
4893,4.279,4.675,11.32,3.341,,,,,,,,,,,,,7.506
4898,4.279,4.675,11.32,3.341,,,,,,,,,,,,,7.073
4899,4.279,4.675,11.32,3.341,,,,,,,,,,,,,8.133
4900,4.279,4.675,11.32,3.341,,,,,,,,,,,,,35.863
4901,4.279,4.676,11.32,3.341,,,,,,,,,,,,,1.284
4902,4.279,4.676,11.32,3.341,,,,,,,,,,,,,0.809
4903,4.279,4.676,11.32,3.341,,,,,,,,,,,,,1.128
4904,4.279,4.676,11.32,3.341,,,,,,,,,,,,,0.769
4905,4.279,4.676,11.32,3.341,,,,,,,,,,,,,0.705
4906,4.279,4.675,11.32,3.341,,,,,,,,,,,,,1.99
4907,4.279,4.675,11.32,3.34,,,,,,,,,,,,,12.874
4908,4.279,4.675,11.32,3.34,,,,,,,,,,,,,4.242
4909,4.279,4.675,11.32,3.34,,,,,,,,,,,,,4.615
4914,4.279,4.675,11.32,3.341,,,,,,,,,,,,,7.293
4915,4.279,4.675,11.32,3.341,,,,,,,,,,,,,7.598
4916,4.279,4.675,11.32,3.341,,,,,,,,,,,,,6.423
4917,4.279,4.675,11.32,3.341,,,,,,,,,,,,,12.694
4918,4.279,4.675,11.32,3.341,,,,,,,,,,,,,4.805
4919,4.279,4.675,11.32,3.341,,,,,,,,,,,,,4.347
4920,4.279,4.675,11.32,3.341,,,,,,,,,,,,,6.269
4921,4.279,4.675,11.32,3.341,,,,,,,,,,,,,7.383
4925,4.279,4.676,11.32,3.341,,,,,,,,,,,,,12.547
4926,4.279,4.676,11.32,3.341,,,,,,,,,,,,,6.237
4927,4.279,4.676,11.32,3.341,,,,,,,,,,,,,5.733
4928,4.279,4.676,11.32,3.341,,,,,,,,,,,,,4.806
4929,4.279,4.675,11.32,3.341,,,,,,,,,,,,,5.651
4930,4.279,4.675,11.32,3.341,,,,,,,,,,,,,7.237
4931,4.279,4.675,11.32,3.341,,,,,,,,,,,,,7.124
4932,4.279,4.675,11.32,3.341,,,,,,,,,,,,,7.932
4933,4.279,4.675,11.32,3.341,,,,,,,,,,,,,6.416
4934,4.279,4.675,11.32,3.341,,,,,,,,,,,,,8.663
4935,4.279,4.675,11.32,3.341,,,,,,,,,,,,,6.872
4936,4.279,4.676,11.32,3.341,,,,,,,,,,,,,6.118
4937,4.279,4.676,11.32,3.341,,,,,,,,,,,,,7.219
4938,4.279,4.676,11.32,3.34,,,,,,,,,,,,,7.486
4939,4.279,4.676,11.32,3.34,,,,,,,,,,,,,6.829
4940,4.279,4.675,11.32,3.34,,,,,,,,,,,,,7.471
4941,4.279,4.675,11.32,3.341,,,,,,,,,,,,,6.833
4942,4.279,4.675,11.32,3.341,,,,,,,,,,,,,7.247
4943,4.279,4.675,11.32,3.341,,,,,,,,,,,,,7.439
4948,4.279,4.675,11.32,3.341,,,,,,,,,,,,,4.549
4949,4.279,4.675,11.32,3.341,,,,,,,,,,,,,7.285
4950,4.279,4.675,11.32,3.341,,,,,,,,,,,,,7.168
4951,4.279,4.675,11.32,3.341,,,,,,,,,,,,,7.146
4960,4.279,4.675,11.32,3.341,,,,,,,,,,,,,8.224
4961,4.279,4.675,11.32,3.341,,,,,,,,,,,,,9.578
4962,4.279,4.675,11.32,3.341,,,,,,,,,,,,,5.04
4963,4.279,4.676,11.32,3.341,,,,,,,,,,,,,6.028
4964,4.279,4.676,11.32,3.341,,,,,,,,,,,,,6.495
4965,4.279,4.676,11.32,3.341,,,,,,,,,,,,,8.385
4966,4.279,4.675,11.32,3.341,,,,,,,,,,,,,6.208
4967,4.279,4.675,11.32,3.341,,,,,,,,,,,,,7.141
4968,4.279,4.675,11.32,3.341,,,,,,,,,,,,,6.596
4969,4.279,4.675,11.32,3.341,,,,,,,,,,,,,7.24
4970,4.279,4.675,11.32,3.341,,,,,,,,,,,,,7.04
4971,4.279,4.675,11.32,3.341,,,,,,,,,,,,,7.463
4972,4.279,4.675,11.32,3.341,,,,,,,,,,,,,7.032
4973,4.279,4.675,11.32,3.341,,,,,,,,,,,,,7.801
4974,4.279,4.675,11.32,3.341,,,,,,,,,,,,,6.269
4975,4.279,4.675,11.32,3.341,,,,,,,,,,,,,8.166
4976,4.279,4.675,11.32,3.341,,,,,,,,,,,,,18.191
4977,4.279,4.675,11.32,3.341,,,,,,,,,,,,,4.522
4978,4.279,4.675,11.32,3.341,,,,,,,,,,,,,1.646
4979,4.279,4.675,11.32,3.341,,,,,,,,,,,,,3.044
4980,4.279,4.675,11.32,3.341,,,,,,,,,,,,,6.201
4981,4.279,4.675,11.32,3.341,,,,,,,,,,,,,8.411
4982,4.279,4.675,11.32,3.341,,,,,,,,,,,,,5.51
4983,4.279,4.675,11.32,3.341,,,,,,,,,,,,,7.235
4984,4.279,4.675,11.32,3.341,,,,,,,,,,,,,7.792
4985,4.279,4.675,11.32,3.341,,,,,,,,,,,,,6.534
4986,4.279,4.675,11.32,3.341,,,,,,,,,,,,,8.191
4987,4.279,4.675,11.32,3.341,,,,,,,,,,,,,5.593
4988,4.279,4.675,11.32,3.341,,,,,,,,,,,,,7.188
4989,4.279,4.675,11.32,3.341,,,,,,,,,,,,,36.021
4990,4.279,4.675,11.32,3.341,,,,,,,,,,,,,1.456
4991,4.279,4.675,11.32,3.341,,,,,,,,,,,,,1.174
4992,4.279,4.675,11.32,3.341,,,,,,,,,,,,,0.825
4993,4.279,4.675,11.32,3.341,,,,,,,,,,,,,0.687
4994,4.279,4.675,11.32,3.341,,,,,,,,,,,,,0.852
4995,4.279,4.675,11.32,3.341,,,,,,,,,,,,,4.55
4996,4.279,4.675,11.32,3.341,,,,,,,,,,,,,5.371
4997,4.279,4.675,11.32,3.341,,,,,,,,,,,,,9.041
4998,4.279,4.675,11.32,3.341,,,,,,,,,,,,,5.584
4999,4.279,4.675,11.32,3.341,,,,,,,,,,,,,7.322
5000,4.279,4.675,11.32,3.341,,,,,,,,,,,,,6.793
5001,4.279,4.675,11.32,3.341,,,,,,,,,,,,,7.782
5002,4.279,4.675,11.32,3.341,,,,,,,,,,,,,6.469
5003,4.279,4.675,11.32,3.341,,,,,,,,,,,,,7.402
5004,4.279,4.675,11.32,3.341,,,,,,,,,,,,,7.18
5005,4.279,4.675,11.32,3.341,,,,,,,,,,,,,9.403
5006,4.279,4.675,11.32,3.341,,,,,,,,,,,,,5.218
5007,4.279,4.675,11.32,3.341,,,,,,,,,,,,,8.704
5008,4.279,4.675,11.32,3.341,,,,,,,,,,,,,5.673
5009,4.279,4.675,11.32,3.341,,,,,,,,,,,,,6.361
5014,4.279,4.675,11.32,3.341,,,,,,,,,,,,,7.088
5015,4.279,4.675,11.32,3.341,,,,,,,,,,,,,7.465
5016,4.279,4.675,11.32,3.341,,,,,,,,,,,,,7.074
5017,4.279,4.675,11.32,3.341,,,,,,,,,,,,,7.301
5018,4.279,4.675,11.32,3.341,,,,,,,,,,,,,6.591
5019,4.279,4.675,11.32,3.341,,,,,,,,,,,,,13.279
5020,4.279,4.675,11.32,3.341,,,,,,,,,,,,,4.806
5021,4.279,4.675,11.32,3.341,,,,,,,,,,,,,8.867
5022,4.279,4.675,11.32,3.341,,,,,,,,,,,,,4.386
5023,4.279,4.675,11.32,3.341,,,,,,,,,,,,,5.92
5024,4.279,4.675,11.32,3.341,,,,,,,,,,,,,4.845
5025,4.279,4.675,11.32,3.341,,,,,,,,,,,,,7.74
5026,4.279,4.675,11.32,3.341,,,,,,,,,,,,,6.305
5027,4.279,4.675,11.32,3.341,,,,,,,,,,,,,7.151
5028,4.279,4.675,11.32,3.341,,,,,,,,,,,,,7.205
5029,4.279,4.675,11.32,3.341,,,,,,,,,,,,,7.193
5030,4.279,4.675,11.32,3.341,,,,,,,,,,,,,7.115
5031,4.279,4.675,11.32,3.341,,,,,,,,,,,,,7.646
5032,4.279,4.675,11.32,3.341,,,,,,,,,,,,,6.744
5033,4.279,4.675,11.32,3.341,,,,,,,,,,,,,8.475
5034,4.279,4.675,11.32,3.341,,,,,,,,,,,,,5.886
5035,4.279,4.675,11.32,3.341,,,,,,,,,,,,,6.896
5036,4.279,4.675,11.32,3.341,,,,,,,,,,,,,6.885
5037,4.279,4.675,11.32,3.341,,,,,,,,,,,,,19.41
5038,4.279,4.675,11.32,3.341,,,,,,,,,,,,,4.348
5039,4.279,4.675,11.32,3.341,,,,,,,,,,,,,1.508
5040,4.279,4.675,11.32,3.341,,,,,,,,,,,,,2.865
5041,4.279,4.675,11.32,3.341,,,,,,,,,,,,,5.687
5042,4.279,4.675,11.32,3.341,,,,,,,,,,,,,7.369
5043,4.279,4.675,11.32,3.341,,,,,,,,,,,,,6.395
5044,4.279,4.675,11.32,3.341,,,,,,,,,,,,,7.171
5045,4.279,4.675,11.32,3.341,,,,,,,,,,,,,7.23
5046,4.279,4.675,11.32,3.341,,,,,,,,,,,,,7.077
5047,4.279,4.675,11.32,3.341,,,,,,,,,,,,,7.806
5052,4.279,4.675,11.32,3.341,,,,,,,,,,,,,10.171
5053,4.279,4.675,11.32,3.341,,,,,,,,,,,,,4.277
5054,4.279,4.675,11.32,3.341,,,,,,,,,,,,,7.536
5055,4.279,4.675,11.32,3.341,,,,,,,,,,,,,6.611
5056,4.279,4.675,11.32,3.341,,,,,,,,,,,,,6.967
5057,4.279,4.675,11.32,3.341,,,,,,,,,,,,,7.4
5058,4.279,4.675,11.32,3.341,,,,,,,,,,,,,6.642
5059,4.279,4.675,11.32,3.341,,,,,,,,,,,,,7.336
5060,4.279,4.675,11.32,3.341,,,,,,,,,,,,,8.139
5061,4.279,4.675,11.32,3.341,,,,,,,,,,,,,6.011
5062,4.279,4.675,11.32,3.341,,,,,,,,,,,,,7.197
5063,4.279,4.675,11.32,3.341,,,,,,,,,,,,,7.857
5064,4.279,4.675,11.32,3.341,,,,,,,,,,,,,7.484
5065,4.279,4.675,11.32,3.341,,,,,,,,,,,,,7.947
5066,4.279,4.675,11.32,3.341,,,,,,,,,,,,,6.892
5067,4.279,4.675,11.32,3.341,,,,,,,,,,,,,8.186
5068,4.279,4.675,11.32,3.341,,,,,,,,,,,,,4.896
5069,4.279,4.675,11.32,3.341,,,,,,,,,,,,,7.139
5070,4.279,4.675,11.32,3.341,,,,,,,,,,,,,8.218
5071,4.279,4.675,11.32,3.341,,,,,,,,,,,,,6.132
5072,4.279,4.675,11.32,3.341,,,,,,,,,,,,,7.149
5073,4.279,4.675,11.32,3.341,,,,,,,,,,,,,7.506
5074,4.279,4.675,11.32,3.341,,,,,,,,,,,,,34.427
5075,4.279,4.675,11.32,3.341,,,,,,,,,,,,,4.814
5076,4.279,4.675,11.32,3.341,,,,,,,,,,,,,1.267
5077,4.279,4.675,11.32,3.341,,,,,,,,,,,,,0.888
5078,4.279,4.675,11.32,3.341,,,,,,,,,,,,,0.85
5079,4.279,4.675,11.32,3.341,,,,,,,,,,,,,0.971
5080,4.279,4.675,11.32,3.341,,,,,,,,,,,,,2.539
5081,4.279,4.675,11.32,3.341,,,,,,,,,,,,,7.492
5082,4.279,4.675,11.32,3.341,,,,,,,,,,,,,5.571
5083,4.279,4.675,11.32,3.341,,,,,,,,,,,,,7.451
5084,4.279,4.675,11.32,3.341,,,,,,,,,,,,,6.714
5085,4.279,4.675,11.32,3.341,,,,,,,,,,,,,6.58
5086,4.279,4.675,11.32,3.341,,,,,,,,,,,,,7.453
5087,4.279,4.675,11.32,3.341,,,,,,,,,,,,,6.879
5088,4.279,4.675,11.32,3.341,,,,,,,,,,,,,7.174
5089,4.279,4.675,11.32,3.341,,,,,,,,,,,,,7.159
5090,4.279,4.675,11.32,3.341,,,,,,,,,,,,,14.435
5094,4.279,4.675,11.32,3.341,,,,,,,,,,,,,6.978
5095,4.279,4.675,11.32,3.341,,,,,,,,,,,,,7.112
5096,4.279,4.675,11.32,3.341,,,,,,,,,,,,,7.761
5097,4.279,4.675,11.32,3.341,,,,,,,,,,,,,7.696
5098,4.279,4.675,11.32,3.341,,,,,,,,,,,,,5.587
5099,4.279,4.675,11.32,3.341,,,,,,,,,,,,,7.185
5100,4.279,4.675,11.32,3.341,,,,,,,,,,,,,7.313
5101,4.279,4.675,11.32,3.341,,,,,,,,,,,,,6.947
5102,4.279,4.675,11.32,3.341,,,,,,,,,,,,,7.248
5103,4.279,4.675,11.32,3.341,,,,,,,,,,,,,7.186
5104,4.279,4.675,11.32,3.341,,,,,,,,,,,,,7.131
5105,4.279,4.675,11.32,3.341,,,,,,,,,,,,,7.174
5106,4.279,4.675,11.32,3.341,,,,,,,,,,,,,7.512
5107,4.279,4.675,11.32,3.341,,,,,,,,,,,,,7.054
5108,4.279,4.675,11.32,3.341,,,,,,,,,,,,,7.63
5109,4.279,4.675,11.32,3.341,,,,,,,,,,,,,6.771
5110,4.279,4.675,11.32,3.341,,,,,,,,,,,,,22.823
5111,4.279,4.675,11.32,3.341,,,,,,,,,,,,,4.549
5112,4.279,4.675,11.32,3.341,,,,,,,,,,,,,1.943
5113,4.279,4.675,11.32,3.341,,,,,,,,,,,,,0.956
5114,4.279,4.675,11.32,3.341,,,,,,,,,,,,,5.704
5115,4.279,4.675,11.32,3.341,,,,,,,,,,,,,4.247
5116,4.279,4.675,11.32,3.341,,,,,,,,,,,,,6.778
5117,4.279,4.676,11.32,3.341,,,,,,,,,,,,,8.093
5118,4.279,4.676,11.32,3.341,,,,,,,,,,,,,5.613
5119,4.279,4.676,11.32,3.341,,,,,,,,,,,,,7.943
5120,4.279,4.676,11.32,3.341,,,,,,,,,,,,,6.334
5121,4.279,4.676,11.32,3.341,,,,,,,,,,,,,11.97
5122,4.279,4.676,11.32,3.341,,,,,,,,,,,,,6.92
5123,4.279,4.676,11.32,3.341,,,,,,,,,,,,,6.685
5124,4.279,4.675,11.32,3.341,,,,,,,,,,,,,7.192
5125,4.279,4.675,11.32,3.341,,,,,,,,,,,,,8.141
5126,4.279,4.675,11.32,3.341,,,,,,,,,,,,,9.011
5127,4.279,4.675,11.32,3.341,,,,,,,,,,,,,4.572
5128,4.279,4.675,11.32,3.341,,,,,,,,,,,,,6.648
5129,4.279,4.675,11.32,3.341,,,,,,,,,,,,,6.801
5130,4.279,4.675,11.32,3.341,,,,,,,,,,,,,7.213
5131,4.279,4.675,11.32,3.341,,,,,,,,,,,,,6.503
5132,4.279,4.675,11.32,3.341,,,,,,,,,,,,,9.263
5133,4.279,4.675,11.32,3.341,,,,,,,,,,,,,5.632
5134,4.279,4.675,11.32,3.341,,,,,,,,,,,,,6.804
5135,4.279,4.675,11.32,3.341,,,,,,,,,,,,,7.245
5136,4.279,4.675,11.32,3.341,,,,,,,,,,,,,9.032
5137,4.279,4.675,11.32,3.341,,,,,,,,,,,,,5.213
5138,4.279,4.675,11.32,3.341,,,,,,,,,,,,,7.165
5139,4.279,4.675,11.32,3.341,,,,,,,,,,,,,7.211
5140,4.279,4.675,11.32,3.341,,,,,,,,,,,,,8.137
5141,4.279,4.675,11.32,3.341,,,,,,,,,,,,,8.918
5142,4.279,4.675,11.32,3.341,,,,,,,,,,,,,4.324
5143,4.279,4.675,11.32,3.341,,,,,,,,,,,,,6.698
5144,4.279,4.675,11.32,3.341,,,,,,,,,,,,,6.735
5145,4.279,4.675,11.32,3.341,,,,,,,,,,,,,15.422
5146,4.279,4.675,11.32,3.341,,,,,,,,,,,,,39.463
5147,4.279,4.675,11.32,3.341,,,,,,,,,,,,,1.426
5148,4.279,4.675,11.32,3.341,,,,,,,,,,,,,1.082
5149,4.279,4.675,11.32,3.341,,,,,,,,,,,,,2.1
5150,4.279,4.675,11.32,3.341,,,,,,,,,,,,,1.015
5151,4.279,4.675,11.32,3.341,,,,,,,,,,,,,1.021
5152,4.279,4.675,11.32,3.341,,,,,,,,,,,,,0.947
5153,4.279,4.675,11.32,3.341,,,,,,,,,,,,,1.008
5154,4.279,4.675,11.32,3.341,,,,,,,,,,,,,0.903
5155,4.279,4.675,11.32,3.341,,,,,,,,,,,,,6.875
5156,4.279,4.675,11.32,3.341,,,,,,,,,,,,,6.687
5157,4.279,4.675,11.32,3.341,,,,,,,,,,,,,26.096
5158,4.279,4.675,11.32,3.341,,,,,,,,,,,,,1.773
5159,4.279,4.675,11.32,3.341,,,,,,,,,,,,,1.523
5168,4.279,4.675,11.32,3.341,,,,,,,,,,,,,7.677
5169,4.279,4.675,11.32,3.341,,,,,,,,,,,,,6.343
5170,4.279,4.675,11.32,3.341,,,,,,,,,,,,,7.245
5171,4.279,4.675,11.32,3.341,,,,,,,,,,,,,8.186
5172,4.279,4.675,11.32,3.341,,,,,,,,,,,,,12.016
5173,4.279,4.675,11.32,3.341,,,,,,,,,,,,,6.274
5174,4.279,4.675,11.32,3.341,,,,,,,,,,,,,4.444
5175,4.279,4.675,11.32,3.341,,,,,,,,,,,,,6.097
5176,4.279,4.675,11.32,3.341,,,,,,,,,,,,,5.491
5177,4.279,4.675,11.32,3.341,,,,,,,,,,,,,6.942
5178,4.279,4.675,11.32,3.341,,,,,,,,,,,,,7.834
5179,4.279,4.676,11.32,3.341,,,,,,,,,,,,,6.887
5180,4.279,4.676,11.32,3.341,,,,,,,,,,,,,7.691
5181,4.279,4.676,11.32,3.341,,,,,,,,,,,,,6.371
5182,4.279,4.676,11.32,3.341,,,,,,,,,,,,,7.245
5183,4.279,4.675,11.32,3.341,,,,,,,,,,,,,7.157
5184,4.279,4.675,11.32,3.341,,,,,,,,,,,,,9.229
5185,4.279,4.675,11.32,3.341,,,,,,,,,,,,,5.302
5186,4.279,4.675,11.32,3.341,,,,,,,,,,,,,6.897
5187,4.279,4.675,11.32,3.341,,,,,,,,,,,,,11.61
5188,4.279,4.675,11.32,3.341,,,,,,,,,,,,,4.241
5189,4.279,4.675,11.32,3.341,,,,,,,,,,,,,5.757
5190,4.279,4.676,11.32,3.341,,,,,,,,,,,,,6.732
5195,4.279,4.676,11.32,3.341,,,,,,,,,,,,,6.718
5196,4.279,4.676,11.32,3.341,,,,,,,,,,,,,6.752
5197,4.279,4.676,11.32,3.341,,,,,,,,,,,,,7.282
5198,4.279,4.676,11.32,3.341,,,,,,,,,,,,,7.486
5199,4.279,4.676,11.32,3.341,,,,,,,,,,,,,6.897
5200,4.279,4.676,11.32,3.341,,,,,,,,,,,,,6.79
5201,4.279,4.676,11.32,3.341,,,,,,,,,,,,,7.818
5202,4.279,4.675,11.32,3.341,,,,,,,,,,,,,8.542
5203,4.279,4.675,11.32,3.341,,,,,,,,,,,,,4.894
5204,4.279,4.675,11.32,3.341,,,,,,,,,,,,,7.014
5205,4.279,4.675,11.32,3.341,,,,,,,,,,,,,6.951
5206,4.279,4.675,11.32,3.341,,,,,,,,,,,,,7.058
5207,4.279,4.675,11.32,3.341,,,,,,,,,,,,,7.445
5208,4.279,4.675,11.32,3.341,,,,,,,,,,,,,7.181
5209,4.279,4.675,11.32,3.341,,,,,,,,,,,,,7.417
5214,4.279,4.675,11.32,3.341,,,,,,,,,,,,,7.591
5215,4.279,4.675,11.32,3.341,,,,,,,,,,,,,6.815
5216,4.279,4.675,11.32,3.341,,,,,,,,,,,,,7.179
5217,4.279,4.676,11.32,3.341,,,,,,,,,,,,,8.869
5218,4.279,4.676,11.32,3.341,,,,,,,,,,,,,5.637
5219,4.279,4.676,11.32,3.341,,,,,,,,,,,,,6.431
5220,4.279,4.676,11.32,3.341,,,,,,,,,,,,,7.484
5221,4.279,4.676,11.32,3.341,,,,,,,,,,,,,7.184
5222,4.279,4.676,11.32,3.341,,,,,,,,,,,,,7.331
5223,4.279,4.676,11.32,3.341,,,,,,,,,,,,,7.555
5224,4.279,4.676,11.32,3.341,,,,,,,,,,,,,6.864
5225,4.279,4.676,11.32,3.341,,,,,,,,,,,,,7.471
5226,4.279,4.676,11.32,3.341,,,,,,,,,,,,,7.114
5227,4.279,4.676,11.32,3.341,,,,,,,,,,,,,7.94
5228,4.279,4.675,11.32,3.341,,,,,,,,,,,,,6.324
5229,4.279,4.675,11.32,3.341,,,,,,,,,,,,,7.19
5230,4.279,4.675,11.32,3.341,,,,,,,,,,,,,8.774
5231,4.279,4.675,11.32,3.341,,,,,,,,,,,,,5.572
5232,4.279,4.675,11.32,3.341,,,,,,,,,,,,,8.249
5233,4.279,4.675,11.32,3.341,,,,,,,,,,,,,5.553
5234,4.279,4.675,11.32,3.341,,,,,,,,,,,,,7.472
5235,4.279,4.675,11.32,3.341,,,,,,,,,,,,,6.961
5236,4.279,4.675,11.32,3.341,,,,,,,,,,,,,7.412
5237,4.279,4.675,11.32,3.341,,,,,,,,,,,,,7.342
5238,4.279,4.675,11.32,3.341,,,,,,,,,,,,,10.852
5239,4.279,4.676,11.32,3.341,,,,,,,,,,,,,5.33
5244,4.279,4.675,11.32,3.341,,,,,,,,,,,,,7.605
5245,4.279,4.675,11.32,3.341,,,,,,,,,,,,,6.492
5246,4.279,4.675,11.32,3.341,,,,,,,,,,,,,7.553
5247,4.279,4.675,11.32,3.341,,,,,,,,,,,,,43.405
5248,4.279,4.675,11.32,3.341,,,,,,,,,,,,,4.971
5249,4.279,4.675,11.32,3.341,,,,,,,,,,,,,1.461
5250,4.279,4.675,11.32,3.341,,,,,,,,,,,,,1.157
5251,4.279,4.675,11.32,3.341,,,,,,,,,,,,,0.858
5256,4.279,4.675,11.32,3.341,,,,,,,,,,,,,6.814
5257,4.279,4.675,11.32,3.341,,,,,,,,,,,,,7.122
5258,4.279,4.675,11.32,3.341,,,,,,,,,,,,,7.265
5259,4.279,4.675,11.32,3.341,,,,,,,,,,,,,7.064
5260,4.279,4.675,11.32,3.341,,,,,,,,,,,,,7.474
5261,4.279,4.675,11.32,3.341,,,,,,,,,,,,,7.955
5262,4.279,4.675,11.32,3.341,,,,,,,,,,,,,5.983
5263,4.279,4.676,11.32,3.341,,,,,,,,,,,,,9.253
5264,4.279,4.676,11.32,3.341,,,,,,,,,,,,,6.2
5265,4.279,4.676,11.32,3.341,,,,,,,,,,,,,6.885
5266,4.279,4.676,11.32,3.341,,,,,,,,,,,,,6.779
5267,4.279,4.675,11.32,3.341,,,,,,,,,,,,,7.113
5268,4.279,4.675,11.32,3.341,,,,,,,,,,,,,6.656
5269,4.279,4.675,11.32,3.341,,,,,,,,,,,,,7.337
5270,4.279,4.675,11.32,3.341,,,,,,,,,,,,,7.224
5275,4.279,4.675,11.32,3.341,,,,,,,,,,,,,6.874
5276,4.279,4.675,11.32,3.341,,,,,,,,,,,,,7.219
5277,4.279,4.675,11.32,3.341,,,,,,,,,,,,,11.284
5278,4.279,4.675,11.32,3.341,,,,,,,,,,,,,5.027
5279,4.279,4.675,11.32,3.341,,,,,,,,,,,,,5.972
5280,4.279,4.675,11.32,3.341,,,,,,,,,,,,,5.612
5281,4.279,4.675,11.32,3.341,,,,,,,,,,,,,7.283
5282,4.279,4.675,11.32,3.341,,,,,,,,,,,,,7.127
5283,4.279,4.675,11.32,3.341,,,,,,,,,,,,,7.027
5284,4.279,4.675,11.32,3.341,,,,,,,,,,,,,5.866
5285,4.279,4.675,11.32,3.341,,,,,,,,,,,,,9.607
5286,4.279,4.675,11.32,3.341,,,,,,,,,,,,,6.644
5287,4.279,4.675,11.32,3.341,,,,,,,,,,,,,6.807
5288,4.279,4.675,11.32,3.341,,,,,,,,,,,,,7.411
5289,4.279,4.675,11.32,3.341,,,,,,,,,,,,,6.804
5290,4.279,4.675,11.32,3.341,,,,,,,,,,,,,7.09
5291,4.279,4.675,11.32,3.341,,,,,,,,,,,,,7.606
5292,4.279,4.675,11.32,3.341,,,,,,,,,,,,,9.584
5293,4.279,4.675,11.32,3.341,,,,,,,,,,,,,4.749
5294,4.279,4.675,11.32,3.341,,,,,,,,,,,,,6.804
5295,4.279,4.675,11.32,3.341,,,,,,,,,,,,,6.791
5296,4.279,4.675,11.32,3.341,,,,,,,,,,,,,7.703
5297,4.279,4.675,11.32,3.341,,,,,,,,,,,,,7.162
5302,4.279,4.675,11.32,3.341,,,,,,,,,,,,,5.886
5303,4.279,4.675,11.32,3.341,,,,,,,,,,,,,7.164
5304,4.279,4.675,11.32,3.341,,,,,,,,,,,,,7.288
5305,4.279,4.675,11.32,3.341,,,,,,,,,,,,,7.043
5309,4.279,4.675,11.32,3.341,,,,,,,,,,,,,6.32
5310,4.279,4.675,11.32,3.341,,,,,,,,,,,,,9.585
5311,4.279,4.675,11.32,3.341,,,,,,,,,,,,,5.348
5312,4.279,4.675,11.32,3.341,,,,,,,,,,,,,7.049
5313,4.279,4.675,11.32,3.341,,,,,,,,,,,,,6.759
5314,4.279,4.675,11.32,3.341,,,,,,,,,,,,,8.429
5315,4.279,4.675,11.32,3.341,,,,,,,,,,,,,5.587
5316,4.279,4.675,11.32,3.341,,,,,,,,,,,,,7.168
5317,4.279,4.675,11.32,3.341,,,,,,,,,,,,,7.263
5318,4.279,4.675,11.32,3.341,,,,,,,,,,,,,7.053
5319,4.279,4.675,11.32,3.341,,,,,,,,,,,,,7.649
5320,4.279,4.675,11.32,3.341,,,,,,,,,,,,,8.825
5321,4.279,4.675,11.32,3.341,,,,,,,,,,,,,5.87
5322,4.279,4.675,11.32,3.341,,,,,,,,,,,,,6.415
5323,4.279,4.675,11.32,3.341,,,,,,,,,,,,,7.695
5324,4.279,4.675,11.32,3.341,,,,,,,,,,,,,6.926
5325,4.279,4.675,11.32,3.341,,,,,,,,,,,,,7.142
5326,4.279,4.675,11.32,3.341,,,,,,,,,,,,,7.432
5327,4.279,4.675,11.32,3.341,,,,,,,,,,,,,7.426
5328,4.279,4.675,11.32,3.341,,,,,,,,,,,,,6.908
5329,4.279,4.675,11.32,3.341,,,,,,,,,,,,,7.089
5330,4.279,4.675,11.32,3.341,,,,,,,,,,,,,30.492
5331,4.279,4.675,11.32,3.341,,,,,,,,,,,,,1.355
5332,4.279,4.675,11.32,3.341,,,,,,,,,,,,,0.912
5333,4.279,4.675,11.32,3.341,,,,,,,,,,,,,0.747
5334,4.279,4.675,11.32,3.341,,,,,,,,,,,,,0.747
5335,4.279,4.675,11.32,3.341,,,,,,,,,,,,,7.082
5336,4.279,4.675,11.32,3.341,,,,,,,,,,,,,4.612
5337,4.279,4.675,11.32,3.341,,,,,,,,,,,,,5.491
5338,4.279,4.675,11.32,3.341,,,,,,,,,,,,,7.498
5339,4.279,4.675,11.32,3.341,,,,,,,,,,,,,6.974
5344,4.279,4.676,11.32,3.341,,,,,,,,,,,,,7.172
5345,4.279,4.676,11.32,3.341,,,,,,,,,,,,,8.582
5346,4.279,4.676,11.32,3.341,,,,,,,,,,,,,6.345
5347,4.279,4.675,11.32,3.341,,,,,,,,,,,,,6.915
5348,4.279,4.675,11.32,3.341,,,,,,,,,,,,,6.888
5349,4.279,4.675,11.32,3.341,,,,,,,,,,,,,7.208
5350,4.279,4.675,11.32,3.341,,,,,,,,,,,,,7.239
5351,4.279,4.675,11.32,3.341,,,,,,,,,,,,,7.605
5352,4.279,4.675,11.32,3.341,,,,,,,,,,,,,8.398
5353,4.279,4.675,11.32,3.341,,,,,,,,,,,,,5.381
5354,4.279,4.675,11.32,3.341,,,,,,,,,,,,,7.282
5355,4.279,4.675,11.32,3.341,,,,,,,,,,,,,7.324
5356,4.279,4.675,11.32,3.341,,,,,,,,,,,,,7.562
5357,4.279,4.675,11.32,3.341,,,,,,,,,,,,,7.307
5358,4.279,4.676,11.32,3.341,,,,,,,,,,,,,6.652
5359,4.279,4.676,11.32,3.341,,,,,,,,,,,,,7.841
5360,4.279,4.676,11.32,3.341,,,,,,,,,,,,,6.767
5361,4.279,4.676,11.32,3.341,,,,,,,,,,,,,7.44
5362,4.279,4.675,11.32,3.341,,,,,,,,,,,,,5.052
5363,4.279,4.675,11.32,3.341,,,,,,,,,,,,,8.434
5364,4.279,4.675,11.32,3.341,,,,,,,,,,,,,8.185
5365,4.279,4.675,11.32,3.341,,,,,,,,,,,,,5.933
5366,4.279,4.675,11.32,3.341,,,,,,,,,,,,,8.979
5367,4.279,4.675,11.32,3.341,,,,,,,,,,,,,5.277
5368,4.279,4.675,11.32,3.341,,,,,,,,,,,,,7.7
5369,4.279,4.675,11.32,3.341,,,,,,,,,,,,,8.449
5370,4.279,4.675,11.32,3.341,,,,,,,,,,,,,7.738
5371,4.279,4.675,11.32,3.341,,,,,,,,,,,,,6.295
5372,4.279,4.675,11.32,3.341,,,,,,,,,,,,,7.028
5373,4.279,4.676,11.32,3.341,,,,,,,,,,,,,7.273
5374,4.279,4.676,11.32,3.341,,,,,,,,,,,,,7.847
5375,4.279,4.676,11.32,3.341,,,,,,,,,,,,,7.062
5376,4.279,4.676,11.32,3.341,,,,,,,,,,,,,6.682
5377,4.279,4.675,11.32,3.341,,,,,,,,,,,,,7.595
5378,4.279,4.675,11.32,3.341,,,,,,,,,,,,,6.788
5379,4.279,4.675,11.32,3.341,,,,,,,,,,,,,8.802
5380,4.279,4.675,11.32,3.341,,,,,,,,,,,,,5.238
5381,4.279,4.675,11.32,3.341,,,,,,,,,,,,,7.251
5382,4.279,4.675,11.32,3.341,,,,,,,,,,,,,7.122
5383,4.279,4.675,11.32,3.341,,,,,,,,,,,,,7.915
5384,4.279,4.675,11.32,3.341,,,,,,,,,,,,,8.255
5389,4.279,4.675,11.32,3.341,,,,,,,,,,,,,7.399
5390,4.279,4.675,11.32,3.341,,,,,,,,,,,,,6.485
5391,4.279,4.675,11.32,3.341,,,,,,,,,,,,,8.854
5392,4.279,4.675,11.32,3.341,,,,,,,,,,,,,6.452
5393,4.279,4.675,11.32,3.341,,,,,,,,,,,,,7.687
5394,4.279,4.675,11.32,3.341,,,,,,,,,,,,,6.004
5395,4.279,4.675,11.32,3.341,,,,,,,,,,,,,6.873
5396,4.279,4.675,11.32,3.341,,,,,,,,,,,,,8.735
5397,4.279,4.675,11.32,3.341,,,,,,,,,,,,,5.28
5398,4.279,4.675,11.32,3.341,,,,,,,,,,,,,7.475
5399,4.279,4.675,11.32,3.341,,,,,,,,,,,,,7.203
5400,4.279,4.676,11.32,3.341,,,,,,,,,,,,,7.165
5401,4.279,4.676,11.32,3.341,,,,,,,,,,,,,7.454
5402,4.279,4.676,11.32,3.341,,,,,,,,,,,,,7.123
5403,4.279,4.676,11.32,3.341,,,,,,,,,,,,,7.141
5404,4.279,4.676,11.32,3.341,,,,,,,,,,,,,13.463
5405,4.279,4.676,11.32,3.341,,,,,,,,,,,,,5.497
5406,4.279,4.676,11.32,3.341,,,,,,,,,,,,,9.63
5407,4.279,4.675,11.32,3.341,,,,,,,,,,,,,5.114
5408,4.279,4.675,11.32,3.341,,,,,,,,,,,,,6.544
5409,4.279,4.675,11.32,3.341,,,,,,,,,,,,,7.384
5410,4.279,4.675,11.32,3.341,,,,,,,,,,,,,7.349
5411,4.279,4.675,11.32,3.341,,,,,,,,,,,,,7.524
5412,4.279,4.675,11.32,3.341,,,,,,,,,,,,,7.773
5413,4.279,4.675,11.32,3.341,,,,,,,,,,,,,6.888
5414,4.279,4.675,11.32,3.341,,,,,,,,,,,,,6.541
5415,4.279,4.675,11.32,3.341,,,,,,,,,,,,,7.271
5416,4.279,4.675,11.32,3.341,,,,,,,,,,,,,7.048
5417,4.279,4.675,11.32,3.341,,,,,,,,,,,,,7.462
5418,4.279,4.675,11.32,3.341,,,,,,,,,,,,,7.031
5419,4.279,4.675,11.32,3.341,,,,,,,,,,,,,7.9
5420,4.279,4.675,11.32,3.341,,,,,,,,,,,,,34.547
5421,4.279,4.675,11.32,3.341,,,,,,,,,,,,,1.539
5422,4.279,4.675,11.32,3.341,,,,,,,,,,,,,1.118
5423,4.279,4.675,11.32,3.341,,,,,,,,,,,,,0.913
5424,4.279,4.675,11.32,3.341,,,,,,,,,,,,,0.853
5425,4.279,4.675,11.32,3.341,,,,,,,,,,,,,0.959
5426,4.279,4.675,11.32,3.341,,,,,,,,,,,,,3.209
5427,4.279,4.675,11.32,3.341,,,,,,,,,,,,,6.976
5428,4.279,4.675,11.32,3.341,,,,,,,,,,,,,7.182
5429,4.279,4.675,11.32,3.341,,,,,,,,,,,,,8.058
5430,4.279,4.675,11.32,3.341,,,,,,,,,,,,,6.299
5435,4.279,4.675,11.32,3.341,,,,,,,,,,,,,8.231
5436,4.279,4.675,11.32,3.341,,,,,,,,,,,,,10.744
5437,4.279,4.675,11.32,3.341,,,,,,,,,,,,,4.93
5438,4.279,4.675,11.32,3.341,,,,,,,,,,,,,4.451
5439,4.279,4.675,11.32,3.341,,,,,,,,,,,,,7.53
5440,4.279,4.675,11.32,3.341,,,,,,,,,,,,,7.195
5441,4.279,4.675,11.32,3.341,,,,,,,,,,,,,7.134
5442,4.279,4.675,11.32,3.341,,,,,,,,,,,,,7.644
5443,4.279,4.675,11.32,3.341,,,,,,,,,,,,,6.94
5444,4.279,4.675,11.32,3.341,,,,,,,,,,,,,7.169
5445,4.279,4.675,11.32,3.341,,,,,,,,,,,,,7.237
5450,4.279,4.675,11.32,3.341,,,,,,,,,,,,,7.063
5451,4.279,4.675,11.32,3.341,,,,,,,,,,,,,11.338
5452,4.279,4.675,11.32,3.341,,,,,,,,,,,,,4.405
5453,4.279,4.675,11.32,3.341,,,,,,,,,,,,,6.301
5454,4.279,4.675,11.32,3.341,,,,,,,,,,,,,6.935
5455,4.279,4.675,11.32,3.341,,,,,,,,,,,,,7.929
5456,4.279,4.675,11.32,3.341,,,,,,,,,,,,,5.598
5457,4.279,4.675,11.32,3.341,,,,,,,,,,,,,7.072
5458,4.279,4.675,11.32,3.341,,,,,,,,,,,,,7.196
5459,4.279,4.675,11.32,3.341,,,,,,,,,,,,,7.232
5460,4.279,4.675,11.32,3.341,,,,,,,,,,,,,7.141
5461,4.279,4.675,11.32,3.341,,,,,,,,,,,,,7.712
5462,4.279,4.675,11.32,3.341,,,,,,,,,,,,,6.564
5463,4.279,4.675,11.32,3.341,,,,,,,,,,,,,7.481
5464,4.279,4.675,11.32,3.341,,,,,,,,,,,,,7.036
5465,4.279,4.675,11.32,3.341,,,,,,,,,,,,,7.077
5466,4.279,4.675,11.32,3.341,,,,,,,,,,,,,8.636
5467,4.279,4.675,11.32,3.341,,,,,,,,,,,,,6.558
5468,4.279,4.676,11.32,3.341,,,,,,,,,,,,,6.608
5469,4.279,4.676,11.32,3.341,,,,,,,,,,,,,7.192
5470,4.279,4.676,11.32,3.341,,,,,,,,,,,,,7.112
5471,4.279,4.676,11.32,3.341,,,,,,,,,,,,,6.581
5472,4.279,4.675,11.32,3.341,,,,,,,,,,,,,7.516
5473,4.279,4.675,11.32,3.341,,,,,,,,,,,,,7.268
5474,4.279,4.675,11.32,3.341,,,,,,,,,,,,,7.27
5475,4.279,4.675,11.32,3.341,,,,,,,,,,,,,7.203
5476,4.279,4.675,11.32,3.341,,,,,,,,,,,,,9.981
5477,4.279,4.675,11.32,3.341,,,,,,,,,,,,,4.596
5478,4.279,4.675,11.32,3.341,,,,,,,,,,,,,8.101
5479,4.279,4.676,11.32,3.341,,,,,,,,,,,,,5.106
5480,4.279,4.676,11.32,3.341,,,,,,,,,,,,,7.013
5481,4.279,4.676,11.32,3.341,,,,,,,,,,,,,7.498
5482,4.279,4.676,11.32,3.341,,,,,,,,,,,,,8.686
5483,4.279,4.675,11.32,3.341,,,,,,,,,,,,,5.347
5484,4.279,4.675,11.32,3.341,,,,,,,,,,,,,7.941
5485,4.279,4.675,11.32,3.341,,,,,,,,,,,,,8.016
5486,4.279,4.675,11.32,3.341,,,,,,,,,,,,,6.06
5487,4.279,4.675,11.32,3.341,,,,,,,,,,,,,6.478
5491,4.279,4.675,11.32,3.341,,,,,,,,,,,,,7.529
5492,4.279,4.675,11.32,3.341,,,,,,,,,,,,,5.015
5493,4.279,4.675,11.32,3.341,,,,,,,,,,,,,7.684
5494,4.279,4.675,11.32,3.341,,,,,,,,,,,,,6.574
5495,4.279,4.675,11.32,3.341,,,,,,,,,,,,,8.685
5496,4.279,4.675,11.32,3.341,,,,,,,,,,,,,5.723
5497,4.279,4.675,11.32,3.341,,,,,,,,,,,,,7.415
5498,4.279,4.675,11.32,3.341,,,,,,,,,,,,,6.922
5499,4.279,4.675,11.32,3.341,,,,,,,,,,,,,7.305
5500,4.279,4.675,11.32,3.341,,,,,,,,,,,,,7.311
5501,4.279,4.675,11.32,3.341,,,,,,,,,,,,,7.278
5502,4.279,4.676,11.32,3.341,,,,,,,,,,,,,7.409
5503,4.279,4.676,11.32,3.341,,,,,,,,,,,,,32.847
5504,4.279,4.676,11.32,3.341,,,,,,,,,,,,,4.546
5505,4.279,4.676,11.32,3.341,,,,,,,,,,,,,1.371
5506,4.279,4.675,11.32,3.341,,,,,,,,,,,,,0.991
5507,4.279,4.675,11.32,3.341,,,,,,,,,,,,,0.91
5508,4.279,4.675,11.32,3.341,,,,,,,,,,,,,1.133
5509,4.279,4.675,11.32,3.341,,,,,,,,,,,,,2.434
5510,4.279,4.676,11.32,3.341,,,,,,,,,,,,,10.272
5511,4.279,4.676,11.32,3.341,,,,,,,,,,,,,4.991
5512,4.279,4.676,11.32,3.341,,,,,,,,,,,,,6.162
5513,4.279,4.676,11.32,3.341,,,,,,,,,,,,,7.131
5514,4.279,4.675,11.32,3.341,,,,,,,,,,,,,7.254
5515,4.279,4.675,11.32,3.341,,,,,,,,,,,,,7.164
5516,4.279,4.675,11.32,3.341,,,,,,,,,,,,,7.146
5517,4.279,4.675,11.32,3.341,,,,,,,,,,,,,7.233
5523,4.279,4.675,11.32,3.341,,,,,,,,,,,,,0.078
5524,4.279,4.675,11.32,3.341,,,,,,,,,,,,,4.11
5525,4.279,4.675,11.32,3.341,,,,,,,,,,,,,9.235
5526,4.279,4.675,11.32,3.341,,,,,,,,,,,,,4.527
5527,4.279,4.675,11.32,3.341,,,,,,,,,,,,,4.627
5528,4.279,4.675,11.32,3.341,,,,,,,,,,,,,7.18
5529,4.279,4.675,11.32,3.341,,,,,,,,,,,,,6.588
5530,4.279,4.675,11.32,3.341,,,,,,,,,,,,,6.758
5531,4.279,4.675,11.32,3.341,,,,,,,,,,,,,6.9
5532,4.279,4.675,11.32,3.341,,,,,,,,,,,,,7.154
5533,4.279,4.676,11.32,3.341,,,,,,,,,,,,,7.695
5534,4.279,4.676,11.32,3.341,,,,,,,,,,,,,6.65
5535,4.279,4.676,11.32,3.341,,,,,,,,,,,,,7.2
5536,4.279,4.676,11.32,3.341,,,,,,,,,,,,,7.343
5537,4.279,4.675,11.32,3.341,,,,,,,,,,,,,7.276
5538,4.279,4.675,11.32,3.341,,,,,,,,,,,,,8.14
5539,4.279,4.675,11.32,3.341,,,,,,,,,,,,,5.824
5540,4.279,4.675,11.32,3.341,,,,,,,,,,,,,11.179
5541,4.279,4.675,11.32,3.341,,,,,,,,,,,,,4.53
5542,4.279,4.675,11.32,3.341,,,,,,,,,,,,,5.952
5543,4.279,4.675,11.32,3.341,,,,,,,,,,,,,8.04
5544,4.279,4.675,11.32,3.341,,,,,,,,,,,,,7.223
5545,4.279,4.676,11.32,3.341,,,,,,,,,,,,,9.477
5546,4.279,4.676,11.32,3.341,,,,,,,,,,,,,4.317
5547,4.279,4.676,11.32,3.341,,,,,,,,,,,,,6.558
5548,4.279,4.676,11.32,3.341,,,,,,,,,,,,,6.774
5549,4.279,4.675,11.32,3.341,,,,,,,,,,,,,7.22
5550,4.279,4.675,11.32,3.341,,,,,,,,,,,,,7.094
5551,4.279,4.675,11.32,3.341,,,,,,,,,,,,,7.139
5552,4.279,4.675,11.32,3.341,,,,,,,,,,,,,7.246
5553,4.279,4.675,11.32,3.341,,,,,,,,,,,,,7.095
5554,4.279,4.675,11.32,3.341,,,,,,,,,,,,,6.999
5555,4.279,4.675,11.32,3.341,,,,,,,,,,,,,6.962
5556,4.279,4.675,11.32,3.341,,,,,,,,,,,,,7.404
5557,4.279,4.675,11.32,3.341,,,,,,,,,,,,,7.633
5558,4.279,4.675,11.32,3.341,,,,,,,,,,,,,6.386
5559,4.279,4.675,11.32,3.341,,,,,,,,,,,,,7.625
5560,4.279,4.675,11.32,3.341,,,,,,,,,,,,,7.445
5561,4.279,4.675,11.32,3.341,,,,,,,,,,,,,8.513
5562,4.279,4.675,11.32,3.341,,,,,,,,,,,,,5.303
5563,4.279,4.675,11.32,3.341,,,,,,,,,,,,,6.734
5564,4.279,4.675,11.32,3.341,,,,,,,,,,,,,7
5565,4.279,4.675,11.32,3.341,,,,,,,,,,,,,7.325
5566,4.279,4.675,11.32,3.341,,,,,,,,,,,,,7.159
5567,4.279,4.675,11.32,3.341,,,,,,,,,,,,,7.185
5568,4.279,4.675,11.32,3.341,,,,,,,,,,,,,6.93
5569,4.279,4.675,11.32,3.341,,,,,,,,,,,,,7.176
5570,4.279,4.675,11.32,3.341,,,,,,,,,,,,,7.408
5571,4.279,4.675,11.32,3.341,,,,,,,,,,,,,9.463
5572,4.279,4.675,11.32,3.341,,,,,,,,,,,,,5.925
5573,4.279,4.675,11.32,3.341,,,,,,,,,,,,,6.017
5574,4.279,4.675,11.32,3.341,,,,,,,,,,,,,7.485
5575,4.279,4.676,11.32,3.341,,,,,,,,,,,,,6.95
5576,4.279,4.676,11.32,3.341,,,,,,,,,,,,,7.907
5577,4.279,4.676,11.32,3.341,,,,,,,,,,,,,6.1
5578,4.279,4.676,11.32,3.341,,,,,,,,,,,,,7.235
5579,4.279,4.675,11.32,3.341,,,,,,,,,,,,,7.166
5580,4.279,4.675,11.32,3.341,,,,,,,,,,,,,8.091
5581,4.279,4.675,11.32,3.341,,,,,,,,,,,,,5.729
5582,4.279,4.675,11.32,3.341,,,,,,,,,,,,,7.361
5583,4.279,4.675,11.32,3.341,,,,,,,,,,,,,6.665
5584,4.279,4.675,11.32,3.341,,,,,,,,,,,,,7.484
5585,4.279,4.675,11.32,3.341,,,,,,,,,,,,,36.601
5586,4.279,4.675,11.32,3.341,,,,,,,,,,,,,1.534
5587,4.279,4.675,11.32,3.341,,,,,,,,,,,,,0.875
5588,4.279,4.675,11.32,3.341,,,,,,,,,,,,,0.724
5589,4.279,4.675,11.32,3.341,,,,,,,,,,,,,0.698
5590,4.279,4.675,11.32,3.341,,,,,,,,,,,,,0.703
5591,4.279,4.675,11.32,3.341,,,,,,,,,,,,,2.085
5596,4.279,4.675,11.32,3.341,,,,,,,,,,,,,7.101
5597,4.279,4.675,11.32,3.341,,,,,,,,,,,,,7.269
5598,4.279,4.675,11.32,3.341,,,,,,,,,,,,,6.802
5599,4.279,4.675,11.32,3.341,,,,,,,,,,,,,7.299
5600,4.279,4.675,11.32,3.341,,,,,,,,,,,,,7.118
5601,4.279,4.675,11.32,3.341,,,,,,,,,,,,,9.817
5602,4.279,4.675,11.32,3.341,,,,,,,,,,,,,8.244
5603,4.279,4.675,11.32,3.341,,,,,,,,,,,,,8.479
5604,4.279,4.675,11.32,3.341,,,,,,,,,,,,,4.359
5605,4.279,4.675,11.32,3.341,,,,,,,,,,,,,5.654
5606,4.279,4.675,11.32,3.341,,,,,,,,,,,,,5.395
5611,4.279,4.675,11.32,3.341,,,,,,,,,,,,,7.137
5612,4.279,4.675,11.32,3.341,,,,,,,,,,,,,7.181
5613,4.279,4.675,11.32,3.341,,,,,,,,,,,,,7.4
5614,4.279,4.675,11.32,3.341,,,,,,,,,,,,,7.268
5622,4.279,4.676,11.32,3.341,,,,,,,,,,,,,7.164
5623,4.279,4.676,11.32,3.341,,,,,,,,,,,,,4.34
5624,4.279,4.676,11.32,3.341,,,,,,,,,,,,,5.169
5625,4.279,4.675,11.32,3.341,,,,,,,,,,,,,7.155
5630,4.279,4.675,11.32,3.341,,,,,,,,,,,,,7.368
5631,4.279,4.675,11.32,3.341,,,,,,,,,,,,,7.365
5632,4.279,4.675,11.32,3.341,,,,,,,,,,,,,6.648
5633,4.279,4.675,11.32,3.341,,,,,,,,,,,,,7.171
5634,4.279,4.675,11.32,3.341,,,,,,,,,,,,,7.039
5635,4.279,4.675,11.32,3.341,,,,,,,,,,,,,7.371
5636,4.279,4.675,11.32,3.341,,,,,,,,,,,,,7.382
5637,4.279,4.675,11.32,3.341,,,,,,,,,,,,,6.661
5638,4.279,4.675,11.32,3.341,,,,,,,,,,,,,7.148
5639,4.279,4.675,11.32,3.341,,,,,,,,,,,,,8.801
5640,4.279,4.675,11.32,3.341,,,,,,,,,,,,,6.311
5645,4.279,4.675,11.32,3.341,,,,,,,,,,,,,6.282
5646,4.279,4.675,11.32,3.341,,,,,,,,,,,,,7.171
5647,4.279,4.675,11.32,3.341,,,,,,,,,,,,,7.182
5648,4.279,4.676,11.32,3.341,,,,,,,,,,,,,7.252
5649,4.279,4.676,11.32,3.341,,,,,,,,,,,,,9.668
5650,4.279,4.676,11.32,3.341,,,,,,,,,,,,,4.838
5651,4.279,4.676,11.32,3.341,,,,,,,,,,,,,7.251
5652,4.279,4.675,11.32,3.341,,,,,,,,,,,,,7.43
5653,4.279,4.675,11.32,3.341,,,,,,,,,,,,,7.08
5654,4.279,4.675,11.32,3.341,,,,,,,,,,,,,6.695
5655,4.279,4.675,11.32,3.341,,,,,,,,,,,,,6.938
5656,4.279,4.675,11.32,3.341,,,,,,,,,,,,,6.989
5660,4.279,4.675,11.32,3.341,,,,,,,,,,,,,6.945
5661,4.279,4.675,11.32,3.341,,,,,,,,,,,,,8.475
5662,4.279,4.675,11.32,3.341,,,,,,,,,,,,,5.517
5663,4.279,4.675,11.32,3.341,,,,,,,,,,,,,8.07
5664,4.279,4.675,11.32,3.341,,,,,,,,,,,,,7.623
5665,4.279,4.675,11.32,3.341,,,,,,,,,,,,,5.747
5666,4.279,4.675,11.32,3.341,,,,,,,,,,,,,7.044
5667,4.279,4.675,11.32,3.341,,,,,,,,,,,,,7.131
5668,4.279,4.675,11.32,3.341,,,,,,,,,,,,,7.458
5669,4.279,4.675,11.32,3.341,,,,,,,,,,,,,6.962
5670,4.279,4.675,11.32,3.341,,,,,,,,,,,,,7.05
5671,4.279,4.676,11.32,3.341,,,,,,,,,,,,,7.231
5672,4.279,4.676,11.32,3.341,,,,,,,,,,,,,7.099
5673,4.279,4.676,11.32,3.341,,,,,,,,,,,,,7.156
5674,4.279,4.676,11.32,3.341,,,,,,,,,,,,,7.274
5675,4.279,4.675,11.32,3.341,,,,,,,,,,,,,7.304
5676,4.279,4.675,11.32,3.341,,,,,,,,,,,,,10.175
5677,4.279,4.675,11.32,3.341,,,,,,,,,,,,,4.459
5678,4.279,4.675,11.32,3.341,,,,,,,,,,,,,6.374
5679,4.279,4.675,11.32,3.341,,,,,,,,,,,,,7.259
5680,4.279,4.675,11.32,3.341,,,,,,,,,,,,,7.766
5681,4.279,4.675,11.32,3.341,,,,,,,,,,,,,7.529
5682,4.279,4.676,11.32,3.341,,,,,,,,,,,,,5.682
5683,4.279,4.676,11.32,3.341,,,,,,,,,,,,,6.856
5684,4.279,4.676,11.32,3.341,,,,,,,,,,,,,9.162
5685,4.279,4.676,11.32,3.341,,,,,,,,,,,,,5.127
5686,4.279,4.676,11.32,3.341,,,,,,,,,,,,,7.35
5687,4.279,4.676,11.32,3.341,,,,,,,,,,,,,11.105
5688,4.279,4.676,11.32,3.341,,,,,,,,,,,,,8.43
5689,4.279,4.676,11.32,3.341,,,,,,,,,,,,,35.08
5690,4.279,4.676,11.32,3.341,,,,,,,,,,,,,1.566
5691,4.279,4.676,11.32,3.341,,,,,,,,,,,,,0.895
5692,4.279,4.676,11.32,3.341,,,,,,,,,,,,,0.796
5693,4.279,4.676,11.32,3.341,,,,,,,,,,,,,0.856
5694,4.279,4.676,11.32,3.341,,,,,,,,,,,,,0.816
5695,4.279,4.676,11.32,3.341,,,,,,,,,,,,,1.902
5696,4.279,4.676,11.32,3.341,,,,,,,,,,,,,6.842
5697,4.279,4.676,11.32,3.341,,,,,,,,,,,,,7.431
5698,4.279,4.676,11.32,3.341,,,,,,,,,,,,,6.892
5699,4.279,4.676,11.32,3.342,,,,,,,,,,,,,7.196
5700,4.279,4.676,11.32,3.342,,,,,,,,,,,,,7.428
5701,4.279,4.676,11.32,3.342,,,,,,,,,,,,,7.405
5702,4.279,4.675,11.32,3.342,,,,,,,,,,,,,7.602
5703,4.279,4.675,11.32,3.342,,,,,,,,,,,,,7.163
5704,4.279,4.675,11.32,3.342,,,,,,,,,,,,,7.046
5705,4.279,4.676,11.32,3.342,,,,,,,,,,,,,11.497
5710,4.279,4.676,11.32,3.342,,,,,,,,,,,,,10.187
5711,4.279,4.676,11.32,3.342,,,,,,,,,,,,,4.32
5712,4.279,4.676,11.32,3.342,,,,,,,,,,,,,8.971
5713,4.279,4.676,11.32,3.342,,,,,,,,,,,,,5.019
5714,4.279,4.676,11.32,3.342,,,,,,,,,,,,,7.265
5715,4.279,4.676,11.32,3.342,,,,,,,,,,,,,7.409
5716,4.279,4.676,11.32,3.342,,,,,,,,,,,,,7.372
5717,4.279,4.675,11.32,3.342,,,,,,,,,,,,,6.88
5718,4.279,4.675,11.32,3.342,,,,,,,,,,,,,8.415
5719,4.279,4.675,11.32,3.342,,,,,,,,,,,,,5.923
5720,4.279,4.675,11.32,3.342,,,,,,,,,,,,,8.808
5721,4.279,4.675,11.32,3.342,,,,,,,,,,,,,9.018
5722,4.279,4.675,11.32,3.342,,,,,,,,,,,,,4.47
5723,4.279,4.675,11.32,3.342,,,,,,,,,,,,,6.324
5724,4.279,4.675,11.32,3.342,,,,,,,,,,,,,7.094
5725,4.279,4.675,11.32,3.342,,,,,,,,,,,,,7.079
5726,4.279,4.675,11.32,3.341,,,,,,,,,,,,,7.201
5727,4.279,4.675,11.32,3.341,,,,,,,,,,,,,7.233
5728,4.279,4.676,11.32,3.341,,,,,,,,,,,,,8.153
5729,4.279,4.676,11.32,3.341,,,,,,,,,,,,,6.569
5730,4.279,4.676,11.32,3.341,,,,,,,,,,,,,6.928
5731,4.279,4.676,11.32,3.341,,,,,,,,,,,,,7.153
5732,4.279,4.676,11.32,3.341,,,,,,,,,,,,,7.477
5733,4.279,4.676,11.32,3.342,,,,,,,,,,,,,11.259
5734,4.279,4.676,11.32,3.342,,,,,,,,,,,,,4.636
5735,4.279,4.676,11.32,3.342,,,,,,,,,,,,,9.459
5736,4.279,4.675,11.32,3.342,,,,,,,,,,,,,4.468
5737,4.279,4.675,11.32,3.341,,,,,,,,,,,,,5.021
5738,4.279,4.675,11.32,3.341,,,,,,,,,,,,,7.424
5739,4.279,4.676,11.32,3.341,,,,,,,,,,,,,7.038
5740,4.279,4.676,11.32,3.341,,,,,,,,,,,,,7.04
5741,4.279,4.676,11.32,3.341,,,,,,,,,,,,,7.209
5742,4.279,4.676,11.32,3.341,,,,,,,,,,,,,8.425
5743,4.279,4.675,11.32,3.341,,,,,,,,,,,,,5.859
5744,4.279,4.675,11.32,3.341,,,,,,,,,,,,,7.467
5745,4.279,4.675,11.32,3.342,,,,,,,,,,,,,6.846
5746,4.279,4.675,11.32,3.342,,,,,,,,,,,,,7.633
5747,4.279,4.676,11.32,3.342,,,,,,,,,,,,,7.032
5748,4.279,4.676,11.32,3.341,,,,,,,,,,,,,8.429
5749,4.279,4.676,11.32,3.341,,,,,,,,,,,,,6.961
5750,4.279,4.676,11.32,3.341,,,,,,,,,,,,,10.493
5751,4.279,4.676,11.32,3.341,,,,,,,,,,,,,6.126
5752,4.279,4.676,11.32,3.341,,,,,,,,,,,,,4.837
5753,4.279,4.676,11.32,3.341,,,,,,,,,,,,,5.872
5754,4.279,4.676,11.32,3.341,,,,,,,,,,,,,7.172
5759,4.279,4.675,11.32,3.341,,,,,,,,,,,,,7.273
5760,4.279,4.675,11.32,3.341,,,,,,,,,,,,,7.076
5761,4.279,4.675,11.32,3.341,,,,,,,,,,,,,7.438
5762,4.279,4.676,11.32,3.341,,,,,,,,,,,,,6.982
5763,4.279,4.676,11.32,3.341,,,,,,,,,,,,,7.147
5764,4.279,4.676,11.32,3.341,,,,,,,,,,,,,7.22
5765,4.279,4.676,11.32,3.341,,,,,,,,,,,,,21.278
5766,4.279,4.676,11.32,3.341,,,,,,,,,,,,,33.013
5767,4.279,4.676,11.32,3.341,,,,,,,,,,,,,1.493
5768,4.279,4.676,11.32,3.342,,,,,,,,,,,,,0.995
5769,4.279,4.676,11.32,3.342,,,,,,,,,,,,,1.08
5770,4.279,4.676,11.32,3.342,,,,,,,,,,,,,1.197
5771,4.279,4.676,11.32,3.342,,,,,,,,,,,,,1.201
5772,4.279,4.676,11.32,3.342,,,,,,,,,,,,,1.32
5773,4.279,4.676,11.32,3.342,,,,,,,,,,,,,1.12
5774,4.279,4.676,11.32,3.342,,,,,,,,,,,,,3.607
5779,4.279,4.676,11.32,3.341,,,,,,,,,,,,,7.916
5780,4.279,4.676,11.32,3.341,,,,,,,,,,,,,19.942
5781,4.279,4.676,11.32,3.341,,,,,,,,,,,,,14.753
5782,4.279,4.675,11.32,3.341,,,,,,,,,,,,,1.834
5783,4.279,4.675,11.32,3.341,,,,,,,,,,,,,1.157
5784,4.279,4.675,11.32,3.341,,,,,,,,,,,,,13.983
5785,4.279,4.675,11.32,3.341,,,,,,,,,,,,,1.597
5786,4.279,4.675,11.32,3.341,,,,,,,,,,,,,12.71
5787,4.279,4.676,11.32,3.341,,,,,,,,,,,,,1.557
5788,4.279,4.676,11.32,3.341,,,,,,,,,,,,,13.794
5789,4.279,4.676,11.32,3.342,,,,,,,,,,,,,1.584
5790,4.279,4.676,11.32,3.342,,,,,,,,,,,,,1.085
5791,4.279,4.676,11.32,3.342,,,,,,,,,,,,,12.776
5792,4.279,4.676,11.32,3.342,,,,,,,,,,,,,1.694
5793,4.279,4.676,11.32,3.342,,,,,,,,,,,,,14.894
5794,4.279,4.676,11.32,3.342,,,,,,,,,,,,,1.549
5795,4.279,4.676,11.32,3.342,,,,,,,,,,,,,1.174
5801,4.279,4.676,11.32,3.341,,,,,,,,,,,,,0.269
5802,4.279,4.676,11.32,3.341,,,,,,,,,,,,,1.631
5803,4.279,4.676,11.32,3.341,,,,,,,,,,,,,4.444
5804,4.279,4.676,11.32,3.341,,,,,,,,,,,,,1.848
5805,4.279,4.676,11.32,3.341,,,,,,,,,,,,,2.744
5806,4.279,4.676,11.32,3.341,,,,,,,,,,,,,4.449
5807,4.279,4.676,11.32,3.341,,,,,,,,,,,,,7.22
5808,4.279,4.676,11.32,3.341,,,,,,,,,,,,,8.019
5809,4.279,4.676,11.32,3.341,,,,,,,,,,,,,4.983
5810,4.279,4.676,11.32,3.341,,,,,,,,,,,,,7.406
5811,4.279,4.676,11.32,3.341,,,,,,,,,,,,,11.677
5812,4.279,4.676,11.32,3.341,,,,,,,,,,,,,4.398
5813,4.279,4.676,11.32,3.342,,,,,,,,,,,,,7.603
5814,4.279,4.676,11.32,3.342,,,,,,,,,,,,,5.927
5815,4.279,4.676,11.32,3.342,,,,,,,,,,,,,5.884
5816,4.279,4.676,11.32,3.342,,,,,,,,,,,,,6.894
5817,4.279,4.676,11.32,3.341,,,,,,,,,,,,,8.088
5818,4.279,4.676,11.32,3.341,,,,,,,,,,,,,5.903
5819,4.279,4.676,11.32,3.341,,,,,,,,,,,,,7.452
5820,4.279,4.676,11.32,3.341,,,,,,,,,,,,,7.012
5821,4.279,4.676,11.32,3.341,,,,,,,,,,,,,7.352
5822,4.279,4.676,11.32,3.341,,,,,,,,,,,,,7.136
5823,4.279,4.676,11.32,3.341,,,,,,,,,,,,,9.404
5824,4.279,4.676,11.32,3.341,,,,,,,,,,,,,5.181
5825,4.279,4.676,11.32,3.341,,,,,,,,,,,,,9.604
5826,4.279,4.676,11.32,3.341,,,,,,,,,,,,,4.701
5827,4.279,4.676,11.32,3.341,,,,,,,,,,,,,7.227
5828,4.279,4.676,11.32,3.341,,,,,,,,,,,,,6.898
5829,4.279,4.676,11.32,3.341,,,,,,,,,,,,,7.382
5830,4.279,4.676,11.32,3.341,,,,,,,,,,,,,6.667
5831,4.279,4.676,11.32,3.341,,,,,,,,,,,,,8.276
5832,4.279,4.676,11.32,3.341,,,,,,,,,,,,,6.826
5833,4.279,4.676,11.32,3.341,,,,,,,,,,,,,6.571
5834,4.279,4.675,11.32,3.341,,,,,,,,,,,,,7.284
5835,4.279,4.675,11.32,3.341,,,,,,,,,,,,,7.241
5836,4.279,4.675,11.32,3.341,,,,,,,,,,,,,7.074
5837,4.279,4.675,11.32,3.341,,,,,,,,,,,,,7.51
5838,4.279,4.675,11.32,3.341,,,,,,,,,,,,,7.116
5839,4.279,4.675,11.32,3.341,,,,,,,,,,,,,7.238
5840,4.279,4.675,11.32,3.341,,,,,,,,,,,,,9.731
5841,4.279,4.675,11.32,3.341,,,,,,,,,,,,,5.067
5842,4.279,4.675,11.32,3.341,,,,,,,,,,,,,7.993
5843,4.279,4.675,11.32,3.342,,,,,,,,,,,,,8.119
5844,4.279,4.675,11.32,3.342,,,,,,,,,,,,,4.659
5845,4.279,4.675,11.32,3.342,,,,,,,,,,,,,7.362
5850,4.279,4.675,11.32,3.341,,,,,,,,,,,,,12.047
5851,4.279,4.675,11.32,3.342,,,,,,,,,,,,,1.576
5852,4.279,4.675,11.32,3.342,,,,,,,,,,,,,1.014
5853,4.279,4.675,11.32,3.342,,,,,,,,,,,,,0.885
5854,4.279,4.676,11.32,3.342,,,,,,,,,,,,,0.768
5855,4.279,4.676,11.32,3.342,,,,,,,,,,,,,0.76
5856,4.279,4.676,11.32,3.342,,,,,,,,,,,,,0.919
5857,4.279,4.676,11.32,3.342,,,,,,,,,,,,,1.552
5858,4.279,4.675,11.32,3.342,,,,,,,,,,,,,4.345
5859,4.279,4.675,11.32,3.342,,,,,,,,,,,,,30.935
5860,4.279,4.675,11.32,3.342,,,,,,,,,,,,,1.602
5861,4.279,4.675,11.32,3.342,,,,,,,,,,,,,0.986
5862,4.279,4.675,11.32,3.342,,,,,,,,,,,,,1.049
5863,4.279,4.675,11.32,3.342,,,,,,,,,,,,,0.88
5864,4.279,4.675,11.32,3.342,,,,,,,,,,,,,0.99
5865,4.279,4.675,11.32,3.342,,,,,,,,,,,,,3.558
5866,4.279,4.675,11.32,3.342,,,,,,,,,,,,,5.595
5867,4.279,4.675,11.32,3.342,,,,,,,,,,,,,7.144
5868,4.279,4.675,11.32,3.341,,,,,,,,,,,,,7.102
5869,4.279,4.675,11.32,3.341,,,,,,,,,,,,,7.189
5870,4.279,4.675,11.32,3.341,,,,,,,,,,,,,7.762
5871,4.279,4.675,11.32,3.341,,,,,,,,,,,,,6.509
5872,4.279,4.675,11.32,3.342,,,,,,,,,,,,,8.516
5873,4.279,4.675,11.32,3.342,,,,,,,,,,,,,5.677
5874,4.279,4.675,11.32,3.342,,,,,,,,,,,,,9.603
5875,4.279,4.675,11.32,3.342,,,,,,,,,,,,,5.183
5876,4.279,4.675,11.32,3.342,,,,,,,,,,,,,6.225
5877,4.279,4.675,11.32,3.342,,,,,,,,,,,,,7.171
5878,4.279,4.675,11.32,3.342,,,,,,,,,,,,,7.358
5879,4.279,4.675,11.32,3.341,,,,,,,,,,,,,7.253
5880,4.279,4.675,11.32,3.341,,,,,,,,,,,,,6.677
5881,4.279,4.675,11.32,3.341,,,,,,,,,,,,,7.16
5882,4.279,4.675,11.32,3.341,,,,,,,,,,,,,7.57
5883,4.279,4.675,11.32,3.341,,,,,,,,,,,,,8.79
5884,4.279,4.675,11.32,3.341,,,,,,,,,,,,,4.768
5885,4.279,4.675,11.32,3.341,,,,,,,,,,,,,7.531
5886,4.279,4.675,11.32,3.341,,,,,,,,,,,,,7.629
5887,4.279,4.675,11.32,3.342,,,,,,,,,,,,,6.954
5888,4.279,4.675,11.32,3.342,,,,,,,,,,,,,6.893
5889,4.279,4.675,11.32,3.342,,,,,,,,,,,,,9.02
5890,4.279,4.675,11.32,3.342,,,,,,,,,,,,,4.951
5891,4.279,4.675,11.32,3.342,,,,,,,,,,,,,7.656
5892,4.279,4.675,11.32,3.342,,,,,,,,,,,,,6.722
5893,4.279,4.675,11.32,3.342,,,,,,,,,,,,,7.555
5894,4.279,4.675,11.32,3.341,,,,,,,,,,,,,7.138
5895,4.279,4.675,11.32,3.341,,,,,,,,,,,,,7.157
5896,4.279,4.675,11.32,3.341,,,,,,,,,,,,,7.143
5897,4.279,4.675,11.32,3.341,,,,,,,,,,,,,8.972
5898,4.279,4.675,11.32,3.342,,,,,,,,,,,,,5.372
5899,4.279,4.675,11.32,3.342,,,,,,,,,,,,,7.922
5900,4.28,4.675,11.32,3.342,,,,,,,,,,,,,6.232
5901,4.28,4.675,11.32,3.342,,,,,,,,,,,,,7.809
5902,4.28,4.675,11.32,3.342,,,,,,,,,,,,,7.657
5903,4.28,4.675,11.32,3.342,,,,,,,,,,,,,8.014
5904,4.279,4.675,11.32,3.342,,,,,,,,,,,,,13.448
5905,4.279,4.675,11.32,3.342,,,,,,,,,,,,,1.576
5906,4.279,4.675,11.32,3.342,,,,,,,,,,,,,3.316
5907,4.279,4.675,11.32,3.342,,,,,,,,,,,,,8.319
5908,4.279,4.675,11.32,3.342,,,,,,,,,,,,,5.856
5909,4.279,4.675,11.32,3.342,,,,,,,,,,,,,7.227
5910,4.279,4.675,11.32,3.342,,,,,,,,,,,,,7.123
5911,4.279,4.675,11.32,3.342,,,,,,,,,,,,,7.302
5912,4.279,4.675,11.32,3.342,,,,,,,,,,,,,6.955
5913,4.279,4.675,11.32,3.342,,,,,,,,,,,,,7.128
5914,4.279,4.675,11.32,3.342,,,,,,,,,,,,,8.88
5915,4.279,4.675,11.32,3.342,,,,,,,,,,,,,5.565
5916,4.279,4.675,11.32,3.342,,,,,,,,,,,,,16.965
5921,4.279,4.675,11.32,3.342,,,,,,,,,,,,,5.992
5922,4.279,4.675,11.32,3.342,,,,,,,,,,,,,8.286
5923,4.279,4.675,11.32,3.342,,,,,,,,,,,,,6.436
5924,4.279,4.675,11.32,3.342,,,,,,,,,,,,,6.67
5925,4.279,4.675,11.32,3.342,,,,,,,,,,,,,6.989
5926,4.279,4.675,11.32,3.342,,,,,,,,,,,,,6.82
5927,4.279,4.675,11.32,3.342,,,,,,,,,,,,,8.076
5932,4.279,4.675,11.32,3.342,,,,,,,,,,,,,6.855
5933,4.279,4.675,11.32,3.342,,,,,,,,,,,,,7.224
5934,4.279,4.675,11.32,3.342,,,,,,,,,,,,,9.069
5935,4.279,4.675,11.32,3.342,,,,,,,,,,,,,6.346
5940,4.279,4.675,11.32,3.342,,,,,,,,,,,,,5.013
5941,4.279,4.675,11.32,3.342,,,,,,,,,,,,,1.592
5942,4.279,4.675,11.32,3.342,,,,,,,,,,,,,1.034
5943,4.279,4.675,11.32,3.342,,,,,,,,,,,,,0.919
5944,4.279,4.675,11.32,3.342,,,,,,,,,,,,,0.956
5945,4.279,4.675,11.32,3.342,,,,,,,,,,,,,1.923
5946,4.279,4.675,11.32,3.342,,,,,,,,,,,,,7.24
5947,4.279,4.675,11.32,3.342,,,,,,,,,,,,,7.791
5948,4.279,4.675,11.32,3.342,,,,,,,,,,,,,5.63
5949,4.279,4.675,11.32,3.342,,,,,,,,,,,,,6.965
5950,4.279,4.675,11.32,3.342,,,,,,,,,,,,,21.213
5951,4.279,4.675,11.32,3.342,,,,,,,,,,,,,4.849
5952,4.279,4.675,11.32,3.342,,,,,,,,,,,,,2.011
5953,4.279,4.675,11.32,3.342,,,,,,,,,,,,,2.516
5954,4.279,4.675,11.32,3.342,,,,,,,,,,,,,4.646
5955,4.279,4.675,11.32,3.342,,,,,,,,,,,,,6.339
5956,4.279,4.675,11.32,3.342,,,,,,,,,,,,,6.958
5957,4.279,4.675,11.32,3.342,,,,,,,,,,,,,6.868
5958,4.279,4.675,11.32,3.342,,,,,,,,,,,,,8.2
5959,4.279,4.675,11.32,3.342,,,,,,,,,,,,,6.921
5960,4.279,4.675,11.32,3.342,,,,,,,,,,,,,26.557
5961,4.279,4.675,11.32,3.342,,,,,,,,,,,,,1.558
5962,4.279,4.675,11.32,3.342,,,,,,,,,,,,,1.153
5963,4.279,4.676,11.32,3.342,,,,,,,,,,,,,1.268
5964,4.279,4.676,11.32,3.342,,,,,,,,,,,,,0.861
5965,4.279,4.676,11.32,3.341,,,,,,,,,,,,,10.369
5966,4.279,4.676,11.32,3.341,,,,,,,,,,,,,4.617
5967,4.279,4.675,11.32,3.341,,,,,,,,,,,,,5.469
5968,4.279,4.675,11.32,3.342,,,,,,,,,,,,,7.198
5969,4.279,4.675,11.32,3.342,,,,,,,,,,,,,7.289
5970,4.279,4.675,11.32,3.342,,,,,,,,,,,,,7.632
5971,4.279,4.675,11.32,3.342,,,,,,,,,,,,,6.652
5972,4.279,4.675,11.32,3.342,,,,,,,,,,,,,7.994
5973,4.279,4.675,11.32,3.342,,,,,,,,,,,,,6.258
5974,4.279,4.675,11.32,3.342,,,,,,,,,,,,,9.108
5975,4.279,4.675,11.32,3.342,,,,,,,,,,,,,5.677
5976,4.279,4.675,11.32,3.342,,,,,,,,,,,,,10.981
5977,4.279,4.675,11.32,3.342,,,,,,,,,,,,,6.234
5978,4.279,4.675,11.32,3.342,,,,,,,,,,,,,8.247
5979,4.279,4.675,11.32,3.342,,,,,,,,,,,,,9.069
5980,4.279,4.675,11.32,3.342,,,,,,,,,,,,,4.49
5981,4.279,4.675,11.32,3.342,,,,,,,,,,,,,7.8
5986,4.279,4.675,11.32,3.342,,,,,,,,,,,,,6.162
5987,4.279,4.675,11.32,3.342,,,,,,,,,,,,,6.942
5988,4.279,4.675,11.32,3.342,,,,,,,,,,,,,7.24
5989,4.279,4.675,11.32,3.342,,,,,,,,,,,,,7.312
5990,4.279,4.675,11.32,3.342,,,,,,,,,,,,,10.224
5991,4.279,4.675,11.32,3.341,,,,,,,,,,,,,5.05
5992,4.279,4.675,11.32,3.341,,,,,,,,,,,,,5.977
5993,4.279,4.675,11.32,3.341,,,,,,,,,,,,,11.253
5994,4.279,4.675,11.32,3.341,,,,,,,,,,,,,5.562
5995,4.279,4.675,11.32,3.341,,,,,,,,,,,,,4.886
5996,4.279,4.675,11.32,3.341,,,,,,,,,,,,,6.176
5997,4.279,4.675,11.32,3.341,,,,,,,,,,,,,7.143
5998,4.279,4.675,11.32,3.341,,,,,,,,,,,,,7.416
5999,4.279,4.675,11.32,3.341,,,,,,,,,,,,,7.215
6000,4.279,4.675,11.32,3.341,,,,,,,,,,,,,7.62
6001,4.279,4.675,11.32,3.341,,,,,,,,,,,,,6.356
6002,4.279,4.675,11.32,3.342,,,,,,,,,,,,,7.25
6003,4.279,4.675,11.32,3.342,,,,,,,,,,,,,6.824
6004,4.279,4.675,11.32,3.342,,,,,,,,,,,,,7.915
6005,4.279,4.675,11.32,3.342,,,,,,,,,,,,,9.755
6006,4.279,4.675,11.32,3.341,,,,,,,,,,,,,6.387
6007,4.279,4.675,11.32,3.341,,,,,,,,,,,,,5.726
6008,4.279,4.675,11.32,3.341,,,,,,,,,,,,,8.441
6009,4.279,4.675,11.32,3.341,,,,,,,,,,,,,7.892
6010,4.279,4.675,11.32,3.341,,,,,,,,,,,,,3.524
6011,4.279,4.675,11.32,3.341,,,,,,,,,,,,,7.237
6012,4.279,4.675,11.32,3.341,,,,,,,,,,,,,6.898
6013,4.279,4.675,11.32,3.341,,,,,,,,,,,,,7.185
6014,4.279,4.675,11.32,3.341,,,,,,,,,,,,,7.476
6015,4.279,4.675,11.32,3.341,,,,,,,,,,,,,6.83
6016,4.279,4.675,11.32,3.341,,,,,,,,,,,,,7.232
6017,4.279,4.675,11.32,3.341,,,,,,,,,,,,,6.795
6018,4.279,4.675,11.32,3.341,,,,,,,,,,,,,7.463
6019,4.279,4.675,11.32,3.341,,,,,,,,,,,,,7.013
6020,4.279,4.675,11.32,3.341,,,,,,,,,,,,,7.241
6021,4.279,4.675,11.32,3.341,,,,,,,,,,,,,6.237
6022,4.279,4.675,11.32,3.341,,,,,,,,,,,,,7.433
6023,4.279,4.675,11.32,3.341,,,,,,,,,,,,,12.059
6028,4.279,4.675,11.32,3.341,,,,,,,,,,,,,7.218
6029,4.279,4.675,11.32,3.341,,,,,,,,,,,,,7.054
6030,4.279,4.675,11.32,3.341,,,,,,,,,,,,,8.102
6031,4.279,4.675,11.32,3.341,,,,,,,,,,,,,39.908
6032,4.279,4.675,11.32,3.341,,,,,,,,,,,,,4.852
6033,4.279,4.675,11.32,3.341,,,,,,,,,,,,,1.459
6034,4.279,4.675,11.32,3.341,,,,,,,,,,,,,1.173
6035,4.279,4.675,11.32,3.341,,,,,,,,,,,,,0.856
6036,4.279,4.675,11.32,3.341,,,,,,,,,,,,,0.742
6037,4.279,4.675,11.32,3.341,,,,,,,,,,,,,0.717
6038,4.279,4.675,11.32,3.341,,,,,,,,,,,,,0.809
6039,4.279,4.675,11.32,3.341,,,,,,,,,,,,,8.47
6040,4.279,4.675,11.32,3.341,,,,,,,,,,,,,6.68
6041,4.279,4.675,11.32,3.341,,,,,,,,,,,,,8.804
6042,4.279,4.675,11.32,3.341,,,,,,,,,,,,,4.322
6043,4.279,4.675,11.32,3.341,,,,,,,,,,,,,6.169
6044,4.279,4.675,11.32,3.341,,,,,,,,,,,,,7.271
6045,4.279,4.675,11.32,3.341,,,,,,,,,,,,,7.303
6046,4.279,4.675,11.32,3.341,,,,,,,,,,,,,6.995
6047,4.279,4.675,11.32,3.341,,,,,,,,,,,,,6.756
6048,4.279,4.675,11.32,3.341,,,,,,,,,,,,,7.17
6049,4.279,4.675,11.32,3.341,,,,,,,,,,,,,7.488
6050,4.279,4.675,11.32,3.341,,,,,,,,,,,,,6.737
6051,4.279,4.675,11.32,3.341,,,,,,,,,,,,,7.087
6052,4.279,4.675,11.32,3.341,,,,,,,,,,,,,7.547
6053,4.279,4.675,11.32,3.341,,,,,,,,,,,,,9.342
6054,4.279,4.675,11.32,3.341,,,,,,,,,,,,,7.16
6055,4.279,4.675,11.32,3.341,,,,,,,,,,,,,4.545
6056,4.279,4.675,11.32,3.341,,,,,,,,,,,,,7.516
6057,4.279,4.675,11.32,3.341,,,,,,,,,,,,,6.912
6058,4.279,4.675,11.32,3.341,,,,,,,,,,,,,9.594
6059,4.279,4.675,11.32,3.341,,,,,,,,,,,,,4.754
6060,4.279,4.675,11.32,3.341,,,,,,,,,,,,,7.194
6061,4.279,4.675,11.32,3.341,,,,,,,,,,,,,7.923
6062,4.279,4.675,11.32,3.341,,,,,,,,,,,,,14.897
6063,4.279,4.675,11.32,3.341,,,,,,,,,,,,,4.755
6064,4.279,4.675,11.32,3.341,,,,,,,,,,,,,4.41
6065,4.279,4.675,11.32,3.341,,,,,,,,,,,,,4.433
6066,4.279,4.675,11.32,3.341,,,,,,,,,,,,,9.1
6067,4.279,4.675,11.32,3.341,,,,,,,,,,,,,4.377
6068,4.279,4.675,11.32,3.342,,,,,,,,,,,,,9.698
6069,4.279,4.675,11.32,3.342,,,,,,,,,,,,,4.5
6070,4.279,4.675,11.32,3.342,,,,,,,,,,,,,8.102
6071,4.279,4.675,11.32,3.341,,,,,,,,,,,,,6.1
6072,4.279,4.675,11.32,3.341,,,,,,,,,,,,,17.458
6073,4.279,4.675,11.32,3.341,,,,,,,,,,,,,5.894
6074,4.279,4.675,11.32,3.341,,,,,,,,,,,,,1.354
6075,4.279,4.675,11.32,3.341,,,,,,,,,,,,,3.216
6076,4.279,4.675,11.32,3.341,,,,,,,,,,,,,8.783
6077,4.279,4.675,11.32,3.341,,,,,,,,,,,,,5.227
6078,4.279,4.675,11.32,3.341,,,,,,,,,,,,,6.77
6079,4.279,4.675,11.32,3.341,,,,,,,,,,,,,8.652
6080,4.279,4.675,11.32,3.341,,,,,,,,,,,,,5.795
6081,4.279,4.675,11.32,3.341,,,,,,,,,,,,,6.663
6082,4.279,4.675,11.32,3.341,,,,,,,,,,,,,7.776
6083,4.279,4.675,11.32,3.341,,,,,,,,,,,,,8.106
6084,4.279,4.675,11.32,3.341,,,,,,,,,,,,,6.371
6085,4.279,4.675,11.32,3.341,,,,,,,,,,,,,7.566
6086,4.279,4.675,11.32,3.341,,,,,,,,,,,,,6.353
6087,4.279,4.675,11.32,3.341,,,,,,,,,,,,,7.168
6088,4.279,4.675,11.32,3.341,,,,,,,,,,,,,8.369
6089,4.279,4.675,11.32,3.341,,,,,,,,,,,,,11.651
6090,4.279,4.675,11.32,3.341,,,,,,,,,,,,,4.94
6091,4.279,4.675,11.32,3.341,,,,,,,,,,,,,5.497
6092,4.279,4.675,11.32,3.341,,,,,,,,,,,,,4.819
6093,4.279,4.675,11.32,3.341,,,,,,,,,,,,,7.611
6094,4.279,4.675,11.32,3.341,,,,,,,,,,,,,6.955
6095,4.279,4.675,11.32,3.341,,,,,,,,,,,,,6.823
6096,4.279,4.675,11.32,3.341,,,,,,,,,,,,,7.196
6097,4.279,4.675,11.32,3.341,,,,,,,,,,,,,7.328
6098,4.279,4.675,11.32,3.341,,,,,,,,,,,,,7.757
6099,4.279,4.675,11.32,3.341,,,,,,,,,,,,,7.646
6100,4.279,4.675,11.32,3.341,,,,,,,,,,,,,5.5
6101,4.279,4.675,11.32,3.341,,,,,,,,,,,,,7.534
6102,4.279,4.675,11.32,3.341,,,,,,,,,,,,,26.136
6103,4.279,4.675,11.32,3.341,,,,,,,,,,,,,5.357
6104,4.279,4.675,11.32,3.341,,,,,,,,,,,,,1.614
6105,4.279,4.675,11.32,3.341,,,,,,,,,,,,,1.012
6106,4.279,4.675,11.32,3.341,,,,,,,,,,,,,1.973
6107,4.279,4.675,11.32,3.341,,,,,,,,,,,,,4.336
6108,4.279,4.675,11.32,3.341,,,,,,,,,,,,,6.412
6109,4.279,4.675,11.32,3.341,,,,,,,,,,,,,7.451
6110,4.279,4.675,11.32,3.342,,,,,,,,,,,,,7.164
6111,4.279,4.675,11.32,3.342,,,,,,,,,,,,,21.069
6112,4.279,4.675,11.32,3.342,,,,,,,,,,,,,14.863
6113,4.279,4.675,11.32,3.342,,,,,,,,,,,,,1.894
6114,4.279,4.675,11.32,3.341,,,,,,,,,,,,,1.061
6115,4.279,4.675,11.32,3.341,,,,,,,,,,,,,12.782
6116,4.279,4.675,11.32,3.341,,,,,,,,,,,,,1.936
6117,4.279,4.675,11.32,3.341,,,,,,,,,,,,,12.794
6118,4.279,4.675,11.32,3.341,,,,,,,,,,,,,1.409
6119,4.279,4.675,11.32,3.341,,,,,,,,,,,,,13.535
6120,4.279,4.675,11.32,3.341,,,,,,,,,,,,,1.795
6121,4.279,4.675,11.32,3.341,,,,,,,,,,,,,1.219
6122,4.279,4.675,11.32,3.341,,,,,,,,,,,,,3.125
6123,4.279,4.675,11.32,3.341,,,,,,,,,,,,,1.462
6124,4.279,4.675,11.32,3.341,,,,,,,,,,,,,3.205
6125,4.279,4.675,11.32,3.341,,,,,,,,,,,,,4.636
6126,4.279,4.675,11.32,3.341,,,,,,,,,,,,,42.872
6127,4.279,4.675,11.32,3.341,,,,,,,,,,,,,6.578
6128,4.279,4.675,11.32,3.341,,,,,,,,,,,,,1.559
6129,4.279,4.675,11.32,3.341,,,,,,,,,,,,,1.323
6130,4.279,4.675,11.32,3.341,,,,,,,,,,,,,1.08
6131,4.279,4.675,11.32,3.341,,,,,,,,,,,,,0.896
6132,4.279,4.675,11.32,3.341,,,,,,,,,,,,,0.965
6133,4.279,4.675,11.32,3.341,,,,,,,,,,,,,0.981
6134,4.279,4.675,11.32,3.341,,,,,,,,,,,,,2.915
6135,4.279,4.675,11.32,3.341,,,,,,,,,,,,,5.207
6136,4.279,4.675,11.32,3.341,,,,,,,,,,,,,7.307
6137,4.279,4.675,11.32,3.341,,,,,,,,,,,,,6.7
6138,4.279,4.675,11.32,3.341,,,,,,,,,,,,,7.361
6139,4.279,4.675,11.32,3.341,,,,,,,,,,,,,6.618
6140,4.279,4.675,11.32,3.341,,,,,,,,,,,,,7.2
6141,4.279,4.675,11.32,3.341,,,,,,,,,,,,,7.199
6142,4.279,4.675,11.32,3.341,,,,,,,,,,,,,8.071
6143,4.279,4.675,11.32,3.341,,,,,,,,,,,,,6.221
6144,4.279,4.675,11.32,3.341,,,,,,,,,,,,,7.45
6145,4.279,4.675,11.32,3.341,,,,,,,,,,,,,6.933
6146,4.279,4.675,11.32,3.341,,,,,,,,,,,,,10.486
6147,4.279,4.675,11.32,3.341,,,,,,,,,,,,,4.908
6148,4.279,4.675,11.32,3.341,,,,,,,,,,,,,5.661
6149,4.279,4.675,11.32,3.341,,,,,,,,,,,,,7.082
6150,4.279,4.675,11.32,3.341,,,,,,,,,,,,,6.921
6151,4.279,4.675,11.32,3.341,,,,,,,,,,,,,7.42
6152,4.279,4.675,11.32,3.341,,,,,,,,,,,,,7.128
6153,4.279,4.675,11.32,3.341,,,,,,,,,,,,,6.916
6154,4.279,4.675,11.32,3.341,,,,,,,,,,,,,6.952
6155,4.279,4.675,11.32,3.341,,,,,,,,,,,,,7.284
6156,4.279,4.675,11.32,3.341,,,,,,,,,,,,,8.039
6157,4.279,4.675,11.32,3.341,,,,,,,,,,,,,7.242
6158,4.279,4.675,11.32,3.341,,,,,,,,,,,,,7.287
6159,4.279,4.675,11.32,3.341,,,,,,,,,,,,,6.729
6160,4.279,4.675,11.32,3.341,,,,,,,,,,,,,8.984
6161,4.279,4.675,11.32,3.341,,,,,,,,,,,,,9.244
6162,4.279,4.675,11.32,3.341,,,,,,,,,,,,,4.048
6163,4.279,4.675,11.32,3.341,,,,,,,,,,,,,5.706
6164,4.279,4.675,11.32,3.341,,,,,,,,,,,,,11.206
6165,4.279,4.675,11.32,3.341,,,,,,,,,,,,,5.53
6166,4.279,4.675,11.32,3.341,,,,,,,,,,,,,5.1
6167,4.279,4.675,11.32,3.341,,,,,,,,,,,,,6.61
6168,4.279,4.675,11.32,3.341,,,,,,,,,,,,,8.907
6169,4.279,4.675,11.32,3.341,,,,,,,,,,,,,5.528
6170,4.279,4.675,11.32,3.341,,,,,,,,,,,,,7.496
6171,4.279,4.675,11.32,3.341,,,,,,,,,,,,,7.342
6172,4.279,4.675,11.32,3.341,,,,,,,,,,,,,7.147
6173,4.279,4.675,11.32,3.341,,,,,,,,,,,,,6.665
6174,4.279,4.675,11.32,3.341,,,,,,,,,,,,,7.641
6175,4.279,4.675,11.32,3.341,,,,,,,,,,,,,6.799
6176,4.279,4.675,11.32,3.341,,,,,,,,,,,,,11.217
6177,4.279,4.675,11.32,3.341,,,,,,,,,,,,,5.094
6178,4.279,4.675,11.32,3.341,,,,,,,,,,,,,4.652
6179,4.279,4.675,11.32,3.341,,,,,,,,,,,,,7.189
6180,4.279,4.675,11.32,3.341,,,,,,,,,,,,,7.213
6181,4.279,4.675,11.32,3.341,,,,,,,,,,,,,7.62
6182,4.279,4.675,11.32,3.341,,,,,,,,,,,,,7.075
6183,4.279,4.675,11.32,3.341,,,,,,,,,,,,,6.928
6184,4.279,4.675,11.32,3.341,,,,,,,,,,,,,6.879
6185,4.279,4.675,11.32,3.341,,,,,,,,,,,,,6.814
6186,4.279,4.675,11.32,3.341,,,,,,,,,,,,,8.267
6187,4.279,4.675,11.32,3.341,,,,,,,,,,,,,6.715
6188,4.279,4.675,11.32,3.341,,,,,,,,,,,,,7.223
6189,4.279,4.675,11.32,3.341,,,,,,,,,,,,,7.131
6190,4.279,4.675,11.32,3.341,,,,,,,,,,,,,13.911
6191,4.279,4.675,11.32,3.341,,,,,,,,,,,,,9.748
6192,4.279,4.675,11.32,3.341,,,,,,,,,,,,,4.634
6193,4.279,4.675,11.32,3.341,,,,,,,,,,,,,1.722
6194,4.279,4.675,11.32,3.341,,,,,,,,,,,,,4.064
6195,4.279,4.675,11.32,3.341,,,,,,,,,,,,,7.538
6196,4.279,4.675,11.32,3.341,,,,,,,,,,,,,7.042
6197,4.279,4.675,11.32,3.341,,,,,,,,,,,,,7.756
6198,4.279,4.675,11.32,3.341,,,,,,,,,,,,,7.908
6199,4.279,4.675,11.32,3.341,,,,,,,,,,,,,6.935
6200,4.279,4.675,11.32,3.341,,,,,,,,,,,,,6.699
6201,4.279,4.675,11.32,3.341,,,,,,,,,,,,,7.107
6202,4.279,4.675,11.32,3.341,,,,,,,,,,,,,7.173
6203,4.279,4.675,11.32,3.341,,,,,,,,,,,,,7.154
6204,4.279,4.675,11.32,3.341,,,,,,,,,,,,,7.416
6205,4.279,4.675,11.32,3.341,,,,,,,,,,,,,22.365
6206,4.279,4.675,11.32,3.341,,,,,,,,,,,,,18.95
6207,4.279,4.675,11.32,3.341,,,,,,,,,,,,,1.575
6208,4.279,4.675,11.32,3.341,,,,,,,,,,,,,1.078
6209,4.279,4.675,11.32,3.341,,,,,,,,,,,,,1.145
6210,4.279,4.675,11.32,3.341,,,,,,,,,,,,,1.311
6211,4.279,4.675,11.32,3.341,,,,,,,,,,,,,1.169
6212,4.279,4.675,11.32,3.341,,,,,,,,,,,,,4.535
6213,4.279,4.675,11.32,3.341,,,,,,,,,,,,,5.407
6214,4.279,4.675,11.32,3.341,,,,,,,,,,,,,7.278
6215,4.279,4.675,11.32,3.341,,,,,,,,,,,,,7.554
6216,4.279,4.675,11.32,3.341,,,,,,,,,,,,,7.793
6217,4.279,4.675,11.32,3.341,,,,,,,,,,,,,6.659
6218,4.279,4.675,11.32,3.341,,,,,,,,,,,,,7.722
6219,4.279,4.675,11.32,3.341,,,,,,,,,,,,,6.525
6220,4.279,4.675,11.32,3.341,,,,,,,,,,,,,7.26
6221,4.279,4.675,11.32,3.341,,,,,,,,,,,,,8.448
6222,4.279,4.675,11.32,3.341,,,,,,,,,,,,,7.243
6223,4.279,4.675,11.32,3.341,,,,,,,,,,,,,5.454
6224,4.279,4.675,11.32,3.341,,,,,,,,,,,,,7.321
6225,4.279,4.675,11.32,3.341,,,,,,,,,,,,,7.577
6226,4.279,4.675,11.32,3.341,,,,,,,,,,,,,8.277
6227,4.279,4.675,11.32,3.341,,,,,,,,,,,,,5.682
6228,4.279,4.675,11.32,3.341,,,,,,,,,,,,,8.378
6229,4.279,4.675,11.32,3.341,,,,,,,,,,,,,5.536
6230,4.279,4.675,11.32,3.341,,,,,,,,,,,,,11.045
6231,4.279,4.675,11.32,3.341,,,,,,,,,,,,,4.809
6232,4.279,4.675,11.32,3.341,,,,,,,,,,,,,5.389
6233,4.279,4.675,11.32,3.341,,,,,,,,,,,,,7.491
6234,4.279,4.675,11.32,3.341,,,,,,,,,,,,,7.453
6235,4.279,4.675,11.32,3.341,,,,,,,,,,,,,8.075
6236,4.279,4.675,11.32,3.341,,,,,,,,,,,,,7.229
6237,4.279,4.675,11.32,3.341,,,,,,,,,,,,,5.844
6238,4.279,4.675,11.32,3.341,,,,,,,,,,,,,6.762
6239,4.279,4.675,11.32,3.341,,,,,,,,,,,,,7.094
6240,4.279,4.675,11.32,3.341,,,,,,,,,,,,,7.249
6241,4.279,4.675,11.32,3.341,,,,,,,,,,,,,6.88
6242,4.279,4.675,11.32,3.341,,,,,,,,,,,,,7.684
6243,4.279,4.675,11.32,3.341,,,,,,,,,,,,,6.922
6244,4.279,4.675,11.32,3.341,,,,,,,,,,,,,7.359
6245,4.279,4.675,11.32,3.341,,,,,,,,,,,,,7.073
6246,4.279,4.675,11.32,3.341,,,,,,,,,,,,,6.792
6247,4.279,4.675,11.32,3.341,,,,,,,,,,,,,7.194
6248,4.279,4.675,11.32,3.341,,,,,,,,,,,,,7.406
6249,4.279,4.675,11.32,3.341,,,,,,,,,,,,,7.186
6250,4.279,4.675,11.32,3.341,,,,,,,,,,,,,9.49
6251,4.279,4.675,11.32,3.341,,,,,,,,,,,,,5.404
6252,4.279,4.675,11.32,3.341,,,,,,,,,,,,,5.513
6253,4.279,4.675,11.32,3.341,,,,,,,,,,,,,7.468
6254,4.279,4.675,11.32,3.341,,,,,,,,,,,,,7.997
6255,4.279,4.675,11.32,3.341,,,,,,,,,,,,,6.403
6256,4.279,4.675,11.32,3.341,,,,,,,,,,,,,6.875
6257,4.279,4.675,11.32,3.341,,,,,,,,,,,,,9.461
6258,4.279,4.675,11.32,3.341,,,,,,,,,,,,,5.39
6259,4.279,4.675,11.32,3.341,,,,,,,,,,,,,7.089
6260,4.279,4.675,11.32,3.341,,,,,,,,,,,,,6.992
6261,4.279,4.675,11.32,3.342,,,,,,,,,,,,,11.242
6262,4.279,4.675,11.32,3.342,,,,,,,,,,,,,7.719
6267,4.279,4.675,11.32,3.341,,,,,,,,,,,,,6.555
6268,4.279,4.675,11.32,3.341,,,,,,,,,,,,,6.974
6269,4.279,4.675,11.32,3.341,,,,,,,,,,,,,8.279
6270,4.279,4.675,11.32,3.341,,,,,,,,,,,,,5.609
6271,4.279,4.675,11.32,3.341,,,,,,,,,,,,,7.417
6272,4.279,4.675,11.32,3.341,,,,,,,,,,,,,8.72
6273,4.279,4.675,11.32,3.341,,,,,,,,,,,,,6.654
6274,4.279,4.675,11.32,3.341,,,,,,,,,,,,,5.714
6275,4.279,4.675,11.32,3.341,,,,,,,,,,,,,7.176
6276,4.279,4.675,11.32,3.341,,,,,,,,,,,,,7.094
6277,4.279,4.675,11.32,3.341,,,,,,,,,,,,,9.408
6278,4.279,4.675,11.32,3.341,,,,,,,,,,,,,5.111
6279,4.279,4.675,11.32,3.341,,,,,,,,,,,,,10.009
6280,4.279,4.675,11.32,3.341,,,,,,,,,,,,,5.212
6281,4.279,4.675,11.32,3.341,,,,,,,,,,,,,6.255
6282,4.279,4.675,11.32,3.341,,,,,,,,,,,,,6.478
6283,4.279,4.675,11.32,3.341,,,,,,,,,,,,,7.46
6284,4.279,4.675,11.32,3.341,,,,,,,,,,,,,7.137
6285,4.279,4.675,11.32,3.341,,,,,,,,,,,,,7.149
6286,4.279,4.675,11.32,3.341,,,,,,,,,,,,,35.675
6287,4.279,4.675,11.32,3.341,,,,,,,,,,,,,4.461
6288,4.279,4.675,11.32,3.341,,,,,,,,,,,,,1.22
6289,4.279,4.675,11.32,3.341,,,,,,,,,,,,,0.956
6290,4.279,4.675,11.32,3.341,,,,,,,,,,,,,0.889
6295,4.279,4.675,11.32,3.342,,,,,,,,,,,,,11.302
6296,4.279,4.675,11.32,3.342,,,,,,,,,,,,,6.901
6297,4.279,4.675,11.32,3.342,,,,,,,,,,,,,4.395
6298,4.279,4.675,11.32,3.342,,,,,,,,,,,,,6.939
6299,4.279,4.675,11.32,3.341,,,,,,,,,,,,,5.645
6300,4.279,4.675,11.32,3.341,,,,,,,,,,,,,7.201
6301,4.279,4.675,11.32,3.341,,,,,,,,,,,,,7.065
6302,4.279,4.675,11.32,3.341,,,,,,,,,,,,,9.195
6303,4.279,4.675,11.32,3.341,,,,,,,,,,,,,5.468
6304,4.279,4.675,11.32,3.341,,,,,,,,,,,,,9.093
6305,4.279,4.675,11.32,3.341,,,,,,,,,,,,,5.314
6306,4.279,4.675,11.32,3.341,,,,,,,,,,,,,8.526
6307,4.279,4.675,11.32,3.342,,,,,,,,,,,,,6.5
6308,4.279,4.675,11.32,3.342,,,,,,,,,,,,,7.943
6309,4.279,4.675,11.32,3.342,,,,,,,,,,,,,5.677
6310,4.279,4.675,11.32,3.342,,,,,,,,,,,,,7.586
6311,4.279,4.675,11.32,3.341,,,,,,,,,,,,,7.061
6312,4.279,4.675,11.32,3.341,,,,,,,,,,,,,6.831
6313,4.279,4.675,11.32,3.341,,,,,,,,,,,,,7.154
6314,4.279,4.675,11.32,3.342,,,,,,,,,,,,,7.21
6315,4.279,4.675,11.32,3.342,,,,,,,,,,,,,7.284
6316,4.279,4.675,11.32,3.342,,,,,,,,,,,,,7.536
6317,4.279,4.675,11.32,3.342,,,,,,,,,,,,,6.64
6318,4.279,4.675,11.32,3.342,,,,,,,,,,,,,7.282
6319,4.279,4.675,11.32,3.342,,,,,,,,,,,,,7.219
6320,4.279,4.675,11.32,3.342,,,,,,,,,,,,,7.281
6321,4.279,4.675,11.32,3.342,,,,,,,,,,,,,7.126
6322,4.279,4.675,11.32,3.341,,,,,,,,,,,,,13.883
6323,4.279,4.675,11.32,3.341,,,,,,,,,,,,,4.557
6324,4.279,4.675,11.32,3.341,,,,,,,,,,,,,4.409
6325,4.279,4.675,11.32,3.341,,,,,,,,,,,,,18.67
6326,4.279,4.675,11.32,3.342,,,,,,,,,,,,,4.967
6327,4.279,4.675,11.32,3.342,,,,,,,,,,,,,1.512
6328,4.279,4.675,11.32,3.342,,,,,,,,,,,,,4.05
6329,4.279,4.675,11.32,3.342,,,,,,,,,,,,,4.636
6330,4.279,4.675,11.32,3.341,,,,,,,,,,,,,5.053
6331,4.279,4.675,11.32,3.341,,,,,,,,,,,,,7.184
6332,4.279,4.675,11.32,3.341,,,,,,,,,,,,,7.529
6333,4.279,4.675,11.32,3.341,,,,,,,,,,,,,6.781
6334,4.279,4.675,11.32,3.341,,,,,,,,,,,,,8.224
6335,4.279,4.675,11.32,3.341,,,,,,,,,,,,,6.114
6336,4.279,4.675,11.32,3.341,,,,,,,,,,,,,7.146
6337,4.279,4.675,11.32,3.342,,,,,,,,,,,,,8.48
6338,4.279,4.675,11.32,3.342,,,,,,,,,,,,,5.913
6339,4.279,4.675,11.32,3.342,,,,,,,,,,,,,7.294
6340,4.279,4.675,11.32,3.342,,,,,,,,,,,,,7.151
6341,4.279,4.675,11.32,3.341,,,,,,,,,,,,,8.188
6342,4.279,4.675,11.32,3.341,,,,,,,,,,,,,6.366
6343,4.279,4.675,11.32,3.341,,,,,,,,,,,,,6.818
6344,4.279,4.675,11.32,3.341,,,,,,,,,,,,,7.434
6345,4.279,4.675,11.32,3.342,,,,,,,,,,,,,7.477
6346,4.279,4.675,11.32,3.342,,,,,,,,,,,,,7.377
6347,4.279,4.675,11.32,3.342,,,,,,,,,,,,,7.398
6348,4.279,4.675,11.32,3.342,,,,,,,,,,,,,6.706
6349,4.279,4.675,11.32,3.341,,,,,,,,,,,,,6.842
6350,4.279,4.675,11.32,3.341,,,,,,,,,,,,,7.193
6351,4.279,4.675,11.32,3.341,,,,,,,,,,,,,7.705
6352,4.279,4.675,11.32,3.341,,,,,,,,,,,,,7.568
6353,4.279,4.675,11.32,3.341,,,,,,,,,,,,,6.508
6354,4.279,4.675,11.32,3.341,,,,,,,,,,,,,13.058
6355,4.279,4.675,11.32,3.341,,,,,,,,,,,,,5.864
6356,4.279,4.675,11.32,3.341,,,,,,,,,,,,,4.88
6357,4.279,4.675,11.32,3.341,,,,,,,,,,,,,5.58
6358,4.279,4.675,11.32,3.341,,,,,,,,,,,,,14.128
6359,4.279,4.675,11.32,3.341,,,,,,,,,,,,,4.977
6360,4.279,4.675,11.32,3.341,,,,,,,,,,,,,4.191
6361,4.279,4.675,11.32,3.341,,,,,,,,,,,,,4.437
6362,4.279,4.675,11.32,3.341,,,,,,,,,,,,,7.662
6363,4.279,4.675,11.32,3.341,,,,,,,,,,,,,6.241
6364,4.279,4.675,11.32,3.342,,,,,,,,,,,,,6.809
6365,4.279,4.675,11.32,3.342,,,,,,,,,,,,,7.417
6366,4.279,4.675,11.32,3.342,,,,,,,,,,,,,6.609
6367,4.279,4.675,11.32,3.342,,,,,,,,,,,,,7.98
6368,4.279,4.675,11.32,3.341,,,,,,,,,,,,,6.918
6369,4.279,4.675,11.32,3.341,,,,,,,,,,,,,6.376
6370,4.279,4.675,11.32,3.341,,,,,,,,,,,,,7.353
6371,4.279,4.675,11.32,3.342,,,,,,,,,,,,,6.728
6372,4.279,4.675,11.32,3.342,,,,,,,,,,,,,7.316
6373,4.279,4.675,11.32,3.342,,,,,,,,,,,,,7.293
6374,4.279,4.675,11.32,3.342,,,,,,,,,,,,,6.904
6375,4.279,4.675,11.32,3.342,,,,,,,,,,,,,7.427
6376,4.279,4.675,11.32,3.342,,,,,,,,,,,,,9.924
6377,4.279,4.675,11.32,3.342,,,,,,,,,,,,,4.341
6378,4.279,4.675,11.32,3.342,,,,,,,,,,,,,7.317
6379,4.279,4.675,11.32,3.341,,,,,,,,,,,,,6.333
6380,4.279,4.675,11.32,3.341,,,,,,,,,,,,,32.189
6381,4.279,4.675,11.32,3.341,,,,,,,,,,,,,11.096
6382,4.279,4.675,11.32,3.341,,,,,,,,,,,,,1.729
6383,4.279,4.675,11.32,3.342,,,,,,,,,,,,,1.081
6384,4.279,4.675,11.32,3.342,,,,,,,,,,,,,0.887
6385,4.279,4.675,11.32,3.342,,,,,,,,,,,,,0.838
6386,4.279,4.676,11.32,3.342,,,,,,,,,,,,,1.002
6390,4.279,4.675,11.32,3.341,,,,,,,,,,,,,7.183
6391,4.279,4.675,11.32,3.342,,,,,,,,,,,,,7.59
6392,4.279,4.675,11.32,3.342,,,,,,,,,,,,,6.986
6393,4.279,4.675,11.32,3.342,,,,,,,,,,,,,7.154
6394,4.279,4.675,11.32,3.342,,,,,,,,,,,,,7.323
6395,4.279,4.675,11.32,3.342,,,,,,,,,,,,,6.966
6396,4.279,4.675,11.32,3.342,,,,,,,,,,,,,7.602
6397,4.279,4.675,11.32,3.342,,,,,,,,,,,,,6.76
6402,4.279,4.675,11.32,3.342,,,,,,,,,,,,,7.113
6403,4.279,4.675,11.32,3.342,,,,,,,,,,,,,7.471
6404,4.279,4.675,11.32,3.342,,,,,,,,,,,,,8.188
6405,4.279,4.675,11.32,3.342,,,,,,,,,,,,,6.937
6406,4.279,4.675,11.32,3.342,,,,,,,,,,,,,6.565
6407,4.279,4.675,11.32,3.342,,,,,,,,,,,,,7.241
6408,4.279,4.675,11.32,3.342,,,,,,,,,,,,,7.159
6409,4.279,4.675,11.32,3.342,,,,,,,,,,,,,7.176
6410,4.279,4.675,11.32,3.341,,,,,,,,,,,,,7.168
6411,4.279,4.675,11.32,3.341,,,,,,,,,,,,,7.159
6412,4.279,4.675,11.32,3.341,,,,,,,,,,,,,7.103
6413,4.279,4.675,11.32,3.341,,,,,,,,,,,,,7.32
6414,4.279,4.675,11.32,3.341,,,,,,,,,,,,,9.335
6415,4.279,4.675,11.32,3.341,,,,,,,,,,,,,4.588
6416,4.279,4.675,11.32,3.341,,,,,,,,,,,,,6.95
6417,4.279,4.675,11.32,3.342,,,,,,,,,,,,,7.145
6418,4.279,4.675,11.32,3.342,,,,,,,,,,,,,8.074
6419,4.279,4.675,11.32,3.342,,,,,,,,,,,,,15.584
6420,4.279,4.675,11.32,3.342,,,,,,,,,,,,,10.742
6421,4.279,4.675,11.32,3.341,,,,,,,,,,,,,1.544
6422,4.279,4.675,11.32,3.341,,,,,,,,,,,,,2.861
6423,4.279,4.675,11.32,3.341,,,,,,,,,,,,,4.544
6424,4.279,4.675,11.32,3.341,,,,,,,,,,,,,5.775
6425,4.279,4.675,11.32,3.341,,,,,,,,,,,,,6.566
6426,4.279,4.675,11.32,3.341,,,,,,,,,,,,,10.198
6427,4.279,4.675,11.32,3.341,,,,,,,,,,,,,5.083
6428,4.279,4.675,11.32,3.341,,,,,,,,,,,,,6.812
6429,4.279,4.675,11.32,3.341,,,,,,,,,,,,,10.631
6430,4.279,4.675,11.32,3.341,,,,,,,,,,,,,4.539
6431,4.279,4.675,11.32,3.341,,,,,,,,,,,,,4.931
6432,4.279,4.675,11.32,3.341,,,,,,,,,,,,,8.463
6433,4.279,4.675,11.32,3.342,,,,,,,,,,,,,6.192
6434,4.279,4.675,11.32,3.342,,,,,,,,,,,,,6.696
6435,4.279,4.675,11.32,3.342,,,,,,,,,,,,,7.088
6436,4.279,4.675,11.32,3.342,,,,,,,,,,,,,8.063
6437,4.279,4.675,11.32,3.341,,,,,,,,,,,,,9.861
6438,4.279,4.675,11.32,3.341,,,,,,,,,,,,,5.362
6439,4.279,4.675,11.32,3.341,,,,,,,,,,,,,5.358
6440,4.279,4.675,11.32,3.342,,,,,,,,,,,,,9.157
6441,4.279,4.675,11.32,3.342,,,,,,,,,,,,,15.863
6442,4.279,4.675,11.32,3.342,,,,,,,,,,,,,5.509
6443,4.279,4.675,11.32,3.342,,,,,,,,,,,,,2.199
6444,4.279,4.675,11.32,3.342,,,,,,,,,,,,,2.341
6445,4.279,4.675,11.32,3.342,,,,,,,,,,,,,6.825
6446,4.279,4.675,11.32,3.342,,,,,,,,,,,,,6.233
6447,4.279,4.675,11.32,3.342,,,,,,,,,,,,,7.206
6451,4.279,4.675,11.32,3.342,,,,,,,,,,,,,7.572
6452,4.279,4.675,11.32,3.342,,,,,,,,,,,,,9.469
6453,4.279,4.675,11.32,3.342,,,,,,,,,,,,,7.895
6454,4.279,4.675,11.32,3.342,,,,,,,,,,,,,3.824
6455,4.279,4.675,11.32,3.342,,,,,,,,,,,,,6.991
6456,4.279,4.675,11.32,3.341,,,,,,,,,,,,,8.175
6457,4.279,4.675,11.32,3.341,,,,,,,,,,,,,15.307
6458,4.279,4.675,11.32,3.341,,,,,,,,,,,,,8.788
6459,4.279,4.675,11.32,3.341,,,,,,,,,,,,,1.389
6460,4.279,4.675,11.32,3.341,,,,,,,,,,,,,31.872
6461,4.279,4.675,11.32,3.341,,,,,,,,,,,,,6.535
6462,4.279,4.675,11.32,3.341,,,,,,,,,,,,,1.649
6463,4.279,4.675,11.32,3.341,,,,,,,,,,,,,1.09
6464,4.279,4.675,11.32,3.342,,,,,,,,,,,,,0.843
6465,4.279,4.675,11.32,3.342,,,,,,,,,,,,,0.818
6466,4.279,4.675,11.32,3.342,,,,,,,,,,,,,0.878
6467,4.279,4.675,11.32,3.342,,,,,,,,,,,,,3.603
6468,4.279,4.675,11.32,3.341,,,,,,,,,,,,,5.736
6469,4.279,4.675,11.32,3.341,,,,,,,,,,,,,6.278
6470,4.279,4.675,11.32,3.341,,,,,,,,,,,,,7.316
6471,4.279,4.675,11.32,3.341,,,,,,,,,,,,,7.707
6472,4.279,4.675,11.32,3.342,,,,,,,,,,,,,5.884
6473,4.279,4.675,11.32,3.342,,,,,,,,,,,,,7.307
6474,4.279,4.676,11.32,3.342,,,,,,,,,,,,,7.128
6479,4.279,4.675,11.32,3.342,,,,,,,,,,,,,6.941
6480,4.279,4.675,11.32,3.341,,,,,,,,,,,,,5.583
6481,4.279,4.675,11.32,3.341,,,,,,,,,,,,,7.795
6486,4.279,4.675,11.32,3.342,,,,,,,,,,,,,5.285
6487,4.279,4.675,11.32,3.342,,,,,,,,,,,,,7.593
6488,4.279,4.675,11.32,3.342,,,,,,,,,,,,,6.949
6489,4.279,4.675,11.32,3.342,,,,,,,,,,,,,8.574
6490,4.279,4.675,11.32,3.342,,,,,,,,,,,,,6.076
6491,4.279,4.675,11.32,3.342,,,,,,,,,,,,,6.772
6492,4.279,4.675,11.32,3.342,,,,,,,,,,,,,8.379
6493,4.279,4.675,11.32,3.342,,,,,,,,,,,,,6.285
6498,4.279,4.675,11.32,3.342,,,,,,,,,,,,,7.131
6499,4.279,4.675,11.32,3.342,,,,,,,,,,,,,7.861
6500,4.279,4.675,11.32,3.342,,,,,,,,,,,,,6.863
6505,4.279,4.675,11.32,3.341,,,,,,,,,,,,,10.972
6506,4.279,4.675,11.32,3.342,,,,,,,,,,,,,1.409
6507,4.279,4.675,11.32,3.342,,,,,,,,,,,,,2.88
6508,4.279,4.675,11.32,3.342,,,,,,,,,,,,,7.31
6509,4.279,4.675,11.32,3.342,,,,,,,,,,,,,8.15
6510,4.279,4.675,11.32,3.342,,,,,,,,,,,,,6.175
6511,4.279,4.675,11.32,3.342,,,,,,,,,,,,,6.957
6512,4.279,4.675,11.32,3.342,,,,,,,,,,,,,18.873
6513,4.279,4.675,11.32,3.342,,,,,,,,,,,,,9.421
6514,4.279,4.675,11.32,3.341,,,,,,,,,,,,,1.488
6515,4.279,4.675,11.32,3.341,,,,,,,,,,,,,4.783
6516,4.279,4.675,11.32,3.341,,,,,,,,,,,,,7.375
6517,4.279,4.675,11.32,3.341,,,,,,,,,,,,,12.236
6518,4.279,4.675,11.32,3.342,,,,,,,,,,,,,5.413
6519,4.279,4.675,11.32,3.342,,,,,,,,,,,,,1.977
6520,4.279,4.675,11.32,3.342,,,,,,,,,,,,,5.323
6521,4.279,4.675,11.32,3.342,,,,,,,,,,,,,4.767
6522,4.279,4.675,11.32,3.342,,,,,,,,,,,,,9.933
6523,4.279,4.675,11.32,3.342,,,,,,,,,,,,,5.448
6524,4.279,4.675,11.32,3.342,,,,,,,,,,,,,4.282
6525,4.279,4.675,11.32,3.342,,,,,,,,,,,,,8.139
6526,4.279,4.675,11.32,3.342,,,,,,,,,,,,,6.017
6527,4.279,4.675,11.32,3.342,,,,,,,,,,,,,6.257
6528,4.279,4.675,11.32,3.342,,,,,,,,,,,,,6.776
6529,4.279,4.675,11.32,3.342,,,,,,,,,,,,,10.001
6530,4.279,4.675,11.32,3.342,,,,,,,,,,,,,5.018
6531,4.279,4.675,11.32,3.342,,,,,,,,,,,,,6.51
6532,4.279,4.675,11.32,3.342,,,,,,,,,,,,,7.411
6533,4.279,4.675,11.32,3.341,,,,,,,,,,,,,9.249
6534,4.279,4.675,11.32,3.341,,,,,,,,,,,,,4.736
6535,4.279,4.675,11.32,3.341,,,,,,,,,,,,,7.639
6536,4.279,4.675,11.32,3.341,,,,,,,,,,,,,6.975
6537,4.279,4.675,11.32,3.341,,,,,,,,,,,,,7.215
6538,4.279,4.675,11.32,3.341,,,,,,,,,,,,,7.167
6539,4.279,4.675,11.32,3.341,,,,,,,,,,,,,7.649
6540,4.279,4.675,11.32,3.342,,,,,,,,,,,,,7.709
6541,4.279,4.675,11.32,3.342,,,,,,,,,,,,,5.808
6542,4.279,4.675,11.32,3.342,,,,,,,,,,,,,7.165
6543,4.279,4.675,11.32,3.342,,,,,,,,,,,,,7.305
6544,4.279,4.675,11.32,3.341,,,,,,,,,,,,,7.506
6545,4.279,4.675,11.32,3.341,,,,,,,,,,,,,10.526
6546,4.279,4.675,11.32,3.341,,,,,,,,,,,,,7.286
6547,4.279,4.675,11.32,3.342,,,,,,,,,,,,,7.24
6548,4.279,4.675,11.32,3.342,,,,,,,,,,,,,7.255
6549,4.279,4.675,11.32,3.342,,,,,,,,,,,,,7.735
6550,4.279,4.675,11.32,3.342,,,,,,,,,,,,,6.032
6551,4.279,4.675,11.32,3.342,,,,,,,,,,,,,8.867
6552,4.279,4.675,11.32,3.342,,,,,,,,,,,,,5.648
6553,4.279,4.675,11.32,3.342,,,,,,,,,,,,,7.363
6558,4.279,4.675,11.32,3.341,,,,,,,,,,,,,7.498
6559,4.279,4.675,11.32,3.341,,,,,,,,,,,,,6.848
6560,4.279,4.675,11.32,3.341,,,,,,,,,,,,,20.402
6561,4.279,4.675,11.32,3.341,,,,,,,,,,,,,23.109
6566,4.279,4.676,11.32,3.341,,,,,,,,,,,,,42.575
6567,4.279,4.676,11.32,3.342,,,,,,,,,,,,,14.312
6568,4.279,4.676,11.32,3.342,,,,,,,,,,,,,1.558
6569,4.279,4.676,11.32,3.342,,,,,,,,,,,,,0.871
6570,4.279,4.676,11.32,3.342,,,,,,,,,,,,,0.719
6571,4.279,4.676,11.32,3.342,,,,,,,,,,,,,0.747
6572,4.279,4.676,11.32,3.341,,,,,,,,,,,,,0.774
6573,4.279,4.676,11.32,3.341,,,,,,,,,,,,,0.962
6574,4.279,4.676,11.32,3.341,,,,,,,,,,,,,0.78
6575,4.279,4.676,11.32,3.341,,,,,,,,,,,,,3.126
6576,4.279,4.676,11.32,3.342,,,,,,,,,,,,,1.501
6577,4.279,4.676,11.32,3.342,,,,,,,,,,,,,21.601
6578,4.279,4.675,11.32,3.342,,,,,,,,,,,,,1.507
6579,4.279,4.675,11.32,3.342,,,,,,,,,,,,,3.338
6580,4.279,4.675,11.32,3.341,,,,,,,,,,,,,1.553
6581,4.279,4.675,11.32,3.341,,,,,,,,,,,,,0.918
6582,4.279,4.675,11.32,3.341,,,,,,,,,,,,,3.615
6588,4.279,4.675,11.32,3.342,,,,,,,,,,,,,0.107
6589,4.279,4.675,11.32,3.341,,,,,,,,,,,,,1.362
6590,4.279,4.675,11.32,3.341,,,,,,,,,,,,,1.156
6591,4.279,4.675,11.32,3.341,,,,,,,,,,,,,1.927
6596,4.279,4.675,11.32,3.342,,,,,,,,,,,,,5.092
6597,4.279,4.675,11.32,3.341,,,,,,,,,,,,,11.051
6598,4.279,4.675,11.32,3.341,,,,,,,,,,,,,25.548
6599,4.279,4.675,11.32,3.341,,,,,,,,,,,,,26.283
6600,4.279,4.675,11.32,3.341,,,,,,,,,,,,,1.425
6601,4.279,4.675,11.32,3.341,,,,,,,,,,,,,1.201
6602,4.279,4.675,11.32,3.341,,,,,,,,,,,,,0.914
6603,4.279,4.675,11.32,3.341,,,,,,,,,,,,,0.839
6604,4.279,4.675,11.32,3.341,,,,,,,,,,,,,2.73
6605,4.279,4.675,11.32,3.341,,,,,,,,,,,,,1.365
6606,4.279,4.675,11.32,3.341,,,,,,,,,,,,,1.823
6607,4.279,4.675,11.32,3.341,,,,,,,,,,,,,1.504
6608,4.279,4.675,11.32,3.341,,,,,,,,,,,,,2.144
6613,4.279,4.675,11.32,3.342,,,,,,,,,,,,,5.911
6614,4.279,4.675,11.32,3.342,,,,,,,,,,,,,29.787
6615,4.279,4.675,11.32,3.342,,,,,,,,,,,,,1.742
6616,4.279,4.675,11.32,3.342,,,,,,,,,,,,,0.909
6617,4.279,4.675,11.32,3.342,,,,,,,,,,,,,0.77
6618,4.279,4.675,11.32,3.342,,,,,,,,,,,,,3.326
6619,4.279,4.675,11.32,3.342,,,,,,,,,,,,,6.507
6620,4.279,4.675,11.32,3.342,,,,,,,,,,,,,6.028
6621,4.279,4.675,11.32,3.342,,,,,,,,,,,,,6.29
6622,4.279,4.675,11.32,3.342,,,,,,,,,,,,,4.309
6623,4.279,4.675,11.32,3.342,,,,,,,,,,,,,6.042
6624,4.279,4.675,11.32,3.342,,,,,,,,,,,,,7.985
6625,4.279,4.675,11.32,3.342,,,,,,,,,,,,,6.717
6626,4.279,4.675,11.32,3.342,,,,,,,,,,,,,6.989
6627,4.279,4.675,11.32,3.342,,,,,,,,,,,,,7.558
6628,4.279,4.675,11.32,3.342,,,,,,,,,,,,,6.193
6629,4.279,4.675,11.32,3.342,,,,,,,,,,,,,10.313
6630,4.279,4.675,11.32,3.342,,,,,,,,,,,,,4.576
6631,4.279,4.675,11.32,3.342,,,,,,,,,,,,,6.344
6636,4.279,4.675,11.32,3.342,,,,,,,,,,,,,7.067
6637,4.279,4.675,11.32,3.342,,,,,,,,,,,,,6.871
6638,4.279,4.675,11.32,3.342,,,,,,,,,,,,,7.432
6639,4.279,4.675,11.32,3.342,,,,,,,,,,,,,8.198
6640,4.279,4.675,11.32,3.342,,,,,,,,,,,,,8.397
6641,4.279,4.675,11.32,3.341,,,,,,,,,,,,,9.533
6642,4.279,4.675,11.32,3.341,,,,,,,,,,,,,4.576
6643,4.279,4.675,11.32,3.341,,,,,,,,,,,,,5.387
6644,4.279,4.675,11.32,3.341,,,,,,,,,,,,,6.167
6645,4.279,4.675,11.32,3.342,,,,,,,,,,,,,6.82
6646,4.279,4.675,11.32,3.342,,,,,,,,,,,,,8.677
6647,4.279,4.675,11.32,3.342,,,,,,,,,,,,,5.729
6648,4.279,4.675,11.32,3.342,,,,,,,,,,,,,7.093
6649,4.279,4.675,11.32,3.342,,,,,,,,,,,,,7.272
6650,4.279,4.675,11.32,3.342,,,,,,,,,,,,,8.449
6651,4.279,4.675,11.32,3.342,,,,,,,,,,,,,6.095
6652,4.279,4.675,11.32,3.342,,,,,,,,,,,,,6.895
6653,4.279,4.675,11.32,3.342,,,,,,,,,,,,,31.808
6654,4.279,4.675,11.32,3.342,,,,,,,,,,,,,1.402
6655,4.279,4.676,11.32,3.342,,,,,,,,,,,,,0.903
6656,4.279,4.676,11.32,3.342,,,,,,,,,,,,,0.769
6657,4.279,4.676,11.32,3.341,,,,,,,,,,,,,0.808
6658,4.279,4.676,11.32,3.341,,,,,,,,,,,,,1.213
6659,4.279,4.675,11.32,3.341,,,,,,,,,,,,,7.569
6660,4.279,4.675,11.32,3.342,,,,,,,,,,,,,10.656
6661,4.279,4.675,11.32,3.342,,,,,,,,,,,,,4.441
6662,4.279,4.675,11.32,3.342,,,,,,,,,,,,,5.611
6663,4.279,4.675,11.32,3.342,,,,,,,,,,,,,13.236
6664,4.279,4.675,11.32,3.341,,,,,,,,,,,,,4.246
6665,4.279,4.675,11.32,3.341,,,,,,,,,,,,,5.078
6666,4.279,4.675,11.32,3.341,,,,,,,,,,,,,6.074
6667,4.279,4.675,11.32,3.341,,,,,,,,,,,,,7.67
6668,4.279,4.675,11.32,3.342,,,,,,,,,,,,,7.264
6669,4.279,4.675,11.32,3.342,,,,,,,,,,,,,6.707
6670,4.279,4.675,11.32,3.342,,,,,,,,,,,,,7.494
6675,4.279,4.676,11.32,3.342,,,,,,,,,,,,,7.136
6676,4.279,4.676,11.32,3.342,,,,,,,,,,,,,8.463
6677,4.279,4.676,11.32,3.342,,,,,,,,,,,,,6.64
6678,4.279,4.675,11.32,3.342,,,,,,,,,,,,,6.587
6679,4.279,4.675,11.32,3.342,,,,,,,,,,,,,8.183
6680,4.279,4.675,11.32,3.342,,,,,,,,,,,,,5.904
6681,4.279,4.675,11.32,3.342,,,,,,,,,,,,,10.821
6682,4.279,4.675,11.32,3.342,,,,,,,,,,,,,4.285
6683,4.279,4.675,11.32,3.341,,,,,,,,,,,,,8.489
6684,4.279,4.675,11.32,3.341,,,,,,,,,,,,,5.201
6685,4.279,4.675,11.32,3.341,,,,,,,,,,,,,8.195
6686,4.279,4.675,11.32,3.341,,,,,,,,,,,,,10.158
6687,4.279,4.675,11.32,3.341,,,,,,,,,,,,,5.624
6688,4.279,4.675,11.32,3.341,,,,,,,,,,,,,4.285
6689,4.279,4.675,11.32,3.341,,,,,,,,,,,,,6.833
6690,4.279,4.675,11.32,3.341,,,,,,,,,,,,,7.096
6691,4.279,4.675,11.32,3.342,,,,,,,,,,,,,8.971
6692,4.279,4.675,11.32,3.342,,,,,,,,,,,,,5.933
6693,4.279,4.675,11.32,3.342,,,,,,,,,,,,,9.878
6694,4.279,4.675,11.32,3.342,,,,,,,,,,,,,16.71
6695,4.279,4.675,11.32,3.341,,,,,,,,,,,,,4.48
6696,4.279,4.675,11.32,3.341,,,,,,,,,,,,,1.324
6697,4.279,4.675,11.32,3.341,,,,,,,,,,,,,4.366
6698,4.279,4.675,11.32,3.341,,,,,,,,,,,,,6.663
6699,4.279,4.675,11.32,3.341,,,,,,,,,,,,,5.35
6700,4.279,4.675,11.32,3.341,,,,,,,,,,,,,6.99
6701,4.279,4.675,11.32,3.341,,,,,,,,,,,,,7.167
6702,4.279,4.675,11.32,3.342,,,,,,,,,,,,,6.152
6703,4.279,4.675,11.32,3.342,,,,,,,,,,,,,5.445
6704,4.279,4.675,11.32,3.342,,,,,,,,,,,,,8.824
6705,4.279,4.675,11.32,3.342,,,,,,,,,,,,,7.429
6706,4.279,4.675,11.32,3.341,,,,,,,,,,,,,12.722
6707,4.279,4.675,11.32,3.341,,,,,,,,,,,,,4.402
6708,4.279,4.675,11.32,3.341,,,,,,,,,,,,,8.198
6709,4.279,4.675,11.32,3.341,,,,,,,,,,,,,4.339
6710,4.279,4.675,11.32,3.341,,,,,,,,,,,,,5.623
6711,4.279,4.675,11.32,3.341,,,,,,,,,,,,,7.326
6712,4.279,4.675,11.32,3.341,,,,,,,,,,,,,6.598
6713,4.279,4.675,11.32,3.341,,,,,,,,,,,,,7.21
6714,4.279,4.675,11.32,3.342,,,,,,,,,,,,,6.547
6715,4.279,4.675,11.32,3.342,,,,,,,,,,,,,7.491
6716,4.279,4.675,11.32,3.342,,,,,,,,,,,,,9.986
6717,4.279,4.675,11.32,3.342,,,,,,,,,,,,,4.275
6718,4.279,4.675,11.32,3.341,,,,,,,,,,,,,6.269
6719,4.279,4.675,11.32,3.341,,,,,,,,,,,,,9.191
6720,4.279,4.675,11.32,3.341,,,,,,,,,,,,,5.342
6721,4.279,4.675,11.32,3.341,,,,,,,,,,,,,6.939
6722,4.279,4.675,11.32,3.342,,,,,,,,,,,,,6.81
6723,4.279,4.675,11.32,3.342,,,,,,,,,,,,,7.425
6724,4.279,4.675,11.32,3.342,,,,,,,,,,,,,7.573
6725,4.279,4.675,11.32,3.341,,,,,,,,,,,,,6.326
6726,4.279,4.675,11.32,3.341,,,,,,,,,,,,,7.254
6727,4.279,4.675,11.32,3.341,,,,,,,,,,,,,7.245
6728,4.279,4.675,11.32,3.341,,,,,,,,,,,,,7.52
6729,4.279,4.675,11.32,3.342,,,,,,,,,,,,,6.824
6730,4.279,4.675,11.32,3.342,,,,,,,,,,,,,7.661
6731,4.279,4.675,11.32,3.342,,,,,,,,,,,,,9.612
6736,4.279,4.675,11.32,3.342,,,,,,,,,,,,,7.396
6737,4.279,4.675,11.32,3.341,,,,,,,,,,,,,6.755
6738,4.279,4.675,11.32,3.341,,,,,,,,,,,,,8.745
6739,4.279,4.675,11.32,3.341,,,,,,,,,,,,,5.831
6740,4.279,4.675,11.32,3.342,,,,,,,,,,,,,7.213
6741,4.279,4.675,11.32,3.342,,,,,,,,,,,,,7.139
6742,4.279,4.675,11.32,3.342,,,,,,,,,,,,,7.419
6743,4.279,4.675,11.32,3.342,,,,,,,,,,,,,7.356
6744,4.279,4.675,11.32,3.342,,,,,,,,,,,,,8.539
6745,4.279,4.675,11.32,3.342,,,,,,,,,,,,,19.264
6746,4.279,4.675,11.32,3.342,,,,,,,,,,,,,20.229
6747,4.279,4.675,11.32,3.342,,,,,,,,,,,,,1.932
6748,4.279,4.675,11.32,3.341,,,,,,,,,,,,,1.408
6749,4.279,4.675,11.32,3.341,,,,,,,,,,,,,1.509
6750,4.279,4.675,11.32,3.341,,,,,,,,,,,,,1.213
6751,4.279,4.676,11.32,3.341,,,,,,,,,,,,,0.982
6756,4.279,4.675,11.32,3.341,,,,,,,,,,,,,3.87
6757,4.279,4.675,11.32,3.341,,,,,,,,,,,,,6.374
6758,4.279,4.675,11.32,3.341,,,,,,,,,,,,,6.915
6759,4.279,4.675,11.32,3.341,,,,,,,,,,,,,8.048
6760,4.279,4.675,11.32,3.342,,,,,,,,,,,,,6.846
6761,4.279,4.675,11.32,3.342,,,,,,,,,,,,,20.645
6762,4.279,4.675,11.32,3.342,,,,,,,,,,,,,7.089
6763,4.279,4.675,11.32,3.342,,,,,,,,,,,,,1.847
6764,4.279,4.675,11.32,3.341,,,,,,,,,,,,,2.949
6765,4.279,4.675,11.32,3.341,,,,,,,,,,,,,4.572
6766,4.279,4.675,11.32,3.341,,,,,,,,,,,,,4.873
6767,4.279,4.675,11.32,3.341,,,,,,,,,,,,,5.755
6768,4.279,4.675,11.32,3.341,,,,,,,,,,,,,7.139
6769,4.279,4.675,11.32,3.341,,,,,,,,,,,,,7.639
6770,4.279,4.675,11.32,3.341,,,,,,,,,,,,,6.408
6771,4.279,4.675,11.32,3.341,,,,,,,,,,,,,7.361
6772,4.279,4.675,11.32,3.341,,,,,,,,,,,,,7.245
6773,4.279,4.675,11.32,3.341,,,,,,,,,,,,,6.807
6774,4.279,4.675,11.32,3.341,,,,,,,,,,,,,7.298
6775,4.279,4.675,11.32,3.342,,,,,,,,,,,,,6.748
6776,4.279,4.675,11.32,3.342,,,,,,,,,,,,,8.993
6777,4.279,4.675,11.32,3.342,,,,,,,,,,,,,5.258
6778,4.279,4.675,11.32,3.342,,,,,,,,,,,,,7.445
6779,4.279,4.675,11.32,3.342,,,,,,,,,,,,,7.205
6780,4.279,4.675,11.32,3.342,,,,,,,,,,,,,9.921
6781,4.279,4.675,11.32,3.342,,,,,,,,,,,,,4.374
6782,4.279,4.675,11.32,3.342,,,,,,,,,,,,,6.897
6783,4.279,4.675,11.32,3.341,,,,,,,,,,,,,7.509
6784,4.279,4.675,11.32,3.341,,,,,,,,,,,,,7.643
6785,4.279,4.675,11.32,3.341,,,,,,,,,,,,,6.691
6786,4.279,4.675,11.32,3.341,,,,,,,,,,,,,7.11
6787,4.279,4.675,11.32,3.342,,,,,,,,,,,,,7.494
6788,4.279,4.675,11.32,3.342,,,,,,,,,,,,,7.08
6789,4.279,4.675,11.32,3.342,,,,,,,,,,,,,8.719
6790,4.279,4.675,11.32,3.342,,,,,,,,,,,,,5.626
6791,4.279,4.675,11.32,3.341,,,,,,,,,,,,,10.867
6792,4.279,4.675,11.32,3.341,,,,,,,,,,,,,5.124
6793,4.279,4.675,11.32,3.341,,,,,,,,,,,,,6.028
6794,4.279,4.675,11.32,3.342,,,,,,,,,,,,,6.64
6795,4.279,4.675,11.32,3.342,,,,,,,,,,,,,7.246
6796,4.279,4.675,11.32,3.342,,,,,,,,,,,,,7.181
6797,4.279,4.675,11.32,3.342,,,,,,,,,,,,,7.19
6798,4.279,4.675,11.32,3.342,,,,,,,,,,,,,9.217
6799,4.279,4.675,11.32,3.342,,,,,,,,,,,,,5.261
6800,4.279,4.675,11.32,3.342,,,,,,,,,,,,,8.537
6805,4.279,4.675,11.32,3.341,,,,,,,,,,,,,7.743
6806,4.279,4.675,11.32,3.342,,,,,,,,,,,,,10.405
6807,4.279,4.675,11.32,3.342,,,,,,,,,,,,,4.428
6808,4.279,4.675,11.32,3.342,,,,,,,,,,,,,5.628
6812,4.279,4.675,11.32,3.342,,,,,,,,,,,,,5.541
6813,4.279,4.675,11.32,3.341,,,,,,,,,,,,,6.945
6814,4.279,4.675,11.32,3.341,,,,,,,,,,,,,7.255
6815,4.279,4.675,11.32,3.341,,,,,,,,,,,,,7.531
6816,4.279,4.675,11.32,3.341,,,,,,,,,,,,,7.379
6817,4.279,4.675,11.32,3.342,,,,,,,,,,,,,6.794
6818,4.279,4.675,11.32,3.342,,,,,,,,,,,,,6.828
6819,4.279,4.675,11.32,3.342,,,,,,,,,,,,,7.131
6820,4.279,4.675,11.32,3.342,,,,,,,,,,,,,7.236
6821,4.279,4.675,11.32,3.341,,,,,,,,,,,,,10.78
6822,4.279,4.675,11.32,3.341,,,,,,,,,,,,,5.025
6823,4.279,4.675,11.32,3.341,,,,,,,,,,,,,9.696
6824,4.279,4.675,11.32,3.341,,,,,,,,,,,,,4.426
6825,4.279,4.675,11.32,3.341,,,,,,,,,,,,,5.557
6826,4.279,4.675,11.32,3.341,,,,,,,,,,,,,7.34
6827,4.279,4.675,11.32,3.341,,,,,,,,,,,,,36.061
6832,4.279,4.676,11.32,3.342,,,,,,,,,,,,,0.107
6833,4.279,4.676,11.32,3.341,,,,,,,,,,,,,5.406
6834,4.279,4.675,11.32,3.341,,,,,,,,,,,,,10.521
6835,4.279,4.675,11.32,3.341,,,,,,,,,,,,,7.141
6836,4.279,4.675,11.32,3.341,,,,,,,,,,,,,7.057
6837,4.279,4.675,11.32,3.341,,,,,,,,,,,,,6.787
6838,4.279,4.675,11.32,3.341,,,,,,,,,,,,,7.262
6839,4.279,4.675,11.32,3.341,,,,,,,,,,,,,6.897
6840,4.279,4.675,11.32,3.341,,,,,,,,,,,,,7.721
6841,4.279,4.675,11.32,3.341,,,,,,,,,,,,,6.726
6842,4.279,4.675,11.32,3.341,,,,,,,,,,,,,7.593
6843,4.279,4.675,11.32,3.341,,,,,,,,,,,,,6.418
6844,4.279,4.675,11.32,3.341,,,,,,,,,,,,,7.406
6845,4.279,4.675,11.32,3.341,,,,,,,,,,,,,6.907
6846,4.279,4.675,11.32,3.341,,,,,,,,,,,,,7.256
6850,4.279,4.675,11.32,3.342,,,,,,,,,,,,,5.766
6851,4.279,4.675,11.32,3.341,,,,,,,,,,,,,10.645
6852,4.279,4.675,11.32,3.341,,,,,,,,,,,,,4.273
6853,4.279,4.675,11.32,3.341,,,,,,,,,,,,,6.201
6854,4.279,4.675,11.32,3.341,,,,,,,,,,,,,7.714
6855,4.279,4.675,11.32,3.341,,,,,,,,,,,,,6.567
6856,4.279,4.675,11.32,3.341,,,,,,,,,,,,,7.287
6857,4.279,4.675,11.32,3.341,,,,,,,,,,,,,7.514
6862,4.279,4.675,11.32,3.341,,,,,,,,,,,,,5.971
6863,4.279,4.675,11.32,3.341,,,,,,,,,,,,,7.045
6864,4.279,4.675,11.32,3.341,,,,,,,,,,,,,6.94
6865,4.279,4.675,11.32,3.341,,,,,,,,,,,,,6.696
6866,4.279,4.675,11.32,3.341,,,,,,,,,,,,,7.694
6867,4.279,4.675,11.32,3.341,,,,,,,,,,,,,7.56
6868,4.279,4.675,11.32,3.341,,,,,,,,,,,,,6.077
6869,4.279,4.675,11.32,3.341,,,,,,,,,,,,,6.892
6870,4.279,4.675,11.32,3.342,,,,,,,,,,,,,7.437
6871,4.279,4.675,11.32,3.342,,,,,,,,,,,,,6.947
6872,4.279,4.675,11.32,3.342,,,,,,,,,,,,,7.371
6873,4.279,4.675,11.32,3.342,,,,,,,,,,,,,7.207
6874,4.279,4.675,11.32,3.341,,,,,,,,,,,,,7.143
6875,4.279,4.675,11.32,3.341,,,,,,,,,,,,,7.4
6876,4.279,4.675,11.32,3.341,,,,,,,,,,,,,7.207
6877,4.279,4.675,11.32,3.341,,,,,,,,,,,,,7.26
6878,4.279,4.675,11.32,3.341,,,,,,,,,,,,,7.599
6879,4.279,4.675,11.32,3.341,,,,,,,,,,,,,6.178
6880,4.279,4.675,11.32,3.341,,,,,,,,,,,,,9.344
6881,4.279,4.675,11.32,3.342,,,,,,,,,,,,,4.873
6882,4.279,4.675,11.32,3.342,,,,,,,,,,,,,29.185
6883,4.279,4.675,11.32,3.342,,,,,,,,,,,,,4.827
6884,4.279,4.675,11.32,3.342,,,,,,,,,,,,,1.667
6885,4.279,4.675,11.32,3.342,,,,,,,,,,,,,1.146
6886,4.279,4.675,11.32,3.341,,,,,,,,,,,,,0.949
6887,4.279,4.675,11.32,3.341,,,,,,,,,,,,,3.486
6888,4.279,4.675,11.32,3.341,,,,,,,,,,,,,4.424
6889,4.279,4.675,11.32,3.341,,,,,,,,,,,,,6.831
6890,4.279,4.675,11.32,3.341,,,,,,,,,,,,,7.197
6891,4.279,4.675,11.32,3.341,,,,,,,,,,,,,7.872
6892,4.279,4.675,11.32,3.341,,,,,,,,,,,,,6.461
6893,4.279,4.675,11.32,3.342,,,,,,,,,,,,,7.24
6894,4.279,4.675,11.32,3.342,,,,,,,,,,,,,9.183
6895,4.279,4.675,11.32,3.342,,,,,,,,,,,,,9.457
6896,4.279,4.675,11.32,3.342,,,,,,,,,,,,,4.296
6897,4.279,4.675,11.32,3.341,,,,,,,,,,,,,5.696
6898,4.279,4.675,11.32,3.341,,,,,,,,,,,,,10.994
6899,4.279,4.675,11.32,3.341,,,,,,,,,,,,,4.551
6900,4.279,4.675,11.32,3.341,,,,,,,,,,,,,5.144
6901,4.279,4.675,11.32,3.342,,,,,,,,,,,,,6.935
6902,4.279,4.675,11.32,3.342,,,,,,,,,,,,,7.414
6903,4.279,4.675,11.32,3.342,,,,,,,,,,,,,8.005
6904,4.279,4.675,11.32,3.342,,,,,,,,,,,,,6.482
6905,4.279,4.675,11.32,3.341,,,,,,,,,,,,,7.676
6906,4.279,4.675,11.32,3.341,,,,,,,,,,,,,7.036
6907,4.279,4.675,11.32,3.341,,,,,,,,,,,,,10.272
6912,4.279,4.675,11.32,3.341,,,,,,,,,,,,,6.954
6913,4.279,4.675,11.32,3.342,,,,,,,,,,,,,6.989
6914,4.279,4.675,11.32,3.342,,,,,,,,,,,,,7.156
6915,4.279,4.675,11.32,3.342,,,,,,,,,,,,,7.696
6916,4.279,4.675,11.32,3.341,,,,,,,,,,,,,6.662
6917,4.279,4.675,11.32,3.341,,,,,,,,,,,,,7.094
6918,4.279,4.675,11.32,3.341,,,,,,,,,,,,,9.43
6919,4.279,4.675,11.32,3.341,,,,,,,,,,,,,4.387
6920,4.279,4.675,11.32,3.341,,,,,,,,,,,,,7.493
6921,4.279,4.675,11.32,3.341,,,,,,,,,,,,,8.403
6922,4.279,4.675,11.32,3.341,,,,,,,,,,,,,5.421
6923,4.279,4.675,11.32,3.341,,,,,,,,,,,,,7.164
6924,4.279,4.675,11.32,3.342,,,,,,,,,,,,,7.171
6925,4.279,4.675,11.32,3.342,,,,,,,,,,,,,36.463
6926,4.279,4.675,11.32,3.342,,,,,,,,,,,,,1.678
6927,4.279,4.675,11.32,3.342,,,,,,,,,,,,,0.9
6928,4.279,4.675,11.32,3.341,,,,,,,,,,,,,0.749
6929,4.279,4.675,11.32,3.341,,,,,,,,,,,,,0.91
6930,4.279,4.675,11.32,3.341,,,,,,,,,,,,,0.799
6931,4.279,4.675,11.32,3.341,,,,,,,,,,,,,3.828
6932,4.279,4.675,11.32,3.341,,,,,,,,,,,,,6.059
6933,4.279,4.675,11.32,3.341,,,,,,,,,,,,,7.248
6934,4.279,4.675,11.32,3.341,,,,,,,,,,,,,7.073
6935,4.279,4.675,11.32,3.341,,,,,,,,,,,,,9.278
6936,4.279,4.675,11.32,3.342,,,,,,,,,,,,,4.579
6937,4.279,4.675,11.32,3.342,,,,,,,,,,,,,8.244
6938,4.279,4.675,11.32,3.342,,,,,,,,,,,,,6.129
6939,4.279,4.675,11.32,3.342,,,,,,,,,,,,,7.32
6940,4.279,4.675,11.32,3.341,,,,,,,,,,,,,11.581
6941,4.279,4.675,11.32,3.341,,,,,,,,,,,,,5.386
6942,4.279,4.675,11.32,3.341,,,,,,,,,,,,,4.395
6943,4.279,4.675,11.32,3.341,,,,,,,,,,,,,7.704
6944,4.279,4.675,11.32,3.342,,,,,,,,,,,,,5.596
6945,4.279,4.675,11.32,3.342,,,,,,,,,,,,,9.022
6946,4.279,4.675,11.32,3.342,,,,,,,,,,,,,6.575
6947,4.279,4.675,11.32,3.342,,,,,,,,,,,,,5.925
6948,4.279,4.675,11.32,3.341,,,,,,,,,,,,,7.539
6949,4.279,4.675,11.32,3.341,,,,,,,,,,,,,7.075
6950,4.279,4.675,11.32,3.341,,,,,,,,,,,,,6.311
6951,4.279,4.675,11.32,3.341,,,,,,,,,,,,,7.166
6952,4.279,4.675,11.32,3.341,,,,,,,,,,,,,7.526
6953,4.279,4.675,11.32,3.341,,,,,,,,,,,,,7.896
6954,4.279,4.675,11.32,3.341,,,,,,,,,,,,,11.798
6955,4.279,4.675,11.32,3.342,,,,,,,,,,,,,7.068
6956,4.279,4.675,11.32,3.342,,,,,,,,,,,,,17.772
6957,4.279,4.675,11.32,3.342,,,,,,,,,,,,,1.903
6958,4.279,4.675,11.32,3.342,,,,,,,,,,,,,1.193
6959,4.279,4.675,11.32,3.341,,,,,,,,,,,,,1.48
6960,4.279,4.675,11.32,3.341,,,,,,,,,,,,,5.348
6961,4.279,4.675,11.32,3.341,,,,,,,,,,,,,6.7
6962,4.279,4.675,11.32,3.341,,,,,,,,,,,,,7.428
6963,4.279,4.675,11.32,3.341,,,,,,,,,,,,,7.445
6964,4.279,4.675,11.32,3.341,,,,,,,,,,,,,6.886
6965,4.279,4.675,11.32,3.341,,,,,,,,,,,,,7.219
6966,4.279,4.675,11.32,3.341,,,,,,,,,,,,,7.549
6967,4.279,4.675,11.32,3.342,,,,,,,,,,,,,6.463
6968,4.279,4.675,11.32,3.342,,,,,,,,,,,,,7.206
6969,4.279,4.675,11.32,3.342,,,,,,,,,,,,,7.165
6970,4.279,4.675,11.32,3.342,,,,,,,,,,,,,21.054
6971,4.279,4.675,11.32,3.341,,,,,,,,,,,,,4.18
6972,4.279,4.675,11.32,3.341,,,,,,,,,,,,,1.451
6973,4.279,4.675,11.32,3.341,,,,,,,,,,,,,2.944
6974,4.279,4.675,11.32,3.341,,,,,,,,,,,,,5.185
6975,4.279,4.675,11.32,3.342,,,,,,,,,,,,,6.112
6976,4.279,4.675,11.32,3.342,,,,,,,,,,,,,7.564
6977,4.279,4.675,11.32,3.342,,,,,,,,,,,,,7.026
6982,4.279,4.675,11.32,3.342,,,,,,,,,,,,,7.663
6983,4.279,4.675,11.32,3.342,,,,,,,,,,,,,8.367
6984,4.279,4.675,11.32,3.342,,,,,,,,,,,,,5.484
6985,4.279,4.675,11.32,3.342,,,,,,,,,,,,,8.28
6986,4.279,4.675,11.32,3.342,,,,,,,,,,,,,5.112
6987,4.279,4.675,11.32,3.342,,,,,,,,,,,,,7.356
6988,4.279,4.675,11.32,3.342,,,,,,,,,,,,,7.462
6989,4.279,4.675,11.32,3.342,,,,,,,,,,,,,7.414
6990,4.279,4.675,11.32,3.342,,,,,,,,,,,,,7.353
6991,4.279,4.675,11.32,3.342,,,,,,,,,,,,,7.44
6992,4.279,4.675,11.32,3.342,,,,,,,,,,,,,7.819
6997,4.279,4.675,11.32,3.342,,,,,,,,,,,,,7.678
6998,4.279,4.675,11.32,3.342,,,,,,,,,,,,,7.506
6999,4.279,4.675,11.32,3.342,,,,,,,,,,,,,6.668
7000,4.279,4.675,11.32,3.342,,,,,,,,,,,,,8.937
7001,4.279,4.675,11.32,3.341,,,,,,,,,,,,,4.669
7002,4.279,4.675,11.32,3.341,,,,,,,,,,,,,7.132
7003,4.279,4.675,11.32,3.341,,,,,,,,,,,,,9.204
7008,4.279,4.675,11.32,3.342,,,,,,,,,,,,,7.088
7009,4.279,4.675,11.32,3.341,,,,,,,,,,,,,9.591
7010,4.279,4.675,11.32,3.341,,,,,,,,,,,,,4.544
7011,4.279,4.675,11.32,3.341,,,,,,,,,,,,,7.368
7012,4.279,4.675,11.32,3.341,,,,,,,,,,,,,8.627
7013,4.279,4.675,11.32,3.342,,,,,,,,,,,,,5.708
7014,4.279,4.675,11.32,3.342,,,,,,,,,,,,,11.081
7015,4.279,4.675,11.32,3.342,,,,,,,,,,,,,4.249
7016,4.279,4.675,11.32,3.341,,,,,,,,,,,,,5.471
7017,4.279,4.675,11.32,3.341,,,,,,,,,,,,,7.183
7018,4.279,4.675,11.32,3.341,,,,,,,,,,,,,7.173
7019,4.279,4.675,11.32,3.341,,,,,,,,,,,,,7.111
7020,4.279,4.675,11.32,3.341,,,,,,,,,,,,,7.135
7021,4.279,4.675,11.32,3.341,,,,,,,,,,,,,7.278
7022,4.279,4.675,11.32,3.341,,,,,,,,,,,,,7.255
7023,4.279,4.675,11.32,3.341,,,,,,,,,,,,,7.444
7024,4.279,4.675,11.32,3.341,,,,,,,,,,,,,6.724
7025,4.279,4.675,11.32,3.341,,,,,,,,,,,,,37.448
7026,4.279,4.675,11.32,3.341,,,,,,,,,,,,,4.574
7027,4.279,4.675,11.32,3.341,,,,,,,,,,,,,1.293
7028,4.279,4.675,11.32,3.342,,,,,,,,,,,,,1.17
7029,4.279,4.675,11.32,3.342,,,,,,,,,,,,,0.858
7030,4.279,4.675,11.32,3.342,,,,,,,,,,,,,0.742
7031,4.279,4.675,11.32,3.342,,,,,,,,,,,,,0.875
7032,4.279,4.675,11.32,3.341,,,,,,,,,,,,,5.571
7033,4.279,4.675,11.32,3.341,,,,,,,,,,,,,6.294
7034,4.279,4.675,11.32,3.341,,,,,,,,,,,,,8.068
7035,4.279,4.675,11.32,3.341,,,,,,,,,,,,,6.679
7036,4.279,4.675,11.32,3.341,,,,,,,,,,,,,9.448
7037,4.279,4.675,11.32,3.341,,,,,,,,,,,,,4.582
7038,4.279,4.675,11.32,3.341,,,,,,,,,,,,,6.189
7039,4.279,4.675,11.32,3.341,,,,,,,,,,,,,8.937
7040,4.279,4.675,11.32,3.342,,,,,,,,,,,,,5.529
7041,4.279,4.675,11.32,3.342,,,,,,,,,,,,,6.969
7042,4.279,4.675,11.32,3.342,,,,,,,,,,,,,8.526
7043,4.279,4.675,11.32,3.342,,,,,,,,,,,,,5.79
7044,4.279,4.675,11.32,3.341,,,,,,,,,,,,,9.962
7045,4.279,4.675,11.32,3.341,,,,,,,,,,,,,5.394
7046,4.279,4.675,11.32,3.341,,,,,,,,,,,,,6.296
7047,4.279,4.675,11.32,3.341,,,,,,,,,,,,,7.374
7048,4.279,4.675,11.32,3.341,,,,,,,,,,,,,7.13
7049,4.279,4.675,11.32,3.341,,,,,,,,,,,,,11.061
7050,4.279,4.675,11.32,3.341,,,,,,,,,,,,,5.016
7051,4.279,4.675,11.32,3.342,,,,,,,,,,,,,8.219
7052,4.279,4.675,11.32,3.342,,,,,,,,,,,,,4.793
7053,4.279,4.675,11.32,3.342,,,,,,,,,,,,,7.506
7054,4.279,4.675,11.32,3.342,,,,,,,,,,,,,5.975
7055,4.279,4.675,11.32,3.341,,,,,,,,,,,,,7.133
7056,4.279,4.675,11.32,3.341,,,,,,,,,,,,,7.46
7057,4.279,4.675,11.32,3.341,,,,,,,,,,,,,7.884
7058,4.279,4.675,11.32,3.341,,,,,,,,,,,,,6.298
7059,4.279,4.675,11.32,3.342,,,,,,,,,,,,,26.472
7060,4.279,4.675,11.32,3.342,,,,,,,,,,,,,1.989
7061,4.279,4.675,11.32,3.342,,,,,,,,,,,,,13.747
7062,4.279,4.675,11.32,3.342,,,,,,,,,,,,,2.064
7063,4.279,4.675,11.32,3.341,,,,,,,,,,,,,12.027
7064,4.279,4.675,11.32,3.341,,,,,,,,,,,,,1.665
7065,4.279,4.675,11.32,3.341,,,,,,,,,,,,,1.005
7066,4.279,4.675,11.32,3.341,,,,,,,,,,,,,12.698
7067,4.279,4.675,11.32,3.341,,,,,,,,,,,,,2.239
7068,4.279,4.675,11.32,3.341,,,,,,,,,,,,,13.678
7069,4.279,4.675,11.32,3.341,,,,,,,,,,,,,1.855
7070,4.279,4.675,11.32,3.341,,,,,,,,,,,,,1.158
7071,4.279,4.675,11.32,3.341,,,,,,,,,,,,,12.252
7072,4.279,4.675,11.32,3.342,,,,,,,,,,,,,1.756
7073,4.279,4.675,11.32,3.342,,,,,,,,,,,,,12.994
7074,4.279,4.675,11.32,3.342,,,,,,,,,,,,,2.451
7075,4.279,4.675,11.32,3.342,,,,,,,,,,,,,2.41
7076,4.279,4.675,11.32,3.341,,,,,,,,,,,,,1.81
7077,4.279,4.675,11.32,3.341,,,,,,,,,,,,,1.424
7078,4.279,4.675,11.32,3.341,,,,,,,,,,,,,1.72
7079,4.279,4.675,11.32,3.341,,,,,,,,,,,,,6.166
7080,4.279,4.675,11.32,3.341,,,,,,,,,,,,,6.897
7081,4.279,4.675,11.32,3.341,,,,,,,,,,,,,7.11
7082,4.279,4.675,11.32,3.341,,,,,,,,,,,,,7.176
7083,4.279,4.675,11.32,3.341,,,,,,,,,,,,,9.487
7084,4.279,4.675,11.32,3.342,,,,,,,,,,,,,11.485
7085,4.279,4.675,11.32,3.342,,,,,,,,,,,,,4.337
7086,4.279,4.675,11.32,3.342,,,,,,,,,,,,,7.147
7087,4.279,4.675,11.32,3.342,,,,,,,,,,,,,13.452
7088,4.279,4.675,11.32,3.341,,,,,,,,,,,,,11.226
7089,4.279,4.675,11.32,3.341,,,,,,,,,,,,,1.482
7090,4.279,4.675,11.32,3.341,,,,,,,,,,,,,7.137
7091,4.279,4.675,11.32,3.341,,,,,,,,,,,,,9.214
7092,4.279,4.675,11.32,3.341,,,,,,,,,,,,,1.744
7093,4.279,4.675,11.32,3.341,,,,,,,,,,,,,7.484
7094,4.279,4.675,11.32,3.341,,,,,,,,,,,,,5.4
7095,4.279,4.675,11.32,3.341,,,,,,,,,,,,,1.453
7096,4.279,4.675,11.32,3.342,,,,,,,,,,,,,4.665
7097,4.279,4.675,11.32,3.342,,,,,,,,,,,,,10.461
7098,4.279,4.675,11.32,3.342,,,,,,,,,,,,,4.59
7099,4.279,4.675,11.32,3.342,,,,,,,,,,,,,6.606
7100,4.279,4.675,11.32,3.341,,,,,,,,,,,,,6.475
7101,4.279,4.675,11.32,3.341,,,,,,,,,,,,,7.25
7102,4.279,4.675,11.32,3.341,,,,,,,,,,,,,7.328
7103,4.279,4.675,11.32,3.341,,,,,,,,,,,,,7.699
7104,4.279,4.675,11.32,3.341,,,,,,,,,,,,,6.318
7105,4.279,4.675,11.32,3.341,,,,,,,,,,,,,31.652
7106,4.279,4.675,11.32,3.341,,,,,,,,,,,,,9.616
7107,4.279,4.675,11.32,3.341,,,,,,,,,,,,,1.845
7108,4.279,4.675,11.32,3.342,,,,,,,,,,,,,1.153
7109,4.279,4.675,11.32,3.342,,,,,,,,,,,,,0.894
7110,4.279,4.675,11.32,3.342,,,,,,,,,,,,,0.741
7111,4.279,4.675,11.32,3.342,,,,,,,,,,,,,0.756
7112,4.279,4.675,11.32,3.341,,,,,,,,,,,,,5.554
7113,4.279,4.675,11.32,3.341,,,,,,,,,,,,,6.593
7114,4.279,4.675,11.32,3.341,,,,,,,,,,,,,7.018
7115,4.279,4.675,11.32,3.341,,,,,,,,,,,,,7.49
7116,4.279,4.675,11.32,3.341,,,,,,,,,,,,,6.604
7117,4.279,4.675,11.32,3.341,,,,,,,,,,,,,8.558
7118,4.279,4.675,11.32,3.341,,,,,,,,,,,,,6.122
7119,4.279,4.675,11.32,3.341,,,,,,,,,,,,,6.315
7120,4.279,4.675,11.32,3.342,,,,,,,,,,,,,7.513
7121,4.279,4.675,11.32,3.342,,,,,,,,,,,,,23.806
7122,4.279,4.675,11.32,3.342,,,,,,,,,,,,,23.3
7123,4.279,4.675,11.32,3.341,,,,,,,,,,,,,1.572
7124,4.279,4.675,11.32,3.341,,,,,,,,,,,,,4.315
7125,4.279,4.675,11.32,3.341,,,,,,,,,,,,,1.733
7126,4.279,4.675,11.32,3.341,,,,,,,,,,,,,1.573
7127,4.279,4.675,11.32,3.341,,,,,,,,,,,,,1.064
7128,4.279,4.675,11.32,3.341,,,,,,,,,,,,,0.859
7129,4.279,4.675,11.32,3.341,,,,,,,,,,,,,4.669
7130,4.279,4.675,11.32,3.341,,,,,,,,,,,,,7.236
7131,4.279,4.675,11.32,3.341,,,,,,,,,,,,,7.102
7132,4.279,4.675,11.32,3.341,,,,,,,,,,,,,7.254
7133,4.279,4.675,11.32,3.341,,,,,,,,,,,,,6.955
7134,4.279,4.675,11.32,3.341,,,,,,,,,,,,,7.092
7135,4.279,4.675,11.32,3.341,,,,,,,,,,,,,7.446
7136,4.279,4.675,11.32,3.341,,,,,,,,,,,,,12.529
7137,4.279,4.675,11.32,3.341,,,,,,,,,,,,,7.204
7142,4.279,4.675,11.32,3.341,,,,,,,,,,,,,8.394
7143,4.279,4.675,11.32,3.341,,,,,,,,,,,,,5.081
7144,4.279,4.675,11.32,3.341,,,,,,,,,,,,,7.482
7145,4.279,4.675,11.32,3.341,,,,,,,,,,,,,6.864
7146,4.279,4.675,11.32,3.342,,,,,,,,,,,,,7.195
7147,4.279,4.675,11.32,3.342,,,,,,,,,,,,,7.158
7148,4.279,4.675,11.32,3.342,,,,,,,,,,,,,8.702
7149,4.279,4.675,11.32,3.342,,,,,,,,,,,,,5.613
7150,4.279,4.675,11.32,3.342,,,,,,,,,,,,,7.107
7151,4.279,4.675,11.32,3.342,,,,,,,,,,,,,8.736
7152,4.279,4.675,11.32,3.342,,,,,,,,,,,,,6.181
7153,4.279,4.675,11.32,3.342,,,,,,,,,,,,,7.701
7154,4.279,4.675,11.32,3.341,,,,,,,,,,,,,6.32
7155,4.279,4.675,11.32,3.341,,,,,,,,,,,,,7.244
7156,4.279,4.675,11.32,3.341,,,,,,,,,,,,,7.169
7157,4.279,4.675,11.32,3.342,,,,,,,,,,,,,7.426
7158,4.279,4.675,11.32,3.342,,,,,,,,,,,,,6.718
7159,4.279,4.675,11.32,3.342,,,,,,,,,,,,,7.172
7160,4.279,4.675,11.32,3.342,,,,,,,,,,,,,7.515
7161,4.279,4.675,11.32,3.341,,,,,,,,,,,,,6.613
7162,4.279,4.675,11.32,3.341,,,,,,,,,,,,,7.062
7163,4.279,4.675,11.32,3.341,,,,,,,,,,,,,7.186
7164,4.279,4.675,11.32,3.341,,,,,,,,,,,,,7.163
7165,4.279,4.675,11.32,3.341,,,,,,,,,,,,,8.706
7166,4.279,4.675,11.32,3.341,,,,,,,,,,,,,7.226
7167,4.279,4.675,11.32,3.341,,,,,,,,,,,,,5.53
7168,4.279,4.675,11.32,3.341,,,,,,,,,,,,,7.394
7169,4.279,4.675,11.32,3.342,,,,,,,,,,,,,6.623
7170,4.279,4.675,11.32,3.342,,,,,,,,,,,,,7.384
7171,4.279,4.675,11.32,3.342,,,,,,,,,,,,,7.875
7172,4.279,4.675,11.32,3.342,,,,,,,,,,,,,6.335
7173,4.279,4.675,11.32,3.341,,,,,,,,,,,,,7.081
7174,4.279,4.675,11.32,3.341,,,,,,,,,,,,,7.303
7175,4.279,4.675,11.32,3.341,,,,,,,,,,,,,6.865
7176,4.279,4.675,11.32,3.342,,,,,,,,,,,,,7.57
7177,4.279,4.675,11.32,3.342,,,,,,,,,,,,,6.675
7178,4.279,4.675,11.32,3.342,,,,,,,,,,,,,6.765
7179,4.279,4.675,11.32,3.342,,,,,,,,,,,,,7.582
7180,4.279,4.675,11.32,3.342,,,,,,,,,,,,,8.298
7181,4.279,4.675,11.32,3.342,,,,,,,,,,,,,7.915
7182,4.279,4.675,11.32,3.342,,,,,,,,,,,,,31.659
7183,4.279,4.675,11.32,3.342,,,,,,,,,,,,,1.561
7184,4.279,4.675,11.32,3.342,,,,,,,,,,,,,1.169
7185,4.279,4.675,11.32,3.341,,,,,,,,,,,,,1.044
7186,4.279,4.675,11.32,3.341,,,,,,,,,,,,,0.869
7187,4.279,4.675,11.32,3.341,,,,,,,,,,,,,0.861
7188,4.279,4.675,11.32,3.341,,,,,,,,,,,,,4.845
7189,4.279,4.675,11.32,3.342,,,,,,,,,,,,,12.518
7190,4.279,4.675,11.32,3.342,,,,,,,,,,,,,4.357
7191,4.279,4.675,11.32,3.342,,,,,,,,,,,,,4.938
7196,4.279,4.675,11.32,3.341,,,,,,,,,,,,,7.613
7197,4.279,4.675,11.32,3.341,,,,,,,,,,,,,6.311
7198,4.279,4.675,11.32,3.341,,,,,,,,,,,,,8.317
7199,4.279,4.675,11.32,3.341,,,,,,,,,,,,,6.54
7200,4.279,4.675,11.32,3.342,,,,,,,,,,,,,6.97
7201,4.279,4.675,11.32,3.342,,,,,,,,,,,,,7.112
7202,4.279,4.675,11.32,3.342,,,,,,,,,,,,,7.161
7203,4.279,4.675,11.32,3.342,,,,,,,,,,,,,7.274
7204,4.279,4.675,11.32,3.341,,,,,,,,,,,,,6.883
7205,4.279,4.675,11.32,3.341,,,,,,,,,,,,,7.181
7206,4.279,4.675,11.32,3.341,,,,,,,,,,,,,7.163
7207,4.279,4.675,11.32,3.341,,,,,,,,,,,,,7.406
7208,4.279,4.675,11.32,3.342,,,,,,,,,,,,,7.005
7209,4.279,4.675,11.32,3.342,,,,,,,,,,,,,7.776
7210,4.279,4.675,11.32,3.342,,,,,,,,,,,,,8.69
7211,4.279,4.675,11.32,3.342,,,,,,,,,,,,,6.06
7212,4.279,4.675,11.32,3.342,,,,,,,,,,,,,6.406
7213,4.279,4.675,11.32,3.342,,,,,,,,,,,,,8.38
7214,4.279,4.675,11.32,3.342,,,,,,,,,,,,,5.559
7215,4.279,4.675,11.32,3.342,,,,,,,,,,,,,7.035
7216,4.279,4.675,11.32,3.342,,,,,,,,,,,,,7.102
7217,4.279,4.675,11.32,3.342,,,,,,,,,,,,,6.848
7218,4.279,4.675,11.32,3.342,,,,,,,,,,,,,7.235
7219,4.279,4.675,11.32,3.341,,,,,,,,,,,,,7.205
7220,4.279,4.675,11.32,3.341,,,,,,,,,,,,,9.461
7221,4.279,4.675,11.32,3.341,,,,,,,,,,,,,7.347
7222,4.279,4.675,11.32,3.341,,,,,,,,,,,,,5.154
7223,4.279,4.675,11.32,3.342,,,,,,,,,,,,,6.749
7224,4.279,4.675,11.32,3.342,,,,,,,,,,,,,7.379
7225,4.279,4.675,11.32,3.342,,,,,,,,,,,,,10.833
7226,4.279,4.675,11.32,3.342,,,,,,,,,,,,,4.793
7227,4.279,4.675,11.32,3.341,,,,,,,,,,,,,5.834
7228,4.279,4.675,11.32,3.341,,,,,,,,,,,,,6.181
7229,4.279,4.675,11.32,3.341,,,,,,,,,,,,,7.588
7230,4.279,4.675,11.32,3.341,,,,,,,,,,,,,7.069
7231,4.279,4.675,11.32,3.341,,,,,,,,,,,,,7.313
7232,4.279,4.675,11.32,3.341,,,,,,,,,,,,,6.855
7233,4.279,4.675,11.32,3.341,,,,,,,,,,,,,7.202
7234,4.279,4.675,11.32,3.342,,,,,,,,,,,,,7.791
7235,4.279,4.675,11.32,3.342,,,,,,,,,,,,,6.26
7236,4.279,4.675,11.32,3.342,,,,,,,,,,,,,7.295
7237,4.279,4.675,11.32,3.342,,,,,,,,,,,,,7.255
7238,4.279,4.675,11.32,3.341,,,,,,,,,,,,,6.953
7239,4.279,4.675,11.32,3.341,,,,,,,,,,,,,7.12
7240,4.279,4.675,11.32,3.341,,,,,,,,,,,,,7.289
7241,4.279,4.675,11.32,3.341,,,,,,,,,,,,,7.915
7242,4.279,4.675,11.32,3.341,,,,,,,,,,,,,6.739
7243,4.279,4.675,11.32,3.341,,,,,,,,,,,,,6.994
7244,4.279,4.675,11.32,3.341,,,,,,,,,,,,,7.008
7245,4.279,4.675,11.32,3.341,,,,,,,,,,,,,7.208
7246,4.279,4.675,11.32,3.342,,,,,,,,,,,,,6.656
7247,4.279,4.675,11.32,3.342,,,,,,,,,,,,,7.079
7248,4.279,4.675,11.32,3.342,,,,,,,,,,,,,8.283
7249,4.279,4.675,11.32,3.341,,,,,,,,,,,,,7.707
7250,4.279,4.675,11.32,3.341,,,,,,,,,,,,,5.342
7251,4.279,4.675,11.32,3.341,,,,,,,,,,,,,9.35
7252,4.279,4.675,11.32,3.341,,,,,,,,,,,,,5.052
7253,4.279,4.675,11.32,3.342,,,,,,,,,,,,,8.525
7254,4.279,4.675,11.32,3.342,,,,,,,,,,,,,5.636
7255,4.279,4.675,11.32,3.342,,,,,,,,,,,,,10.046
7256,4.279,4.675,11.32,3.342,,,,,,,,,,,,,5.295
7257,4.279,4.675,11.32,3.341,,,,,,,,,,,,,5.885
7258,4.279,4.675,11.32,3.341,,,,,,,,,,,,,7.985
7259,4.279,4.675,11.32,3.341,,,,,,,,,,,,,7.023
7260,4.279,4.675,11.32,3.341,,,,,,,,,,,,,6.376
7261,4.279,4.675,11.32,3.341,,,,,,,,,,,,,8.115
7262,4.279,4.675,11.32,3.341,,,,,,,,,,,,,5.879
7263,4.279,4.675,11.32,3.341,,,,,,,,,,,,,7.248
7264,4.279,4.675,11.32,3.341,,,,,,,,,,,,,7.184
7265,4.279,4.675,11.32,3.342,,,,,,,,,,,,,9.661
7266,4.279,4.675,11.32,3.342,,,,,,,,,,,,,4.668
7267,4.279,4.675,11.32,3.342,,,,,,,,,,,,,7.166
7268,4.279,4.675,11.32,3.342,,,,,,,,,,,,,7.175
7269,4.279,4.675,11.32,3.342,,,,,,,,,,,,,7.184
7270,4.279,4.675,11.32,3.342,,,,,,,,,,,,,9.514
7275,4.279,4.675,11.32,3.342,,,,,,,,,,,,,35.513
7276,4.279,4.675,11.32,3.341,,,,,,,,,,,,,1.664
7277,4.279,4.675,11.32,3.341,,,,,,,,,,,,,1.028
7278,4.279,4.675,11.32,3.341,,,,,,,,,,,,,0.881
7279,4.279,4.675,11.32,3.341,,,,,,,,,,,,,0.762
7280,4.279,4.675,11.32,3.341,,,,,,,,,,,,,0.797
7281,4.279,4.675,11.32,3.341,,,,,,,,,,,,,4.305
7282,4.279,4.675,11.32,3.341,,,,,,,,,,,,,6.721
7283,4.279,4.675,11.32,3.341,,,,,,,,,,,,,7.367
7284,4.279,4.675,11.32,3.342,,,,,,,,,,,,,7.28
7285,4.279,4.675,11.32,3.342,,,,,,,,,,,,,9.698
7286,4.279,4.675,11.32,3.342,,,,,,,,,,,,,4.26
7287,4.279,4.675,11.32,3.342,,,,,,,,,,,,,6.731
7288,4.279,4.675,11.32,3.342,,,,,,,,,,,,,7.079
7289,4.279,4.675,11.32,3.342,,,,,,,,,,,,,7.005
7290,4.279,4.675,11.32,3.342,,,,,,,,,,,,,7.392
7291,4.279,4.675,11.32,3.342,,,,,,,,,,,,,7.177
7292,4.279,4.675,11.32,3.341,,,,,,,,,,,,,7.307
7293,4.279,4.675,11.32,3.341,,,,,,,,,,,,,7.507
7294,4.279,4.675,11.32,3.341,,,,,,,,,,,,,7.866
7295,4.279,4.675,11.32,3.341,,,,,,,,,,,,,6.475
7296,4.279,4.675,11.32,3.341,,,,,,,,,,,,,6.214
7297,4.279,4.675,11.32,3.341,,,,,,,,,,,,,7.425
7298,4.279,4.675,11.32,3.341,,,,,,,,,,,,,8.696
7299,4.279,4.675,11.32,3.341,,,,,,,,,,,,,9.234
7300,4.279,4.675,11.32,3.341,,,,,,,,,,,,,4.723
7301,4.279,4.675,11.32,3.341,,,,,,,,,,,,,8.343
7302,4.279,4.675,11.32,3.341,,,,,,,,,,,,,4.315
7303,4.279,4.675,11.32,3.342,,,,,,,,,,,,,7.165
7304,4.279,4.675,11.32,3.342,,,,,,,,,,,,,7.196
7305,4.279,4.675,11.32,3.342,,,,,,,,,,,,,7.437
7306,4.279,4.675,11.32,3.342,,,,,,,,,,,,,6.803
7307,4.279,4.675,11.32,3.342,,,,,,,,,,,,,8.298
7308,4.279,4.675,11.32,3.342,,,,,,,,,,,,,6.127
7309,4.279,4.675,11.32,3.342,,,,,,,,,,,,,7.299
7310,4.279,4.675,11.32,3.342,,,,,,,,,,,,,6.726
7311,4.279,4.675,11.32,3.342,,,,,,,,,,,,,8.106
7312,4.279,4.675,11.32,3.342,,,,,,,,,,,,,7.278
7313,4.279,4.675,11.32,3.342,,,,,,,,,,,,,10.78
7314,4.279,4.675,11.32,3.342,,,,,,,,,,,,,4.401
7315,4.279,4.675,11.32,3.342,,,,,,,,,,,,,5.748
7316,4.279,4.675,11.32,3.342,,,,,,,,,,,,,7.708
7317,4.279,4.675,11.32,3.342,,,,,,,,,,,,,8.003
7318,4.279,4.675,11.32,3.342,,,,,,,,,,,,,6.181
7319,4.279,4.675,11.32,3.342,,,,,,,,,,,,,6.675
7320,4.279,4.675,11.32,3.342,,,,,,,,,,,,,7.135
7321,4.279,4.675,11.32,3.342,,,,,,,,,,,,,7.162
7322,4.279,4.675,11.32,3.342,,,,,,,,,,,,,7.67
7323,4.279,4.675,11.32,3.342,,,,,,,,,,,,,7.156
7324,4.279,4.675,11.32,3.342,,,,,,,,,,,,,6.954
7325,4.279,4.675,11.32,3.342,,,,,,,,,,,,,7.67
7326,4.279,4.675,11.32,3.342,,,,,,,,,,,,,6.986
7327,4.279,4.675,11.32,3.342,,,,,,,,,,,,,7.059
7328,4.279,4.675,11.32,3.342,,,,,,,,,,,,,9.86
7329,4.279,4.675,11.32,3.342,,,,,,,,,,,,,4.485
7330,4.279,4.675,11.32,3.342,,,,,,,,,,,,,7.185
7331,4.279,4.675,11.32,3.342,,,,,,,,,,,,,6.832
7332,4.279,4.675,11.32,3.342,,,,,,,,,,,,,7.507
7333,4.279,4.675,11.32,3.342,,,,,,,,,,,,,7.08
7334,4.279,4.675,11.32,3.342,,,,,,,,,,,,,7.25
7335,4.279,4.675,11.32,3.342,,,,,,,,,,,,,7.283
7336,4.279,4.675,11.32,3.342,,,,,,,,,,,,,6.98
7337,4.279,4.675,11.32,3.342,,,,,,,,,,,,,8.251
7338,4.279,4.675,11.32,3.342,,,,,,,,,,,,,6.074
7339,4.279,4.675,11.32,3.342,,,,,,,,,,,,,7.511
7340,4.279,4.675,11.32,3.342,,,,,,,,,,,,,7.047
7341,4.279,4.675,11.32,3.342,,,,,,,,,,,,,7.319
7342,4.279,4.675,11.32,3.342,,,,,,,,,,,,,7.123
7343,4.279,4.675,11.32,3.342,,,,,,,,,,,,,10.289
7348,4.279,4.675,11.32,3.342,,,,,,,,,,,,,7.169
7349,4.279,4.675,11.32,3.342,,,,,,,,,,,,,7.489
7350,4.279,4.675,11.32,3.342,,,,,,,,,,,,,6.934
7351,4.279,4.675,11.32,3.342,,,,,,,,,,,,,7.084
7352,4.279,4.675,11.32,3.342,,,,,,,,,,,,,7.402
7353,4.279,4.675,11.32,3.342,,,,,,,,,,,,,7.459
7354,4.279,4.675,11.32,3.342,,,,,,,,,,,,,7.435
7355,4.279,4.675,11.32,3.342,,,,,,,,,,,,,7.036
7356,4.279,4.675,11.32,3.342,,,,,,,,,,,,,7.448
7357,4.279,4.675,11.32,3.342,,,,,,,,,,,,,9.044
7358,4.279,4.675,11.32,3.342,,,,,,,,,,,,,4.732
7359,4.279,4.675,11.32,3.342,,,,,,,,,,,,,30.374
7360,4.279,4.675,11.32,3.342,,,,,,,,,,,,,1.898
7361,4.279,4.675,11.32,3.342,,,,,,,,,,,,,1.068
7362,4.279,4.675,11.32,3.342,,,,,,,,,,,,,0.798
7363,4.279,4.676,11.32,3.342,,,,,,,,,,,,,0.777
7371,4.279,4.676,11.32,3.342,,,,,,,,,,,,,7.955
7372,4.279,4.676,11.32,3.342,,,,,,,,,,,,,7.35
7373,4.279,4.676,11.32,3.342,,,,,,,,,,,,,8.263
7374,4.279,4.677,11.32,3.342,,,,,,,,,,,,,4.895
7375,4.279,4.677,11.32,3.342,,,,,,,,,,,,,7.123
7376,4.279,4.677,11.32,3.342,,,,,,,,,,,,,7.344
7377,4.279,4.677,11.32,3.342,,,,,,,,,,,,,7.507
7378,4.279,4.677,11.32,3.342,,,,,,,,,,,,,6.537
7379,4.279,4.677,11.32,3.342,,,,,,,,,,,,,6.788
7380,4.279,4.677,11.32,3.342,,,,,,,,,,,,,7.479
7381,4.279,4.677,11.32,3.342,,,,,,,,,,,,,8.414
7382,4.279,4.678,11.32,3.342,,,,,,,,,,,,,5.606
7383,4.279,4.678,11.32,3.343,,,,,,,,,,,,,7.176
7384,4.279,4.678,11.32,3.343,,,,,,,,,,,,,7.831
7385,4.279,4.679,11.32,3.343,,,,,,,,,,,,,6.492
7386,4.279,4.679,11.32,3.343,,,,,,,,,,,,,22.062
7387,4.279,4.679,11.32,3.343,,,,,,,,,,,,,4.339
7388,4.279,4.679,11.32,3.343,,,,,,,,,,,,,1.982
7389,4.279,4.679,11.32,3.343,,,,,,,,,,,,,1.492
7394,4.279,4.682,11.32,3.343,,,,,,,,,,,,,10.305
7395,4.279,4.682,11.32,3.343,,,,,,,,,,,,,5.631
7396,4.279,4.682,11.32,3.343,,,,,,,,,,,,,6.081
7397,4.279,4.686,11.32,3.343,,,,,,,,,,,,,10.519
7402,4.278,4.686,11.32,3.344,,,,,,,,,,,,,4.61
7403,4.278,4.686,11.32,3.341,,,,,,,,,,,,,1.858
7404,4.278,4.686,11.32,3.341,,,,,,,,,,,,,5.729
7405,4.278,4.651,11.32,3.341,,,,,,,,,,,,,5.054
7406,4.278,4.651,11.32,3.329,,,,,,,,,,,,,7.111
7407,4.278,4.651,11.32,3.329,,,,,,,,,,,,,8.05
7408,4.277,4.651,11.32,3.329,,,,,,,,,,,,,7.464
7409,4.277,4.612,11.32,3.329,,,,,,,,,,,,,6.303
7410,4.277,4.612,11.32,3.303,,,,,,,,,,,,,6.858
7411,4.277,4.612,11.32,3.303,,,,,,,,,,,,,7.821
7412,4.278,4.59,11.32,3.303,,,,,,,,,,,,,6.845
7413,4.278,4.59,11.32,3.303,,,,,,,,,,,,,7.29
7414,4.278,4.59,11.32,3.277,,,,,,,,,,,,,7.436
7415,4.278,4.59,11.32,3.277,,,,,,,,,,,,,9.093
7416,4.278,4.599,11.32,3.277,,,,,,,,,,,,,4.734
7417,4.278,4.599,11.32,3.277,,,,,,,,,,,,,7.389
7418,4.278,4.599,11.32,3.281,,,,,,,,,,,,,8.452
7419,4.278,4.599,11.32,3.281,,,,,,,,,,,,,5.774
7420,4.278,4.607,11.32,3.281,,,,,,,,,,,,,11.503
7421,4.278,4.607,11.32,3.281,,,,,,,,,,,,,4.332
7422,4.278,4.607,11.32,3.289,,,,,,,,,,,,,5.385
7423,4.278,4.607,11.32,3.289,,,,,,,,,,,,,7.731
7424,4.278,4.615,11.32,3.289,,,,,,,,,,,,,6.909
7428,4.277,4.601,11.32,3.286,,,,,,,,,,,,,7.57
7429,4.277,4.601,11.32,3.274,,,,,,,,,,,,,9.937
7430,4.277,4.601,11.32,3.274,,,,,,,,,,,,,4.263
7431,4.279,4.542,11.32,3.274,,,,,,,,,,,,,6.732
7432,4.279,4.542,11.32,3.274,,,,,,,,,,,,,6.658
7433,4.279,4.542,11.32,3.259,,,,,,,,,,,,,7.34
7434,4.281,4.542,11.32,3.259,,,,,,,,,,,,,7.509
7435,4.281,4.474,11.32,3.259,,,,,,,,,,,,,6.232
7436,4.281,4.474,11.32,3.259,,,,,,,,,,,,,10.837
7437,4.281,4.474,11.32,3.242,,,,,,,,,,,,,4.529
7438,4.28,4.474,11.32,3.242,,,,,,,,,,,,,6.3
7439,4.28,4.422,11.32,3.242,,,,,,,,,,,,,8.223
7440,4.28,4.422,11.32,3.242,,,,,,,,,,,,,5.347
7441,4.28,4.422,11.32,3.235,,,,,,,,,,,,,9.514
7442,4.279,4.422,11.32,3.235,,,,,,,,,,,,,4.735
7443,4.279,4.392,11.32,3.235,,,,,,,,,,,,,7.286
7444,4.279,4.392,11.32,3.232,,,,,,,,,,,,,10.471
7445,4.279,4.392,11.32,3.232,,,,,,,,,,,,,5.796
7446,4.28,4.392,11.32,3.232,,,,,,,,,,,,,4.689
7451,4.28,4.214,11.32,3.205,,,,,,,,,,,,,0.124
7452,4.28,4.214,11.32,3.186,,,,,,,,,,,,,1.271
7453,4.28,4.214,11.32,3.186,,,,,,,,,,,,,0.873
7454,4.279,4.214,11.32,3.186,,,,,,,,,,,,,2.613
7455,4.279,4.182,11.32,3.186,,,,,,,,,,,,,7.962
7456,4.279,4.182,11.32,3.184,,,,,,,,,,,,,19.901
7457,4.279,4.182,11.32,3.184,,,,,,,,,,,,,4.861
7458,4.282,4.182,11.32,3.184,,,,,,,,,,,,,1.658
7459,4.282,4.363,11.32,3.184,,,,,,,,,,,,,1.065
7460,4.282,4.363,11.32,3.184,,,,,,,,,,,,,1.925
7461,4.282,4.363,11.32,3.252,,,,,,,,,,,,,7.181
7462,4.279,4.363,11.32,3.252,,,,,,,,,,,,,7.689
7463,4.279,4.57,11.32,3.252,,,,,,,,,,,,,6.617
7464,4.279,4.57,11.32,3.298,,,,,,,,,,,,,7.267
7465,4.279,4.57,11.32,3.298,,,,,,,,,,,,,6.908
7466,4.279,4.57,11.32,3.298,,,,,,,,,,,,,7.179
7475,4.282,4.658,11.32,3.377,,,,,,,,,,,,,9.386
7476,4.282,4.658,11.32,3.366,,,,,,,,,,,,,4.574
7477,4.282,4.658,11.32,3.366,,,,,,,,,,,,,7.191
7478,4.282,4.648,11.32,3.366,,,,,,,,,,,,,8.759
7479,4.282,4.648,11.32,3.344,,,,,,,,,,,,,5.655
7480,4.282,4.648,11.32,3.344,,,,,,,,,,,,,7.161
7481,4.282,4.648,11.32,3.344,,,,,,,,,,,,,9.71
7482,4.282,4.641,11.32,3.344,,,,,,,,,,,,,4.651
7483,4.282,4.641,11.32,3.337,,,,,,,,,,,,,7.328
7484,4.282,4.641,11.32,3.337,,,,,,,,,,,,,8.005
7485,4.281,4.637,11.32,3.337,,,,,,,,,,,,,6.095
7486,4.281,4.637,11.32,3.337,,,,,,,,,,,,,7.26
7487,4.281,4.637,11.32,3.339,,,,,,,,,,,,,7.181
7488,4.281,4.637,11.32,3.339,,,,,,,,,,,,,7.11
7489,4.281,4.637,11.32,3.339,,,,,,,,,,,,,7.155
7490,4.281,4.637,11.32,3.339,,,,,,,,,,,,,7.113
7491,4.281,4.637,11.32,3.344,,,,,,,,,,,,,8.541
7492,4.28,4.637,11.32,3.344,,,,,,,,,,,,,6.403
7493,4.28,4.638,11.32,3.344,,,,,,,,,,,,,6.784
7494,4.28,4.638,11.32,3.34,,,,,,,,,,,,,6.743
7495,4.28,4.638,11.32,3.34,,,,,,,,,,,,,7.236
7496,4.28,4.638,11.32,3.34,,,,,,,,,,,,,7.159
7497,4.28,4.638,11.32,3.34,,,,,,,,,,,,,9.261
7498,4.28,4.638,11.32,3.339,,,,,,,,,,,,,5.202
7499,4.28,4.638,11.32,3.339,,,,,,,,,,,,,9.515
7500,4.28,4.64,11.32,3.339,,,,,,,,,,,,,5.196
7501,4.28,4.64,11.32,3.339,,,,,,,,,,,,,7.133
7502,4.28,4.64,11.32,3.343,,,,,,,,,,,,,7.481
7503,4.281,4.64,11.32,3.343,,,,,,,,,,,,,7.659
7504,4.281,4.644,11.32,3.343,,,,,,,,,,,,,9.359
7505,4.281,4.644,11.32,3.343,,,,,,,,,,,,,5.502
7506,4.281,4.644,11.32,3.345,,,,,,,,,,,,,7.408
7507,4.281,4.644,11.32,3.345,,,,,,,,,,,,,5.532
7508,4.281,4.65,11.32,3.345,,,,,,,,,,,,,16.571
7509,4.281,4.65,11.32,3.345,,,,,,,,,,,,,5.243
7510,4.281,4.65,11.32,3.346,,,,,,,,,,,,,3.096
7511,4.281,4.65,11.32,3.346,,,,,,,,,,,,,2.806
7512,4.281,4.667,11.32,3.346,,,,,,,,,,,,,6.281
7513,4.281,4.667,11.32,3.346,,,,,,,,,,,,,6.757
7514,4.281,4.667,11.32,3.335,,,,,,,,,,,,,21.092
7515,4.278,4.667,11.32,3.335,,,,,,,,,,,,,4.776
7516,4.278,4.667,11.32,3.335,,,,,,,,,,,,,1.347
7517,4.278,4.667,11.32,3.335,,,,,,,,,,,,,4.337
7518,4.278,4.667,11.32,3.315,,,,,,,,,,,,,4.697
7519,4.277,4.667,11.32,3.315,,,,,,,,,,,,,5.167
7520,4.277,4.636,11.32,3.315,,,,,,,,,,,,,18.527
7528,4.271,4.618,11.32,3.272,,,,,,,,,,,,,34.246
7529,4.271,4.618,11.32,3.271,,,,,,,,,,,,,4.581
7530,4.271,4.618,11.32,3.271,,,,,,,,,,,,,1.586
7531,4.272,4.618,11.32,3.271,,,,,,,,,,,,,1.094
7532,4.272,4.613,11.32,3.271,,,,,,,,,,,,,1.129
7533,4.272,4.613,11.32,3.271,,,,,,,,,,,,,0.909
7534,4.272,4.613,11.32,3.26,,,,,,,,,,,,,0.856
7535,4.269,4.613,11.32,3.26,,,,,,,,,,,,,8.58
7536,4.269,4.6,11.32,3.26,,,,,,,,,,,,,5.263
7537,4.269,4.6,11.32,3.231,,,,,,,,,,,,,6.698
7538,4.269,4.6,11.32,3.231,,,,,,,,,,,,,7.62
7539,4.27,4.6,11.32,3.231,,,,,,,,,,,,,10.078
7540,4.27,4.594,11.32,3.231,,,,,,,,,,,,,4.336
7541,4.27,4.594,11.32,3.222,,,,,,,,,,,,,6.232
7542,4.27,4.594,11.32,3.222,,,,,,,,,,,,,7.904
7543,4.271,4.594,11.32,3.222,,,,,,,,,,,,,7.666
7544,4.271,4.605,11.32,3.222,,,,,,,,,,,,,8.151
7545,4.271,4.605,11.32,3.217,,,,,,,,,,,,,5.159
7546,4.271,4.605,11.32,3.217,,,,,,,,,,,,,7.019
7547,4.274,4.617,11.32,3.217,,,,,,,,,,,,,33.179
7553,4.277,4.615,11.32,3.213,,,,,,,,,,,,,6.124
7554,4.277,4.615,11.32,3.213,,,,,,,,,,,,,7.962
7555,4.277,4.615,11.32,3.213,,,,,,,,,,,,,7.04
7556,4.277,4.608,11.32,3.213,,,,,,,,,,,,,6.572
7557,4.277,4.608,11.32,3.214,,,,,,,,,,,,,7.348
7558,4.277,4.608,11.32,3.214,,,,,,,,,,,,,6.71
7559,4.277,4.597,11.32,3.214,,,,,,,,,,,,,7.115
7560,4.277,4.597,11.32,3.214,,,,,,,,,,,,,7.695
7561,4.277,4.597,11.32,3.214,,,,,,,,,,,,,7.596
7562,4.277,4.597,11.32,3.214,,,,,,,,,,,,,6.332
7563,4.277,4.586,11.32,3.214,,,,,,,,,,,,,7.233
7571,4.277,4.563,11.32,3.217,,,,,,,,,,,,,8.717
7572,4.277,4.563,11.32,3.218,,,,,,,,,,,,,5.37
7573,4.277,4.563,11.32,3.218,,,,,,,,,,,,,9.48
7574,4.277,4.548,11.32,3.218,,,,,,,,,,,,,4.806
7575,4.277,4.548,11.32,3.218,,,,,,,,,,,,,9.516
7576,4.277,4.548,11.32,3.219,,,,,,,,,,,,,5.201
7577,4.278,4.548,11.32,3.219,,,,,,,,,,,,,7.876
7578,4.278,4.53,11.32,3.219,,,,,,,,,,,,,8.166
7579,4.278,4.53,11.32,3.219,,,,,,,,,,,,,7.981
7580,4.278,4.53,11.32,3.22,,,,,,,,,,,,,8.679
7581,4.281,4.53,11.32,3.22,,,,,,,,,,,,,4.458
7582,4.281,4.528,11.32,3.22,,,,,,,,,,,,,5.539
7583,4.281,4.528,11.32,3.22,,,,,,,,,,,,,7.083
7584,4.281,4.528,11.32,3.23,,,,,,,,,,,,,7.05
7585,4.282,4.528,11.32,3.23,,,,,,,,,,,,,7.159
7586,4.282,4.556,11.32,3.23,,,,,,,,,,,,,7.418
7587,4.282,4.556,11.32,3.241,,,,,,,,,,,,,19.102
7588,4.282,4.556,11.32,3.241,,,,,,,,,,,,,4.644
7589,4.281,4.556,11.32,3.241,,,,,,,,,,,,,2.32
7590,4.281,4.581,11.32,3.241,,,,,,,,,,,,,2.31
7591,4.281,4.581,11.32,3.252,,,,,,,,,,,,,7.196
7592,4.281,4.581,11.32,3.252,,,,,,,,,,,,,7.291
7593,4.281,4.587,11.32,3.252,,,,,,,,,,,,,6.793
7594,4.281,4.587,11.32,3.252,,,,,,,,,,,,,7.079
7595,4.281,4.587,11.32,3.27,,,,,,,,,,,,,7.231
7596,4.282,4.587,11.32,3.27,,,,,,,,,,,,,7.355
7597,4.282,4.583,11.32,3.27,,,,,,,,,,,,,6.645
7598,4.282,4.583,11.32,3.27,,,,,,,,,,,,,7.519
7599,4.282,4.583,11.32,3.277,,,,,,,,,,,,,6.901
7600,4.282,4.583,11.32,3.277,,,,,,,,,,,,,7.482
7601,4.282,4.582,11.32,3.277,,,,,,,,,,,,,6.875
7602,4.282,4.582,11.32,3.277,,,,,,,,,,,,,9.98
7603,4.282,4.582,11.32,3.277,,,,,,,,,,,,,4.501
7604,4.282,4.582,11.32,3.277,,,,,,,,,,,,,7.001
7605,4.282,4.581,11.32,3.277,,,,,,,,,,,,,6.967
7606,4.282,4.581,11.32,3.275,,,,,,,,,,,,,7.412
7607,4.282,4.581,11.32,3.275,,,,,,,,,,,,,6.954
7608,4.282,4.58,11.32,3.275,,,,,,,,,,,,,7.143
7609,4.282,4.58,11.32,3.275,,,,,,,,,,,,,12.279
7610,4.282,4.58,11.32,3.274,,,,,,,,,,,,,4.094
7611,4.282,4.58,11.32,3.274,,,,,,,,,,,,,4.882
7612,4.282,4.58,11.32,3.274,,,,,,,,,,,,,7.167
7613,4.282,4.58,11.32,3.274,,,,,,,,,,,,,7.199
7614,4.282,4.58,11.32,3.275,,,,,,,,,,,,,9.96
7615,4.282,4.58,11.32,3.275,,,,,,,,,,,,,7.17
7616,4.282,4.58,11.32,3.275,,,,,,,,,,,,,17.053
7625,4.282,4.58,11.32,3.275,,,,,,,,,,,,,35.116
7626,4.282,4.58,11.32,3.275,,,,,,,,,,,,,1.403
7627,4.282,4.58,11.32,3.275,,,,,,,,,,,,,0.867
7628,4.282,4.58,11.32,3.275,,,,,,,,,,,,,0.789
7629,4.282,4.58,11.32,3.275,,,,,,,,,,,,,0.874
7630,4.282,4.58,11.32,3.274,,,,,,,,,,,,,0.811
7631,4.282,4.58,11.32,3.274,,,,,,,,,,,,,4.995
7632,4.282,4.58,11.32,3.274,,,,,,,,,,,,,6.568
7633,4.282,4.58,11.32,3.274,,,,,,,,,,,,,6.989
7634,4.282,4.58,11.32,3.274,,,,,,,,,,,,,7.657
7635,4.282,4.58,11.32,3.274,,,,,,,,,,,,,6.414
7636,4.282,4.58,11.32,3.274,,,,,,,,,,,,,7.571
7637,4.282,4.58,11.32,3.275,,,,,,,,,,,,,6.858
7638,4.282,4.58,11.32,3.275,,,,,,,,,,,,,8.345
7639,4.282,4.58,11.32,3.275,,,,,,,,,,,,,6.159
7640,4.282,4.581,11.32,3.275,,,,,,,,,,,,,8.187
7641,4.282,4.581,11.32,3.275,,,,,,,,,,,,,8.295
7642,4.282,4.581,11.32,3.275,,,,,,,,,,,,,5.615
7643,4.282,4.582,11.32,3.275,,,,,,,,,,,,,7.181
7644,4.282,4.582,11.32,3.275,,,,,,,,,,,,,6.287
7645,4.282,4.582,11.32,3.275,,,,,,,,,,,,,7.299
7646,4.282,4.582,11.32,3.275,,,,,,,,,,,,,7.044
7647,4.282,4.584,11.32,3.275,,,,,,,,,,,,,7.442
7648,4.282,4.584,11.32,3.275,,,,,,,,,,,,,6.729
7649,4.282,4.584,11.32,3.276,,,,,,,,,,,,,8.694
7650,4.282,4.584,11.32,3.276,,,,,,,,,,,,,7.354
7651,4.282,4.592,11.32,3.276,,,,,,,,,,,,,5.687
7652,4.282,4.592,11.32,3.276,,,,,,,,,,,,,11.158
7653,4.282,4.592,11.32,3.278,,,,,,,,,,,,,3.384
7654,4.28,4.592,11.32,3.278,,,,,,,,,,,,,7.178
7655,4.28,4.58,11.32,3.278,,,,,,,,,,,,,11.18
7656,4.28,4.58,11.32,3.27,,,,,,,,,,,,,3.37
7657,4.28,4.58,11.32,3.27,,,,,,,,,,,,,6.254
7658,4.28,4.58,11.32,3.27,,,,,,,,,,,,,7.213
7667,4.279,4.37,11.32,3.25,,,,,,,,,,,,,7.188
7668,4.279,4.37,11.32,3.238,,,,,,,,,,,,,7.13
7669,4.28,4.37,11.32,3.238,,,,,,,,,,,,,12.746
7670,4.28,4.264,11.32,3.238,,,,,,,,,,,,,4.865
7671,4.28,4.264,11.32,3.238,,,,,,,,,,,,,4.464
7672,4.28,4.264,11.32,3.219,,,,,,,,,,,,,8.959
7673,4.281,4.264,11.32,3.219,,,,,,,,,,,,,4.485
7674,4.281,4.194,11.32,3.219,,,,,,,,,,,,,7.269
7675,4.281,4.194,11.32,3.196,,,,,,,,,,,,,7.129
7676,4.281,4.194,11.32,3.196,,,,,,,,,,,,,7.572
7677,4.284,4.194,11.32,3.196,,,,,,,,,,,,,7.076
7678,4.284,4.165,11.32,3.196,,,,,,,,,,,,,7.214
7679,4.284,4.165,11.32,3.18,,,,,,,,,,,,,7.019
7680,4.284,4.165,11.32,3.18,,,,,,,,,,,,,7.555
7681,4.284,4.156,11.32,3.18,,,,,,,,,,,,,6.862
7686,4.285,4.145,11.32,3.163,,,,,,,,,,,,,6.847
7687,4.285,4.145,11.32,3.15,,,,,,,,,,,,,11.807
7688,4.285,4.145,11.32,3.15,,,,,,,,,,,,,5.705
7689,4.285,4.131,11.32,3.15,,,,,,,,,,,,,7.943
7690,4.285,4.131,11.32,3.14,,,,,,,,,,,,,7.554
7691,4.286,4.131,11.32,3.14,,,,,,,,,,,,,6.436
7692,4.286,4.118,11.32,3.14,,,,,,,,,,,,,7.776
7693,4.286,4.118,11.32,3.14,,,,,,,,,,,,,6.553
7694,4.286,4.118,11.32,3.136,,,,,,,,,,,,,7.651
7695,4.286,4.118,11.32,3.136,,,,,,,,,,,,,6.822
7696,4.286,4.113,11.32,3.136,,,,,,,,,,,,,7.125
7697,4.286,4.113,11.32,3.134,,,,,,,,,,,,,7.796
7698,4.286,4.113,11.32,3.134,,,,,,,,,,,,,13.929
7699,4.286,4.113,11.32,3.134,,,,,,,,,,,,,5.561
7700,4.286,4.11,11.32,3.134,,,,,,,,,,,,,4.668
7701,4.286,4.11,11.32,3.131,,,,,,,,,,,,,4.709
7702,4.286,4.11,11.32,3.131,,,,,,,,,,,,,6.492
7703,4.285,4.11,11.32,3.131,,,,,,,,,,,,,6.261
7708,4.286,4.11,11.32,3.131,,,,,,,,,,,,,6.727
7709,4.286,4.11,11.32,3.132,,,,,,,,,,,,,9.004
7710,4.286,4.11,11.32,3.132,,,,,,,,,,,,,5.443
7711,4.286,4.12,11.32,3.132,,,,,,,,,,,,,8.353
7712,4.286,4.12,11.32,3.132,,,,,,,,,,,,,5.603
7713,4.286,4.12,11.32,3.141,,,,,,,,,,,,,10.264
7714,4.285,4.12,11.32,3.141,,,,,,,,,,,,,4.472
7715,4.285,4.182,11.32,3.141,,,,,,,,,,,,,6.245
7716,4.285,4.182,11.32,3.141,,,,,,,,,,,,,7.181
7717,4.285,4.182,11.32,3.171,,,,,,,,,,,,,6.955
7718,4.283,4.182,11.32,3.171,,,,,,,,,,,,,7.099
7719,4.283,4.307,11.32,3.171,,,,,,,,,,,,,12.145
7720,4.283,4.307,11.32,3.224,,,,,,,,,,,,,30.32
7721,4.283,4.307,11.32,3.224,,,,,,,,,,,,,2.201
7722,4.28,4.307,11.32,3.224,,,,,,,,,,,,,1.384
7723,4.28,4.428,11.32,3.224,,,,,,,,,,,,,0.94
7724,4.28,4.428,11.32,3.224,,,,,,,,,,,,,0.848
7725,4.28,4.428,11.32,3.287,,,,,,,,,,,,,1.491
7726,4.28,4.428,11.32,3.287,,,,,,,,,,,,,3.149
7727,4.281,4.527,11.32,3.287,,,,,,,,,,,,,11.186
7728,4.281,4.527,11.32,3.287,,,,,,,,,,,,,5.49
7729,4.281,4.527,11.32,3.326,,,,,,,,,,,,,6.402
7730,4.281,4.527,11.32,3.326,,,,,,,,,,,,,5.558
7731,4.281,4.627,11.32,3.326,,,,,,,,,,,,,5.105
7732,4.281,4.627,11.32,3.326,,,,,,,,,,,,,7.633
7733,4.281,4.627,11.32,3.357,,,,,,,,,,,,,6.757
7734,4.282,4.627,11.32,3.357,,,,,,,,,,,,,8.812
7735,4.282,4.63,11.32,3.357,,,,,,,,,,,,,5.497
7736,4.282,4.63,11.32,3.371,,,,,,,,,,,,,7.26
7737,4.282,4.63,11.32,3.371,,,,,,,,,,,,,7.294
7738,4.284,4.63,11.32,3.371,,,,,,,,,,,,,6.748
7743,4.283,4.618,11.32,3.36,,,,,,,,,,,,,11.443
7744,4.283,4.618,11.32,3.343,,,,,,,,,,,,,4.443
7745,4.283,4.618,11.32,3.343,,,,,,,,,,,,,6.011
7746,4.282,4.614,11.32,3.343,,,,,,,,,,,,,6.208
7747,4.282,4.614,11.32,3.343,,,,,,,,,,,,,7.294
7748,4.282,4.614,11.32,3.338,,,,,,,,,,,,,7.945
7749,4.281,4.614,11.32,3.338,,,,,,,,,,,,,6.164
7750,4.281,4.614,11.32,3.338,,,,,,,,,,,,,7.144
7751,4.281,4.614,11.32,3.338,,,,,,,,,,,,,7.347
7752,4.281,4.614,11.32,3.341,,,,,,,,,,,,,6.648
7753,4.281,4.614,11.32,3.341,,,,,,,,,,,,,7.509
7754,4.281,4.616,11.32,3.341,,,,,,,,,,,,,7.202
7755,4.281,4.616,11.32,3.344,,,,,,,,,,,,,7.672
7756,4.281,4.616,11.32,3.344,,,,,,,,,,,,,6.934
7757,4.281,4.616,11.32,3.344,,,,,,,,,,,,,9.163
7758,4.281,4.62,11.32,3.344,,,,,,,,,,,,,5.088
7759,4.281,4.62,11.32,3.342,,,,,,,,,,,,,6.708
7760,4.281,4.62,11.32,3.342,,,,,,,,,,,,,7.163
7761,4.28,4.634,11.32,3.342,,,,,,,,,,,,,11.486
7762,4.28,4.634,11.32,3.342,,,,,,,,,,,,,4.321
7763,4.28,4.634,11.32,3.34,,,,,,,,,,,,,6.047
7764,4.28,4.634,11.32,3.34,,,,,,,,,,,,,6.918
7765,4.28,4.659,11.32,3.34,,,,,,,,,,,,,7.053
7766,4.28,4.659,11.32,3.34,,,,,,,,,,,,,7.526
7767,4.28,4.659,11.32,3.311,,,,,,,,,,,,,7.066
7768,4.28,4.659,11.32,3.311,,,,,,,,,,,,,6.907
7769,4.28,4.673,11.32,3.311,,,,,,,,,,,,,7.366
7770,4.28,4.673,11.32,3.311,,,,,,,,,,,,,7.307
7771,4.28,4.673,11.32,3.289,,,,,,,,,,,,,6.37
7772,4.28,4.673,11.32,3.289,,,,,,,,,,,,,7.107
7773,4.28,4.652,11.32,3.289,,,,,,,,,,,,,7.401
7774,4.28,4.652,11.32,3.242,,,,,,,,,,,,,7.221
7775,4.28,4.652,11.32,3.242,,,,,,,,,,,,,9.725
7776,4.28,4.645,11.32,3.242,,,,,,,,,,,,,5.403
7777,4.28,4.645,11.32,3.242,,,,,,,,,,,,,7.186
7778,4.28,4.645,11.32,3.21,,,,,,,,,,,,,7.655
7779,4.28,4.645,11.32,3.21,,,,,,,,,,,,,6.65
7780,4.28,4.64,11.32,3.21,,,,,,,,,,,,,7.665
7781,4.28,4.64,11.32,3.21,,,,,,,,,,,,,6.911
7782,4.28,4.64,11.32,3.218,,,,,,,,,,,,,7.165
7783,4.281,4.64,11.32,3.218,,,,,,,,,,,,,7.186
7784,4.281,4.644,11.32,3.218,,,,,,,,,,,,,7.373
7789,4.28,4.643,11.32,3.226,,,,,,,,,,,,,4.548
7790,4.28,4.643,11.32,3.226,,,,,,,,,,,,,1.572
7791,4.28,4.643,11.32,3.226,,,,,,,,,,,,,1.087
7792,4.28,4.642,11.32,3.226,,,,,,,,,,,,,0.827
7793,4.28,4.642,11.32,3.226,,,,,,,,,,,,,2.775
7794,4.28,4.642,11.32,3.235,,,,,,,,,,,,,7.147
7795,4.28,4.642,11.32,3.235,,,,,,,,,,,,,7.61
7796,4.28,4.645,11.32,3.235,,,,,,,,,,,,,6.492
7797,4.28,4.645,11.32,3.261,,,,,,,,,,,,,9.489
7798,4.28,4.645,11.32,3.261,,,,,,,,,,,,,5.515
7799,4.28,4.645,11.32,3.261,,,,,,,,,,,,,7.239
7800,4.28,4.649,11.32,3.261,,,,,,,,,,,,,7.515
7801,4.28,4.649,11.32,3.289,,,,,,,,,,,,,6.717
7802,4.28,4.649,11.32,3.289,,,,,,,,,,,,,7.056
7803,4.281,4.656,11.32,3.289,,,,,,,,,,,,,34.562
7804,4.281,4.656,11.32,3.289,,,,,,,,,,,,,4.797
7805,4.281,4.656,11.32,3.31,,,,,,,,,,,,,1.761
7806,4.281,4.656,11.32,3.31,,,,,,,,,,,,,1.797
7807,4.281,4.656,11.32,3.31,,,,,,,,,,,,,1.152
7808,4.281,4.681,11.32,3.31,,,,,,,,,,,,,0.976
7809,4.281,4.681,11.32,3.31,,,,,,,,,,,,,0.946
7810,4.281,4.681,11.32,3.313,,,,,,,,,,,,,6.488
7811,4.28,4.681,11.32,3.313,,,,,,,,,,,,,5.789
7812,4.28,4.731,11.32,3.313,,,,,,,,,,,,,7.114
7813,4.28,4.731,11.32,3.306,,,,,,,,,,,,,7.111
7814,4.28,4.731,11.32,3.306,,,,,,,,,,,,,7.459
7815,4.28,4.731,11.32,3.306,,,,,,,,,,,,,6.606
7816,4.28,4.759,11.32,3.306,,,,,,,,,,,,,7.893
7817,4.28,4.759,11.32,3.296,,,,,,,,,,,,,10.026
7818,4.28,4.759,11.32,3.296,,,,,,,,,,,,,4.482
7819,4.28,4.756,11.32,3.296,,,,,,,,,,,,,6.486
7820,4.28,4.756,11.32,3.296,,,,,,,,,,,,,6.682
7821,4.28,4.756,11.32,3.274,,,,,,,,,,,,,7.339
7822,4.28,4.756,11.32,3.274,,,,,,,,,,,,,6.972
7823,4.28,4.747,11.32,3.274,,,,,,,,,,,,,7.261
7828,4.277,4.742,11.32,3.247,,,,,,,,,,,,,6.716
7829,4.277,4.742,11.32,3.247,,,,,,,,,,,,,7.257
7830,4.279,4.742,11.32,3.247,,,,,,,,,,,,,7.032
7831,4.279,4.73,11.32,3.247,,,,,,,,,,,,,7.205
7832,4.279,4.73,11.32,3.251,,,,,,,,,,,,,7.653
7833,4.279,4.73,11.32,3.251,,,,,,,,,,,,,6.51
7834,4.279,4.73,11.32,3.251,,,,,,,,,,,,,9.047
7835,4.279,4.703,11.32,3.251,,,,,,,,,,,,,5.309
7836,4.279,4.703,11.32,3.258,,,,,,,,,,,,,7.502
7837,4.279,4.703,11.32,3.258,,,,,,,,,,,,,6.793
7838,4.278,4.708,11.32,3.258,,,,,,,,,,,,,7.203
7839,4.278,4.708,11.32,3.258,,,,,,,,,,,,,7.154
7840,4.278,4.708,11.32,3.269,,,,,,,,,,,,,7.471
7841,4.28,4.708,11.32,3.269,,,,,,,,,,,,,6.813
7842,4.28,4.682,11.32,3.269,,,,,,,,,,,,,7.377
7843,4.28,4.682,11.32,3.269,,,,,,,,,,,,,7.03
7844,4.28,4.682,11.32,3.287,,,,,,,,,,,,,7.657
7845,4.281,4.682,11.32,3.287,,,,,,,,,,,,,6.342
7846,4.281,4.666,11.32,3.287,,,,,,,,,,,,,7.218
7847,4.281,4.666,11.32,3.297,,,,,,,,,,,,,8.144
7848,4.281,4.666,11.32,3.297,,,,,,,,,,,,,5.705
7849,4.282,4.666,11.32,3.297,,,,,,,,,,,,,7.581
7850,4.282,4.662,11.32,3.297,,,,,,,,,,,,,6.646
7851,4.282,4.662,11.32,3.302,,,,,,,,,,,,,9.392
7852,4.282,4.662,11.32,3.302,,,,,,,,,,,,,4.78
7853,4.282,4.662,11.32,3.302,,,,,,,,,,,,,7.338
7858,4.282,4.646,11.32,3.306,,,,,,,,,,,,,7.175
7859,4.282,4.646,11.32,3.312,,,,,,,,,,,,,9.742
7860,4.282,4.646,11.32,3.312,,,,,,,,,,,,,4.656
7861,4.282,4.644,11.32,3.312,,,,,,,,,,,,,9.602
7866,4.282,4.642,11.32,3.31,,,,,,,,,,,,,6.786
7867,4.282,4.642,11.32,3.31,,,,,,,,,,,,,6.847
7868,4.282,4.642,11.32,3.31,,,,,,,,,,,,,8.01
7873,4.282,4.641,11.32,3.308,,,,,,,,,,,,,4.961
7874,4.282,4.641,11.32,3.309,,,,,,,,,,,,,5.661
7875,4.282,4.641,11.32,3.309,,,,,,,,,,,,,10.206
7876,4.282,4.64,11.32,3.309,,,,,,,,,,,,,4.532
7877,4.282,4.64,11.32,3.309,,,,,,,,,,,,,9.302
7878,4.282,4.64,11.32,3.309,,,,,,,,,,,,,4.991
7879,4.282,4.64,11.32,3.309,,,,,,,,,,,,,6.105
7880,4.282,4.64,11.32,3.309,,,,,,,,,,,,,6.784
7881,4.282,4.64,11.32,3.309,,,,,,,,,,,,,14.805
7882,4.282,4.64,11.32,3.309,,,,,,,,,,,,,4.947
7883,4.282,4.64,11.32,3.309,,,,,,,,,,,,,6.101
7884,4.282,4.64,11.32,3.309,,,,,,,,,,,,,4.978
7885,4.282,4.64,11.32,3.309,,,,,,,,,,,,,4.682
7886,4.282,4.64,11.32,3.308,,,,,,,,,,,,,10.142
7887,4.282,4.64,11.32,3.308,,,,,,,,,,,,,4.55
7888,4.282,4.64,11.32,3.308,,,,,,,,,,,,,6.888
7889,4.282,4.64,11.32,3.31,,,,,,,,,,,,,7.077
7890,4.282,4.64,11.32,3.31,,,,,,,,,,,,,12.309
7891,4.282,4.64,11.32,3.31,,,,,,,,,,,,,6.231
7892,4.282,4.64,11.32,3.31,,,,,,,,,,,,,6.111
7893,4.282,4.64,11.32,3.31,,,,,,,,,,,,,4.356
7894,4.282,4.64,11.32,3.31,,,,,,,,,,,,,6.403
7895,4.282,4.64,11.32,3.31,,,,,,,,,,,,,9.259
7896,4.282,4.64,11.32,3.31,,,,,,,,,,,,,5.243
7897,4.282,4.64,11.32,3.31,,,,,,,,,,,,,6.863
7898,4.282,4.64,11.32,3.31,,,,,,,,,,,,,7.326
7899,4.282,4.64,11.32,3.31,,,,,,,,,,,,,7.164
7900,4.282,4.64,11.32,3.31,,,,,,,,,,,,,7.175
7901,4.282,4.64,11.32,3.309,,,,,,,,,,,,,36.619
7902,4.282,4.64,11.32,3.309,,,,,,,,,,,,,4.478
7903,4.282,4.64,11.32,3.309,,,,,,,,,,,,,1.553
7904,4.282,4.64,11.32,3.309,,,,,,,,,,,,,1.082
7905,4.282,4.64,11.32,3.309,,,,,,,,,,,,,1.045
7906,4.282,4.64,11.32,3.309,,,,,,,,,,,,,0.975
7907,4.282,4.64,11.32,3.309,,,,,,,,,,,,,0.951
7908,4.282,4.64,11.32,3.309,,,,,,,,,,,,,4.492
7909,4.282,4.64,11.32,3.309,,,,,,,,,,,,,7.168
7910,4.282,4.64,11.32,3.309,,,,,,,,,,,,,7.164
7911,4.282,4.64,11.32,3.309,,,,,,,,,,,,,8.743
7912,4.282,4.64,11.32,3.309,,,,,,,,,,,,,5.501
7913,4.282,4.64,11.32,3.309,,,,,,,,,,,,,7.342
7914,4.282,4.64,11.32,3.309,,,,,,,,,,,,,7.149
7915,4.282,4.64,11.32,3.309,,,,,,,,,,,,,6.771
7916,4.282,4.64,11.32,3.309,,,,,,,,,,,,,6.997
7917,4.282,4.64,11.32,3.309,,,,,,,,,,,,,8.228
7918,4.282,4.64,11.32,3.309,,,,,,,,,,,,,6.015
7919,4.282,4.64,11.32,3.309,,,,,,,,,,,,,7.781
7924,4.282,4.64,11.32,3.31,,,,,,,,,,,,,6.848
7925,4.282,4.64,11.32,3.31,,,,,,,,,,,,,7.978
7926,4.282,4.64,11.32,3.31,,,,,,,,,,,,,6.799
7927,4.282,4.64,11.32,3.31,,,,,,,,,,,,,6.782
7928,4.282,4.64,11.32,3.31,,,,,,,,,,,,,7.092
7929,4.282,4.64,11.32,3.31,,,,,,,,,,,,,7.164
7930,4.282,4.64,11.32,3.31,,,,,,,,,,,,,7.407
7931,4.282,4.64,11.32,3.31,,,,,,,,,,,,,6.847
7932,4.282,4.64,11.32,3.309,,,,,,,,,,,,,6.998
7933,4.282,4.64,11.32,3.309,,,,,,,,,,,,,8.534
7934,4.282,4.64,11.32,3.309,,,,,,,,,,,,,5.604
7935,4.282,4.64,11.32,3.309,,,,,,,,,,,,,8.99
7936,4.282,4.64,11.32,3.31,,,,,,,,,,,,,6.555
7937,4.282,4.64,11.32,3.31,,,,,,,,,,,,,7.303
7938,4.282,4.64,11.32,3.31,,,,,,,,,,,,,7.653
7939,4.282,4.64,11.32,3.31,,,,,,,,,,,,,6.464
7940,4.282,4.64,11.32,3.31,,,,,,,,,,,,,6.859
7941,4.282,4.64,11.32,3.31,,,,,,,,,,,,,7.128
7942,4.282,4.64,11.32,3.31,,,,,,,,,,,,,7.316
7943,4.282,4.64,11.32,3.31,,,,,,,,,,,,,6.746
7944,4.282,4.64,11.32,3.31,,,,,,,,,,,,,8.31
7945,4.282,4.64,11.32,3.31,,,,,,,,,,,,,5.721
7946,4.282,4.64,11.32,3.31,,,,,,,,,,,,,7.646
7947,4.282,4.64,11.32,3.31,,,,,,,,,,,,,6.418
7948,4.282,4.64,11.32,3.31,,,,,,,,,,,,,7.882
7949,4.282,4.64,11.32,3.31,,,,,,,,,,,,,6.938
7950,4.282,4.64,11.32,3.31,,,,,,,,,,,,,6.817
7951,4.282,4.64,11.32,3.31,,,,,,,,,,,,,7.673
7952,4.282,4.64,11.32,3.31,,,,,,,,,,,,,6.801
7953,4.282,4.64,11.32,3.31,,,,,,,,,,,,,8.44
7954,4.282,4.64,11.32,3.31,,,,,,,,,,,,,5.872
7955,4.282,4.64,11.32,3.31,,,,,,,,,,,,,7.534
7956,4.282,4.64,11.32,3.31,,,,,,,,,,,,,6.393
7957,4.282,4.64,11.32,3.31,,,,,,,,,,,,,7.688
7958,4.282,4.64,11.32,3.31,,,,,,,,,,,,,6.655
7959,4.282,4.64,11.32,3.31,,,,,,,,,,,,,7.175
7960,4.282,4.64,11.32,3.31,,,,,,,,,,,,,7.158
7961,4.282,4.64,11.32,3.31,,,,,,,,,,,,,9.591
7962,4.282,4.64,11.32,3.31,,,,,,,,,,,,,4.808
7963,4.282,4.64,11.32,3.31,,,,,,,,,,,,,7.598
7964,4.282,4.64,11.32,3.31,,,,,,,,,,,,,10.26
7965,4.282,4.64,11.32,3.31,,,,,,,,,,,,,8.157
7966,4.282,4.64,11.32,3.31,,,,,,,,,,,,,4.602
7967,4.282,4.64,11.32,3.31,,,,,,,,,,,,,5.675
7968,4.282,4.64,11.32,3.31,,,,,,,,,,,,,6.912
7969,4.282,4.64,11.32,3.31,,,,,,,,,,,,,7.193
7970,4.282,4.64,11.32,3.31,,,,,,,,,,,,,8.408
7971,4.282,4.64,11.32,3.31,,,,,,,,,,,,,5.647
7976,4.282,4.64,11.32,3.31,,,,,,,,,,,,,4.687
7977,4.282,4.64,11.32,3.31,,,,,,,,,,,,,1.492
7978,4.282,4.64,11.32,3.31,,,,,,,,,,,,,1.096
7979,4.282,4.64,11.32,3.31,,,,,,,,,,,,,4.52
7980,4.282,4.64,11.32,3.31,,,,,,,,,,,,,38.72
7981,4.282,4.64,11.32,3.31,,,,,,,,,,,,,1.725
7982,4.282,4.64,11.32,3.31,,,,,,,,,,,,,0.935
7983,4.282,4.64,11.32,3.31,,,,,,,,,,,,,0.79
7984,4.282,4.64,11.32,3.31,,,,,,,,,,,,,0.801
7989,4.282,4.64,11.32,3.31,,,,,,,,,,,,,6.835
7990,4.282,4.64,11.32,3.31,,,,,,,,,,,,,7.154
7991,4.282,4.64,11.32,3.31,,,,,,,,,,,,,7.242
7992,4.282,4.64,11.32,3.31,,,,,,,,,,,,,7.415
7993,4.282,4.64,11.32,3.31,,,,,,,,,,,,,7.19
7994,4.282,4.64,11.32,3.31,,,,,,,,,,,,,32.079
7995,4.282,4.64,11.32,3.31,,,,,,,,,,,,,4.754
7996,4.282,4.64,11.32,3.31,,,,,,,,,,,,,1.55
7997,4.282,4.64,11.32,3.31,,,,,,,,,,,,,1.138
7998,4.282,4.64,11.32,3.31,,,,,,,,,,,,,0.903
7999,4.282,4.64,11.32,3.31,,,,,,,,,,,,,0.838
8000,4.282,4.64,11.32,3.31,,,,,,,,,,,,,5.007
8001,4.282,4.64,11.32,3.31,,,,,,,,,,,,,30.208
8002,4.282,4.64,11.32,3.31,,,,,,,,,,,,,4.331
8003,4.282,4.64,11.32,3.31,,,,,,,,,,,,,1.476
8004,4.282,4.64,11.32,3.31,,,,,,,,,,,,,1.061
8005,4.282,4.64,11.32,3.31,,,,,,,,,,,,,0.932
8006,4.282,4.64,11.32,3.31,,,,,,,,,,,,,0.893
8007,4.282,4.64,11.32,3.31,,,,,,,,,,,,,6.994
8008,4.282,4.64,11.32,3.31,,,,,,,,,,,,,6.668
8013,4.282,4.64,11.32,3.31,,,,,,,,,,,,,5.949
8014,4.282,4.64,11.32,3.31,,,,,,,,,,,,,9.988
8015,4.282,4.64,11.32,3.31,,,,,,,,,,,,,8.635
8016,4.282,4.64,11.32,3.31,,,,,,,,,,,,,4.704
8017,4.282,4.64,11.32,3.31,,,,,,,,,,,,,10.104
8018,4.282,4.64,11.32,3.31,,,,,,,,,,,,,29.175
8019,4.282,4.64,11.32,3.31,,,,,,,,,,,,,4.339
8020,4.282,4.64,11.32,3.31,,,,,,,,,,,,,1.669
8021,4.282,4.64,11.32,3.31,,,,,,,,,,,,,2.094
8022,4.282,4.64,11.32,3.31,,,,,,,,,,,,,1.335
8023,4.282,4.64,11.32,3.31,,,,,,,,,,,,,1.099
8024,4.282,4.64,11.32,3.31,,,,,,,,,,,,,1.619
8025,4.282,4.64,11.32,3.31,,,,,,,,,,,,,4.593
8026,4.282,4.64,11.32,3.31,,,,,,,,,,,,,7.112
8027,4.282,4.64,11.32,3.31,,,,,,,,,,,,,8.4
8028,4.282,4.64,11.32,3.31,,,,,,,,,,,,,9.112
8032,4.282,4.64,11.32,3.31,,,,,,,,,,,,,7.207
8033,4.282,4.64,11.32,3.311,,,,,,,,,,,,,7.151
8034,4.282,4.64,11.32,3.311,,,,,,,,,,,,,7.292
8035,4.282,4.64,11.32,3.311,,,,,,,,,,,,,7.448
8036,4.282,4.64,11.32,3.311,,,,,,,,,,,,,7.007
8037,4.282,4.64,11.32,3.311,,,,,,,,,,,,,7.165
8038,4.282,4.64,11.32,3.311,,,,,,,,,,,,,10.325
8039,4.282,4.64,11.32,3.311,,,,,,,,,,,,,5.412
8040,4.282,4.64,11.32,3.311,,,,,,,,,,,,,7.403
8041,4.282,4.64,11.32,3.31,,,,,,,,,,,,,11.866
8042,4.282,4.64,11.32,3.31,,,,,,,,,,,,,5.84
8043,4.282,4.64,11.32,3.31,,,,,,,,,,,,,5.419
8044,4.282,4.64,11.32,3.31,,,,,,,,,,,,,5.097
8045,4.282,4.64,11.32,3.311,,,,,,,,,,,,,5.4
8046,4.282,4.64,11.32,3.311,,,,,,,,,,,,,6.431
8047,4.282,4.64,11.32,3.311,,,,,,,,,,,,,7.46
8048,4.282,4.64,11.32,3.31,,,,,,,,,,,,,7.043
8049,4.282,4.64,11.32,3.31,,,,,,,,,,,,,7.856
8050,4.282,4.64,11.32,3.31,,,,,,,,,,,,,6.584
8051,4.282,4.64,11.32,3.31,,,,,,,,,,,,,6.584
8052,4.282,4.64,11.32,3.311,,,,,,,,,,,,,7.245
8053,4.282,4.64,11.32,3.311,,,,,,,,,,,,,7.214
8054,4.282,4.64,11.32,3.311,,,,,,,,,,,,,7.141
8055,4.282,4.64,11.32,3.311,,,,,,,,,,,,,7.92
8056,4.282,4.64,11.32,3.311,,,,,,,,,,,,,8.017
8057,4.282,4.64,11.32,3.311,,,,,,,,,,,,,5.886
8058,4.282,4.64,11.32,3.311,,,,,,,,,,,,,6.326
8059,4.282,4.64,11.32,3.311,,,,,,,,,,,,,10.479
8060,4.282,4.64,11.32,3.311,,,,,,,,,,,,,4.901
8061,4.282,4.64,11.32,3.311,,,,,,,,,,,,,5.687
8062,4.282,4.64,11.32,3.311,,,,,,,,,,,,,7.051
8063,4.282,4.64,11.32,3.311,,,,,,,,,,,,,7.355
8064,4.282,4.64,11.32,3.311,,,,,,,,,,,,,7.015
8065,4.282,4.64,11.32,3.311,,,,,,,,,,,,,8.391
8066,4.282,4.64,11.32,3.311,,,,,,,,,,,,,5.959
8067,4.282,4.64,11.32,3.311,,,,,,,,,,,,,7.42
8068,4.282,4.64,11.32,3.311,,,,,,,,,,,,,7.707
8069,4.282,4.64,11.32,3.311,,,,,,,,,,,,,6.811
8070,4.282,4.64,11.32,3.311,,,,,,,,,,,,,6.645
8071,4.282,4.64,11.32,3.311,,,,,,,,,,,,,9.288
8072,4.282,4.64,11.32,3.311,,,,,,,,,,,,,5.399
8073,4.282,4.64,11.32,3.311,,,,,,,,,,,,,7.403
8074,4.282,4.64,11.32,3.311,,,,,,,,,,,,,7.739
8075,4.282,4.64,11.32,3.311,,,,,,,,,,,,,32.745
8076,4.282,4.64,11.32,3.311,,,,,,,,,,,,,4.58
8077,4.282,4.64,11.32,3.311,,,,,,,,,,,,,1.492
8078,4.282,4.64,11.32,3.311,,,,,,,,,,,,,1.138
8079,4.282,4.64,11.32,3.311,,,,,,,,,,,,,0.972
8080,4.282,4.64,11.32,3.311,,,,,,,,,,,,,0.961
8081,4.282,4.64,11.32,3.311,,,,,,,,,,,,,1.54
8082,4.282,4.64,11.32,3.311,,,,,,,,,,,,,8.493
8086,4.282,4.64,11.32,3.311,,,,,,,,,,,,,7.101
8087,4.282,4.64,11.32,3.311,,,,,,,,,,,,,7.777
8088,4.282,4.64,11.32,3.311,,,,,,,,,,,,,7.248
8089,4.282,4.64,11.32,3.311,,,,,,,,,,,,,6.746
8090,4.282,4.64,11.32,3.311,,,,,,,,,,,,,7.066
8091,4.282,4.64,11.32,3.311,,,,,,,,,,,,,6.566
8092,4.282,4.64,11.32,3.311,,,,,,,,,,,,,7.39
8093,4.282,4.64,11.32,3.311,,,,,,,,,,,,,7.104
8094,4.282,4.64,11.32,3.311,,,,,,,,,,,,,7.519
8095,4.282,4.64,11.32,3.311,,,,,,,,,,,,,6.649
8096,4.282,4.64,11.32,3.311,,,,,,,,,,,,,7.256
8097,4.282,4.64,11.32,3.311,,,,,,,,,,,,,7.271
8098,4.282,4.64,11.32,3.311,,,,,,,,,,,,,8.108
8099,4.282,4.64,11.32,3.311,,,,,,,,,,,,,6.337
8100,4.282,4.64,11.32,3.311,,,,,,,,,,,,,7.269
8101,4.282,4.64,11.32,3.311,,,,,,,,,,,,,7.293
8102,4.282,4.64,11.32,3.311,,,,,,,,,,,,,8.563
8103,4.282,4.64,11.32,3.311,,,,,,,,,,,,,6.491
8104,4.282,4.64,11.32,3.311,,,,,,,,,,,,,6.879
8105,4.282,4.64,11.32,3.311,,,,,,,,,,,,,6.259
8106,4.282,4.64,11.32,3.311,,,,,,,,,,,,,7.383
8107,4.282,4.64,11.32,3.311,,,,,,,,,,,,,6.924
8108,4.282,4.64,11.32,3.311,,,,,,,,,,,,,7.939
8109,4.282,4.64,11.32,3.311,,,,,,,,,,,,,6.075
8110,4.282,4.64,11.32,3.311,,,,,,,,,,,,,8.459
8111,4.282,4.64,11.32,3.311,,,,,,,,,,,,,6.198
8112,4.282,4.64,11.32,3.311,,,,,,,,,,,,,7.572
8113,4.282,4.64,11.32,3.311,,,,,,,,,,,,,6.517
8114,4.282,4.64,11.32,3.311,,,,,,,,,,,,,10.023
8115,4.282,4.64,11.32,3.311,,,,,,,,,,,,,4.807
8116,4.282,4.64,11.32,3.311,,,,,,,,,,,,,7.977
8117,4.282,4.64,11.32,3.311,,,,,,,,,,,,,7.064
8118,4.282,4.64,11.32,3.311,,,,,,,,,,,,,5.443
8119,4.282,4.64,11.32,3.311,,,,,,,,,,,,,7.163
8120,4.282,4.64,11.32,3.311,,,,,,,,,,,,,7.355
8121,4.282,4.64,11.32,3.311,,,,,,,,,,,,,7.085
8122,4.282,4.64,11.32,3.311,,,,,,,,,,,,,6.835
8123,4.282,4.64,11.32,3.311,,,,,,,,,,,,,7.148
8124,4.282,4.64,11.32,3.311,,,,,,,,,,,,,7.169
8125,4.282,4.64,11.32,3.311,,,,,,,,,,,,,7.161
8126,4.282,4.64,11.32,3.311,,,,,,,,,,,,,13.291
8127,4.282,4.64,11.32,3.311,,,,,,,,,,,,,4.807
8128,4.282,4.64,11.32,3.311,,,,,,,,,,,,,4.615
8129,4.282,4.64,11.32,3.311,,,,,,,,,,,,,6.95
8130,4.282,4.64,11.32,3.311,,,,,,,,,,,,,8.905
8131,4.282,4.64,11.32,3.311,,,,,,,,,,,,,6.397
8132,4.282,4.64,11.32,3.311,,,,,,,,,,,,,5.651
8133,4.282,4.64,11.32,3.311,,,,,,,,,,,,,8.722
8134,4.282,4.64,11.32,3.311,,,,,,,,,,,,,5.315
8135,4.282,4.64,11.32,3.311,,,,,,,,,,,,,6.909
8136,4.282,4.64,11.32,3.311,,,,,,,,,,,,,7.042
8137,4.282,4.64,11.32,3.311,,,,,,,,,,,,,7.243
8138,4.282,4.64,11.32,3.311,,,,,,,,,,,,,7.151
8139,4.282,4.64,11.32,3.311,,,,,,,,,,,,,7.169
8140,4.282,4.64,11.32,3.311,,,,,,,,,,,,,11.198
8141,4.282,4.64,11.32,3.311,,,,,,,,,,,,,4.307
8142,4.282,4.64,11.32,3.311,,,,,,,,,,,,,6.329
8143,4.282,4.64,11.32,3.311,,,,,,,,,,,,,7.265
8144,4.282,4.64,11.32,3.311,,,,,,,,,,,,,6.62
8145,4.282,4.64,11.32,3.311,,,,,,,,,,,,,9.062
8146,4.282,4.64,11.32,3.311,,,,,,,,,,,,,5.604
8147,4.282,4.64,11.32,3.311,,,,,,,,,,,,,6.701
8148,4.282,4.64,11.32,3.311,,,,,,,,,,,,,7.416
8149,4.282,4.64,11.32,3.311,,,,,,,,,,,,,6.779
8150,4.282,4.64,11.32,3.311,,,,,,,,,,,,,7.018
8151,4.282,4.64,11.32,3.311,,,,,,,,,,,,,7.697
8152,4.282,4.64,11.32,3.311,,,,,,,,,,,,,6.868
8153,4.282,4.64,11.32,3.311,,,,,,,,,,,,,7.373
8154,4.282,4.64,11.32,3.311,,,,,,,,,,,,,6.826
8155,4.282,4.64,11.32,3.311,,,,,,,,,,,,,7.113
8156,4.282,4.64,11.32,3.311,,,,,,,,,,,,,7.136
8157,4.282,4.64,11.32,3.311,,,,,,,,,,,,,7.139
8158,4.282,4.64,11.32,3.311,,,,,,,,,,,,,7.204
8159,4.282,4.64,11.32,3.311,,,,,,,,,,,,,13.917
8160,4.282,4.64,11.32,3.311,,,,,,,,,,,,,4.585
8161,4.282,4.64,11.32,3.311,,,,,,,,,,,,,5.054
8162,4.282,4.64,11.32,3.311,,,,,,,,,,,,,5.596
8163,4.282,4.64,11.32,3.311,,,,,,,,,,,,,29.393
8164,4.282,4.64,11.32,3.311,,,,,,,,,,,,,1.472
8165,4.282,4.64,11.32,3.311,,,,,,,,,,,,,0.979
8166,4.282,4.64,11.32,3.311,,,,,,,,,,,,,0.805
8167,4.282,4.64,11.32,3.311,,,,,,,,,,,,,1.222
8168,4.282,4.64,11.32,3.311,,,,,,,,,,,,,4.738
8169,4.282,4.64,11.32,3.311,,,,,,,,,,,,,5.704
8170,4.282,4.64,11.32,3.311,,,,,,,,,,,,,5.496
8171,4.282,4.64,11.32,3.311,,,,,,,,,,,,,9.569
8172,4.282,4.64,11.32,3.311,,,,,,,,,,,,,6.619
8173,4.282,4.64,11.32,3.311,,,,,,,,,,,,,7.693
8174,4.282,4.64,11.32,3.311,,,,,,,,,,,,,6.126
8175,4.282,4.64,11.32,3.311,,,,,,,,,,,,,8.035
8176,4.282,4.64,11.32,3.311,,,,,,,,,,,,,6.392
8177,4.282,4.64,11.32,3.311,,,,,,,,,,,,,6.914
8182,4.282,4.64,11.32,3.311,,,,,,,,,,,,,7.657
8183,4.282,4.64,11.32,3.311,,,,,,,,,,,,,6.638
8184,4.282,4.64,11.32,3.311,,,,,,,,,,,,,7.208
8185,4.282,4.64,11.32,3.311,,,,,,,,,,,,,7.143
8186,4.282,4.64,11.32,3.311,,,,,,,,,,,,,7.09
8187,4.282,4.64,11.32,3.311,,,,,,,,,,,,,8.5
8188,4.282,4.64,11.32,3.311,,,,,,,,,,,,,11.062
8189,4.282,4.64,11.32,3.311,,,,,,,,,,,,,9.206
8190,4.282,4.64,11.32,3.311,,,,,,,,,,,,,1.787
8191,4.282,4.64,11.32,3.311,,,,,,,,,,,,,4.154
8192,4.282,4.64,11.32,3.311,,,,,,,,,,,,,6.881
8193,4.282,4.64,11.32,3.311,,,,,,,,,,,,,8.936
8194,4.282,4.64,11.32,3.311,,,,,,,,,,,,,6.696
8195,4.282,4.64,11.32,3.311,,,,,,,,,,,,,5.578
8196,4.282,4.64,11.32,3.311,,,,,,,,,,,,,7.462
8197,4.282,4.64,11.32,3.311,,,,,,,,,,,,,5.545
8198,4.282,4.64,11.32,3.311,,,,,,,,,,,,,8.508
8199,4.282,4.64,11.32,3.311,,,,,,,,,,,,,7.478
8200,4.282,4.64,11.32,3.311,,,,,,,,,,,,,6.95
8201,4.282,4.64,11.32,3.311,,,,,,,,,,,,,6.976
8202,4.282,4.64,11.32,3.311,,,,,,,,,,,,,7.23
8203,4.282,4.64,11.32,3.311,,,,,,,,,,,,,7.129
8204,4.282,4.64,11.32,3.311,,,,,,,,,,,,,7.333
8208,4.282,4.64,11.32,3.311,,,,,,,,,,,,,6.981
8209,4.282,4.64,11.32,3.311,,,,,,,,,,,,,7.461
8210,4.282,4.64,11.32,3.311,,,,,,,,,,,,,6.076
8211,4.282,4.64,11.32,3.311,,,,,,,,,,,,,7.429
8212,4.282,4.64,11.32,3.311,,,,,,,,,,,,,7.686
8213,4.282,4.64,11.32,3.311,,,,,,,,,,,,,6.386
8214,4.282,4.64,11.32,3.311,,,,,,,,,,,,,7.173
8215,4.282,4.64,11.32,3.311,,,,,,,,,,,,,7.181
8216,4.282,4.64,11.32,3.311,,,,,,,,,,,,,7.133
8217,4.282,4.64,11.32,3.311,,,,,,,,,,,,,7.185
8218,4.282,4.64,11.32,3.311,,,,,,,,,,,,,7.175
8219,4.282,4.64,11.32,3.311,,,,,,,,,,,,,7.26
8220,4.282,4.64,11.32,3.311,,,,,,,,,,,,,7.158
8221,4.282,4.64,11.32,3.311,,,,,,,,,,,,,7.12
8222,4.282,4.64,11.32,3.311,,,,,,,,,,,,,7.316
8223,4.282,4.64,11.32,3.311,,,,,,,,,,,,,6.859
8224,4.282,4.64,11.32,3.311,,,,,,,,,,,,,7.448
8225,4.282,4.64,11.32,3.311,,,,,,,,,,,,,6.736
8226,4.282,4.64,11.32,3.311,,,,,,,,,,,,,7.444
8227,4.282,4.64,11.32,3.311,,,,,,,,,,,,,6.879
8228,4.282,4.64,11.32,3.311,,,,,,,,,,,,,7.217
8229,4.282,4.64,11.32,3.311,,,,,,,,,,,,,7.581
8230,4.282,4.64,11.32,3.311,,,,,,,,,,,,,6.737
8231,4.282,4.64,11.32,3.311,,,,,,,,,,,,,7.307
8232,4.282,4.64,11.32,3.311,,,,,,,,,,,,,6.988
8233,4.282,4.64,11.32,3.311,,,,,,,,,,,,,10.27
8234,4.282,4.64,11.32,3.311,,,,,,,,,,,,,4.403
8235,4.282,4.64,11.32,3.311,,,,,,,,,,,,,6.039
8236,4.282,4.64,11.32,3.311,,,,,,,,,,,,,9.421
8237,4.282,4.64,11.32,3.311,,,,,,,,,,,,,4.744
8238,4.282,4.64,11.32,3.311,,,,,,,,,,,,,7.338
8239,4.282,4.64,11.32,3.311,,,,,,,,,,,,,7.281
8240,4.282,4.64,11.32,3.311,,,,,,,,,,,,,8.358
8241,4.282,4.64,11.32,3.311,,,,,,,,,,,,,7.091
8242,4.282,4.64,11.32,3.311,,,,,,,,,,,,,5.943
8243,4.282,4.64,11.32,3.311,,,,,,,,,,,,,6.749
8244,4.282,4.64,11.32,3.311,,,,,,,,,,,,,7.909
8245,4.282,4.64,11.32,3.311,,,,,,,,,,,,,10.758
8246,4.282,4.64,11.32,3.311,,,,,,,,,,,,,4.314
8247,4.282,4.64,11.32,3.311,,,,,,,,,,,,,7.005
8248,4.282,4.64,11.32,3.311,,,,,,,,,,,,,13.709
8249,4.282,4.64,11.32,3.311,,,,,,,,,,,,,3.608
8250,4.282,4.64,11.32,3.311,,,,,,,,,,,,,5.421
8251,4.282,4.64,11.32,3.311,,,,,,,,,,,,,3.769
8252,4.282,4.64,11.32,3.311,,,,,,,,,,,,,6.969
8253,4.282,4.64,11.32,3.311,,,,,,,,,,,,,7.965
8254,4.282,4.64,11.32,3.311,,,,,,,,,,,,,6.174
8255,4.282,4.64,11.32,3.311,,,,,,,,,,,,,8.201
8256,4.282,4.64,11.32,3.311,,,,,,,,,,,,,8.847
8257,4.282,4.64,11.32,3.311,,,,,,,,,,,,,5.121
8258,4.282,4.64,11.32,3.312,,,,,,,,,,,,,10.843
8259,4.282,4.64,11.32,3.312,,,,,,,,,,,,,7.291
8260,4.282,4.64,11.32,3.312,,,,,,,,,,,,,36.498
8261,4.282,4.64,11.32,3.312,,,,,,,,,,,,,4.585
8262,4.282,4.64,11.32,3.311,,,,,,,,,,,,,1.191
8263,4.282,4.64,11.32,3.311,,,,,,,,,,,,,0.947
8264,4.282,4.64,11.32,3.311,,,,,,,,,,,,,0.871
8265,4.282,4.64,11.32,3.311,,,,,,,,,,,,,1.257
8266,4.282,4.64,11.32,3.311,,,,,,,,,,,,,3.912
8267,4.282,4.64,11.32,3.311,,,,,,,,,,,,,5.858
8268,4.282,4.64,11.32,3.311,,,,,,,,,,,,,5.367
8269,4.282,4.64,11.32,3.311,,,,,,,,,,,,,4.905
8270,4.282,4.64,11.32,3.311,,,,,,,,,,,,,7.187
8271,4.282,4.64,11.32,3.311,,,,,,,,,,,,,7.29
8272,4.282,4.64,11.32,3.311,,,,,,,,,,,,,6.767
8273,4.282,4.64,11.32,3.311,,,,,,,,,,,,,7.897
8274,4.282,4.64,11.32,3.311,,,,,,,,,,,,,6.203
8275,4.282,4.64,11.32,3.311,,,,,,,,,,,,,7.163
8276,4.282,4.64,11.32,3.311,,,,,,,,,,,,,7.179
8277,4.282,4.64,11.32,3.311,,,,,,,,,,,,,10.226
8278,4.282,4.64,11.32,3.311,,,,,,,,,,,,,4.457
8279,4.282,4.64,11.32,3.311,,,,,,,,,,,,,6.644
8280,4.282,4.64,11.32,3.311,,,,,,,,,,,,,6.567
8281,4.282,4.64,11.32,3.311,,,,,,,,,,,,,7.43
8282,4.282,4.64,11.32,3.311,,,,,,,,,,,,,6.565
8283,4.282,4.64,11.32,3.311,,,,,,,,,,,,,8.301
8284,4.282,4.64,11.32,3.311,,,,,,,,,,,,,5.783
8285,4.282,4.64,11.32,3.311,,,,,,,,,,,,,7.642
8286,4.282,4.64,11.32,3.311,,,,,,,,,,,,,25.998
8287,4.282,4.64,11.32,3.311,,,,,,,,,,,,,20.696
8288,4.282,4.64,11.32,3.311,,,,,,,,,,,,,1.623
8289,4.282,4.64,11.32,3.311,,,,,,,,,,,,,1.142
8290,4.282,4.64,11.32,3.311,,,,,,,,,,,,,24.422
8291,4.282,4.64,11.32,3.311,,,,,,,,,,,,,1.474
8292,4.282,4.64,11.32,3.311,,,,,,,,,,,,,0.942
8293,4.282,4.64,11.32,3.311,,,,,,,,,,,,,0.836
8294,4.282,4.64,11.32,3.311,,,,,,,,,,,,,11.577
8295,4.282,4.64,11.32,3.311,,,,,,,,,,,,,1.556
8296,4.282,4.64,11.32,3.311,,,,,,,,,,,,,1.153
8297,4.282,4.64,11.32,3.311,,,,,,,,,,,,,0.92
8298,4.282,4.64,11.32,3.311,,,,,,,,,,,,,0.768
8299,4.282,4.64,11.32,3.311,,,,,,,,,,,,,1.098
8300,4.282,4.64,11.32,3.311,,,,,,,,,,,,,5.667
8301,4.282,4.64,11.32,3.311,,,,,,,,,,,,,5.006
8302,4.282,4.64,11.32,3.311,,,,,,,,,,,,,4.309
8303,4.282,4.64,11.32,3.311,,,,,,,,,,,,,7.144
8304,4.282,4.64,11.32,3.311,,,,,,,,,,,,,8.228
8305,4.282,4.64,11.32,3.311,,,,,,,,,,,,,5.82
8306,4.282,4.64,11.32,3.311,,,,,,,,,,,,,7.825
8307,4.282,4.64,11.32,3.311,,,,,,,,,,,,,6.731
8308,4.282,4.64,11.32,3.311,,,,,,,,,,,,,8.551
8309,4.282,4.64,11.32,3.311,,,,,,,,,,,,,5.556
8310,4.282,4.64,11.32,3.311,,,,,,,,,,,,,6.955
8311,4.282,4.64,11.32,3.311,,,,,,,,,,,,,7.155
8312,4.282,4.64,11.32,3.311,,,,,,,,,,,,,6.768
8313,4.282,4.64,11.32,3.311,,,,,,,,,,,,,7.016
8314,4.282,4.64,11.32,3.311,,,,,,,,,,,,,7.268
8315,4.282,4.64,11.32,3.311,,,,,,,,,,,,,7.388
8316,4.282,4.64,11.32,3.311,,,,,,,,,,,,,7.451
8317,4.282,4.64,11.32,3.311,,,,,,,,,,,,,6.752
8318,4.282,4.64,11.32,3.311,,,,,,,,,,,,,6.817
8319,4.282,4.64,11.32,3.311,,,,,,,,,,,,,7.15
8320,4.282,4.64,11.32,3.311,,,,,,,,,,,,,7.321
8321,4.282,4.64,11.32,3.311,,,,,,,,,,,,,6.724
8322,4.282,4.64,11.32,3.311,,,,,,,,,,,,,10.346
8323,4.282,4.64,11.32,3.311,,,,,,,,,,,,,4.793
8324,4.282,4.64,11.32,3.311,,,,,,,,,,,,,6.319
8325,4.282,4.64,11.32,3.311,,,,,,,,,,,,,8.809
8326,4.282,4.64,11.32,3.311,,,,,,,,,,,,,5.35
8327,4.282,4.64,11.32,3.311,,,,,,,,,,,,,6.406
8328,4.282,4.64,11.32,3.311,,,,,,,,,,,,,7.181
8329,4.282,4.64,11.32,3.311,,,,,,,,,,,,,8.168
8330,4.282,4.64,11.32,3.311,,,,,,,,,,,,,6.124
8331,4.282,4.64,11.32,3.311,,,,,,,,,,,,,7.477
8332,4.282,4.64,11.32,3.311,,,,,,,,,,,,,6.788
8333,4.282,4.64,11.32,3.311,,,,,,,,,,,,,7.214
8334,4.282,4.64,11.32,3.311,,,,,,,,,,,,,18.327
8335,4.282,4.64,11.32,3.311,,,,,,,,,,,,,14.253
8336,4.282,4.64,11.32,3.311,,,,,,,,,,,,,2.01
8337,4.282,4.64,11.32,3.311,,,,,,,,,,,,,13.522
8338,4.282,4.64,11.32,3.311,,,,,,,,,,,,,2.822
8339,4.282,4.64,11.32,3.311,,,,,,,,,,,,,2.469
8340,4.282,4.64,11.32,3.311,,,,,,,,,,,,,1.681
8341,4.282,4.64,11.32,3.311,,,,,,,,,,,,,1.413
8342,4.282,4.64,11.32,3.311,,,,,,,,,,,,,2.209
8343,4.282,4.64,11.32,3.311,,,,,,,,,,,,,6.922
8344,4.282,4.64,11.32,3.311,,,,,,,,,,,,,7.218
8345,4.282,4.64,11.32,3.311,,,,,,,,,,,,,7.043
8346,4.282,4.64,11.32,3.311,,,,,,,,,,,,,7.265
8347,4.282,4.64,11.32,3.311,,,,,,,,,,,,,7.594
8348,4.282,4.64,11.32,3.311,,,,,,,,,,,,,37.03
8349,4.282,4.64,11.32,3.311,,,,,,,,,,,,,1.579
8350,4.282,4.64,11.32,3.311,,,,,,,,,,,,,1.259
8351,4.282,4.64,11.32,3.311,,,,,,,,,,,,,0.995
8352,4.282,4.641,11.32,3.311,,,,,,,,,,,,,1.017
8353,4.282,4.641,11.32,3.311,,,,,,,,,,,,,1.189
8354,4.282,4.641,11.32,3.311,,,,,,,,,,,,,2.841
8355,4.282,4.641,11.32,3.311,,,,,,,,,,,,,4.819
8356,4.282,4.64,11.32,3.311,,,,,,,,,,,,,9.965
8357,4.282,4.64,11.32,3.311,,,,,,,,,,,,,5.805
8358,4.282,4.64,11.32,3.311,,,,,,,,,,,,,6.139
8359,4.282,4.64,11.32,3.311,,,,,,,,,,,,,7.259
8360,4.282,4.64,11.32,3.311,,,,,,,,,,,,,6.573
8361,4.282,4.64,11.32,3.311,,,,,,,,,,,,,8.084
8362,4.282,4.64,11.32,3.311,,,,,,,,,,,,,6.359
8363,4.282,4.64,11.32,3.311,,,,,,,,,,,,,12.576
8368,4.282,4.64,11.32,3.311,,,,,,,,,,,,,4.308
8369,4.282,4.64,11.32,3.311,,,,,,,,,,,,,4.833
8370,4.282,4.64,11.32,3.311,,,,,,,,,,,,,7.243
8371,4.282,4.64,11.32,3.311,,,,,,,,,,,,,6.933
8372,4.282,4.64,11.32,3.311,,,,,,,,,,,,,7.854
8373,4.282,4.64,11.32,3.311,,,,,,,,,,,,,6.664
8374,4.282,4.64,11.32,3.311,,,,,,,,,,,,,7.221
8375,4.282,4.64,11.32,3.311,,,,,,,,,,,,,7.113
8376,4.282,4.64,11.32,3.311,,,,,,,,,,,,,8.011
8377,4.282,4.64,11.32,3.311,,,,,,,,,,,,,5.8
8378,4.282,4.64,11.32,3.311,,,,,,,,,,,,,7.497
8379,4.282,4.64,11.32,3.311,,,,,,,,,,,,,7.157
8380,4.282,4.64,11.32,3.311,,,,,,,,,,,,,7.464
8381,4.282,4.64,11.32,3.311,,,,,,,,,,,,,6.81
8382,4.282,4.64,11.32,3.311,,,,,,,,,,,,,7.231
8390,4.282,4.64,11.32,3.312,,,,,,,,,,,,,7.336
8391,4.282,4.64,11.32,3.311,,,,,,,,,,,,,6.852
8392,4.282,4.64,11.32,3.311,,,,,,,,,,,,,7.1
8393,4.282,4.64,11.32,3.311,,,,,,,,,,,,,7.439
8394,4.282,4.64,11.32,3.311,,,,,,,,,,,,,6.938
8395,4.282,4.64,11.32,3.311,,,,,,,,,,,,,9.968
8396,4.282,4.64,11.32,3.311,,,,,,,,,,,,,4.244
8397,4.282,4.64,11.32,3.311,,,,,,,,,,,,,13.212
8398,4.282,4.64,11.32,3.311,,,,,,,,,,,,,7.543
8399,4.282,4.64,11.32,3.311,,,,,,,,,,,,,2.438
8400,4.282,4.64,11.32,3.311,,,,,,,,,,,,,5.077
8401,4.282,4.64,11.32,3.311,,,,,,,,,,,,,8.008
8406,4.282,4.64,11.32,3.312,,,,,,,,,,,,,7.431
8407,4.282,4.64,11.32,3.312,,,,,,,,,,,,,8.176
8408,4.282,4.64,11.32,3.312,,,,,,,,,,,,,7.06
8409,4.282,4.64,11.32,3.312,,,,,,,,,,,,,5.858
8410,4.282,4.64,11.32,3.311,,,,,,,,,,,,,7.11
8411,4.282,4.64,11.32,3.311,,,,,,,,,,,,,6.7
8412,4.282,4.64,11.32,3.311,,,,,,,,,,,,,7.186
8413,4.282,4.64,11.32,3.311,,,,,,,,,,,,,7.441
8414,4.282,4.64,11.32,3.311,,,,,,,,,,,,,8.217
8415,4.282,4.64,11.32,3.311,,,,,,,,,,,,,6.384
8416,4.282,4.64,11.32,3.311,,,,,,,,,,,,,6.855
8417,4.282,4.64,11.32,3.311,,,,,,,,,,,,,6.702
8418,4.282,4.64,11.32,3.311,,,,,,,,,,,,,8.984
8419,4.282,4.64,11.32,3.311,,,,,,,,,,,,,9.435
8420,4.282,4.64,11.32,3.311,,,,,,,,,,,,,4.371
8425,4.282,4.64,11.32,3.312,,,,,,,,,,,,,7.154
8426,4.282,4.64,11.32,3.312,,,,,,,,,,,,,6.901
8427,4.282,4.64,11.32,3.312,,,,,,,,,,,,,10.515
8428,4.282,4.64,11.32,3.312,,,,,,,,,,,,,4.825
8429,4.282,4.64,11.32,3.312,,,,,,,,,,,,,8.243
8430,4.282,4.64,11.32,3.312,,,,,,,,,,,,,5.105
8431,4.282,4.64,11.32,3.312,,,,,,,,,,,,,7.432
8432,4.282,4.64,11.32,3.312,,,,,,,,,,,,,10.486
8433,4.282,4.64,11.32,3.312,,,,,,,,,,,,,4.527
8434,4.282,4.64,11.32,3.312,,,,,,,,,,,,,6.541
8435,4.282,4.64,11.32,3.312,,,,,,,,,,,,,6.832
8436,4.282,4.64,11.32,3.312,,,,,,,,,,,,,7.633
8437,4.282,4.64,11.32,3.311,,,,,,,,,,,,,6.59
8438,4.282,4.64,11.32,3.311,,,,,,,,,,,,,7.514
8439,4.282,4.64,11.32,3.311,,,,,,,,,,,,,36.649
8444,4.282,4.64,11.32,3.312,,,,,,,,,,,,,0.13
8445,4.282,4.64,11.32,3.312,,,,,,,,,,,,,4.553
8446,4.282,4.64,11.32,3.312,,,,,,,,,,,,,4.686
8447,4.282,4.64,11.32,3.312,,,,,,,,,,,,,6.398
8448,4.282,4.64,11.32,3.312,,,,,,,,,,,,,8.187
8449,4.282,4.64,11.32,3.312,,,,,,,,,,,,,5.997
8450,4.282,4.64,11.32,3.312,,,,,,,,,,,,,7.078
8451,4.282,4.64,11.32,3.312,,,,,,,,,,,,,7.23
8452,4.282,4.64,11.32,3.312,,,,,,,,,,,,,7.219
8453,4.282,4.64,11.32,3.312,,,,,,,,,,,,,9.92
8454,4.282,4.64,11.32,3.312,,,,,,,,,,,,,4.208
8455,4.282,4.64,11.32,3.312,,,,,,,,,,,,,7.841
8456,4.282,4.64,11.32,3.312,,,,,,,,,,,,,6.573
8457,4.282,4.64,11.32,3.312,,,,,,,,,,,,,11.071
8458,4.282,4.64,11.32,3.312,,,,,,,,,,,,,6.274
8459,4.282,4.64,11.32,3.312,,,,,,,,,,,,,4.361
8460,4.282,4.64,11.32,3.312,,,,,,,,,,,,,7.399
8461,4.282,4.64,11.32,3.312,,,,,,,,,,,,,6.365
8462,4.282,4.64,11.32,3.312,,,,,,,,,,,,,6.278
8463,4.282,4.64,11.32,3.312,,,,,,,,,,,,,7.604
8464,4.282,4.64,11.32,3.312,,,,,,,,,,,,,6.935
8465,4.282,4.64,11.32,3.312,,,,,,,,,,,,,6.71
8466,4.282,4.64,11.32,3.312,,,,,,,,,,,,,8.588
8471,4.282,4.64,11.32,3.312,,,,,,,,,,,,,6.922
8472,4.282,4.64,11.32,3.312,,,,,,,,,,,,,9.189
8473,4.282,4.64,11.32,3.312,,,,,,,,,,,,,5.09
8474,4.282,4.64,11.32,3.312,,,,,,,,,,,,,7.264
8475,4.282,4.64,11.32,3.312,,,,,,,,,,,,,6.934
8476,4.282,4.64,11.32,3.312,,,,,,,,,,,,,7.222
8477,4.282,4.64,11.32,3.312,,,,,,,,,,,,,7.585
8478,4.282,4.64,11.32,3.312,,,,,,,,,,,,,6.875
8479,4.282,4.64,11.32,3.312,,,,,,,,,,,,,7.59
8480,4.282,4.64,11.32,3.312,,,,,,,,,,,,,6.966
8481,4.282,4.64,11.32,3.312,,,,,,,,,,,,,6.993
8486,4.282,4.64,11.32,3.312,,,,,,,,,,,,,8.544
8487,4.282,4.64,11.32,3.312,,,,,,,,,,,,,18.244
8488,4.282,4.64,11.32,3.312,,,,,,,,,,,,,4.418
8489,4.282,4.64,11.32,3.312,,,,,,,,,,,,,1.639
8490,4.282,4.64,11.32,3.312,,,,,,,,,,,,,3.585
8491,4.282,4.64,11.32,3.312,,,,,,,,,,,,,4.355
8492,4.282,4.64,11.32,3.312,,,,,,,,,,,,,6.394
8493,4.282,4.64,11.32,3.312,,,,,,,,,,,,,7.125
8494,4.282,4.64,11.32,3.312,,,,,,,,,,,,,7.211
8495,4.282,4.64,11.32,3.312,,,,,,,,,,,,,6.934
8496,4.282,4.64,11.32,3.312,,,,,,,,,,,,,7.426
8497,4.282,4.64,11.32,3.312,,,,,,,,,,,,,7.23
8498,4.282,4.64,11.32,3.312,,,,,,,,,,,,,7.059
8499,4.282,4.64,11.32,3.312,,,,,,,,,,,,,7.644
8500,4.282,4.64,11.32,3.312,,,,,,,,,,,,,6.726
8501,4.282,4.64,11.32,3.312,,,,,,,,,,,,,10.769
8502,4.282,4.64,11.32,3.312,,,,,,,,,,,,,9.315
8503,4.282,4.64,11.32,3.312,,,,,,,,,,,,,4.437
8504,4.282,4.64,11.32,3.312,,,,,,,,,,,,,5.339
8505,4.282,4.64,11.32,3.312,,,,,,,,,,,,,7.417
8506,4.282,4.64,11.32,3.312,,,,,,,,,,,,,5.445
8507,4.282,4.64,11.32,3.312,,,,,,,,,,,,,7.606
8508,4.282,4.64,11.32,3.312,,,,,,,,,,,,,6.326
8509,4.282,4.64,11.32,3.312,,,,,,,,,,,,,8.067
8510,4.282,4.64,11.32,3.312,,,,,,,,,,,,,6.335
8511,4.282,4.64,11.32,3.312,,,,,,,,,,,,,7.437
8512,4.282,4.64,11.32,3.312,,,,,,,,,,,,,6.974
8513,4.282,4.64,11.32,3.312,,,,,,,,,,,,,7.19
8514,4.282,4.64,11.32,3.312,,,,,,,,,,,,,7.269
8515,4.282,4.64,11.32,3.312,,,,,,,,,,,,,7.094
8516,4.282,4.64,11.32,3.312,,,,,,,,,,,,,9.231
8517,4.282,4.64,11.32,3.312,,,,,,,,,,,,,5.019
8518,4.282,4.64,11.32,3.312,,,,,,,,,,,,,7.694
8519,4.282,4.64,11.32,3.312,,,,,,,,,,,,,6.737
8520,4.282,4.64,11.32,3.312,,,,,,,,,,,,,7.171
8521,4.282,4.64,11.32,3.312,,,,,,,,,,,,,7.715
8522,4.282,4.64,11.32,3.312,,,,,,,,,,,,,6.277
8523,4.282,4.64,11.32,3.312,,,,,,,,,,,,,7.891
8524,4.282,4.64,11.32,3.312,,,,,,,,,,,,,6.4
8525,4.282,4.64,11.32,3.312,,,,,,,,,,,,,6.921
8526,4.282,4.64,11.32,3.312,,,,,,,,,,,,,7.177
8527,4.282,4.64,11.32,3.312,,,,,,,,,,,,,6.687
8528,4.282,4.64,11.32,3.312,,,,,,,,,,,,,7.139
8529,4.282,4.64,11.32,3.312,,,,,,,,,,,,,7.75
8530,4.282,4.64,11.32,3.312,,,,,,,,,,,,,6.654
8531,4.282,4.64,11.32,3.312,,,,,,,,,,,,,7.753
8532,4.282,4.64,11.32,3.312,,,,,,,,,,,,,7.116
8533,4.282,4.64,11.32,3.312,,,,,,,,,,,,,6.851
8534,4.282,4.64,11.32,3.312,,,,,,,,,,,,,7.079
8535,4.282,4.64,11.32,3.312,,,,,,,,,,,,,7.12
8536,4.282,4.64,11.32,3.312,,,,,,,,,,,,,31.023
8537,4.282,4.64,11.32,3.312,,,,,,,,,,,,,4.052
8538,4.282,4.64,11.32,3.312,,,,,,,,,,,,,1.798
8539,4.282,4.64,11.32,3.312,,,,,,,,,,,,,1.053
8540,4.282,4.64,11.32,3.312,,,,,,,,,,,,,0.855
8541,4.282,4.64,11.32,3.312,,,,,,,,,,,,,1.226
8542,4.282,4.64,11.32,3.312,,,,,,,,,,,,,5.022
8543,4.282,4.64,11.32,3.312,,,,,,,,,,,,,7.297
8544,4.282,4.64,11.32,3.312,,,,,,,,,,,,,7.061
8545,4.282,4.64,11.32,3.312,,,,,,,,,,,,,11.508
8546,4.282,4.64,11.32,3.312,,,,,,,,,,,,,7.451
8547,4.282,4.64,11.32,3.312,,,,,,,,,,,,,8.099
8548,4.282,4.64,11.32,3.312,,,,,,,,,,,,,12.939
8549,4.282,4.64,11.32,3.312,,,,,,,,,,,,,7.339
8550,4.282,4.64,11.32,3.312,,,,,,,,,,,,,2.199
8551,4.282,4.64,11.32,3.312,,,,,,,,,,,,,5.452
8552,4.282,4.64,11.32,3.312,,,,,,,,,,,,,7.353
8553,4.282,4.64,11.32,3.312,,,,,,,,,,,,,6.997
8554,4.282,4.64,11.32,3.312,,,,,,,,,,,,,7.226
8555,4.282,4.64,11.32,3.312,,,,,,,,,,,,,7.115
8556,4.282,4.64,11.32,3.312,,,,,,,,,,,,,6.65
8557,4.282,4.64,11.32,3.312,,,,,,,,,,,,,7.573
8558,4.282,4.64,11.32,3.312,,,,,,,,,,,,,6.746
8559,4.282,4.64,11.32,3.312,,,,,,,,,,,,,8.231
8560,4.282,4.64,11.32,3.312,,,,,,,,,,,,,5.916
8561,4.282,4.64,11.32,3.312,,,,,,,,,,,,,6.867
8562,4.282,4.64,11.32,3.312,,,,,,,,,,,,,7.102
8563,4.282,4.64,11.32,3.312,,,,,,,,,,,,,8.03
8564,4.282,4.64,11.32,3.312,,,,,,,,,,,,,7.885
8565,4.282,4.64,11.32,3.312,,,,,,,,,,,,,7.706
8566,4.282,4.64,11.32,3.312,,,,,,,,,,,,,5.085
8567,4.282,4.64,11.32,3.312,,,,,,,,,,,,,8.518
8568,4.282,4.64,11.32,3.312,,,,,,,,,,,,,5.64
8569,4.282,4.64,11.32,3.312,,,,,,,,,,,,,7.142
8570,4.282,4.64,11.32,3.312,,,,,,,,,,,,,7.42
8571,4.282,4.64,11.32,3.312,,,,,,,,,,,,,7.256
8572,4.282,4.64,11.32,3.312,,,,,,,,,,,,,7.189
8573,4.282,4.64,11.32,3.312,,,,,,,,,,,,,9.02
8574,4.282,4.64,11.32,3.312,,,,,,,,,,,,,6.866
8575,4.282,4.64,11.32,3.312,,,,,,,,,,,,,6.01
8576,4.282,4.64,11.32,3.312,,,,,,,,,,,,,11.517
8577,4.282,4.64,11.32,3.312,,,,,,,,,,,,,4.298
8578,4.282,4.64,11.32,3.312,,,,,,,,,,,,,5.092
8579,4.282,4.64,11.32,3.312,,,,,,,,,,,,,7.286
8580,4.282,4.64,11.32,3.312,,,,,,,,,,,,,10.415
8581,4.282,4.64,11.32,3.312,,,,,,,,,,,,,4.514
8582,4.282,4.64,11.32,3.312,,,,,,,,,,,,,5.55
8583,4.282,4.64,11.32,3.312,,,,,,,,,,,,,7.129
8584,4.282,4.64,11.32,3.312,,,,,,,,,,,,,7.312
8585,4.282,4.64,11.32,3.312,,,,,,,,,,,,,7.917
8586,4.282,4.64,11.32,3.312,,,,,,,,,,,,,49.495
8587,4.282,4.64,11.32,3.312,,,,,,,,,,,,,5.963
8588,4.282,4.64,11.32,3.312,,,,,,,,,,,,,1.712
8589,4.282,4.64,11.32,3.312,,,,,,,,,,,,,1.708
8590,4.282,4.64,11.32,3.312,,,,,,,,,,,,,0.986
8591,4.282,4.64,11.32,3.312,,,,,,,,,,,,,0.787
8592,4.282,4.64,11.32,3.312,,,,,,,,,,,,,1.059
8593,4.282,4.641,11.32,3.312,,,,,,,,,,,,,2.062
8594,4.282,4.641,11.32,3.312,,,,,,,,,,,,,0.954
8595,4.282,4.641,11.32,3.312,,,,,,,,,,,,,0.887
8596,4.282,4.641,11.32,3.312,,,,,,,,,,,,,2.772
8597,4.282,4.641,11.32,3.312,,,,,,,,,,,,,6.759
8598,4.282,4.641,11.32,3.312,,,,,,,,,,,,,7.196
8599,4.282,4.641,11.32,3.312,,,,,,,,,,,,,7.174
8600,4.282,4.641,11.32,3.312,,,,,,,,,,,,,7.647
8601,4.282,4.641,11.32,3.312,,,,,,,,,,,,,6.685
8606,4.282,4.64,11.32,3.312,,,,,,,,,,,,,4.265
8607,4.282,4.64,11.32,3.312,,,,,,,,,,,,,9.988
8608,4.282,4.64,11.32,3.312,,,,,,,,,,,,,4.333
8609,4.282,4.64,11.32,3.312,,,,,,,,,,,,,4.797
8610,4.282,4.64,11.32,3.312,,,,,,,,,,,,,8.931
8611,4.282,4.64,11.32,3.312,,,,,,,,,,,,,6.244
8612,4.282,4.64,11.32,3.312,,,,,,,,,,,,,6.238
8613,4.282,4.64,11.32,3.312,,,,,,,,,,,,,8.174
8614,4.282,4.64,11.32,3.312,,,,,,,,,,,,,5.652
8615,4.282,4.64,11.32,3.312,,,,,,,,,,,,,11.036
8616,4.282,4.64,11.32,3.312,,,,,,,,,,,,,4.573
8617,4.282,4.64,11.32,3.312,,,,,,,,,,,,,14.013
8618,4.282,4.64,11.32,3.312,,,,,,,,,,,,,6.009
8619,4.282,4.64,11.32,3.312,,,,,,,,,,,,,1.617
8620,4.282,4.64,11.32,3.312,,,,,,,,,,,,,4.072
8625,4.282,4.64,11.32,3.312,,,,,,,,,,,,,0.119
8626,4.282,4.64,11.32,3.312,,,,,,,,,,,,,1.49
8627,4.282,4.64,11.32,3.312,,,,,,,,,,,,,0.877
8628,4.282,4.64,11.32,3.312,,,,,,,,,,,,,3.297
8629,4.282,4.64,11.32,3.312,,,,,,,,,,,,,9.23
8633,4.282,4.64,11.32,3.312,,,,,,,,,,,,,9.094
8634,4.282,4.64,11.32,3.312,,,,,,,,,,,,,5.726
8635,4.282,4.64,11.32,3.312,,,,,,,,,,,,,6.917
8636,4.282,4.64,11.32,3.312,,,,,,,,,,,,,7.177
8637,4.282,4.64,11.32,3.312,,,,,,,,,,,,,11.783
8638,4.282,4.64,11.32,3.312,,,,,,,,,,,,,4.384
8639,4.282,4.64,11.32,3.312,,,,,,,,,,,,,4.737
8640,4.282,4.64,11.32,3.312,,,,,,,,,,,,,7.268
8641,4.282,4.64,11.32,3.312,,,,,,,,,,,,,7.399
8642,4.282,4.64,11.32,3.312,,,,,,,,,,,,,7.952
8643,4.282,4.64,11.32,3.312,,,,,,,,,,,,,6.912
8644,4.282,4.64,11.32,3.312,,,,,,,,,,,,,6.636
8645,4.282,4.64,11.32,3.312,,,,,,,,,,,,,7.186
8646,4.282,4.64,11.32,3.312,,,,,,,,,,,,,14.115
8647,4.282,4.64,11.32,3.312,,,,,,,,,,,,,4.618
8648,4.282,4.64,11.32,3.312,,,,,,,,,,,,,4.258
8649,4.282,4.64,11.32,3.312,,,,,,,,,,,,,5.112
8650,4.282,4.64,11.32,3.312,,,,,,,,,,,,,7.992
8651,4.282,4.64,11.32,3.312,,,,,,,,,,,,,6.64
8652,4.282,4.64,11.32,3.312,,,,,,,,,,,,,11.05
8653,4.282,4.64,11.32,3.312,,,,,,,,,,,,,4.346
8654,4.282,4.64,11.32,3.312,,,,,,,,,,,,,6.745
8655,4.282,4.64,11.32,3.312,,,,,,,,,,,,,6.058
8656,4.282,4.64,11.32,3.312,,,,,,,,,,,,,7.555
8657,4.282,4.64,11.32,3.312,,,,,,,,,,,,,15.349
8658,4.282,4.64,11.32,3.312,,,,,,,,,,,,,16.105
8659,4.282,4.64,11.32,3.312,,,,,,,,,,,,,1.697
8660,4.282,4.64,11.32,3.312,,,,,,,,,,,,,14.623
8661,4.282,4.64,11.32,3.312,,,,,,,,,,,,,1.606
8662,4.282,4.64,11.32,3.312,,,,,,,,,,,,,12.441
8663,4.282,4.64,11.32,3.312,,,,,,,,,,,,,1.758
8664,4.282,4.64,11.32,3.312,,,,,,,,,,,,,1.357
8665,4.282,4.64,11.32,3.312,,,,,,,,,,,,,13.296
8666,4.282,4.64,11.32,3.312,,,,,,,,,,,,,2.041
8667,4.282,4.64,11.32,3.312,,,,,,,,,,,,,12.406
8668,4.282,4.64,11.32,3.312,,,,,,,,,,,,,1.621
8669,4.282,4.64,11.32,3.312,,,,,,,,,,,,,1.129
8670,4.282,4.64,11.32,3.312,,,,,,,,,,,,,12.876
8671,4.282,4.64,11.32,3.312,,,,,,,,,,,,,2.013
8672,4.282,4.64,11.32,3.312,,,,,,,,,,,,,8.676
8677,4.282,4.64,11.32,3.312,,,,,,,,,,,,,6.916
8678,4.282,4.64,11.32,3.312,,,,,,,,,,,,,8.356
8679,4.282,4.64,11.32,3.312,,,,,,,,,,,,,5.715
8680,4.282,4.64,11.32,3.312,,,,,,,,,,,,,7.57
8685,4.282,4.64,11.32,3.312,,,,,,,,,,,,,6.394
8686,4.282,4.64,11.32,3.312,,,,,,,,,,,,,6.358
8687,4.282,4.64,11.32,3.312,,,,,,,,,,,,,7.291
8688,4.282,4.64,11.32,3.312,,,,,,,,,,,,,8.948
8689,4.282,4.64,11.32,3.312,,,,,,,,,,,,,8.961
8690,4.282,4.64,11.32,3.312,,,,,,,,,,,,,24.329
8691,4.282,4.64,11.32,3.312,,,,,,,,,,,,,5.077
8692,4.282,4.64,11.32,3.312,,,,,,,,,,,,,1.595
8693,4.282,4.64,11.32,3.312,,,,,,,,,,,,,1.068
8694,4.282,4.64,11.32,3.312,,,,,,,,,,,,,1
8695,4.282,4.64,11.32,3.312,,,,,,,,,,,,,1.285
8696,4.282,4.64,11.32,3.312,,,,,,,,,,,,,7.912
8697,4.282,4.64,11.32,3.312,,,,,,,,,,,,,7.091
8698,4.282,4.64,11.32,3.312,,,,,,,,,,,,,8.33
8699,4.282,4.64,11.32,3.312,,,,,,,,,,,,,6.838
8700,4.282,4.64,11.32,3.312,,,,,,,,,,,,,3.553
8701,4.282,4.64,11.32,3.312,,,,,,,,,,,,,9.592
8702,4.282,4.64,11.32,3.312,,,,,,,,,,,,,9.272
8703,4.282,4.64,11.32,3.312,,,,,,,,,,,,,6.667
8708,4.282,4.64,11.32,3.312,,,,,,,,,,,,,8.388
8709,4.282,4.64,11.32,3.312,,,,,,,,,,,,,5.587
8710,4.282,4.64,11.32,3.312,,,,,,,,,,,,,8.94
8711,4.282,4.64,11.32,3.312,,,,,,,,,,,,,5.765
8712,4.282,4.64,11.32,3.312,,,,,,,,,,,,,11.411
8713,4.282,4.64,11.32,3.312,,,,,,,,,,,,,4.229
8714,4.282,4.64,11.32,3.312,,,,,,,,,,,,,8.732
8715,4.282,4.64,11.32,3.312,,,,,,,,,,,,,5.263
8716,4.282,4.64,11.32,3.312,,,,,,,,,,,,,5.459
8717,4.282,4.64,11.32,3.312,,,,,,,,,,,,,8.276
8718,4.282,4.64,11.32,3.312,,,,,,,,,,,,,6.337
8719,4.282,4.64,11.32,3.312,,,,,,,,,,,,,7.324
8720,4.282,4.64,11.32,3.312,,,,,,,,,,,,,7.226
8721,4.282,4.64,11.32,3.312,,,,,,,,,,,,,8.041
8722,4.282,4.64,11.32,3.312,,,,,,,,,,,,,7.992
8728,4.282,4.64,11.32,3.312,,,,,,,,,,,,,0.15
8729,4.282,4.64,11.32,3.312,,,,,,,,,,,,,1.396
8730,4.282,4.64,11.32,3.312,,,,,,,,,,,,,3.193
8731,4.282,4.64,11.32,3.312,,,,,,,,,,,,,7.21
8736,4.282,4.64,11.32,3.312,,,,,,,,,,,,,4.429
8737,4.282,4.64,11.32,3.312,,,,,,,,,,,,,4.842
8738,4.282,4.64,11.32,3.312,,,,,,,,,,,,,7.575
8739,4.282,4.64,11.32,3.312,,,,,,,,,,,,,7.648
8740,4.282,4.64,11.32,3.312,,,,,,,,,,,,,6.289
8741,4.282,4.64,11.32,3.312,,,,,,,,,,,,,7.913
8742,4.282,4.64,11.32,3.312,,,,,,,,,,,,,9.731
8743,4.282,4.64,11.32,3.312,,,,,,,,,,,,,4.368
8744,4.282,4.64,11.32,3.312,,,,,,,,,,,,,6.734
8745,4.282,4.64,11.32,3.312,,,,,,,,,,,,,8.581
8746,4.282,4.64,11.32,3.312,,,,,,,,,,,,,5.438
8747,4.282,4.64,11.32,3.312,,,,,,,,,,,,,7.487
8748,4.282,4.64,11.32,3.312,,,,,,,,,,,,,7.433
8749,4.282,4.64,11.32,3.312,,,,,,,,,,,,,6.897
8750,4.282,4.641,11.32,3.312,,,,,,,,,,,,,7.352
8751,4.282,4.641,11.32,3.312,,,,,,,,,,,,,6.921
8752,4.282,4.641,11.32,3.312,,,,,,,,,,,,,7.248
8753,4.282,4.641,11.32,3.312,,,,,,,,,,,,,6.898
8754,4.282,4.64,11.32,3.312,,,,,,,,,,,,,7.174
8755,4.282,4.64,11.32,3.312,,,,,,,,,,,,,7.527
8756,4.282,4.64,11.32,3.312,,,,,,,,,,,,,6.876
8757,4.282,4.64,11.32,3.312,,,,,,,,,,,,,7.281
8758,4.282,4.64,11.32,3.312,,,,,,,,,,,,,8.569
8759,4.282,4.64,11.32,3.312,,,,,,,,,,,,,5.621
8760,4.282,4.64,11.32,3.312,,,,,,,,,,,,,7.108
8761,4.282,4.64,11.32,3.312,,,,,,,,,,,,,7.203
8762,4.282,4.64,11.32,3.312,,,,,,,,,,,,,7.167
8763,4.282,4.64,11.32,3.312,,,,,,,,,,,,,7.179
8764,4.282,4.64,11.32,3.312,,,,,,,,,,,,,7.092
8765,4.282,4.641,11.32,3.312,,,,,,,,,,,,,10.563
8766,4.282,4.641,11.32,3.312,,,,,,,,,,,,,4.388
8767,4.282,4.641,11.32,3.312,,,,,,,,,,,,,6.123
8768,4.282,4.641,11.32,3.312,,,,,,,,,,,,,7.163
8769,4.282,4.64,11.32,3.312,,,,,,,,,,,,,7.781
8770,4.282,4.64,11.32,3.312,,,,,,,,,,,,,7.59
8771,4.282,4.64,11.32,3.312,,,,,,,,,,,,,9.231
8772,4.282,4.64,11.32,3.312,,,,,,,,,,,,,4.591
8773,4.282,4.64,11.32,3.312,,,,,,,,,,,,,6.735
8774,4.282,4.64,11.32,3.312,,,,,,,,,,,,,6.707
8775,4.282,4.64,11.32,3.312,,,,,,,,,,,,,6.525
8776,4.282,4.64,11.32,3.312,,,,,,,,,,,,,7.756
8777,4.282,4.64,11.32,3.312,,,,,,,,,,,,,7.616
8778,4.282,4.64,11.32,3.312,,,,,,,,,,,,,6.246
8779,4.282,4.64,11.32,3.312,,,,,,,,,,,,,7.027
8780,4.282,4.64,11.32,3.312,,,,,,,,,,,,,6.939
8781,4.282,4.64,11.32,3.312,,,,,,,,,,,,,7.916
8782,4.282,4.64,11.32,3.312,,,,,,,,,,,,,10.792
8783,4.282,4.64,11.32,3.312,,,,,,,,,,,,,4.835
8784,4.282,4.64,11.32,3.312,,,,,,,,,,,,,5.831
8785,4.282,4.64,11.32,3.312,,,,,,,,,,,,,6.238
8786,4.282,4.64,11.32,3.312,,,,,,,,,,,,,22.584
8787,4.282,4.64,11.32,3.312,,,,,,,,,,,,,5.067
8788,4.282,4.64,11.32,3.312,,,,,,,,,,,,,1.431
8789,4.282,4.64,11.32,3.312,,,,,,,,,,,,,0.9
8790,4.282,4.64,11.32,3.312,,,,,,,,,,,,,2.714
8791,4.282,4.64,11.32,3.312,,,,,,,,,,,,,7.22
8792,4.282,4.64,11.32,3.312,,,,,,,,,,,,,7.159
8793,4.282,4.64,11.32,3.312,,,,,,,,,,,,,7.662
8794,4.282,4.64,11.32,3.312,,,,,,,,,,,,,8.224
8795,4.282,4.64,11.32,3.312,,,,,,,,,,,,,5.355
8796,4.282,4.64,11.32,3.312,,,,,,,,,,,,,7.205
8797,4.282,4.64,11.32,3.312,,,,,,,,,,,,,7.938
8798,4.282,4.64,11.32,3.312,,,,,,,,,,,,,6.425
8799,4.282,4.64,11.32,3.312,,,,,,,,,,,,,10.353
8800,4.282,4.64,11.32,3.312,,,,,,,,,,,,,4.871
8801,4.282,4.64,11.32,3.312,,,,,,,,,,,,,9.557
8802,4.282,4.64,11.32,3.312,,,,,,,,,,,,,4.848
8803,4.282,4.64,11.32,3.312,,,,,,,,,,,,,5.637
8804,4.282,4.64,11.32,3.312,,,,,,,,,,,,,9.625
8805,4.282,4.64,11.32,3.312,,,,,,,,,,,,,5.991
8806,4.282,4.64,11.32,3.312,,,,,,,,,,,,,5.622
8807,4.282,4.64,11.32,3.312,,,,,,,,,,,,,7.466
8812,4.282,4.64,11.32,3.312,,,,,,,,,,,,,7.189
8813,4.282,4.64,11.32,3.312,,,,,,,,,,,,,7.419
8814,4.282,4.64,11.32,3.312,,,,,,,,,,,,,7.23
8815,4.282,4.64,11.32,3.312,,,,,,,,,,,,,7.038
8816,4.282,4.64,11.32,3.312,,,,,,,,,,,,,10.329
8817,4.282,4.64,11.32,3.312,,,,,,,,,,,,,4.325
8818,4.282,4.64,11.32,3.312,,,,,,,,,,,,,31.246
8819,4.282,4.64,11.32,3.312,,,,,,,,,,,,,1.752
8820,4.282,4.64,11.32,3.312,,,,,,,,,,,,,1.037
8821,4.282,4.64,11.32,3.312,,,,,,,,,,,,,1.239
8822,4.282,4.64,11.32,3.312,,,,,,,,,,,,,1.065
8823,4.282,4.64,11.32,3.312,,,,,,,,,,,,,1.099
8824,4.282,4.64,11.32,3.312,,,,,,,,,,,,,6.269
8825,4.282,4.64,11.32,3.312,,,,,,,,,,,,,7.264
8826,4.282,4.64,11.32,3.312,,,,,,,,,,,,,7.068
8827,4.282,4.641,11.32,3.312,,,,,,,,,,,,,7.275
8828,4.282,4.641,11.32,3.312,,,,,,,,,,,,,7.19
8829,4.282,4.641,11.32,3.312,,,,,,,,,,,,,9.199
8830,4.282,4.641,11.32,3.312,,,,,,,,,,,,,5.311
8831,4.282,4.64,11.32,3.312,,,,,,,,,,,,,7.231
8832,4.282,4.64,11.32,3.312,,,,,,,,,,,,,8.962
8833,4.282,4.64,11.32,3.312,,,,,,,,,,,,,9.697
8834,4.282,4.64,11.32,3.312,,,,,,,,,,,,,7.948
8835,4.282,4.64,11.32,3.312,,,,,,,,,,,,,5.888
8836,4.282,4.64,11.32,3.312,,,,,,,,,,,,,7.621
8837,4.282,4.64,11.32,3.312,,,,,,,,,,,,,6.707
8838,4.282,4.64,11.32,3.312,,,,,,,,,,,,,7.159
8842,4.282,4.64,11.32,3.312,,,,,,,,,,,,,7.269
8843,4.282,4.64,11.32,3.312,,,,,,,,,,,,,7.135
8844,4.282,4.64,11.32,3.312,,,,,,,,,,,,,7.177
8845,4.282,4.64,11.32,3.312,,,,,,,,,,,,,7.111
8846,4.282,4.64,11.32,3.312,,,,,,,,,,,,,6.978
8847,4.282,4.64,11.32,3.312,,,,,,,,,,,,,9.772
8848,4.282,4.64,11.32,3.312,,,,,,,,,,,,,5.802
8849,4.282,4.64,11.32,3.312,,,,,,,,,,,,,5.876
8850,4.282,4.64,11.32,3.312,,,,,,,,,,,,,7.773
8851,4.282,4.64,11.32,3.312,,,,,,,,,,,,,6.753
8852,4.282,4.64,11.32,3.312,,,,,,,,,,,,,6.646
8853,4.282,4.64,11.32,3.312,,,,,,,,,,,,,8.592
8854,4.282,4.64,11.32,3.312,,,,,,,,,,,,,5.876
8855,4.282,4.64,11.32,3.312,,,,,,,,,,,,,7.104
8856,4.282,4.64,11.32,3.312,,,,,,,,,,,,,7.234
8857,4.282,4.64,11.32,3.312,,,,,,,,,,,,,7.355
8858,4.282,4.64,11.32,3.312,,,,,,,,,,,,,7.109
8859,4.282,4.64,11.32,3.312,,,,,,,,,,,,,6.729
8860,4.282,4.64,11.32,3.312,,,,,,,,,,,,,7.477
8861,4.282,4.64,11.32,3.312,,,,,,,,,,,,,7.798
8862,4.282,4.64,11.32,3.312,,,,,,,,,,,,,6.48
8863,4.282,4.64,11.32,3.312,,,,,,,,,,,,,7.495
8864,4.282,4.64,11.32,3.312,,,,,,,,,,,,,7.151
8865,4.282,4.64,11.32,3.312,,,,,,,,,,,,,7.195
8866,4.282,4.64,11.32,3.312,,,,,,,,,,,,,12.455
8867,4.282,4.64,11.32,3.312,,,,,,,,,,,,,5.175
8868,4.282,4.64,11.32,3.312,,,,,,,,,,,,,8.996
8869,4.282,4.64,11.32,3.312,,,,,,,,,,,,,4.376
8870,4.282,4.64,11.32,3.312,,,,,,,,,,,,,4.505
8871,4.282,4.64,11.32,3.312,,,,,,,,,,,,,8.099
8872,4.282,4.64,11.32,3.312,,,,,,,,,,,,,7.591
8873,4.282,4.64,11.32,3.312,,,,,,,,,,,,,6.349
8874,4.282,4.64,11.32,3.312,,,,,,,,,,,,,8.52
8875,4.282,4.64,11.32,3.312,,,,,,,,,,,,,9.209
8876,4.282,4.64,11.32,3.312,,,,,,,,,,,,,4.532
8877,4.282,4.64,11.32,3.312,,,,,,,,,,,,,6.47
8878,4.282,4.64,11.32,3.312,,,,,,,,,,,,,6.656
8879,4.282,4.64,11.32,3.312,,,,,,,,,,,,,7.504
8880,4.282,4.64,11.32,3.312,,,,,,,,,,,,,6.967
8881,4.282,4.64,11.32,3.312,,,,,,,,,,,,,7.379
8882,4.282,4.64,11.32,3.312,,,,,,,,,,,,,7.563
8883,4.282,4.641,11.32,3.312,,,,,,,,,,,,,6.681
8884,4.282,4.641,11.32,3.312,,,,,,,,,,,,,7.317
8885,4.282,4.641,11.32,3.312,,,,,,,,,,,,,7.044
8886,4.282,4.641,11.32,3.312,,,,,,,,,,,,,7.131
8887,4.282,4.64,11.32,3.312,,,,,,,,,,,,,7.61
8888,4.282,4.64,11.32,3.312,,,,,,,,,,,,,8.709
8889,4.282,4.64,11.32,3.312,,,,,,,,,,,,,5.904
8890,4.282,4.64,11.32,3.312,,,,,,,,,,,,,17.243
8891,4.282,4.64,11.32,3.312,,,,,,,,,,,,,6.597
8892,4.282,4.64,11.32,3.312,,,,,,,,,,,,,1.342
8893,4.282,4.64,11.32,3.312,,,,,,,,,,,,,8.385
8894,4.282,4.64,11.32,3.312,,,,,,,,,,,,,4.384
8895,4.282,4.64,11.32,3.312,,,,,,,,,,,,,4.668
8896,4.282,4.64,11.32,3.312,,,,,,,,,,,,,5.363
8897,4.282,4.64,11.32,3.312,,,,,,,,,,,,,7.248
8898,4.282,4.64,11.32,3.312,,,,,,,,,,,,,9.102
8899,4.282,4.64,11.32,3.312,,,,,,,,,,,,,5.052
8900,4.282,4.64,11.32,3.312,,,,,,,,,,,,,7.631
8901,4.282,4.64,11.32,3.312,,,,,,,,,,,,,7.283
8902,4.282,4.64,11.32,3.312,,,,,,,,,,,,,6.847
8903,4.282,4.64,11.32,3.312,,,,,,,,,,,,,7.242
8904,4.282,4.64,11.32,3.312,,,,,,,,,,,,,7.414
8905,4.282,4.64,11.32,3.312,,,,,,,,,,,,,8.022
8906,4.282,4.641,11.32,3.312,,,,,,,,,,,,,6.016
8907,4.282,4.641,11.32,3.312,,,,,,,,,,,,,6.871
8908,4.282,4.641,11.32,3.312,,,,,,,,,,,,,7.238
8909,4.282,4.641,11.32,3.312,,,,,,,,,,,,,7.415
8910,4.282,4.641,11.32,3.312,,,,,,,,,,,,,7.773
8911,4.282,4.641,11.32,3.312,,,,,,,,,,,,,6.335
8912,4.282,4.641,11.32,3.312,,,,,,,,,,,,,7.482
8913,4.282,4.641,11.32,3.312,,,,,,,,,,,,,6.852
8914,4.282,4.64,11.32,3.312,,,,,,,,,,,,,7.477
8915,4.282,4.64,11.32,3.312,,,,,,,,,,,,,7.041
8916,4.282,4.64,11.32,3.312,,,,,,,,,,,,,7.082
8917,4.282,4.64,11.32,3.312,,,,,,,,,,,,,6.818
8918,4.282,4.64,11.32,3.312,,,,,,,,,,,,,7.221
8919,4.282,4.64,11.32,3.312,,,,,,,,,,,,,39.112
8920,4.282,4.64,11.32,3.312,,,,,,,,,,,,,4.309
8921,4.282,4.64,11.32,3.312,,,,,,,,,,,,,1.27
8922,4.282,4.64,11.32,3.312,,,,,,,,,,,,,0.88
8923,4.282,4.64,11.32,3.312,,,,,,,,,,,,,0.783
8924,4.282,4.64,11.32,3.312,,,,,,,,,,,,,1.06
8925,4.282,4.64,11.32,3.312,,,,,,,,,,,,,1.103
8926,4.282,4.64,11.32,3.312,,,,,,,,,,,,,3.752
8927,4.282,4.64,11.32,3.312,,,,,,,,,,,,,7.685
8928,4.282,4.64,11.32,3.312,,,,,,,,,,,,,5.822
8929,4.282,4.64,11.32,3.312,,,,,,,,,,,,,6.964
8930,4.282,4.64,11.32,3.312,,,,,,,,,,,,,7.428
8931,4.282,4.64,11.32,3.312,,,,,,,,,,,,,7.138
8932,4.282,4.64,11.32,3.312,,,,,,,,,,,,,6.856
8933,4.282,4.641,11.32,3.312,,,,,,,,,,,,,7.137
8934,4.282,4.641,11.32,3.312,,,,,,,,,,,,,8.234
8935,4.282,4.641,11.32,3.312,,,,,,,,,,,,,5.539
8936,4.282,4.641,11.32,3.312,,,,,,,,,,,,,7.749
8937,4.282,4.64,11.32,3.312,,,,,,,,,,,,,6.803
8938,4.282,4.64,11.32,3.312,,,,,,,,,,,,,6.794
8939,4.282,4.64,11.32,3.312,,,,,,,,,,,,,7.213
8940,4.282,4.64,11.32,3.312,,,,,,,,,,,,,7.602
8941,4.282,4.64,11.32,3.312,,,,,,,,,,,,,6.665
8946,4.282,4.64,11.32,3.312,,,,,,,,,,,,,6.875
8947,4.282,4.64,11.32,3.312,,,,,,,,,,,,,7.232
8948,4.282,4.64,11.32,3.312,,,,,,,,,,,,,8.72
8949,4.282,4.64,11.32,3.312,,,,,,,,,,,,,5.741
8950,4.282,4.64,11.32,3.312,,,,,,,,,,,,,7.547
8951,4.282,4.64,11.32,3.312,,,,,,,,,,,,,8.222
8952,4.282,4.64,11.32,3.312,,,,,,,,,,,,,7.045
8953,4.282,4.64,11.32,3.312,,,,,,,,,,,,,9.733
8954,4.282,4.64,11.32,3.312,,,,,,,,,,,,,4.374
8955,4.282,4.64,11.32,3.312,,,,,,,,,,,,,5.626
8956,4.282,4.641,11.32,3.312,,,,,,,,,,,,,7.077
8957,4.282,4.641,11.32,3.312,,,,,,,,,,,,,6.824
8958,4.282,4.641,11.32,3.312,,,,,,,,,,,,,10.26
8959,4.282,4.641,11.32,3.312,,,,,,,,,,,,,4.255
8960,4.282,4.641,11.32,3.312,,,,,,,,,,,,,7.22
8961,4.282,4.641,11.32,3.312,,,,,,,,,,,,,7.118
8962,4.282,4.641,11.32,3.312,,,,,,,,,,,,,7.278
8963,4.282,4.641,11.32,3.312,,,,,,,,,,,,,7.91
8964,4.282,4.64,11.32,3.312,,,,,,,,,,,,,7.172
8965,4.282,4.64,11.32,3.312,,,,,,,,,,,,,6.062
8966,4.282,4.64,11.32,3.312,,,,,,,,,,,,,7.255
8967,4.282,4.64,11.32,3.312,,,,,,,,,,,,,7.174
8968,4.282,4.64,11.32,3.312,,,,,,,,,,,,,7.117
8969,4.282,4.64,11.32,3.312,,,,,,,,,,,,,8.933
8970,4.282,4.64,11.32,3.312,,,,,,,,,,,,,5.331
8971,4.282,4.64,11.32,3.312,,,,,,,,,,,,,7.291
8972,4.282,4.64,11.32,3.312,,,,,,,,,,,,,7.134
8973,4.282,4.64,11.32,3.312,,,,,,,,,,,,,7.116
8974,4.282,4.64,11.32,3.312,,,,,,,,,,,,,6.756
8975,4.282,4.64,11.32,3.312,,,,,,,,,,,,,7.375
8976,4.282,4.64,11.32,3.312,,,,,,,,,,,,,7.29
8977,4.282,4.64,11.32,3.312,,,,,,,,,,,,,7.155
8978,4.282,4.64,11.32,3.312,,,,,,,,,,,,,8.134
8979,4.282,4.64,11.32,3.312,,,,,,,,,,,,,6.113
8980,4.282,4.64,11.32,3.312,,,,,,,,,,,,,7.2
8981,4.282,4.64,11.32,3.312,,,,,,,,,,,,,7.218
8982,4.282,4.64,11.32,3.312,,,,,,,,,,,,,7.166
8983,4.282,4.64,11.32,3.312,,,,,,,,,,,,,7.359
8984,4.282,4.64,11.32,3.312,,,,,,,,,,,,,7.367
8985,4.282,4.64,11.32,3.312,,,,,,,,,,,,,6.707
8986,4.282,4.641,11.32,3.312,,,,,,,,,,,,,8.342
8987,4.282,4.641,11.32,3.312,,,,,,,,,,,,,15.257
8988,4.282,4.641,11.32,3.312,,,,,,,,,,,,,11.416
8989,4.282,4.641,11.32,3.312,,,,,,,,,,,,,2.707
8990,4.282,4.641,11.32,3.312,,,,,,,,,,,,,2.951
8991,4.282,4.641,11.32,3.312,,,,,,,,,,,,,5.161
8992,4.282,4.641,11.32,3.312,,,,,,,,,,,,,4.895
8993,4.282,4.641,11.32,3.312,,,,,,,,,,,,,12.257
8994,4.282,4.64,11.32,3.312,,,,,,,,,,,,,4.562
8995,4.282,4.64,11.32,3.312,,,,,,,,,,,,,8.53
8996,4.282,4.64,11.32,3.312,,,,,,,,,,,,,2.43
8997,4.282,4.64,11.32,3.312,,,,,,,,,,,,,6.278
8998,4.282,4.64,11.32,3.312,,,,,,,,,,,,,8.092
8999,4.282,4.64,11.32,3.312,,,,,,,,,,,,,6.52
9000,4.282,4.64,11.32,3.312,,,,,,,,,,,,,7.706
9001,4.282,4.64,11.32,3.312,,,,,,,,,,,,,10.937
9002,4.282,4.64,11.32,3.312,,,,,,,,,,,,,4.26
9003,4.282,4.64,11.32,3.312,,,,,,,,,,,,,4.917
9004,4.282,4.64,11.32,3.312,,,,,,,,,,,,,7.152
9005,4.282,4.641,11.32,3.312,,,,,,,,,,,,,7.215
9006,4.282,4.641,11.32,3.312,,,,,,,,,,,,,9.446
9007,4.282,4.641,11.32,3.312,,,,,,,,,,,,,32.005
9008,4.282,4.641,11.32,3.312,,,,,,,,,,,,,1.479
9009,4.282,4.641,11.32,3.312,,,,,,,,,,,,,1.053
9010,4.282,4.64,11.32,3.312,,,,,,,,,,,,,0.917
9011,4.282,4.64,11.32,3.312,,,,,,,,,,,,,1.019
9012,4.282,4.64,11.32,3.312,,,,,,,,,,,,,1.099
9013,4.282,4.64,11.32,3.312,,,,,,,,,,,,,4.422
9014,4.282,4.64,11.32,3.312,,,,,,,,,,,,,7.201
9015,4.282,4.64,11.32,3.312,,,,,,,,,,,,,7.14
9016,4.282,4.64,11.32,3.312,,,,,,,,,,,,,7.252
9017,4.282,4.64,11.32,3.312,,,,,,,,,,,,,7.202
9018,4.282,4.641,11.32,3.312,,,,,,,,,,,,,7.315
9019,4.282,4.641,11.32,3.313,,,,,,,,,,,,,7.155
9020,4.282,4.641,11.32,3.313,,,,,,,,,,,,,7.951
9021,4.282,4.64,11.32,3.313,,,,,,,,,,,,,6.416
9022,4.282,4.64,11.32,3.313,,,,,,,,,,,,,7.237
9023,4.282,4.64,11.32,3.312,,,,,,,,,,,,,7.249
9024,4.282,4.64,11.32,3.312,,,,,,,,,,,,,7.346
9025,4.282,4.641,11.32,3.312,,,,,,,,,,,,,7.068
9026,4.282,4.641,11.32,3.312,,,,,,,,,,,,,7.261
9027,4.282,4.641,11.32,3.312,,,,,,,,,,,,,7.289
9028,4.282,4.641,11.32,3.312,,,,,,,,,,,,,7.266
9029,4.282,4.64,11.32,3.312,,,,,,,,,,,,,8.063
9030,4.282,4.64,11.32,3.311,,,,,,,,,,,,,6.997
9031,4.282,4.64,11.32,3.311,,,,,,,,,,,,,7.045
9032,4.282,4.64,11.32,3.311,,,,,,,,,,,,,7.857
9033,4.282,4.64,11.32,3.311,,,,,,,,,,,,,5.818
9034,4.282,4.64,11.32,3.313,,,,,,,,,,,,,7.337
9035,4.282,4.64,11.32,3.313,,,,,,,,,,,,,7.437
9036,4.282,4.641,11.32,3.313,,,,,,,,,,,,,5.862
9037,4.282,4.641,11.32,3.313,,,,,,,,,,,,,9.531
9038,4.282,4.641,11.32,3.312,,,,,,,,,,,,,5.89
9039,4.282,4.641,11.32,3.312,,,,,,,,,,,,,7.229
9040,4.282,4.64,11.32,3.312,,,,,,,,,,,,,7.164
9041,4.282,4.64,11.32,3.312,,,,,,,,,,,,,9.088
9042,4.282,4.64,11.32,3.312,,,,,,,,,,,,,6.029
9043,4.282,4.64,11.32,3.312,,,,,,,,,,,,,6.329
9044,4.282,4.641,11.32,3.312,,,,,,,,,,,,,6.89
9045,4.282,4.641,11.32,3.312,,,,,,,,,,,,,7.37
9046,4.282,4.641,11.32,3.312,,,,,,,,,,,,,9.856
9047,4.282,4.641,11.32,3.312,,,,,,,,,,,,,4.384
9048,4.282,4.64,11.32,3.312,,,,,,,,,,,,,11.93
9049,4.282,4.64,11.32,3.313,,,,,,,,,,,,,4.372
9050,4.282,4.64,11.32,3.313,,,,,,,,,,,,,4.994
9051,4.282,4.64,11.32,3.313,,,,,,,,,,,,,8.387
9052,4.282,4.64,11.32,3.313,,,,,,,,,,,,,5.614
9053,4.282,4.64,11.32,3.313,,,,,,,,,,,,,7.281
9054,4.282,4.64,11.32,3.313,,,,,,,,,,,,,6.695
9055,4.282,4.641,11.32,3.313,,,,,,,,,,,,,7.282
9056,4.282,4.641,11.32,3.313,,,,,,,,,,,,,7.55
9057,4.282,4.641,11.32,3.311,,,,,,,,,,,,,8.702
9058,4.282,4.641,11.32,3.311,,,,,,,,,,,,,5.755
9059,4.282,4.64,11.32,3.311,,,,,,,,,,,,,7.192
9064,4.282,4.64,11.32,3.313,,,,,,,,,,,,,8.391
9065,4.282,4.64,11.32,3.313,,,,,,,,,,,,,21.135
9066,4.282,4.64,11.32,3.313,,,,,,,,,,,,,4.259
9067,4.282,4.641,11.32,3.313,,,,,,,,,,,,,1.64
9068,4.282,4.641,11.32,3.313,,,,,,,,,,,,,1.105
9069,4.282,4.641,11.32,3.312,,,,,,,,,,,,,3.356
9070,4.282,4.641,11.32,3.312,,,,,,,,,,,,,6.806
9071,4.282,4.64,11.32,3.312,,,,,,,,,,,,,7.395
9072,4.282,4.64,11.32,3.312,,,,,,,,,,,,,7.083
9073,4.282,4.64,11.32,3.312,,,,,,,,,,,,,6.802
9074,4.281,4.64,11.32,3.312,,,,,,,,,,,,,7.113
9079,4.282,4.641,11.32,3.312,,,,,,,,,,,,,7.21
9080,4.282,4.641,11.32,3.313,,,,,,,,,,,,,10.508
9081,4.282,4.641,11.32,3.313,,,,,,,,,,,,,4.289
9082,4.282,4.64,11.32,3.313,,,,,,,,,,,,,6.525
9083,4.282,4.64,11.32,3.313,,,,,,,,,,,,,6.84
9084,4.282,4.64,11.32,3.313,,,,,,,,,,,,,7.096
9085,4.282,4.64,11.32,3.313,,,,,,,,,,,,,8.536
9086,4.282,4.64,11.32,3.313,,,,,,,,,,,,,5.619
9087,4.282,4.64,11.32,3.313,,,,,,,,,,,,,7.411
9088,4.282,4.64,11.32,3.311,,,,,,,,,,,,,7.371
9089,4.282,4.64,11.32,3.311,,,,,,,,,,,,,7.231
9090,4.282,4.641,11.32,3.311,,,,,,,,,,,,,7.682
9091,4.282,4.641,11.32,3.312,,,,,,,,,,,,,6.632
9092,4.282,4.641,11.32,3.312,,,,,,,,,,,,,7.48
9093,4.282,4.641,11.32,3.312,,,,,,,,,,,,,6.963
9094,4.282,4.641,11.32,3.312,,,,,,,,,,,,,7.325
9095,4.282,4.641,11.32,3.313,,,,,,,,,,,,,7.606
9096,4.282,4.641,11.32,3.313,,,,,,,,,,,,,6.969
9097,4.282,4.641,11.32,3.313,,,,,,,,,,,,,7.048
9102,4.282,4.641,11.32,3.312,,,,,,,,,,,,,7.422
9103,4.282,4.641,11.32,3.31,,,,,,,,,,,,,33.822
9104,4.282,4.641,11.32,3.31,,,,,,,,,,,,,4.567
9105,4.282,4.64,11.32,3.31,,,,,,,,,,,,,1.451
9110,4.282,4.641,11.32,3.313,,,,,,,,,,,,,5.56
9111,4.282,4.641,11.32,3.313,,,,,,,,,,,,,9.874
9112,4.282,4.641,11.32,3.313,,,,,,,,,,,,,4.783
9113,4.282,4.641,11.32,3.313,,,,,,,,,,,,,5.762
9114,4.282,4.641,11.32,3.313,,,,,,,,,,,,,8.755
9115,4.282,4.641,11.32,3.311,,,,,,,,,,,,,5.317
9116,4.282,4.64,11.32,3.311,,,,,,,,,,,,,11.436
9117,4.282,4.64,11.32,3.311,,,,,,,,,,,,,11.007
9118,4.282,4.64,11.32,3.312,,,,,,,,,,,,,5.208
9119,4.282,4.64,11.32,3.312,,,,,,,,,,,,,5.21
9120,4.282,4.64,11.32,3.312,,,,,,,,,,,,,6.737
9121,4.282,4.64,11.32,3.312,,,,,,,,,,,,,7.089
9122,4.282,4.64,11.32,3.313,,,,,,,,,,,,,7.686
9123,4.282,4.64,11.32,3.313,,,,,,,,,,,,,7.188
9124,4.282,4.641,11.32,3.313,,,,,,,,,,,,,6.733
9125,4.282,4.641,11.32,3.313,,,,,,,,,,,,,7.307
9126,4.282,4.641,11.32,3.312,,,,,,,,,,,,,7
9127,4.282,4.641,11.32,3.312,,,,,,,,,,,,,6.906
9128,4.282,4.64,11.32,3.312,,,,,,,,,,,,,7.325
9129,4.282,4.64,11.32,3.312,,,,,,,,,,,,,6.729
9130,4.282,4.64,11.32,3.312,,,,,,,,,,,,,7.494
9131,4.282,4.64,11.32,3.312,,,,,,,,,,,,,7.393
9132,4.282,4.64,11.32,3.312,,,,,,,,,,,,,7.321
9133,4.282,4.64,11.32,3.312,,,,,,,,,,,,,7.366
9134,4.282,4.64,11.32,3.312,,,,,,,,,,,,,7.007
9135,4.282,4.64,11.32,3.312,,,,,,,,,,,,,7.087
9136,4.282,4.64,11.32,3.312,,,,,,,,,,,,,7.141
9137,4.282,4.64,11.32,3.313,,,,,,,,,,,,,6.879
9138,4.282,4.64,11.32,3.313,,,,,,,,,,,,,7.155
9139,4.282,4.641,11.32,3.313,,,,,,,,,,,,,11.12
9140,4.282,4.641,11.32,3.313,,,,,,,,,,,,,4.333
9141,4.282,4.641,11.32,3.312,,,,,,,,,,,,,5.65
9142,4.282,4.641,11.32,3.312,,,,,,,,,,,,,7.222
9143,4.282,4.641,11.32,3.312,,,,,,,,,,,,,7.261
9144,4.282,4.641,11.32,3.312,,,,,,,,,,,,,7.898
9145,4.282,4.641,11.32,3.312,,,,,,,,,,,,,6.908
9146,4.282,4.641,11.32,3.312,,,,,,,,,,,,,9.144
9147,4.282,4.64,11.32,3.312,,,,,,,,,,,,,5.422
9148,4.282,4.64,11.32,3.312,,,,,,,,,,,,,6.746
9149,4.282,4.64,11.32,3.312,,,,,,,,,,,,,7.173
9150,4.282,4.64,11.32,3.312,,,,,,,,,,,,,7.362
9151,4.282,4.64,11.32,3.312,,,,,,,,,,,,,7.563
9152,4.282,4.64,11.32,3.313,,,,,,,,,,,,,10.921
9153,4.282,4.64,11.32,3.313,,,,,,,,,,,,,4.281
9154,4.282,4.641,11.32,3.313,,,,,,,,,,,,,8.01
9155,4.282,4.641,11.32,3.313,,,,,,,,,,,,,4.416
9156,4.282,4.641,11.32,3.312,,,,,,,,,,,,,9.281
9157,4.282,4.641,11.32,3.312,,,,,,,,,,,,,4.943
9158,4.282,4.64,11.32,3.312,,,,,,,,,,,,,7.258
9159,4.282,4.64,11.32,3.312,,,,,,,,,,,,,7.109
9160,4.282,4.64,11.32,3.313,,,,,,,,,,,,,7.173
9161,4.282,4.64,11.32,3.313,,,,,,,,,,,,,7.177
9162,4.282,4.641,11.32,3.313,,,,,,,,,,,,,7.126
9163,4.282,4.641,11.32,3.311,,,,,,,,,,,,,7.318
9164,4.282,4.641,11.32,3.311,,,,,,,,,,,,,8.384
9165,4.282,4.641,11.32,3.311,,,,,,,,,,,,,5.857
9166,4.282,4.641,11.32,3.311,,,,,,,,,,,,,6.536
9167,4.282,4.641,11.32,3.313,,,,,,,,,,,,,7.46
9168,4.282,4.641,11.32,3.313,,,,,,,,,,,,,6.96
9169,4.282,4.64,11.32,3.313,,,,,,,,,,,,,8.207
9170,4.282,4.64,11.32,3.313,,,,,,,,,,,,,6.128
9171,4.282,4.64,11.32,3.313,,,,,,,,,,,,,6.875
9172,4.282,4.64,11.32,3.313,,,,,,,,,,,,,6.436
9173,4.282,4.641,11.32,3.313,,,,,,,,,,,,,7.313
9174,4.282,4.641,11.32,3.313,,,,,,,,,,,,,7.548
9175,4.282,4.641,11.32,3.311,,,,,,,,,,,,,6.927
9176,4.282,4.641,11.32,3.311,,,,,,,,,,,,,7.13
9177,4.282,4.64,11.32,3.311,,,,,,,,,,,,,8.784
9182,4.282,4.64,11.32,3.313,,,,,,,,,,,,,7.001
9183,4.282,4.64,11.32,3.313,,,,,,,,,,,,,8.293
9184,4.282,4.64,11.32,3.313,,,,,,,,,,,,,6.152
9185,4.282,4.64,11.32,3.313,,,,,,,,,,,,,33.184
9186,4.282,4.64,11.32,3.313,,,,,,,,,,,,,6.048
9187,4.282,4.64,11.32,3.313,,,,,,,,,,,,,1.518
9188,4.282,4.64,11.32,3.313,,,,,,,,,,,,,1.155
9189,4.282,4.641,11.32,3.313,,,,,,,,,,,,,1.088
9194,4.282,4.64,11.32,3.313,,,,,,,,,,,,,29.863
9195,4.282,4.64,11.32,3.313,,,,,,,,,,,,,5.383
9196,4.281,4.64,11.32,3.313,,,,,,,,,,,,,1.819
9197,4.281,4.641,11.32,3.313,,,,,,,,,,,,,1.286
9198,4.281,4.641,11.32,3.313,,,,,,,,,,,,,1.31
9199,4.281,4.641,11.32,3.313,,,,,,,,,,,,,4.547
9200,4.282,4.641,11.32,3.313,,,,,,,,,,,,,5.013
9201,4.282,4.641,11.32,3.313,,,,,,,,,,,,,4.842
9202,4.282,4.641,11.32,3.313,,,,,,,,,,,,,5.421
9203,4.282,4.641,11.32,3.312,,,,,,,,,,,,,7.06
9204,4.282,4.641,11.32,3.312,,,,,,,,,,,,,7.034
9205,4.282,4.64,11.32,3.312,,,,,,,,,,,,,7.434
9206,4.282,4.64,11.32,3.311,,,,,,,,,,,,,6.914
9207,4.282,4.64,11.32,3.311,,,,,,,,,,,,,7.376
9208,4.282,4.64,11.32,3.311,,,,,,,,,,,,,7.996
9209,4.282,4.64,11.32,3.311,,,,,,,,,,,,,6.005
9210,4.282,4.64,11.32,3.314,,,,,,,,,,,,,6.945
9211,4.282,4.64,11.32,3.314,,,,,,,,,,,,,6.748
9212,4.282,4.64,11.32,3.314,,,,,,,,,,,,,7.186
9217,4.282,4.64,11.32,3.313,,,,,,,,,,,,,6.593
9218,4.282,4.64,11.32,3.311,,,,,,,,,,,,,10.135
9219,4.281,4.64,11.32,3.311,,,,,,,,,,,,,4.39
9220,4.281,4.64,11.32,3.311,,,,,,,,,,,,,6.937
9221,4.281,4.64,11.32,3.311,,,,,,,,,,,,,8.017
9222,4.281,4.64,11.32,3.313,,,,,,,,,,,,,7.415
9223,4.282,4.64,11.32,3.313,,,,,,,,,,,,,6.924
9224,4.282,4.641,11.32,3.313,,,,,,,,,,,,,6.643
9225,4.282,4.641,11.32,3.313,,,,,,,,,,,,,7.286
9226,4.282,4.641,11.32,3.313,,,,,,,,,,,,,6.561
9227,4.282,4.641,11.32,3.313,,,,,,,,,,,,,7.066
9228,4.282,4.641,11.32,3.313,,,,,,,,,,,,,7.306
9229,4.282,4.641,11.32,3.313,,,,,,,,,,,,,9.697
9230,4.282,4.641,11.32,3.313,,,,,,,,,,,,,5.629
9231,4.282,4.641,11.32,3.313,,,,,,,,,,,,,5.262
9236,4.282,4.641,11.32,3.312,,,,,,,,,,,,,6.362
9237,4.282,4.641,11.32,3.313,,,,,,,,,,,,,7.01
9238,4.282,4.641,11.32,3.313,,,,,,,,,,,,,7.432
9239,4.282,4.641,11.32,3.313,,,,,,,,,,,,,7.745
9244,4.282,4.64,11.32,3.312,,,,,,,,,,,,,9.946
9245,4.282,4.64,11.32,3.312,,,,,,,,,,,,,4.641
9246,4.282,4.64,11.32,3.312,,,,,,,,,,,,,6.855
9247,4.282,4.641,11.32,3.312,,,,,,,,,,,,,8.262
9248,4.282,4.641,11.32,3.311,,,,,,,,,,,,,7.928
9249,4.282,4.641,11.32,3.311,,,,,,,,,,,,,5.386
9250,4.282,4.64,11.32,3.311,,,,,,,,,,,,,7.11
9251,4.282,4.64,11.32,3.311,,,,,,,,,,,,,7.361
9252,4.282,4.64,11.32,3.313,,,,,,,,,,,,,6.712
9253,4.282,4.64,11.32,3.313,,,,,,,,,,,,,7.282
9254,4.282,4.641,11.32,3.313,,,,,,,,,,,,,7.138
9255,4.282,4.641,11.32,3.313,,,,,,,,,,,,,8.61
9256,4.282,4.641,11.32,3.313,,,,,,,,,,,,,5.855
9257,4.282,4.641,11.32,3.313,,,,,,,,,,,,,13.418
9258,4.282,4.641,11.32,3.313,,,,,,,,,,,,,23.576
9259,4.282,4.641,11.32,3.313,,,,,,,,,,,,,1.738
9260,4.282,4.641,11.32,3.312,,,,,,,,,,,,,1.215
9261,4.282,4.641,11.32,3.312,,,,,,,,,,,,,0.878
9262,4.282,4.64,11.32,3.312,,,,,,,,,,,,,0.814
9272,4.282,4.641,11.32,3.312,,,,,,,,,,,,,7.068
9273,4.282,4.641,11.32,3.312,,,,,,,,,,,,,7.762
9274,4.282,4.641,11.32,3.312,,,,,,,,,,,,,6.387
9275,4.282,4.64,11.32,3.312,,,,,,,,,,,,,10.208
9276,4.282,4.64,11.32,3.312,,,,,,,,,,,,,4.805
9277,4.282,4.64,11.32,3.312,,,,,,,,,,,,,6.508
9278,4.282,4.641,11.32,3.312,,,,,,,,,,,,,6.658
9279,4.282,4.641,11.32,3.312,,,,,,,,,,,,,7.9
9280,4.282,4.641,11.32,3.312,,,,,,,,,,,,,6.104
9281,4.282,4.641,11.32,3.312,,,,,,,,,,,,,7.676
9282,4.282,4.64,11.32,3.312,,,,,,,,,,,,,7.16
9283,4.282,4.64,11.32,3.312,,,,,,,,,,,,,7.829
9284,4.282,4.64,11.32,3.313,,,,,,,,,,,,,6.653
9285,4.282,4.64,11.32,3.313,,,,,,,,,,,,,6.052
9286,4.282,4.64,11.32,3.313,,,,,,,,,,,,,7.45
9287,4.282,4.64,11.32,3.313,,,,,,,,,,,,,7.092
9288,4.282,4.64,11.32,3.313,,,,,,,,,,,,,6.787
9289,4.282,4.64,11.32,3.313,,,,,,,,,,,,,14.406
9290,4.282,4.641,11.32,3.313,,,,,,,,,,,,,5.873
9291,4.282,4.641,11.32,3.313,,,,,,,,,,,,,9.428
9292,4.282,4.641,11.32,3.311,,,,,,,,,,,,,15.21
9293,4.282,4.641,11.32,3.311,,,,,,,,,,,,,15.712
9294,4.282,4.641,11.32,3.311,,,,,,,,,,,,,2.785
9295,4.282,4.641,11.32,3.311,,,,,,,,,,,,,2.163
9296,4.282,4.641,11.32,3.312,,,,,,,,,,,,,11.45
9297,4.282,4.641,11.32,3.312,,,,,,,,,,,,,3.048
9298,4.282,4.641,11.32,3.312,,,,,,,,,,,,,12.48
9303,4.282,4.641,11.32,3.314,,,,,,,,,,,,,14.8
9304,4.282,4.641,11.32,3.312,,,,,,,,,,,,,2.046
9305,4.282,4.641,11.32,3.312,,,,,,,,,,,,,1.544
9306,4.282,4.641,11.32,3.312,,,,,,,,,,,,,11.832
9307,4.282,4.64,11.32,3.312,,,,,,,,,,,,,2.391
9308,4.282,4.64,11.32,3.312,,,,,,,,,,,,,12.292
9309,4.282,4.64,11.32,3.312,,,,,,,,,,,,,2.479
9310,4.282,4.64,11.32,3.312,,,,,,,,,,,,,10.724
9311,4.282,4.641,11.32,3.312,,,,,,,,,,,,,1.704
9312,4.282,4.641,11.32,3.312,,,,,,,,,,,,,1.141
9313,4.282,4.641,11.32,3.312,,,,,,,,,,,,,5.826
9314,4.282,4.641,11.32,3.312,,,,,,,,,,,,,1.832
9315,4.282,4.64,11.32,3.312,,,,,,,,,,,,,3.36
9316,4.282,4.64,11.32,3.312,,,,,,,,,,,,,9.011
9317,4.282,4.64,11.32,3.313,,,,,,,,,,,,,5.258
9318,4.282,4.64,11.32,3.313,,,,,,,,,,,,,5.614
9319,4.282,4.64,11.32,3.313,,,,,,,,,,,,,5.253
9320,4.282,4.64,11.32,3.313,,,,,,,,,,,,,6.829
9321,4.282,4.64,11.32,3.313,,,,,,,,,,,,,11.903
9322,4.282,4.64,11.32,3.313,,,,,,,,,,,,,8.802
9323,4.282,4.641,11.32,3.313,,,,,,,,,,,,,4.393
9324,4.282,4.641,11.32,3.312,,,,,,,,,,,,,4.317
9325,4.282,4.641,11.32,3.312,,,,,,,,,,,,,5.433
9326,4.282,4.641,11.32,3.312,,,,,,,,,,,,,7.496
9327,4.282,4.64,11.32,3.312,,,,,,,,,,,,,4.748
9328,4.282,4.64,11.32,3.312,,,,,,,,,,,,,8.754
9329,4.282,4.64,11.32,3.312,,,,,,,,,,,,,6.903
9330,4.282,4.64,11.32,3.312,,,,,,,,,,,,,8.373
9331,4.282,4.64,11.32,3.312,,,,,,,,,,,,,6.151
9332,4.282,4.64,11.32,3.314,,,,,,,,,,,,,6.706
9333,4.282,4.64,11.32,3.314,,,,,,,,,,,,,7.373
9334,4.282,4.641,11.32,3.314,,,,,,,,,,,,,7.253
9339,4.282,4.64,11.32,3.312,,,,,,,,,,,,,4.329
9340,4.282,4.64,11.32,3.312,,,,,,,,,,,,,1.718
9341,4.282,4.64,11.32,3.312,,,,,,,,,,,,,1.321
9342,4.282,4.641,11.32,3.312,,,,,,,,,,,,,3.374
9343,4.282,4.641,11.32,3.312,,,,,,,,,,,,,7.203
9344,4.282,4.641,11.32,3.312,,,,,,,,,,,,,7.161
9345,4.282,4.641,11.32,3.312,,,,,,,,,,,,,7.226
9346,4.282,4.641,11.32,3.312,,,,,,,,,,,,,6.875
9347,4.282,4.641,11.32,3.312,,,,,,,,,,,,,7.076
9348,4.282,4.641,11.32,3.313,,,,,,,,,,,,,6.721
9349,4.282,4.641,11.32,3.313,,,,,,,,,,,,,7.364
9350,4.282,4.641,11.32,3.313,,,,,,,,,,,,,7.15
9351,4.282,4.641,11.32,3.313,,,,,,,,,,,,,7.18
9352,4.282,4.641,11.32,3.313,,,,,,,,,,,,,12.183
9353,4.282,4.641,11.32,3.313,,,,,,,,,,,,,5.226
9354,4.282,4.641,11.32,3.313,,,,,,,,,,,,,5.345
9355,4.282,4.641,11.32,3.311,,,,,,,,,,,,,7.392
9356,4.282,4.641,11.32,3.311,,,,,,,,,,,,,20.899
9357,4.282,4.64,11.32,3.311,,,,,,,,,,,,,12.756
9358,4.282,4.64,11.32,3.311,,,,,,,,,,,,,1.669
9359,4.282,4.64,11.32,3.312,,,,,,,,,,,,,2.087
9360,4.282,4.64,11.32,3.312,,,,,,,,,,,,,1.077
9361,4.282,4.64,11.32,3.312,,,,,,,,,,,,,0.916
9362,4.282,4.641,11.32,3.312,,,,,,,,,,,,,5.547
9363,4.282,4.641,11.32,3.314,,,,,,,,,,,,,7.376
9364,4.282,4.641,11.32,3.314,,,,,,,,,,,,,7.722
9365,4.282,4.641,11.32,3.314,,,,,,,,,,,,,5.898
9366,4.282,4.641,11.32,3.314,,,,,,,,,,,,,7.582
9367,4.282,4.641,11.32,3.312,,,,,,,,,,,,,7.293
9368,4.282,4.641,11.32,3.312,,,,,,,,,,,,,6.897
9369,4.282,4.64,11.32,3.312,,,,,,,,,,,,,7.176
9370,4.282,4.64,11.32,3.312,,,,,,,,,,,,,7.468
9371,4.282,4.64,11.32,3.311,,,,,,,,,,,,,7.851
9372,4.281,4.64,11.32,3.311,,,,,,,,,,,,,5.834
9373,4.281,4.64,11.32,3.311,,,,,,,,,,,,,7.437
9374,4.281,4.64,11.32,3.313,,,,,,,,,,,,,7.254
9375,4.281,4.64,11.32,3.313,,,,,,,,,,,,,7.135
9376,4.282,4.64,11.32,3.313,,,,,,,,,,,,,7.867
9377,4.282,4.641,11.32,3.313,,,,,,,,,,,,,6.136
9381,4.282,4.641,11.32,3.313,,,,,,,,,,,,,6.739
9382,4.282,4.641,11.32,3.313,,,,,,,,,,,,,9.23
9383,4.282,4.641,11.32,3.313,,,,,,,,,,,,,5.301
9384,4.282,4.64,11.32,3.313,,,,,,,,,,,,,7.107
9389,4.282,4.641,11.32,3.312,,,,,,,,,,,,,7.531
9390,4.282,4.641,11.32,3.313,,,,,,,,,,,,,7.387
9391,4.282,4.641,11.32,3.313,,,,,,,,,,,,,6.727
9392,4.282,4.641,11.32,3.313,,,,,,,,,,,,,8.16
9393,4.282,4.641,11.32,3.313,,,,,,,,,,,,,6.139
9394,4.282,4.641,11.32,3.313,,,,,,,,,,,,,7.708
9395,4.282,4.641,11.32,3.313,,,,,,,,,,,,,6.61
9396,4.282,4.64,11.32,3.313,,,,,,,,,,,,,7.372
9397,4.282,4.64,11.32,3.313,,,,,,,,,,,,,7.273
9398,4.282,4.64,11.32,3.313,,,,,,,,,,,,,7.032
9399,4.282,4.641,11.32,3.313,,,,,,,,,,,,,7.265
9400,4.282,4.641,11.32,3.313,,,,,,,,,,,,,7.373
9401,4.282,4.641,11.32,3.311,,,,,,,,,,,,,7.394
9402,4.282,4.641,11.32,3.311,,,,,,,,,,,,,35.929
9403,4.282,4.64,11.32,3.311,,,,,,,,,,,,,4.533
9404,4.282,4.64,11.32,3.313,,,,,,,,,,,,,1.369
9405,4.282,4.64,11.32,3.313,,,,,,,,,,,,,0.922
9406,4.282,4.64,11.32,3.313,,,,,,,,,,,,,1.383
9407,4.282,4.641,11.32,3.313,,,,,,,,,,,,,1.047
9408,4.282,4.641,11.32,3.313,,,,,,,,,,,,,6.766
9409,4.282,4.641,11.32,3.313,,,,,,,,,,,,,4.99
9410,4.282,4.641,11.32,3.313,,,,,,,,,,,,,7.314
9411,4.282,4.641,11.32,3.313,,,,,,,,,,,,,10.083
9412,4.282,4.641,11.32,3.311,,,,,,,,,,,,,4.377
9413,4.282,4.641,11.32,3.311,,,,,,,,,,,,,8.811
9414,4.282,4.64,11.32,3.311,,,,,,,,,,,,,4.663
9415,4.282,4.64,11.32,3.311,,,,,,,,,,,,,7.528
9416,4.282,4.64,11.32,3.312,,,,,,,,,,,,,6.862
9417,4.282,4.64,11.32,3.312,,,,,,,,,,,,,25.933
9418,4.282,4.641,11.32,3.312,,,,,,,,,,,,,26.013
9419,4.282,4.641,11.32,3.312,,,,,,,,,,,,,1.66
9420,4.282,4.641,11.32,3.313,,,,,,,,,,,,,1.191
9421,4.282,4.641,11.32,3.313,,,,,,,,,,,,,22.235
9422,4.282,4.641,11.32,3.313,,,,,,,,,,,,,1.884
9423,4.282,4.641,11.32,3.313,,,,,,,,,,,,,1.207
9424,4.282,4.641,11.32,3.313,,,,,,,,,,,,,1.085
9425,4.282,4.641,11.32,3.312,,,,,,,,,,,,,1.823
9426,4.282,4.641,11.32,3.312,,,,,,,,,,,,,1.272
9427,4.282,4.64,11.32,3.312,,,,,,,,,,,,,0.992
9428,4.282,4.64,11.32,3.312,,,,,,,,,,,,,0.911
9429,4.282,4.64,11.32,3.312,,,,,,,,,,,,,1.271
9430,4.282,4.64,11.32,3.312,,,,,,,,,,,,,1.799
9431,4.281,4.64,11.32,3.312,,,,,,,,,,,,,5.969
9432,4.281,4.64,11.32,3.312,,,,,,,,,,,,,7.183
9433,4.281,4.64,11.32,3.312,,,,,,,,,,,,,6.922
9434,4.282,4.64,11.32,3.312,,,,,,,,,,,,,7.26
9435,4.282,4.641,11.32,3.312,,,,,,,,,,,,,7.05
9436,4.282,4.641,11.32,3.312,,,,,,,,,,,,,7.569
9437,4.282,4.641,11.32,3.313,,,,,,,,,,,,,7.028
9438,4.282,4.641,11.32,3.313,,,,,,,,,,,,,9.754
9439,4.282,4.641,11.32,3.313,,,,,,,,,,,,,4.264
9440,4.282,4.641,11.32,3.313,,,,,,,,,,,,,8.788
9441,4.282,4.641,11.32,3.313,,,,,,,,,,,,,4.545
9442,4.282,4.641,11.32,3.313,,,,,,,,,,,,,11.627
9443,4.282,4.64,11.32,3.313,,,,,,,,,,,,,4.476
9444,4.282,4.64,11.32,3.312,,,,,,,,,,,,,5.807
9445,4.282,4.64,11.32,3.312,,,,,,,,,,,,,6.936
9446,4.282,4.64,11.32,3.312,,,,,,,,,,,,,8.695
9447,4.282,4.641,11.32,3.312,,,,,,,,,,,,,5.499
9448,4.282,4.641,11.32,3.312,,,,,,,,,,,,,7.676
9449,4.282,4.641,11.32,3.312,,,,,,,,,,,,,7.777
9450,4.282,4.641,11.32,3.312,,,,,,,,,,,,,6.919
9451,4.282,4.641,11.32,3.312,,,,,,,,,,,,,9.434
9452,4.282,4.641,11.32,3.313,,,,,,,,,,,,,3.479
9453,4.282,4.641,11.32,3.313,,,,,,,,,,,,,7.141
9454,4.282,4.641,11.32,3.313,,,,,,,,,,,,,7.974
9455,4.282,4.641,11.32,3.313,,,,,,,,,,,,,6.615
9456,4.282,4.641,11.32,3.313,,,,,,,,,,,,,6.77
9457,4.282,4.641,11.32,3.313,,,,,,,,,,,,,35.589
9458,4.282,4.641,11.32,3.313,,,,,,,,,,,,,4.552
9459,4.282,4.641,11.32,3.313,,,,,,,,,,,,,1.388
9460,4.282,4.641,11.32,3.311,,,,,,,,,,,,,2.312
9461,4.282,4.641,11.32,3.311,,,,,,,,,,,,,1.378
9462,4.282,4.64,11.32,3.311,,,,,,,,,,,,,1.231
9463,4.282,4.64,11.32,3.311,,,,,,,,,,,,,1.279
9464,4.282,4.64,11.32,3.313,,,,,,,,,,,,,3.977
9465,4.282,4.64,11.32,3.313,,,,,,,,,,,,,7.106
9466,4.282,4.641,11.32,3.313,,,,,,,,,,,,,7.477
9467,4.282,4.641,11.32,3.313,,,,,,,,,,,,,7.185
9468,4.282,4.641,11.32,3.313,,,,,,,,,,,,,6.906
9469,4.282,4.641,11.32,3.313,,,,,,,,,,,,,7.392
9470,4.282,4.641,11.32,3.313,,,,,,,,,,,,,6.934
9471,4.282,4.641,11.32,3.313,,,,,,,,,,,,,7.109
9472,4.282,4.641,11.32,3.312,,,,,,,,,,,,,7.145
9473,4.282,4.641,11.32,3.312,,,,,,,,,,,,,7.23
9474,4.282,4.64,11.32,3.312,,,,,,,,,,,,,8.658
9475,4.282,4.64,11.32,3.312,,,,,,,,,,,,,5.446
9476,4.282,4.64,11.32,3.312,,,,,,,,,,,,,8.001
9477,4.282,4.64,11.32,3.312,,,,,,,,,,,,,6.477
9482,4.282,4.641,11.32,3.313,,,,,,,,,,,,,7.756
9483,4.282,4.641,11.32,3.312,,,,,,,,,,,,,6.371
9484,4.282,4.641,11.32,3.312,,,,,,,,,,,,,7.121
9485,4.282,4.64,11.32,3.312,,,,,,,,,,,,,8.74
9486,4.282,4.64,11.32,3.312,,,,,,,,,,,,,5.791
9487,4.282,4.64,11.32,3.312,,,,,,,,,,,,,23.475
9488,4.282,4.64,11.32,3.312,,,,,,,,,,,,,4.463
9489,4.282,4.641,11.32,3.312,,,,,,,,,,,,,1.521
9490,4.282,4.641,11.32,3.312,,,,,,,,,,,,,1.148
9491,4.282,4.641,11.32,3.312,,,,,,,,,,,,,2.01
9492,4.282,4.641,11.32,3.312,,,,,,,,,,,,,7.309
9493,4.282,4.641,11.32,3.312,,,,,,,,,,,,,6.994
9494,4.282,4.641,11.32,3.312,,,,,,,,,,,,,7.484
9495,4.282,4.641,11.32,3.313,,,,,,,,,,,,,7.458
9496,4.282,4.641,11.32,3.313,,,,,,,,,,,,,6.884
9497,4.282,4.641,11.32,3.313,,,,,,,,,,,,,8.156
9498,4.282,4.641,11.32,3.313,,,,,,,,,,,,,6.177
9499,4.282,4.641,11.32,3.313,,,,,,,,,,,,,7.161
9500,4.282,4.641,11.32,3.313,,,,,,,,,,,,,7.722
9501,4.282,4.641,11.32,3.313,,,,,,,,,,,,,6.564
9502,4.282,4.641,11.32,3.311,,,,,,,,,,,,,8.955
9503,4.282,4.641,11.32,3.311,,,,,,,,,,,,,5.286
9504,4.282,4.641,11.32,3.311,,,,,,,,,,,,,6.781
9505,4.282,4.64,11.32,3.311,,,,,,,,,,,,,7.423
9506,4.282,4.64,11.32,3.312,,,,,,,,,,,,,6.898
9507,4.282,4.64,11.32,3.312,,,,,,,,,,,,,7.087
9508,4.282,4.64,11.32,3.312,,,,,,,,,,,,,7.491
9509,4.282,4.64,11.32,3.312,,,,,,,,,,,,,7.188
9510,4.282,4.64,11.32,3.314,,,,,,,,,,,,,7.615
9511,4.282,4.64,11.32,3.314,,,,,,,,,,,,,6.164
9512,4.282,4.641,11.32,3.314,,,,,,,,,,,,,7.21
9513,4.282,4.641,11.32,3.314,,,,,,,,,,,,,7.17
9514,4.282,4.641,11.32,3.312,,,,,,,,,,,,,7.931
9515,4.282,4.641,11.32,3.312,,,,,,,,,,,,,7.746
9516,4.282,4.64,11.32,3.312,,,,,,,,,,,,,9.892
9517,4.282,4.64,11.32,3.311,,,,,,,,,,,,,4.39
9518,4.282,4.64,11.32,3.311,,,,,,,,,,,,,8.577
9519,4.281,4.64,11.32,3.311,,,,,,,,,,,,,4.379
9520,4.281,4.64,11.32,3.311,,,,,,,,,,,,,7.19
9521,4.281,4.64,11.32,3.313,,,,,,,,,,,,,7.484
9522,4.281,4.64,11.32,3.313,,,,,,,,,,,,,7.102
9523,4.282,4.641,11.32,3.313,,,,,,,,,,,,,10.73
9524,4.282,4.641,11.32,3.313,,,,,,,,,,,,,4.748
9525,4.282,4.641,11.32,3.313,,,,,,,,,,,,,5.724
9526,4.282,4.641,11.32,3.313,,,,,,,,,,,,,7.565
9527,4.282,4.64,11.32,3.313,,,,,,,,,,,,,7.26
9528,4.282,4.64,11.32,3.313,,,,,,,,,,,,,7.105
9529,4.282,4.64,11.32,3.313,,,,,,,,,,,,,6.918
9530,4.282,4.64,11.32,3.313,,,,,,,,,,,,,7.869
9531,4.282,4.64,11.32,3.313,,,,,,,,,,,,,8.991
9532,4.282,4.64,11.32,3.313,,,,,,,,,,,,,5.093
9533,4.282,4.64,11.32,3.312,,,,,,,,,,,,,6.917
9534,4.282,4.64,11.32,3.312,,,,,,,,,,,,,6.842
9535,4.282,4.641,11.32,3.312,,,,,,,,,,,,,7.243
9536,4.282,4.641,11.32,3.313,,,,,,,,,,,,,7.147
9537,4.282,4.641,11.32,3.313,,,,,,,,,,,,,7.219
9538,4.282,4.641,11.32,3.313,,,,,,,,,,,,,7.85
9539,4.282,4.641,11.32,3.313,,,,,,,,,,,,,6.525
9540,4.282,4.641,11.32,3.313,,,,,,,,,,,,,9.271
9541,4.282,4.641,11.32,3.313,,,,,,,,,,,,,5.281
9542,4.282,4.64,11.32,3.313,,,,,,,,,,,,,9.468
9543,4.282,4.64,11.32,3.313,,,,,,,,,,,,,4.947
9544,4.282,4.64,11.32,3.313,,,,,,,,,,,,,7.455
9545,4.282,4.64,11.32,3.313,,,,,,,,,,,,,6.694
9546,4.282,4.641,11.32,3.313,,,,,,,,,,,,,9.558
9547,4.282,4.641,11.32,3.313,,,,,,,,,,,,,5.302
9548,4.282,4.641,11.32,3.311,,,,,,,,,,,,,6.664
9549,4.282,4.641,11.32,3.311,,,,,,,,,,,,,9.43
9550,4.282,4.64,11.32,3.311,,,,,,,,,,,,,5.258
9555,4.282,4.641,11.32,3.313,,,,,,,,,,,,,0.126
9556,4.282,4.641,11.32,3.313,,,,,,,,,,,,,1.656
9557,4.282,4.641,11.32,3.313,,,,,,,,,,,,,1.243
9558,4.282,4.641,11.32,3.313,,,,,,,,,,,,,1.372
9559,4.282,4.641,11.32,3.313,,,,,,,,,,,,,5.451
9560,4.282,4.641,11.32,3.312,,,,,,,,,,,,,5.131
9561,4.282,4.641,11.32,3.312,,,,,,,,,,,,,11.743
9562,4.282,4.64,11.32,3.312,,,,,,,,,,,,,4.298
9563,4.282,4.64,11.32,3.312,,,,,,,,,,,,,6.614
9564,4.282,4.64,11.32,3.312,,,,,,,,,,,,,6.734
9565,4.282,4.64,11.32,3.312,,,,,,,,,,,,,6.064
9566,4.282,4.641,11.32,3.312,,,,,,,,,,,,,7.547
9567,4.282,4.641,11.32,3.314,,,,,,,,,,,,,6.88
9568,4.282,4.641,11.32,3.314,,,,,,,,,,,,,7.407
9569,4.282,4.641,11.32,3.314,,,,,,,,,,,,,6.862
9570,4.282,4.641,11.32,3.314,,,,,,,,,,,,,7.504
9571,4.282,4.641,11.32,3.312,,,,,,,,,,,,,7.251
9572,4.282,4.641,11.32,3.312,,,,,,,,,,,,,6.78
9573,4.282,4.64,11.32,3.312,,,,,,,,,,,,,7.627
9574,4.282,4.64,11.32,3.312,,,,,,,,,,,,,6.754
9575,4.282,4.64,11.32,3.312,,,,,,,,,,,,,7.359
9576,4.282,4.64,11.32,3.312,,,,,,,,,,,,,9.274
9577,4.282,4.641,11.32,3.312,,,,,,,,,,,,,5.091
9578,4.282,4.641,11.32,3.312,,,,,,,,,,,,,7.502
9579,4.282,4.641,11.32,3.312,,,,,,,,,,,,,6.558
9580,4.282,4.641,11.32,3.312,,,,,,,,,,,,,8.525
9581,4.282,4.64,11.32,3.312,,,,,,,,,,,,,6.067
9585,4.282,4.641,11.32,3.313,,,,,,,,,,,,,6.873
9586,4.282,4.641,11.32,3.313,,,,,,,,,,,,,7.225
9587,4.282,4.641,11.32,3.313,,,,,,,,,,,,,7.914
9588,4.282,4.641,11.32,3.313,,,,,,,,,,,,,6.382
9589,4.282,4.641,11.32,3.313,,,,,,,,,,,,,7.95
9590,4.282,4.641,11.32,3.312,,,,,,,,,,,,,6.83
9591,4.282,4.641,11.32,3.312,,,,,,,,,,,,,9.824
9592,4.282,4.64,11.32,3.312,,,,,,,,,,,,,7.485
9593,4.282,4.64,11.32,3.312,,,,,,,,,,,,,4.481
9594,4.282,4.64,11.32,3.312,,,,,,,,,,,,,6.325
9595,4.282,4.64,11.32,3.312,,,,,,,,,,,,,7.816
9596,4.282,4.641,11.32,3.312,,,,,,,,,,,,,6.905
9597,4.282,4.641,11.32,3.314,,,,,,,,,,,,,6.934
9598,4.282,4.641,11.32,3.314,,,,,,,,,,,,,7.065
9599,4.282,4.641,11.32,3.314,,,,,,,,,,,,,7.719
9600,4.282,4.641,11.32,3.314,,,,,,,,,,,,,7.99
9601,4.282,4.641,11.32,3.312,,,,,,,,,,,,,8.002
9602,4.282,4.641,11.32,3.312,,,,,,,,,,,,,10.702
9603,4.282,4.64,11.32,3.312,,,,,,,,,,,,,2.886
9604,4.282,4.64,11.32,3.312,,,,,,,,,,,,,5.811
9605,4.282,4.64,11.32,3.312,,,,,,,,,,,,,9.723
9606,4.282,4.64,11.32,3.312,,,,,,,,,,,,,7.671
9607,4.282,4.641,11.32,3.312,,,,,,,,,,,,,4.331
9608,4.282,4.641,11.32,3.312,,,,,,,,,,,,,6.908
9609,4.282,4.641,11.32,3.312,,,,,,,,,,,,,7.043
9610,4.282,4.641,11.32,3.312,,,,,,,,,,,,,7.681
9611,4.282,4.64,11.32,3.312,,,,,,,,,,,,,6.34
9612,4.282,4.64,11.32,3.312,,,,,,,,,,,,,7.124
9613,4.282,4.64,11.32,3.313,,,,,,,,,,,,,7.453
9614,4.282,4.64,11.32,3.313,,,,,,,,,,,,,6.813
9615,4.282,4.641,11.32,3.313,,,,,,,,,,,,,7.343
9616,4.282,4.641,11.32,3.313,,,,,,,,,,,,,7.593
9617,4.282,4.641,11.32,3.313,,,,,,,,,,,,,7.054
9618,4.282,4.641,11.32,3.313,,,,,,,,,,,,,6.763
9623,4.282,4.64,11.32,3.312,,,,,,,,,,,,,5.726
9624,4.282,4.64,11.32,3.312,,,,,,,,,,,,,7.143
9625,4.282,4.64,11.32,3.312,,,,,,,,,,,,,7.847
9626,4.282,4.641,11.32,3.312,,,,,,,,,,,,,5.968
9627,4.282,4.641,11.32,3.312,,,,,,,,,,,,,7.268
9628,4.282,4.641,11.32,3.313,,,,,,,,,,,,,7.251
9629,4.282,4.641,11.32,3.313,,,,,,,,,,,,,8.943
9630,4.282,4.641,11.32,3.313,,,,,,,,,,,,,6.109
9631,4.282,4.641,11.32,3.313,,,,,,,,,,,,,8.095
9632,4.282,4.641,11.32,3.312,,,,,,,,,,,,,8.401
9633,4.282,4.641,11.32,3.312,,,,,,,,,,,,,5.437
9634,4.282,4.641,11.32,3.312,,,,,,,,,,,,,6.685
9635,4.282,4.641,11.32,3.313,,,,,,,,,,,,,7.129
9636,4.282,4.641,11.32,3.313,,,,,,,,,,,,,34.523
9637,4.282,4.641,11.32,3.313,,,,,,,,,,,,,2.06
9638,4.282,4.641,11.32,3.313,,,,,,,,,,,,,1.195
9639,4.282,4.641,11.32,3.313,,,,,,,,,,,,,0.892
9640,4.282,4.641,11.32,3.312,,,,,,,,,,,,,1.02
9641,4.282,4.641,11.32,3.312,,,,,,,,,,,,,1.53
9642,4.282,4.64,11.32,3.312,,,,,,,,,,,,,4.517
9647,4.282,4.641,11.32,3.313,,,,,,,,,,,,,7.172
9648,4.282,4.641,11.32,3.313,,,,,,,,,,,,,7.498
9649,4.282,4.641,11.32,3.313,,,,,,,,,,,,,6.828
9650,4.282,4.641,11.32,3.313,,,,,,,,,,,,,10.001
9651,4.282,4.641,11.32,3.312,,,,,,,,,,,,,4.242
9652,4.282,4.641,11.32,3.312,,,,,,,,,,,,,9.093
9653,4.282,4.64,11.32,3.312,,,,,,,,,,,,,6.911
9654,4.282,4.64,11.32,3.312,,,,,,,,,,,,,5.55
9655,4.282,4.64,11.32,3.312,,,,,,,,,,,,,7.376
9656,4.282,4.64,11.32,3.312,,,,,,,,,,,,,7.288
9657,4.282,4.641,11.32,3.312,,,,,,,,,,,,,7.072
9658,4.282,4.641,11.32,3.312,,,,,,,,,,,,,7.291
9659,4.282,4.641,11.32,3.313,,,,,,,,,,,,,7.539
9660,4.282,4.641,11.32,3.313,,,,,,,,,,,,,6.748
9661,4.282,4.641,11.32,3.313,,,,,,,,,,,,,8.546
9662,4.282,4.641,11.32,3.313,,,,,,,,,,,,,6.148
9663,4.282,4.641,11.32,3.313,,,,,,,,,,,,,6.986
9664,4.282,4.641,11.32,3.313,,,,,,,,,,,,,7.25
9665,4.282,4.641,11.32,3.313,,,,,,,,,,,,,7.183
9666,4.282,4.641,11.32,3.313,,,,,,,,,,,,,11.432
9667,4.282,4.641,11.32,3.313,,,,,,,,,,,,,6.288
9668,4.282,4.641,11.32,3.313,,,,,,,,,,,,,4.328
9669,4.282,4.64,11.32,3.313,,,,,,,,,,,,,6.432
9670,4.282,4.64,11.32,3.312,,,,,,,,,,,,,10.075
9671,4.282,4.64,11.32,3.312,,,,,,,,,,,,,4.408
9672,4.282,4.641,11.32,3.312,,,,,,,,,,,,,6.462
9673,4.282,4.641,11.32,3.312,,,,,,,,,,,,,7.678
9674,4.282,4.641,11.32,3.313,,,,,,,,,,,,,11.692
9675,4.282,4.641,11.32,3.313,,,,,,,,,,,,,4.406
9676,4.282,4.641,11.32,3.313,,,,,,,,,,,,,5.068
9677,4.282,4.641,11.32,3.313,,,,,,,,,,,,,7.165
9678,4.282,4.641,11.32,3.313,,,,,,,,,,,,,7.247
9679,4.282,4.641,11.32,3.313,,,,,,,,,,,,,7.302
9680,4.282,4.641,11.32,3.313,,,,,,,,,,,,,6.943
9681,4.282,4.641,11.32,3.312,,,,,,,,,,,,,16.768
9682,4.282,4.641,11.32,3.312,,,,,,,,,,,,,6.63
9683,4.282,4.641,11.32,3.312,,,,,,,,,,,,,1.569
9684,4.282,4.641,11.32,3.312,,,,,,,,,,,,,3.331
9685,4.282,4.641,11.32,3.312,,,,,,,,,,,,,5.829
9686,4.282,4.641,11.32,3.312,,,,,,,,,,,,,7.622
9687,4.282,4.641,11.32,3.312,,,,,,,,,,,,,6.731
9688,4.282,4.641,11.32,3.312,,,,,,,,,,,,,11.878
9689,4.282,4.641,11.32,3.312,,,,,,,,,,,,,6.533
9690,4.282,4.641,11.32,3.312,,,,,,,,,,,,,10.034
9691,4.282,4.64,11.32,3.312,,,,,,,,,,,,,4.574
9692,4.282,4.64,11.32,3.313,,,,,,,,,,,,,6.943
9693,4.282,4.64,11.32,3.313,,,,,,,,,,,,,6.774
9694,4.282,4.64,11.32,3.313,,,,,,,,,,,,,8.387
9699,4.282,4.64,11.32,3.313,,,,,,,,,,,,,6.929
9700,4.282,4.64,11.32,3.312,,,,,,,,,,,,,7.074
9701,4.282,4.64,11.32,3.312,,,,,,,,,,,,,7.704
9702,4.282,4.64,11.32,3.312,,,,,,,,,,,,,6.658
9703,4.282,4.64,11.32,3.312,,,,,,,,,,,,,8.671
9704,4.282,4.64,11.32,3.313,,,,,,,,,,,,,8.435
9705,4.282,4.64,11.32,3.313,,,,,,,,,,,,,4.884
9706,4.282,4.641,11.32,3.313,,,,,,,,,,,,,6.982
9715,4.282,4.64,11.32,3.312,,,,,,,,,,,,,7.608
9716,4.282,4.64,11.32,3.312,,,,,,,,,,,,,7.974
9717,4.282,4.64,11.32,3.312,,,,,,,,,,,,,6.867
9718,4.282,4.641,11.32,3.312,,,,,,,,,,,,,6.161
9719,4.282,4.641,11.32,3.313,,,,,,,,,,,,,7.492
9720,4.282,4.641,11.32,3.313,,,,,,,,,,,,,7.162
9721,4.282,4.641,11.32,3.313,,,,,,,,,,,,,7.127
9722,4.282,4.641,11.32,3.313,,,,,,,,,,,,,30.011
9723,4.282,4.641,11.32,3.313,,,,,,,,,,,,,2.013
9724,4.282,4.641,11.32,3.313,,,,,,,,,,,,,1.996
9725,4.282,4.641,11.32,3.313,,,,,,,,,,,,,1.342
9726,4.282,4.641,11.32,3.313,,,,,,,,,,,,,1.265
9730,4.282,4.641,11.32,3.313,,,,,,,,,,,,,7.712
9731,4.282,4.641,11.32,3.312,,,,,,,,,,,,,6.855
9732,4.282,4.641,11.32,3.312,,,,,,,,,,,,,7.228
9733,4.282,4.64,11.32,3.312,,,,,,,,,,,,,8.15
9734,4.282,4.64,11.32,3.312,,,,,,,,,,,,,6.378
9735,4.282,4.64,11.32,3.313,,,,,,,,,,,,,7.452
9736,4.282,4.64,11.32,3.313,,,,,,,,,,,,,8.491
9737,4.282,4.641,11.32,3.313,,,,,,,,,,,,,5.686
9738,4.282,4.641,11.32,3.313,,,,,,,,,,,,,7.073
9739,4.282,4.641,11.32,3.313,,,,,,,,,,,,,7.123
9740,4.282,4.641,11.32,3.313,,,,,,,,,,,,,7.296
9741,4.282,4.641,11.32,3.313,,,,,,,,,,,,,10.071
9742,4.282,4.641,11.32,3.312,,,,,,,,,,,,,4.392
9743,4.282,4.641,11.32,3.312,,,,,,,,,,,,,7.23
9744,4.282,4.641,11.32,3.312,,,,,,,,,,,,,7.407
9745,4.282,4.64,11.32,3.312,,,,,,,,,,,,,8.474
9746,4.282,4.64,11.32,3.312,,,,,,,,,,,,,6.723
9747,4.282,4.64,11.32,3.312,,,,,,,,,,,,,6.845
9748,4.282,4.64,11.32,3.312,,,,,,,,,,,,,9.062
9749,4.282,4.64,11.32,3.312,,,,,,,,,,,,,4.932
9750,4.282,4.64,11.32,3.313,,,,,,,,,,,,,7.078
9751,4.282,4.64,11.32,3.313,,,,,,,,,,,,,7.967
9752,4.282,4.641,11.32,3.313,,,,,,,,,,,,,8.007
9753,4.282,4.641,11.32,3.313,,,,,,,,,,,,,5.332
9754,4.282,4.641,11.32,3.312,,,,,,,,,,,,,6.918
9755,4.282,4.641,11.32,3.312,,,,,,,,,,,,,19.265
9756,4.282,4.64,11.32,3.312,,,,,,,,,,,,,1.92
9765,4.282,4.641,11.32,3.313,,,,,,,,,,,,,7.003
9766,4.282,4.641,11.32,3.313,,,,,,,,,,,,,9.021
9767,4.282,4.641,11.32,3.313,,,,,,,,,,,,,5.095
9768,4.282,4.64,11.32,3.313,,,,,,,,,,,,,7.518
9769,4.282,4.64,11.32,3.313,,,,,,,,,,,,,6.88
9770,4.282,4.64,11.32,3.313,,,,,,,,,,,,,11.743
9771,4.282,4.641,11.32,3.313,,,,,,,,,,,,,4.565
9772,4.282,4.641,11.32,3.313,,,,,,,,,,,,,4.902
9773,4.282,4.641,11.32,3.312,,,,,,,,,,,,,8.228
9774,4.282,4.641,11.32,3.312,,,,,,,,,,,,,6.327
9775,4.282,4.641,11.32,3.312,,,,,,,,,,,,,7.029
9776,4.282,4.641,11.32,3.312,,,,,,,,,,,,,7.15
9777,4.282,4.641,11.32,3.312,,,,,,,,,,,,,7.47
9778,4.282,4.641,11.32,3.312,,,,,,,,,,,,,7.163
9779,4.282,4.64,11.32,3.312,,,,,,,,,,,,,18.569
9780,4.282,4.64,11.32,3.313,,,,,,,,,,,,,4.361
9781,4.282,4.64,11.32,3.313,,,,,,,,,,,,,1.371
9782,4.282,4.64,11.32,3.313,,,,,,,,,,,,,3.093
9783,4.282,4.641,11.32,3.313,,,,,,,,,,,,,7.129
9784,4.282,4.641,11.32,3.312,,,,,,,,,,,,,7.908
9785,4.282,4.641,11.32,3.312,,,,,,,,,,,,,8.443
9786,4.282,4.641,11.32,3.312,,,,,,,,,,,,,5.339
9787,4.282,4.64,11.32,3.312,,,,,,,,,,,,,6.901
9788,4.282,4.64,11.32,3.312,,,,,,,,,,,,,7.437
9789,4.282,4.64,11.32,3.312,,,,,,,,,,,,,6.906
9790,4.282,4.64,11.32,3.312,,,,,,,,,,,,,7.389
9795,4.282,4.641,11.32,3.313,,,,,,,,,,,,,6.718
9796,4.282,4.641,11.32,3.313,,,,,,,,,,,,,7.622
9797,4.282,4.641,11.32,3.313,,,,,,,,,,,,,6.896
9798,4.282,4.641,11.32,3.313,,,,,,,,,,,,,6.993
9799,4.282,4.641,11.32,3.313,,,,,,,,,,,,,12.611
9800,4.282,4.641,11.32,3.313,,,,,,,,,,,,,4.666
9801,4.282,4.641,11.32,3.313,,,,,,,,,,,,,4.547
9802,4.282,4.64,11.32,3.313,,,,,,,,,,,,,8.491
9803,4.282,4.64,11.32,3.312,,,,,,,,,,,,,5.766
9804,4.282,4.64,11.32,3.312,,,,,,,,,,,,,7.242
9805,4.282,4.64,11.32,3.312,,,,,,,,,,,,,6.928
9806,4.282,4.641,11.32,3.312,,,,,,,,,,,,,6.726
9807,4.282,4.641,11.32,3.312,,,,,,,,,,,,,8.572
9808,4.282,4.641,11.32,3.312,,,,,,,,,,,,,6.525
9809,4.282,4.64,11.32,3.312,,,,,,,,,,,,,6.944
9810,4.282,4.64,11.32,3.312,,,,,,,,,,,,,7.093
9811,4.282,4.64,11.32,3.313,,,,,,,,,,,,,7.78
9812,4.282,4.64,11.32,3.313,,,,,,,,,,,,,6.726
9813,4.282,4.641,11.32,3.313,,,,,,,,,,,,,7.167
9814,4.282,4.641,11.32,3.313,,,,,,,,,,,,,9.557
9815,4.282,4.641,11.32,3.312,,,,,,,,,,,,,32.019
9816,4.282,4.641,11.32,3.312,,,,,,,,,,,,,4.534
9817,4.282,4.64,11.32,3.312,,,,,,,,,,,,,2.015
9818,4.282,4.64,11.32,3.312,,,,,,,,,,,,,1.835
9819,4.282,4.64,11.32,3.312,,,,,,,,,,,,,1.126
9820,4.282,4.64,11.32,3.312,,,,,,,,,,,,,0.847
9821,4.282,4.64,11.32,3.312,,,,,,,,,,,,,1.189
9822,4.282,4.64,11.32,3.312,,,,,,,,,,,,,5.576
9823,4.282,4.64,11.32,3.313,,,,,,,,,,,,,12.727
9824,4.282,4.64,11.32,3.313,,,,,,,,,,,,,4.361
9825,4.282,4.641,11.32,3.313,,,,,,,,,,,,,5.941
9826,4.282,4.641,11.32,3.313,,,,,,,,,,,,,5.378
9827,4.282,4.641,11.32,3.313,,,,,,,,,,,,,7.237
9828,4.282,4.641,11.32,3.313,,,,,,,,,,,,,7.354
9829,4.282,4.64,11.32,3.313,,,,,,,,,,,,,7.191
9830,4.282,4.64,11.32,3.313,,,,,,,,,,,,,9.292
9831,4.282,4.64,11.32,3.313,,,,,,,,,,,,,4.894
9832,4.282,4.64,11.32,3.313,,,,,,,,,,,,,7.426
9833,4.282,4.64,11.32,3.313,,,,,,,,,,,,,7.214
9834,4.282,4.64,11.32,3.312,,,,,,,,,,,,,6.933
9835,4.282,4.64,11.32,3.312,,,,,,,,,,,,,7.517
9836,4.282,4.641,11.32,3.312,,,,,,,,,,,,,6.919
9837,4.282,4.641,11.32,3.312,,,,,,,,,,,,,7.332
9838,4.282,4.641,11.32,3.313,,,,,,,,,,,,,7.486
9839,4.282,4.641,11.32,3.313,,,,,,,,,,,,,6.93
9840,4.282,4.641,11.32,3.313,,,,,,,,,,,,,7.132
9841,4.282,4.641,11.32,3.313,,,,,,,,,,,,,10.004
9842,4.282,4.641,11.32,3.313,,,,,,,,,,,,,4.863
9843,4.282,4.641,11.32,3.313,,,,,,,,,,,,,9.098
9844,4.282,4.641,11.32,3.313,,,,,,,,,,,,,4.737
9845,4.282,4.641,11.32,3.313,,,,,,,,,,,,,8.722
9846,4.282,4.641,11.32,3.313,,,,,,,,,,,,,6.047
9847,4.282,4.641,11.32,3.313,,,,,,,,,,,,,7.262
9848,4.282,4.641,11.32,3.313,,,,,,,,,,,,,6.901
9849,4.282,4.641,11.32,3.311,,,,,,,,,,,,,7.075
9850,4.282,4.641,11.32,3.311,,,,,,,,,,,,,7.129
9851,4.282,4.641,11.32,3.311,,,,,,,,,,,,,7.166
9852,4.282,4.64,11.32,3.311,,,,,,,,,,,,,8.281
9853,4.282,4.64,11.32,3.314,,,,,,,,,,,,,8.81
9854,4.282,4.64,11.32,3.314,,,,,,,,,,,,,3.044
9855,4.282,4.641,11.32,3.314,,,,,,,,,,,,,7.912
9856,4.282,4.641,11.32,3.314,,,,,,,,,,,,,10.459
9857,4.282,4.641,11.32,3.313,,,,,,,,,,,,,3.111
9858,4.282,4.641,11.32,3.313,,,,,,,,,,,,,7.49
9859,4.282,4.641,11.32,3.313,,,,,,,,,,,,,6.82
9860,4.282,4.641,11.32,3.313,,,,,,,,,,,,,11.326
9861,4.282,4.641,11.32,3.312,,,,,,,,,,,,,4.479
9862,4.282,4.641,11.32,3.312,,,,,,,,,,,,,5.422
9863,4.282,4.64,11.32,3.312,,,,,,,,,,,,,7.159
9864,4.282,4.64,11.32,3.312,,,,,,,,,,,,,7.226
9865,4.282,4.64,11.32,3.312,,,,,,,,,,,,,7.286
9866,4.282,4.64,11.32,3.312,,,,,,,,,,,,,8.332
9867,4.282,4.64,11.32,3.312,,,,,,,,,,,,,6.723
9868,4.282,4.64,11.32,3.314,,,,,,,,,,,,,6.239
9869,4.282,4.64,11.32,3.314,,,,,,,,,,,,,8.207
9870,4.282,4.64,11.32,3.314,,,,,,,,,,,,,6.309
9875,4.282,4.64,11.32,3.313,,,,,,,,,,,,,8.719
9876,4.282,4.64,11.32,3.312,,,,,,,,,,,,,5.319
9877,4.282,4.64,11.32,3.312,,,,,,,,,,,,,7.228
9878,4.282,4.641,11.32,3.312,,,,,,,,,,,,,8.602
9879,4.282,4.641,11.32,3.312,,,,,,,,,,,,,5.934
9880,4.282,4.641,11.32,3.312,,,,,,,,,,,,,7.485
9881,4.282,4.641,11.32,3.312,,,,,,,,,,,,,6.82
9882,4.282,4.641,11.32,3.312,,,,,,,,,,,,,7.6
9883,4.282,4.641,11.32,3.312,,,,,,,,,,,,,6.191
9884,4.282,4.641,11.32,3.313,,,,,,,,,,,,,7.247
9885,4.282,4.641,11.32,3.313,,,,,,,,,,,,,8.519
9886,4.282,4.641,11.32,3.313,,,,,,,,,,,,,7.635
9887,4.282,4.641,11.32,3.313,,,,,,,,,,,,,5.461
9888,4.282,4.641,11.32,3.313,,,,,,,,,,,,,6.844
9889,4.282,4.641,11.32,3.313,,,,,,,,,,,,,9.342
9890,4.282,4.641,11.32,3.313,,,,,,,,,,,,,7.575
9891,4.282,4.641,11.32,3.312,,,,,,,,,,,,,6.649
9892,4.282,4.641,11.32,3.312,,,,,,,,,,,,,5.585
9893,4.282,4.64,11.32,3.312,,,,,,,,,,,,,8.745
9894,4.282,4.64,11.32,3.312,,,,,,,,,,,,,6.086
9895,4.282,4.64,11.32,3.312,,,,,,,,,,,,,7.065
9896,4.282,4.64,11.32,3.312,,,,,,,,,,,,,6.535
9897,4.282,4.641,11.32,3.312,,,,,,,,,,,,,8.105
9898,4.282,4.641,11.32,3.312,,,,,,,,,,,,,8.682
9899,4.282,4.641,11.32,3.314,,,,,,,,,,,,,4.262
9900,4.282,4.641,11.32,3.314,,,,,,,,,,,,,7.796
9901,4.282,4.641,11.32,3.314,,,,,,,,,,,,,6.769
9902,4.282,4.641,11.32,3.312,,,,,,,,,,,,,7.12
9903,4.282,4.641,11.32,3.312,,,,,,,,,,,,,12.703
9904,4.282,4.641,11.32,3.312,,,,,,,,,,,,,4.458
9905,4.282,4.64,11.32,3.312,,,,,,,,,,,,,4.348
9906,4.282,4.64,11.32,3.312,,,,,,,,,,,,,6.276
9907,4.282,4.64,11.32,3.312,,,,,,,,,,,,,7.292
9908,4.282,4.64,11.32,3.312,,,,,,,,,,,,,7.169
9909,4.282,4.64,11.32,3.312,,,,,,,,,,,,,7.421
9910,4.282,4.64,11.32,3.313,,,,,,,,,,,,,6.693
9911,4.282,4.64,11.32,3.313,,,,,,,,,,,,,7.068
9912,4.282,4.641,11.32,3.313,,,,,,,,,,,,,34.902
9913,4.282,4.641,11.32,3.313,,,,,,,,,,,,,4.507
9914,4.282,4.641,11.32,3.313,,,,,,,,,,,,,1.538
9915,4.282,4.641,11.32,3.313,,,,,,,,,,,,,1.303
9916,4.282,4.641,11.32,3.313,,,,,,,,,,,,,1.399
9917,4.282,4.641,11.32,3.313,,,,,,,,,,,,,0.997
9918,4.282,4.641,11.32,3.313,,,,,,,,,,,,,0.935
9919,4.282,4.641,11.32,3.313,,,,,,,,,,,,,7.21
9920,4.282,4.641,11.32,3.313,,,,,,,,,,,,,5.611
9921,4.282,4.641,11.32,3.313,,,,,,,,,,,,,7.183
9922,4.282,4.641,11.32,3.312,,,,,,,,,,,,,7.442
9923,4.282,4.641,11.32,3.312,,,,,,,,,,,,,8.009
9924,4.282,4.641,11.32,3.312,,,,,,,,,,,,,6.73
9925,4.282,4.641,11.32,3.312,,,,,,,,,,,,,6.905
9926,4.282,4.641,11.32,3.312,,,,,,,,,,,,,7.38
9927,4.282,4.641,11.32,3.312,,,,,,,,,,,,,6.877
9928,4.282,4.64,11.32,3.312,,,,,,,,,,,,,7.634
9929,4.282,4.64,11.32,3.312,,,,,,,,,,,,,7.154
9930,4.282,4.64,11.32,3.313,,,,,,,,,,,,,7.536
9931,4.282,4.64,11.32,3.313,,,,,,,,,,,,,7.678
9932,4.282,4.641,11.32,3.313,,,,,,,,,,,,,6.578
9937,4.282,4.641,11.32,3.313,,,,,,,,,,,,,0.368
9938,4.282,4.641,11.32,3.311,,,,,,,,,,,,,1.943
9939,4.282,4.641,11.32,3.311,,,,,,,,,,,,,13.322
9940,4.282,4.64,11.32,3.311,,,,,,,,,,,,,1.679
9941,4.282,4.64,11.32,3.311,,,,,,,,,,,,,14.16
9942,4.282,4.64,11.32,3.313,,,,,,,,,,,,,2.005
9943,4.282,4.64,11.32,3.313,,,,,,,,,,,,,11.732
9944,4.282,4.641,11.32,3.313,,,,,,,,,,,,,1.924
9949,4.282,4.641,11.32,3.313,,,,,,,,,,,,,0.283
9950,4.282,4.641,11.32,3.312,,,,,,,,,,,,,1.835
9951,4.282,4.641,11.32,3.312,,,,,,,,,,,,,3.003
9952,4.282,4.641,11.32,3.312,,,,,,,,,,,,,6.186
9953,4.282,4.64,11.32,3.312,,,,,,,,,,,,,6.993
9954,4.282,4.64,11.32,3.312,,,,,,,,,,,,,7.375
9955,4.282,4.64,11.32,3.312,,,,,,,,,,,,,8.71
9956,4.282,4.64,11.32,3.312,,,,,,,,,,,,,4.921
9957,4.282,4.641,11.32,3.312,,,,,,,,,,,,,6.831
9958,4.282,4.641,11.32,3.313,,,,,,,,,,,,,7.819
9959,4.282,4.641,11.32,3.313,,,,,,,,,,,,,6.285
9960,4.282,4.641,11.32,3.313,,,,,,,,,,,,,6.936
9961,4.282,4.641,11.32,3.313,,,,,,,,,,,,,6.637
9962,4.282,4.641,11.32,3.313,,,,,,,,,,,,,7.426
9963,4.282,4.641,11.32,3.313,,,,,,,,,,,,,7.683
9964,4.282,4.641,11.32,3.313,,,,,,,,,,,,,6.93
9965,4.282,4.641,11.32,3.313,,,,,,,,,,,,,7.597
9966,4.282,4.641,11.32,3.313,,,,,,,,,,,,,5.926
9967,4.282,4.641,11.32,3.313,,,,,,,,,,,,,7.689
9968,4.282,4.641,11.32,3.313,,,,,,,,,,,,,6.581
9969,4.282,4.641,11.32,3.311,,,,,,,,,,,,,7.228
9970,4.282,4.641,11.32,3.311,,,,,,,,,,,,,7.2
9971,4.282,4.641,11.32,3.311,,,,,,,,,,,,,7.369
9972,4.282,4.64,11.32,3.311,,,,,,,,,,,,,6.938
9973,4.282,4.64,11.32,3.314,,,,,,,,,,,,,11.301
9974,4.282,4.64,11.32,3.314,,,,,,,,,,,,,10.675
9975,4.282,4.641,11.32,3.314,,,,,,,,,,,,,4.432
9976,4.282,4.641,11.32,3.314,,,,,,,,,,,,,5.772
9977,4.282,4.641,11.32,3.313,,,,,,,,,,,,,7.583
9978,4.282,4.641,11.32,3.313,,,,,,,,,,,,,7.44
9979,4.282,4.641,11.32,3.313,,,,,,,,,,,,,10.199
9980,4.282,4.641,11.32,3.312,,,,,,,,,,,,,4.573
9981,4.282,4.641,11.32,3.312,,,,,,,,,,,,,6.051
9982,4.282,4.641,11.32,3.312,,,,,,,,,,,,,6.945
9987,4.282,4.641,11.32,3.312,,,,,,,,,,,,,31.945
9988,4.282,4.641,11.32,3.314,,,,,,,,,,,,,4.613
9989,4.282,4.641,11.32,3.314,,,,,,,,,,,,,1.531
9990,4.282,4.641,11.32,3.314,,,,,,,,,,,,,1.228
9991,4.282,4.641,11.32,3.314,,,,,,,,,,,,,1.11
9995,4.282,4.64,11.32,3.312,,,,,,,,,,,,,4.366
9996,4.282,4.64,11.32,3.312,,,,,,,,,,,,,5.052
9997,4.282,4.64,11.32,3.312,,,,,,,,,,,,,33.291
9998,4.282,4.641,11.32,3.312,,,,,,,,,,,,,4.919
9999,4.282,4.641,11.32,3.312,,,,,,,,,,,,,1.357
10000,4.282,4.641,11.32,3.313,,,,,,,,,,,,,1.106
10001,4.282,4.641,11.32,3.313,,,,,,,,,,,,,1.031
10002,4.282,4.641,11.32,3.313,,,,,,,,,,,,,0.923
10003,4.282,4.641,11.32,3.313,,,,,,,,,,,,,1.72
10004,4.282,4.641,11.32,3.313,,,,,,,,,,,,,6.635
10005,4.282,4.641,11.32,3.313,,,,,,,,,,,,,6.983
10006,4.282,4.641,11.32,3.313,,,,,,,,,,,,,7.055
10007,4.282,4.64,11.32,3.313,,,,,,,,,,,,,7.84
10008,4.282,4.64,11.32,3.313,,,,,,,,,,,,,8.646
10009,4.282,4.64,11.32,3.313,,,,,,,,,,,,,5.786
10010,4.282,4.64,11.32,3.313,,,,,,,,,,,,,6.405
10011,4.282,4.641,11.32,3.313,,,,,,,,,,,,,7.149
10012,4.282,4.641,11.32,3.312,,,,,,,,,,,,,11.289
10013,4.282,4.641,11.32,3.312,,,,,,,,,,,,,4.256
10014,4.282,4.641,11.32,3.312,,,,,,,,,,,,,7.782
10015,4.282,4.641,11.32,3.312,,,,,,,,,,,,,5.277
10016,4.282,4.641,11.32,3.313,,,,,,,,,,,,,6.741
10017,4.282,4.641,11.32,3.313,,,,,,,,,,,,,7.705
10018,4.282,4.641,11.32,3.313,,,,,,,,,,,,,6.709
10019,4.282,4.641,11.32,3.313,,,,,,,,,,,,,7.75
10020,4.282,4.641,11.32,3.313,,,,,,,,,,,,,6.331
10021,4.282,4.641,11.32,3.313,,,,,,,,,,,,,7.103
10022,4.282,4.641,11.32,3.313,,,,,,,,,,,,,7.406
10023,4.282,4.641,11.32,3.313,,,,,,,,,,,,,7.227
10024,4.282,4.641,11.32,3.313,,,,,,,,,,,,,7.631
10025,4.282,4.641,11.32,3.313,,,,,,,,,,,,,10.623
10026,4.282,4.641,11.32,3.313,,,,,,,,,,,,,4.417
10027,4.282,4.641,11.32,3.312,,,,,,,,,,,,,5.375
10028,4.282,4.641,11.32,3.312,,,,,,,,,,,,,8.015
10029,4.282,4.641,11.32,3.312,,,,,,,,,,,,,6.124
10034,4.282,4.641,11.32,3.313,,,,,,,,,,,,,5.071
10035,4.282,4.641,11.32,3.313,,,,,,,,,,,,,7.501
10036,4.282,4.641,11.32,3.313,,,,,,,,,,,,,8.452
10037,4.282,4.64,11.32,3.313,,,,,,,,,,,,,6.084
10038,4.282,4.64,11.32,3.313,,,,,,,,,,,,,7.596
10039,4.282,4.64,11.32,3.312,,,,,,,,,,,,,6.249
10040,4.282,4.64,11.32,3.312,,,,,,,,,,,,,7.184
10041,4.282,4.64,11.32,3.312,,,,,,,,,,,,,7.295
10049,4.282,4.641,11.32,3.313,,,,,,,,,,,,,7.442
10050,4.282,4.641,11.32,3.313,,,,,,,,,,,,,10.492
10051,4.282,4.641,11.32,3.313,,,,,,,,,,,,,5.031
10052,4.282,4.641,11.32,3.313,,,,,,,,,,,,,6.129
10057,4.282,4.64,11.32,3.312,,,,,,,,,,,,,6.795
10058,4.282,4.64,11.32,3.312,,,,,,,,,,,,,7.221
10059,4.282,4.64,11.32,3.312,,,,,,,,,,,,,6.877
10060,4.282,4.641,11.32,3.312,,,,,,,,,,,,,8.998
10061,4.282,4.641,11.32,3.313,,,,,,,,,,,,,5.582
10062,4.282,4.641,11.32,3.313,,,,,,,,,,,,,7.544
10063,4.282,4.641,11.32,3.313,,,,,,,,,,,,,7.056
10064,4.282,4.641,11.32,3.313,,,,,,,,,,,,,7.094
10065,4.282,4.641,11.32,3.313,,,,,,,,,,,,,7.148
10066,4.282,4.641,11.32,3.313,,,,,,,,,,,,,7.531
10067,4.282,4.64,11.32,3.313,,,,,,,,,,,,,7.359
10068,4.282,4.64,11.32,3.313,,,,,,,,,,,,,7.342
10069,4.282,4.64,11.32,3.313,,,,,,,,,,,,,7.042
10070,4.282,4.64,11.32,3.313,,,,,,,,,,,,,9.558
10071,4.282,4.641,11.32,3.313,,,,,,,,,,,,,5.798
10072,4.282,4.641,11.32,3.313,,,,,,,,,,,,,5.83
10073,4.282,4.641,11.32,3.313,,,,,,,,,,,,,8.211
10074,4.282,4.641,11.32,3.313,,,,,,,,,,,,,5.559
10075,4.282,4.641,11.32,3.313,,,,,,,,,,,,,9.337
10076,4.282,4.641,11.32,3.313,,,,,,,,,,,,,4.792
10077,4.282,4.641,11.32,3.313,,,,,,,,,,,,,7.161
10078,4.282,4.641,11.32,3.313,,,,,,,,,,,,,6.994
10079,4.282,4.641,11.32,3.313,,,,,,,,,,,,,8.889
10080,4.282,4.641,11.32,3.313,,,,,,,,,,,,,5.761
10081,4.282,4.641,11.32,3.313,,,,,,,,,,,,,7.142
10082,4.282,4.641,11.32,3.313,,,,,,,,,,,,,7.055
10083,4.282,4.641,11.32,3.313,,,,,,,,,,,,,7.699
10084,4.282,4.641,11.32,3.313,,,,,,,,,,,,,6.998
10085,4.282,4.641,11.32,3.313,,,,,,,,,,,,,9.763
10086,4.282,4.641,11.32,3.313,,,,,,,,,,,,,5.732
10087,4.282,4.641,11.32,3.313,,,,,,,,,,,,,6.11
10088,4.282,4.641,11.32,3.313,,,,,,,,,,,,,6.546
10089,4.282,4.641,11.32,3.313,,,,,,,,,,,,,34.558
10090,4.282,4.641,11.32,3.313,,,,,,,,,,,,,4.615
10091,4.282,4.641,11.32,3.313,,,,,,,,,,,,,1.473
10092,4.282,4.641,11.32,3.313,,,,,,,,,,,,,1.454
10093,4.282,4.641,11.32,3.313,,,,,,,,,,,,,1.883
10094,4.282,4.641,11.32,3.313,,,,,,,,,,,,,1.081
10095,4.282,4.641,11.32,3.313,,,,,,,,,,,,,0.858
10096,4.282,4.641,11.32,3.313,,,,,,,,,,,,,5.708
10097,4.282,4.641,11.32,3.313,,,,,,,,,,,,,8.306
10098,4.282,4.641,11.32,3.313,,,,,,,,,,,,,6.357
10099,4.282,4.641,11.32,3.313,,,,,,,,,,,,,8.706
10100,4.282,4.641,11.32,3.314,,,,,,,,,,,,,5.569
10101,4.282,4.641,11.32,3.314,,,,,,,,,,,,,7.932
10102,4.282,4.641,11.32,3.314,,,,,,,,,,,,,6.469
10103,4.282,4.641,11.32,3.314,,,,,,,,,,,,,7.209
10104,4.282,4.641,11.32,3.313,,,,,,,,,,,,,7.388
10105,4.282,4.641,11.32,3.313,,,,,,,,,,,,,6.922
10106,4.282,4.641,11.32,3.313,,,,,,,,,,,,,7.275
10107,4.282,4.641,11.32,3.313,,,,,,,,,,,,,7.092
10108,4.282,4.641,11.32,3.313,,,,,,,,,,,,,8.154
10109,4.282,4.641,11.32,3.313,,,,,,,,,,,,,6.394
10110,4.282,4.641,11.32,3.313,,,,,,,,,,,,,10.226
10111,4.282,4.641,11.32,3.313,,,,,,,,,,,,,4.543
10112,4.282,4.641,11.32,3.313,,,,,,,,,,,,,7.094
10113,4.282,4.641,11.32,3.313,,,,,,,,,,,,,6.571
10114,4.282,4.641,11.32,3.313,,,,,,,,,,,,,7.138
10115,4.282,4.641,11.32,3.313,,,,,,,,,,,,,11.074
10116,4.282,4.641,11.32,3.313,,,,,,,,,,,,,4.415
10117,4.282,4.641,11.32,3.313,,,,,,,,,,,,,5.537
10118,4.282,4.641,11.32,3.313,,,,,,,,,,,,,7.475
10119,4.282,4.641,11.32,3.313,,,,,,,,,,,,,6.888
10120,4.282,4.641,11.32,3.313,,,,,,,,,,,,,7.184
10121,4.282,4.641,11.32,3.313,,,,,,,,,,,,,7.019
10122,4.282,4.641,11.32,3.313,,,,,,,,,,,,,7.616
10123,4.282,4.641,11.32,3.313,,,,,,,,,,,,,7.828
10124,4.282,4.641,11.32,3.313,,,,,,,,,,,,,6.169
10125,4.282,4.641,11.32,3.313,,,,,,,,,,,,,7.554
10126,4.282,4.641,11.32,3.314,,,,,,,,,,,,,8.01
10127,4.282,4.641,11.32,3.314,,,,,,,,,,,,,5.885
10128,4.282,4.641,11.32,3.314,,,,,,,,,,,,,6.958
10137,4.282,4.641,11.32,3.313,,,,,,,,,,,,,7.578
10138,4.282,4.641,11.32,3.313,,,,,,,,,,,,,6.794
10139,4.282,4.641,11.32,3.313,,,,,,,,,,,,,7.461
10140,4.282,4.641,11.32,3.313,,,,,,,,,,,,,7.096
10145,4.282,4.641,11.32,3.313,,,,,,,,,,,,,10.472
10146,4.282,4.641,11.32,3.313,,,,,,,,,,,,,4.407
10147,4.282,4.641,11.32,3.313,,,,,,,,,,,,,6.065
10148,4.282,4.641,11.32,3.313,,,,,,,,,,,,,8.21
10149,4.282,4.641,11.32,3.313,,,,,,,,,,,,,6.374
10150,4.282,4.641,11.32,3.313,,,,,,,,,,,,,6.925
10151,4.282,4.641,11.32,3.313,,,,,,,,,,,,,7.185
10152,4.282,4.641,11.32,3.313,,,,,,,,,,,,,8.082
10153,4.282,4.641,11.32,3.313,,,,,,,,,,,,,6.727
10154,4.282,4.641,11.32,3.313,,,,,,,,,,,,,7.942
10155,4.282,4.641,11.32,3.313,,,,,,,,,,,,,6.596
10156,4.282,4.641,11.32,3.313,,,,,,,,,,,,,7.251
10157,4.282,4.641,11.32,3.313,,,,,,,,,,,,,10.792
10158,4.282,4.641,11.32,3.313,,,,,,,,,,,,,5.741
10159,4.282,4.641,11.32,3.313,,,,,,,,,,,,,9.25
10164,4.282,4.641,11.32,3.313,,,,,,,,,,,,,0.179
10165,4.282,4.641,11.32,3.313,,,,,,,,,,,,,3.868
10166,4.282,4.641,11.32,3.313,,,,,,,,,,,,,6.273
10167,4.282,4.641,11.32,3.313,,,,,,,,,,,,,7.141
10168,4.282,4.641,11.32,3.313,,,,,,,,,,,,,8.846
10169,4.282,4.641,11.32,3.313,,,,,,,,,,,,,5.465
10170,4.282,4.641,11.32,3.313,,,,,,,,,,,,,8.221
10171,4.282,4.641,11.32,3.313,,,,,,,,,,,,,5.613
10172,4.282,4.641,11.32,3.313,,,,,,,,,,,,,7.145
10173,4.282,4.641,11.32,3.313,,,,,,,,,,,,,7.169
10174,4.282,4.641,11.32,3.313,,,,,,,,,,,,,7.384
10175,4.282,4.641,11.32,3.313,,,,,,,,,,,,,7.2
10176,4.282,4.641,11.32,3.314,,,,,,,,,,,,,6.524
10177,4.282,4.641,11.32,3.314,,,,,,,,,,,,,7.441
10178,4.282,4.641,11.32,3.314,,,,,,,,,,,,,6.878
10179,4.282,4.641,11.32,3.314,,,,,,,,,,,,,7.009
10180,4.282,4.641,11.32,3.314,,,,,,,,,,,,,7.594
10181,4.282,4.641,11.32,3.314,,,,,,,,,,,,,7.314
10182,4.282,4.641,11.32,3.314,,,,,,,,,,,,,7.684
10183,4.282,4.641,11.32,3.314,,,,,,,,,,,,,19.991
10184,4.282,4.641,11.32,3.314,,,,,,,,,,,,,13.256
10185,4.282,4.641,11.32,3.314,,,,,,,,,,,,,1.721
10186,4.282,4.641,11.32,3.314,,,,,,,,,,,,,1.332
10187,4.282,4.641,11.32,3.314,,,,,,,,,,,,,1.905
10188,4.282,4.641,11.32,3.314,,,,,,,,,,,,,1.489
10189,4.282,4.641,11.32,3.314,,,,,,,,,,,,,5.383
10190,4.282,4.641,11.32,3.314,,,,,,,,,,,,,10.772
10191,4.282,4.641,11.32,3.314,,,,,,,,,,,,,4.46
10192,4.282,4.641,11.32,3.313,,,,,,,,,,,,,5.931
10193,4.282,4.641,11.32,3.313,,,,,,,,,,,,,7.253
10194,4.282,4.641,11.32,3.313,,,,,,,,,,,,,9.489
10195,4.282,4.641,11.32,3.313,,,,,,,,,,,,,5.138
10196,4.282,4.641,11.32,3.314,,,,,,,,,,,,,7.304
10197,4.282,4.641,11.32,3.314,,,,,,,,,,,,,7.28
10198,4.282,4.641,11.32,3.314,,,,,,,,,,,,,7.195
10199,4.282,4.641,11.32,3.313,,,,,,,,,,,,,7.12
10200,4.282,4.641,11.32,3.313,,,,,,,,,,,,,7.579
10201,4.282,4.641,11.32,3.313,,,,,,,,,,,,,9.314
10202,4.282,4.641,11.32,3.313,,,,,,,,,,,,,7.464
10203,4.282,4.641,11.32,3.313,,,,,,,,,,,,,4.489
10204,4.282,4.641,11.32,3.313,,,,,,,,,,,,,7.463
10205,4.282,4.641,11.32,3.313,,,,,,,,,,,,,12.325
10206,4.282,4.641,11.32,3.313,,,,,,,,,,,,,4.34
10207,4.282,4.641,11.32,3.313,,,,,,,,,,,,,5.875
10208,4.282,4.641,11.32,3.313,,,,,,,,,,,,,6.415
10209,4.282,4.64,11.32,3.313,,,,,,,,,,,,,6.664
10210,4.282,4.64,11.32,3.313,,,,,,,,,,,,,6.339
10211,4.282,4.64,11.32,3.313,,,,,,,,,,,,,7.253
10212,4.282,4.64,11.32,3.313,,,,,,,,,,,,,7.048
10213,4.282,4.641,11.32,3.313,,,,,,,,,,,,,9.06
10218,4.282,4.641,11.32,3.313,,,,,,,,,,,,,11.812
10219,4.282,4.641,11.32,3.313,,,,,,,,,,,,,5.543
10220,4.282,4.641,11.32,3.313,,,,,,,,,,,,,19.305
10221,4.282,4.641,11.32,3.313,,,,,,,,,,,,,4.554
10222,4.282,4.641,11.32,3.313,,,,,,,,,,,,,1.752
10223,4.282,4.641,11.32,3.313,,,,,,,,,,,,,1.165
10224,4.282,4.641,11.32,3.313,,,,,,,,,,,,,2.87
10225,4.282,4.641,11.32,3.313,,,,,,,,,,,,,7.096
10233,4.282,4.641,11.32,3.313,,,,,,,,,,,,,7.51
10234,4.282,4.641,11.32,3.313,,,,,,,,,,,,,6.894
10235,4.282,4.641,11.32,3.313,,,,,,,,,,,,,11.345
10236,4.282,4.641,11.32,3.313,,,,,,,,,,,,,4.291
10237,4.282,4.641,11.32,3.313,,,,,,,,,,,,,5.516
10238,4.282,4.641,11.32,3.313,,,,,,,,,,,,,7.543
10239,4.282,4.641,11.32,3.313,,,,,,,,,,,,,6.88
10240,4.282,4.641,11.32,3.313,,,,,,,,,,,,,10.196
10241,4.282,4.641,11.32,3.313,,,,,,,,,,,,,4.41
10242,4.282,4.641,11.32,3.313,,,,,,,,,,,,,9.853
10243,4.282,4.641,11.32,3.313,,,,,,,,,,,,,4.392
10244,4.282,4.641,11.32,3.313,,,,,,,,,,,,,7.48
10245,4.282,4.641,11.32,3.313,,,,,,,,,,,,,10.376
10246,4.282,4.641,11.32,3.313,,,,,,,,,,,,,6.604
10247,4.282,4.641,11.32,3.313,,,,,,,,,,,,,4.82
10252,4.282,4.641,11.32,3.313,,,,,,,,,,,,,7.159
10253,4.282,4.641,11.32,3.313,,,,,,,,,,,,,25.882
10254,4.282,4.641,11.32,3.313,,,,,,,,,,,,,4.772
10255,4.282,4.641,11.32,3.313,,,,,,,,,,,,,2.162
10256,4.282,4.641,11.32,3.313,,,,,,,,,,,,,1.386
10257,4.282,4.641,11.32,3.313,,,,,,,,,,,,,3.455
10258,4.282,4.641,11.32,3.313,,,,,,,,,,,,,15.622
10259,4.282,4.641,11.32,3.313,,,,,,,,,,,,,16.496
10260,4.282,4.641,11.32,3.313,,,,,,,,,,,,,2.137
10261,4.282,4.641,11.32,3.313,,,,,,,,,,,,,12.004
10262,4.282,4.641,11.32,3.313,,,,,,,,,,,,,1.945
10263,4.282,4.641,11.32,3.313,,,,,,,,,,,,,12.996
10268,4.282,4.641,11.32,3.313,,,,,,,,,,,,,5.139
10269,4.282,4.641,11.32,3.313,,,,,,,,,,,,,1.602
10270,4.282,4.641,11.32,3.313,,,,,,,,,,,,,2.837
10271,4.282,4.641,11.32,3.313,,,,,,,,,,,,,4.553
10272,4.282,4.641,11.32,3.313,,,,,,,,,,,,,8.234
10273,4.282,4.641,11.32,3.313,,,,,,,,,,,,,5.709
10274,4.282,4.641,11.32,3.313,,,,,,,,,,,,,8.815
10275,4.282,4.641,11.32,3.313,,,,,,,,,,,,,6.05
10276,4.282,4.641,11.32,3.313,,,,,,,,,,,,,9.899
10277,4.282,4.641,11.32,3.313,,,,,,,,,,,,,5.077
10278,4.282,4.641,11.32,3.313,,,,,,,,,,,,,7.008
10279,4.282,4.641,11.32,3.313,,,,,,,,,,,,,6.192
10280,4.282,4.641,11.32,3.313,,,,,,,,,,,,,8.228
10281,4.282,4.641,11.32,3.313,,,,,,,,,,,,,20.181
10282,4.282,4.641,11.32,3.313,,,,,,,,,,,,,24.772
10283,4.282,4.641,11.32,3.313,,,,,,,,,,,,,1.592
10284,4.282,4.641,11.32,3.313,,,,,,,,,,,,,1.013
10285,4.282,4.641,11.32,3.313,,,,,,,,,,,,,0.995
10286,4.282,4.641,11.32,3.313,,,,,,,,,,,,,0.905
10287,4.282,4.641,11.32,3.313,,,,,,,,,,,,,1.151
10288,4.282,4.641,11.32,3.313,,,,,,,,,,,,,3.791
10289,4.282,4.641,11.32,3.312,,,,,,,,,,,,,4.51
10290,4.282,4.641,11.32,3.312,,,,,,,,,,,,,5.988
10291,4.282,4.641,11.32,3.312,,,,,,,,,,,,,8.214
10296,4.282,4.641,11.32,3.312,,,,,,,,,,,,,9.382
10297,4.282,4.641,11.32,3.312,,,,,,,,,,,,,8.457
10298,4.282,4.641,11.32,3.312,,,,,,,,,,,,,4.604
10299,4.282,4.641,11.32,3.312,,,,,,,,,,,,,4.697
10300,4.282,4.641,11.32,3.312,,,,,,,,,,,,,7.286
10301,4.282,4.641,11.32,3.312,,,,,,,,,,,,,6.505
10302,4.282,4.641,11.32,3.312,,,,,,,,,,,,,9.49
10303,4.282,4.641,11.32,3.312,,,,,,,,,,,,,5.288
10304,4.282,4.641,11.32,3.314,,,,,,,,,,,,,7.166
10305,4.282,4.641,11.32,3.314,,,,,,,,,,,,,6.888
10306,4.282,4.641,11.32,3.314,,,,,,,,,,,,,7.411
10307,4.282,4.641,11.32,3.314,,,,,,,,,,,,,6.273
10308,4.282,4.641,11.32,3.314,,,,,,,,,,,,,7.168
10309,4.282,4.641,11.32,3.314,,,,,,,,,,,,,7.418
10310,4.282,4.641,11.32,3.314,,,,,,,,,,,,,7.162
10311,4.282,4.641,11.32,3.314,,,,,,,,,,,,,14.092
10312,4.282,4.641,11.32,3.313,,,,,,,,,,,,,4.795
10313,4.283,4.641,11.32,3.313,,,,,,,,,,,,,5.485
10314,4.283,4.641,11.32,3.313,,,,,,,,,,,,,4.575
10315,4.283,4.641,11.32,3.313,,,,,,,,,,,,,6.313
10316,4.283,4.641,11.32,3.313,,,,,,,,,,,,,7.241
10317,4.282,4.641,11.32,3.313,,,,,,,,,,,,,7.425
10322,4.282,4.641,11.32,3.313,,,,,,,,,,,,,8.856
10323,4.282,4.641,11.32,3.312,,,,,,,,,,,,,6.482
10324,4.282,4.641,11.32,3.312,,,,,,,,,,,,,6.375
10325,4.282,4.641,11.32,3.312,,,,,,,,,,,,,6.773
10326,4.282,4.641,11.32,3.312,,,,,,,,,,,,,13.885
10327,4.282,4.641,11.32,3.312,,,,,,,,,,,,,4.412
10328,4.282,4.641,11.32,3.312,,,,,,,,,,,,,5.482
10329,4.282,4.64,11.32,3.312,,,,,,,,,,,,,6.636
10330,4.282,4.64,11.32,3.312,,,,,,,,,,,,,6.283
10331,4.282,4.64,11.32,3.313,,,,,,,,,,,,,9.936
10332,4.282,4.64,11.32,3.313,,,,,,,,,,,,,4.372
10333,4.282,4.641,11.32,3.313,,,,,,,,,,,,,6.413
10334,4.282,4.641,11.32,3.313,,,,,,,,,,,,,6.333
10335,4.282,4.641,11.32,3.313,,,,,,,,,,,,,7.038
10336,4.282,4.641,11.32,3.313,,,,,,,,,,,,,7.844
10337,4.282,4.641,11.32,3.313,,,,,,,,,,,,,6.106
10338,4.282,4.641,11.32,3.313,,,,,,,,,,,,,7.214
10339,4.282,4.641,11.32,3.313,,,,,,,,,,,,,7.129
10340,4.282,4.641,11.32,3.313,,,,,,,,,,,,,7.162
10341,4.282,4.641,11.32,3.313,,,,,,,,,,,,,7.137
10342,4.282,4.641,11.32,3.312,,,,,,,,,,,,,7.121
10343,4.282,4.641,11.32,3.312,,,,,,,,,,,,,7.263
10344,4.282,4.641,11.32,3.312,,,,,,,,,,,,,7.157
10345,4.282,4.641,11.32,3.312,,,,,,,,,,,,,8.326
10346,4.282,4.641,11.32,3.312,,,,,,,,,,,,,6.572
10347,4.282,4.641,11.32,3.312,,,,,,,,,,,,,6.507
10348,4.282,4.641,11.32,3.312,,,,,,,,,,,,,7.789
10349,4.282,4.641,11.32,3.312,,,,,,,,,,,,,6.204
10350,4.282,4.641,11.32,3.312,,,,,,,,,,,,,7.306
10351,4.282,4.641,11.32,3.312,,,,,,,,,,,,,7.011
10352,4.282,4.641,11.32,3.312,,,,,,,,,,,,,8.361
10353,4.282,4.641,11.32,3.313,,,,,,,,,,,,,5.981
10354,4.282,4.641,11.32,3.313,,,,,,,,,,,,,6.846
10355,4.282,4.641,11.32,3.313,,,,,,,,,,,,,9.476
10356,4.282,4.641,11.32,3.313,,,,,,,,,,,,,10.251
10357,4.282,4.641,11.32,3.313,,,,,,,,,,,,,4.321
10358,4.282,4.641,11.32,3.313,,,,,,,,,,,,,5.686
10359,4.282,4.641,11.32,3.313,,,,,,,,,,,,,6.103
10360,4.282,4.641,11.32,3.313,,,,,,,,,,,,,6.696
10361,4.282,4.641,11.32,3.313,,,,,,,,,,,,,7.391
10362,4.282,4.641,11.32,3.313,,,,,,,,,,,,,7.133
10363,4.282,4.641,11.32,3.313,,,,,,,,,,,,,6.882
10364,4.282,4.641,11.32,3.313,,,,,,,,,,,,,7.523
10365,4.282,4.641,11.32,3.313,,,,,,,,,,,,,7.337
10366,4.282,4.641,11.32,3.313,,,,,,,,,,,,,6.513
10367,4.282,4.641,11.32,3.313,,,,,,,,,,,,,7.102
10368,4.282,4.641,11.32,3.313,,,,,,,,,,,,,7.193
10369,4.282,4.641,11.32,3.313,,,,,,,,,,,,,7.086
10370,4.282,4.641,11.32,3.313,,,,,,,,,,,,,40.861
10371,4.282,4.64,11.32,3.313,,,,,,,,,,,,,4.51
10372,4.282,4.64,11.32,3.313,,,,,,,,,,,,,1.324
10373,4.282,4.64,11.32,3.313,,,,,,,,,,,,,1.007
10374,4.282,4.64,11.32,3.313,,,,,,,,,,,,,1.144
10375,4.282,4.641,11.32,3.313,,,,,,,,,,,,,0.995
10376,4.282,4.641,11.32,3.313,,,,,,,,,,,,,0.853
10377,4.282,4.641,11.32,3.313,,,,,,,,,,,,,0.946
10378,4.282,4.641,11.32,3.313,,,,,,,,,,,,,6.303
10379,4.282,4.641,11.32,3.313,,,,,,,,,,,,,6.903
10380,4.282,4.641,11.32,3.313,,,,,,,,,,,,,7.22
10381,4.282,4.641,11.32,3.313,,,,,,,,,,,,,7.342
10382,4.282,4.641,11.32,3.313,,,,,,,,,,,,,6.947
10383,4.282,4.64,11.32,3.313,,,,,,,,,,,,,7.163
10384,4.282,4.64,11.32,3.313,,,,,,,,,,,,,7.181
10385,4.282,4.64,11.32,3.313,,,,,,,,,,,,,7.19
10386,4.282,4.64,11.32,3.313,,,,,,,,,,,,,10.067
10387,4.282,4.641,11.32,3.313,,,,,,,,,,,,,4.417
10388,4.282,4.641,11.32,3.313,,,,,,,,,,,,,7.152
10389,4.282,4.641,11.32,3.313,,,,,,,,,,,,,6.536
10390,4.282,4.641,11.32,3.313,,,,,,,,,,,,,6.796
10391,4.282,4.641,11.32,3.313,,,,,,,,,,,,,7.269
10392,4.282,4.641,11.32,3.314,,,,,,,,,,,,,7.177
10393,4.282,4.641,11.32,3.314,,,,,,,,,,,,,7.171
10394,4.282,4.641,11.32,3.314,,,,,,,,,,,,,7.122
10395,4.282,4.641,11.32,3.314,,,,,,,,,,,,,7.492
10396,4.282,4.641,11.32,3.313,,,,,,,,,,,,,6.836
10397,4.282,4.641,11.32,3.313,,,,,,,,,,,,,7.427
10398,4.282,4.641,11.32,3.313,,,,,,,,,,,,,40.186
10399,4.282,4.641,11.32,3.313,,,,,,,,,,,,,4.557
10400,4.282,4.641,11.32,3.313,,,,,,,,,,,,,1.428
10401,4.282,4.641,11.32,3.313,,,,,,,,,,,,,1.394
10402,4.282,4.641,11.32,3.313,,,,,,,,,,,,,1.409
10403,4.282,4.641,11.32,3.313,,,,,,,,,,,,,1.508
10404,4.282,4.641,11.32,3.313,,,,,,,,,,,,,1.11
10405,4.282,4.641,11.32,3.313,,,,,,,,,,,,,1.112
10406,4.282,4.641,11.32,3.313,,,,,,,,,,,,,4.856
10407,4.282,4.641,11.32,3.313,,,,,,,,,,,,,7.24
10408,4.282,4.641,11.32,3.313,,,,,,,,,,,,,6.842
10409,4.282,4.641,11.32,3.313,,,,,,,,,,,,,7.22
10410,4.282,4.641,11.32,3.313,,,,,,,,,,,,,7.437
10415,4.282,4.641,11.32,3.313,,,,,,,,,,,,,12.904
10416,4.282,4.641,11.32,3.313,,,,,,,,,,,,,4.607
10417,4.282,4.641,11.32,3.313,,,,,,,,,,,,,4.531
10418,4.282,4.641,11.32,3.313,,,,,,,,,,,,,6.649
10419,4.282,4.641,11.32,3.313,,,,,,,,,,,,,7.241
10420,4.282,4.641,11.32,3.313,,,,,,,,,,,,,7.121
10421,4.282,4.641,11.32,3.313,,,,,,,,,,,,,7.319
10422,4.282,4.641,11.32,3.313,,,,,,,,,,,,,7.089
10423,4.282,4.641,11.32,3.313,,,,,,,,,,,,,8.945
10424,4.282,4.641,11.32,3.313,,,,,,,,,,,,,7.191
10425,4.282,4.641,11.32,3.313,,,,,,,,,,,,,5.545
10426,4.282,4.641,11.32,3.313,,,,,,,,,,,,,7.223
10427,4.282,4.641,11.32,3.312,,,,,,,,,,,,,7.581
10428,4.282,4.641,11.32,3.312,,,,,,,,,,,,,6.827
10429,4.282,4.64,11.32,3.312,,,,,,,,,,,,,7.097
10430,4.282,4.64,11.32,3.312,,,,,,,,,,,,,10.85
10431,4.282,4.64,11.32,3.313,,,,,,,,,,,,,4.338
10432,4.282,4.64,11.32,3.313,,,,,,,,,,,,,7.039
10433,4.282,4.641,11.32,3.313,,,,,,,,,,,,,6.767
10434,4.282,4.641,11.32,3.313,,,,,,,,,,,,,7.193
10435,4.282,4.641,11.32,3.313,,,,,,,,,,,,,6.912
10436,4.282,4.641,11.32,3.313,,,,,,,,,,,,,7.101
10437,4.282,4.641,11.32,3.313,,,,,,,,,,,,,7.39
10438,4.282,4.641,11.32,3.313,,,,,,,,,,,,,7.233
10439,4.282,4.641,11.32,3.313,,,,,,,,,,,,,28.067
10440,4.282,4.641,11.32,3.313,,,,,,,,,,,,,4.833
10441,4.282,4.641,11.32,3.313,,,,,,,,,,,,,1.326
10442,4.282,4.641,11.32,3.313,,,,,,,,,,,,,1.243
10443,4.282,4.641,11.32,3.313,,,,,,,,,,,,,1.541
10444,4.282,4.641,11.32,3.313,,,,,,,,,,,,,1.491
10445,4.282,4.64,11.32,3.313,,,,,,,,,,,,,10.201
10446,4.282,4.64,11.32,3.313,,,,,,,,,,,,,4.093
10447,4.282,4.64,11.32,3.312,,,,,,,,,,,,,6.254
10448,4.282,4.64,11.32,3.312,,,,,,,,,,,,,7.185
10449,4.282,4.64,11.32,3.312,,,,,,,,,,,,,7.203
10450,4.282,4.64,11.32,3.312,,,,,,,,,,,,,30.076
10451,4.282,4.64,11.32,3.313,,,,,,,,,,,,,2.619
10452,4.282,4.64,11.32,3.313,,,,,,,,,,,,,1.267
10453,4.282,4.641,11.32,3.313,,,,,,,,,,,,,1.159
10454,4.282,4.641,11.32,3.313,,,,,,,,,,,,,2.047
10455,4.282,4.641,11.32,3.313,,,,,,,,,,,,,3.303
10456,4.282,4.641,11.32,3.313,,,,,,,,,,,,,5.256
10457,4.282,4.641,11.32,3.313,,,,,,,,,,,,,6.762
10462,4.282,4.641,11.32,3.312,,,,,,,,,,,,,5.938
10463,4.282,4.641,11.32,3.313,,,,,,,,,,,,,6.876
10464,4.282,4.641,11.32,3.313,,,,,,,,,,,,,7.455
10465,4.282,4.64,11.32,3.313,,,,,,,,,,,,,8.684
10466,4.282,4.64,11.32,3.313,,,,,,,,,,,,,7.713
10467,4.282,4.64,11.32,3.313,,,,,,,,,,,,,5.034
10468,4.282,4.64,11.32,3.313,,,,,,,,,,,,,10.006
10469,4.282,4.641,11.32,3.313,,,,,,,,,,,,,4.631
10470,4.282,4.641,11.32,3.313,,,,,,,,,,,,,5.819
10471,4.282,4.641,11.32,3.313,,,,,,,,,,,,,6.94
10472,4.282,4.641,11.32,3.313,,,,,,,,,,,,,7.335
10473,4.282,4.641,11.32,3.313,,,,,,,,,,,,,7.114
10474,4.282,4.641,11.32,3.312,,,,,,,,,,,,,7.548
10475,4.282,4.641,11.32,3.312,,,,,,,,,,,,,7.214
10476,4.282,4.641,11.32,3.312,,,,,,,,,,,,,10.747
10477,4.282,4.641,11.32,3.312,,,,,,,,,,,,,8.355
10478,4.282,4.641,11.32,3.313,,,,,,,,,,,,,4.757
10479,4.282,4.641,11.32,3.313,,,,,,,,,,,,,4.87
10480,4.282,4.641,11.32,3.313,,,,,,,,,,,,,8.351
10481,4.282,4.641,11.32,3.313,,,,,,,,,,,,,9.006
10482,4.282,4.641,11.32,3.313,,,,,,,,,,,,,4.573
10483,4.282,4.641,11.32,3.313,,,,,,,,,,,,,6.428
10484,4.282,4.641,11.32,3.313,,,,,,,,,,,,,6.775
10485,4.282,4.641,11.32,3.312,,,,,,,,,,,,,9.342
10486,4.282,4.641,11.32,3.312,,,,,,,,,,,,,6.536
10487,4.282,4.641,11.32,3.312,,,,,,,,,,,,,5.868
10488,4.282,4.641,11.32,3.312,,,,,,,,,,,,,7.469
10489,4.282,4.641,11.32,3.313,,,,,,,,,,,,,7.243
10490,4.282,4.641,11.32,3.313,,,,,,,,,,,,,6.924
10491,4.282,4.641,11.32,3.313,,,,,,,,,,,,,7.7
10492,4.282,4.641,11.32,3.313,,,,,,,,,,,,,6.675
10493,4.282,4.641,11.32,3.313,,,,,,,,,,,,,7.533
10494,4.282,4.641,11.32,3.313,,,,,,,,,,,,,8.567
10495,4.282,4.641,11.32,3.313,,,,,,,,,,,,,9.363
10496,4.282,4.641,11.32,3.313,,,,,,,,,,,,,3.502
10497,4.282,4.641,11.32,3.312,,,,,,,,,,,,,6.936
10498,4.282,4.641,11.32,3.312,,,,,,,,,,,,,6.76
10499,4.282,4.641,11.32,3.312,,,,,,,,,,,,,7.38
10500,4.282,4.641,11.32,3.313,,,,,,,,,,,,,8.411
10501,4.282,4.641,11.32,3.313,,,,,,,,,,,,,5.984
10502,4.282,4.641,11.32,3.313,,,,,,,,,,,,,7.809
10503,4.282,4.641,11.32,3.313,,,,,,,,,,,,,6.081
10504,4.282,4.641,11.32,3.313,,,,,,,,,,,,,6.933
10505,4.282,4.641,11.32,3.313,,,,,,,,,,,,,7.497
10506,4.282,4.641,11.32,3.313,,,,,,,,,,,,,6.779
10511,4.282,4.641,11.32,3.313,,,,,,,,,,,,,6.875
10512,4.282,4.641,11.32,3.313,,,,,,,,,,,,,7.177
10513,4.282,4.641,11.32,3.313,,,,,,,,,,,,,7.939
10514,4.282,4.641,11.32,3.313,,,,,,,,,,,,,6.427
10515,4.282,4.641,11.32,3.313,,,,,,,,,,,,,11.172
10516,4.282,4.641,11.32,3.313,,,,,,,,,,,,,4.52
10517,4.282,4.641,11.32,3.313,,,,,,,,,,,,,5.316
10518,4.282,4.641,11.32,3.313,,,,,,,,,,,,,6.922
10519,4.282,4.641,11.32,3.313,,,,,,,,,,,,,7.31
10520,4.282,4.641,11.32,3.313,,,,,,,,,,,,,7.213
10521,4.282,4.641,11.32,3.313,,,,,,,,,,,,,7.453
10522,4.282,4.64,11.32,3.313,,,,,,,,,,,,,7.283
10523,4.282,4.64,11.32,3.313,,,,,,,,,,,,,6.414
10524,4.282,4.64,11.32,3.313,,,,,,,,,,,,,7.016
10525,4.282,4.64,11.32,3.313,,,,,,,,,,,,,7.701
10526,4.282,4.641,11.32,3.313,,,,,,,,,,,,,6.748
10527,4.282,4.641,11.32,3.313,,,,,,,,,,,,,31.642
10528,4.282,4.641,11.32,3.313,,,,,,,,,,,,,6.153
10529,4.282,4.641,11.32,3.313,,,,,,,,,,,,,1.589
10530,4.282,4.641,11.32,3.313,,,,,,,,,,,,,1.286
10531,4.282,4.641,11.32,3.313,,,,,,,,,,,,,0.94
10532,4.282,4.641,11.32,3.313,,,,,,,,,,,,,1.117
10533,4.282,4.641,11.32,3.313,,,,,,,,,,,,,2.355
10534,4.282,4.641,11.32,3.313,,,,,,,,,,,,,6.527
10535,4.282,4.641,11.32,3.313,,,,,,,,,,,,,8.461
10536,4.282,4.641,11.32,3.312,,,,,,,,,,,,,5.46
10537,4.282,4.641,11.32,3.312,,,,,,,,,,,,,6.894
10538,4.282,4.641,11.32,3.312,,,,,,,,,,,,,7.077
10539,4.282,4.641,11.32,3.313,,,,,,,,,,,,,7.455
10540,4.282,4.641,11.32,3.313,,,,,,,,,,,,,7.697
10541,4.282,4.641,11.32,3.313,,,,,,,,,,,,,6.66
10549,4.282,4.641,11.32,3.312,,,,,,,,,,,,,4.955
10550,4.282,4.641,11.32,3.313,,,,,,,,,,,,,7.207
10551,4.282,4.641,11.32,3.313,,,,,,,,,,,,,7.231
10552,4.282,4.641,11.32,3.313,,,,,,,,,,,,,7.6
10553,4.282,4.641,11.32,3.313,,,,,,,,,,,,,7.203
10554,4.282,4.641,11.32,3.313,,,,,,,,,,,,,6.875
10555,4.282,4.641,11.32,3.313,,,,,,,,,,,,,7.184
10556,4.282,4.641,11.32,3.313,,,,,,,,,,,,,7.431
10557,4.282,4.641,11.32,3.313,,,,,,,,,,,,,8.178
10558,4.282,4.641,11.32,3.313,,,,,,,,,,,,,6.146
10559,4.282,4.641,11.32,3.313,,,,,,,,,,,,,7.396
10560,4.282,4.641,11.32,3.313,,,,,,,,,,,,,8.455
10561,4.282,4.641,11.32,3.313,,,,,,,,,,,,,5.916
10562,4.282,4.641,11.32,3.313,,,,,,,,,,,,,7.196
10563,4.282,4.641,11.32,3.313,,,,,,,,,,,,,6.822
10564,4.282,4.641,11.32,3.313,,,,,,,,,,,,,8.233
10565,4.282,4.641,11.32,3.313,,,,,,,,,,,,,6.385
10566,4.282,4.641,11.32,3.313,,,,,,,,,,,,,7.111
10567,4.282,4.641,11.32,3.313,,,,,,,,,,,,,6.743
10568,4.282,4.641,11.32,3.313,,,,,,,,,,,,,7.216
10569,4.282,4.641,11.32,3.313,,,,,,,,,,,,,6.863
10570,4.282,4.641,11.32,3.313,,,,,,,,,,,,,7.149
10571,4.282,4.641,11.32,3.313,,,,,,,,,,,,,7.336
10572,4.282,4.641,11.32,3.313,,,,,,,,,,,,,7.522
10573,4.282,4.641,11.32,3.312,,,,,,,,,,,,,6.975
10574,4.282,4.641,11.32,3.312,,,,,,,,,,,,,7.449
10575,4.282,4.641,11.32,3.312,,,,,,,,,,,,,6.81
10576,4.282,4.641,11.32,3.313,,,,,,,,,,,,,6.916
10577,4.282,4.641,11.32,3.313,,,,,,,,,,,,,7.155
10578,4.282,4.641,11.32,3.313,,,,,,,,,,,,,9.268
10579,4.282,4.641,11.32,3.313,,,,,,,,,,,,,6.311
10580,4.282,4.641,11.32,3.313,,,,,,,,,,,,,5.177
10581,4.282,4.641,11.32,3.313,,,,,,,,,,,,,7.186
10582,4.282,4.641,11.32,3.313,,,,,,,,,,,,,7.136
10583,4.282,4.641,11.32,3.313,,,,,,,,,,,,,7.315
10584,4.282,4.641,11.32,3.313,,,,,,,,,,,,,7.297
10585,4.282,4.641,11.32,3.313,,,,,,,,,,,,,8.851
10586,4.282,4.641,11.32,3.313,,,,,,,,,,,,,7.174
10587,4.282,4.641,11.32,3.313,,,,,,,,,,,,,5.652
10588,4.282,4.641,11.32,3.313,,,,,,,,,,,,,15.791
10589,4.282,4.641,11.32,3.313,,,,,,,,,,,,,4.758
10590,4.282,4.641,11.32,3.313,,,,,,,,,,,,,1.703
10591,4.282,4.641,11.32,3.313,,,,,,,,,,,,,5.751
10592,4.282,4.641,11.32,3.313,,,,,,,,,,,,,8.738
10593,4.282,4.641,11.32,3.313,,,,,,,,,,,,,7.52
10594,4.282,4.64,11.32,3.313,,,,,,,,,,,,,6.259
10595,4.282,4.64,11.32,3.313,,,,,,,,,,,,,4.714
10596,4.282,4.64,11.32,3.312,,,,,,,,,,,,,6.81
10597,4.282,4.64,11.32,3.312,,,,,,,,,,,,,7.685
10598,4.282,4.641,11.32,3.312,,,,,,,,,,,,,6.53
10599,4.282,4.641,11.32,3.313,,,,,,,,,,,,,7.771
10600,4.282,4.641,11.32,3.313,,,,,,,,,,,,,7.063
10601,4.282,4.641,11.32,3.313,,,,,,,,,,,,,9.37
10602,4.282,4.641,11.32,3.313,,,,,,,,,,,,,4.786
10603,4.282,4.641,11.32,3.313,,,,,,,,,,,,,6.169
10604,4.282,4.641,11.32,3.313,,,,,,,,,,,,,7.745
10605,4.282,4.641,11.32,3.313,,,,,,,,,,,,,7.095
10610,4.282,4.641,11.32,3.312,,,,,,,,,,,,,4.74
10611,4.282,4.641,11.32,3.313,,,,,,,,,,,,,6.653
10612,4.282,4.641,11.32,3.313,,,,,,,,,,,,,6.91
10613,4.282,4.641,11.32,3.313,,,,,,,,,,,,,7.036
10618,4.282,4.641,11.32,3.312,,,,,,,,,,,,,4.884
10619,4.282,4.641,11.32,3.312,,,,,,,,,,,,,6.955
10620,4.282,4.641,11.32,3.312,,,,,,,,,,,,,7.143
10626,4.282,4.641,11.32,3.313,,,,,,,,,,,,,0.104
10627,4.282,4.641,11.32,3.313,,,,,,,,,,,,,1.983
10628,4.282,4.641,11.32,3.313,,,,,,,,,,,,,2.258
10629,4.282,4.641,11.32,3.313,,,,,,,,,,,,,1.815
10630,4.282,4.641,11.32,3.313,,,,,,,,,,,,,6.016
10631,4.282,4.641,11.32,3.313,,,,,,,,,,,,,5.016
10632,4.282,4.641,11.32,3.313,,,,,,,,,,,,,5.571
10633,4.282,4.641,11.32,3.313,,,,,,,,,,,,,6.217
10634,4.282,4.641,11.32,3.312,,,,,,,,,,,,,7.325
10635,4.282,4.641,11.32,3.312,,,,,,,,,,,,,7.647
10636,4.282,4.641,11.32,3.312,,,,,,,,,,,,,7.03
10637,4.282,4.641,11.32,3.312,,,,,,,,,,,,,7.141
10638,4.282,4.641,11.32,3.313,,,,,,,,,,,,,6.904
10639,4.282,4.641,11.32,3.313,,,,,,,,,,,,,7.12
10640,4.282,4.641,11.32,3.313,,,,,,,,,,,,,7.229
10641,4.282,4.641,11.32,3.313,,,,,,,,,,,,,7.337
10642,4.282,4.641,11.32,3.313,,,,,,,,,,,,,7.452
10643,4.282,4.641,11.32,3.313,,,,,,,,,,,,,6.956
10644,4.282,4.641,11.32,3.313,,,,,,,,,,,,,7.293
10645,4.282,4.641,11.32,3.313,,,,,,,,,,,,,9.562
10646,4.282,4.641,11.32,3.312,,,,,,,,,,,,,7.463
10647,4.282,4.641,11.32,3.312,,,,,,,,,,,,,5.597
10648,4.282,4.641,11.32,3.312,,,,,,,,,,,,,8.837
10649,4.282,4.641,11.32,3.313,,,,,,,,,,,,,6.938
10650,4.282,4.641,11.32,3.313,,,,,,,,,,,,,4.879
10651,4.282,4.641,11.32,3.313,,,,,,,,,,,,,7.303
10652,4.282,4.641,11.32,3.313,,,,,,,,,,,,,7.245
10653,4.282,4.641,11.32,3.313,,,,,,,,,,,,,6.519
10654,4.282,4.641,11.32,3.313,,,,,,,,,,,,,7.958
10655,4.282,4.641,11.32,3.313,,,,,,,,,,,,,6.175
10656,4.282,4.641,11.32,3.313,,,,,,,,,,,,,10.85
10657,4.282,4.641,11.32,3.313,,,,,,,,,,,,,4.454
10658,4.282,4.641,11.32,3.313,,,,,,,,,,,,,7.14
10659,4.282,4.641,11.32,3.313,,,,,,,,,,,,,5.655
10660,4.282,4.641,11.32,3.313,,,,,,,,,,,,,7.933
10661,4.282,4.641,11.32,3.313,,,,,,,,,,,,,6.238
10662,4.282,4.641,11.32,3.313,,,,,,,,,,,,,7.6
10663,4.282,4.641,11.32,3.313,,,,,,,,,,,,,7.357
10664,4.282,4.641,11.32,3.313,,,,,,,,,,,,,9.543
10665,4.282,4.641,11.32,3.313,,,,,,,,,,,,,5.96
10666,4.282,4.641,11.32,3.313,,,,,,,,,,,,,5.548
10667,4.282,4.641,11.32,3.313,,,,,,,,,,,,,7.062
10668,4.282,4.641,11.32,3.313,,,,,,,,,,,,,6.842
10669,4.282,4.641,11.32,3.313,,,,,,,,,,,,,8.117
10670,4.282,4.641,11.32,3.313,,,,,,,,,,,,,6.137
10671,4.282,4.641,11.32,3.313,,,,,,,,,,,,,7.014
10672,4.282,4.641,11.32,3.312,,,,,,,,,,,,,8.711
10673,4.282,4.641,11.32,3.312,,,,,,,,,,,,,5.597
10674,4.282,4.641,11.32,3.312,,,,,,,,,,,,,9.741
10675,4.282,4.641,11.32,3.312,,,,,,,,,,,,,6.214
10676,4.282,4.641,11.32,3.313,,,,,,,,,,,,,5.713
10677,4.282,4.641,11.32,3.313,,,,,,,,,,,,,7.097
10678,4.282,4.641,11.32,3.313,,,,,,,,,,,,,7.099
10679,4.282,4.641,11.32,3.313,,,,,,,,,,,,,9.411
10680,4.282,4.641,11.32,3.313,,,,,,,,,,,,,5.35
10681,4.282,4.641,11.32,3.313,,,,,,,,,,,,,6.984
10682,4.282,4.641,11.32,3.313,,,,,,,,,,,,,7.458
10687,4.282,4.641,11.32,3.313,,,,,,,,,,,,,7.412
10688,4.282,4.641,11.32,3.313,,,,,,,,,,,,,6.941
10689,4.282,4.641,11.32,3.313,,,,,,,,,,,,,7.938
10690,4.282,4.641,11.32,3.313,,,,,,,,,,,,,6.662
10691,4.282,4.641,11.32,3.313,,,,,,,,,,,,,6.883
10692,4.282,4.641,11.32,3.313,,,,,,,,,,,,,7.304
10693,4.282,4.641,11.32,3.313,,,,,,,,,,,,,6.706
10694,4.282,4.641,11.32,3.313,,,,,,,,,,,,,7.299
10695,4.282,4.641,11.32,3.313,,,,,,,,,,,,,7.161
10696,4.282,4.641,11.32,3.313,,,,,,,,,,,,,7.355
10697,4.282,4.641,11.32,3.313,,,,,,,,,,,,,6.944
10698,4.282,4.641,11.32,3.313,,,,,,,,,,,,,9.123
10699,4.282,4.641,11.32,3.313,,,,,,,,,,,,,5.464
10700,4.282,4.641,11.32,3.313,,,,,,,,,,,,,7.325
10701,4.282,4.641,11.32,3.313,,,,,,,,,,,,,7.009
10702,4.282,4.641,11.32,3.313,,,,,,,,,,,,,9.479
10703,4.282,4.641,11.32,3.313,,,,,,,,,,,,,4.585
10704,4.282,4.641,11.32,3.313,,,,,,,,,,,,,6.854
10705,4.282,4.641,11.32,3.313,,,,,,,,,,,,,7.807
10706,4.282,4.641,11.32,3.313,,,,,,,,,,,,,6.76
10707,4.282,4.641,11.32,3.313,,,,,,,,,,,,,7.273
10708,4.282,4.641,11.32,3.313,,,,,,,,,,,,,7.144
10709,4.282,4.641,11.32,3.313,,,,,,,,,,,,,7.22
10710,4.282,4.641,11.32,3.313,,,,,,,,,,,,,8.587
10711,4.282,4.641,11.32,3.313,,,,,,,,,,,,,5.828
10712,4.282,4.641,11.32,3.313,,,,,,,,,,,,,40.064
10713,4.282,4.641,11.32,3.313,,,,,,,,,,,,,4.557
10714,4.282,4.641,11.32,3.313,,,,,,,,,,,,,1.59
10715,4.282,4.641,11.32,3.313,,,,,,,,,,,,,1.253
10716,4.282,4.641,11.32,3.313,,,,,,,,,,,,,1.083
10717,4.282,4.641,11.32,3.313,,,,,,,,,,,,,1.306
10718,4.282,4.641,11.32,3.313,,,,,,,,,,,,,1.384
10719,4.282,4.641,11.32,3.313,,,,,,,,,,,,,1.598
10720,4.282,4.641,11.32,3.313,,,,,,,,,,,,,4.664
10721,4.282,4.641,11.32,3.313,,,,,,,,,,,,,7.289
10722,4.282,4.641,11.32,3.313,,,,,,,,,,,,,7.163
10723,4.282,4.641,11.32,3.313,,,,,,,,,,,,,8.108
10724,4.282,4.641,11.32,3.313,,,,,,,,,,,,,6.553
10725,4.282,4.641,11.32,3.313,,,,,,,,,,,,,6.218
10726,4.282,4.641,11.32,3.313,,,,,,,,,,,,,8.626
10727,4.282,4.641,11.32,3.313,,,,,,,,,,,,,6.192
10728,4.282,4.641,11.32,3.313,,,,,,,,,,,,,7.761
10733,4.282,4.641,11.32,3.313,,,,,,,,,,,,,6.831
10734,4.282,4.641,11.32,3.313,,,,,,,,,,,,,7.223
10735,4.282,4.641,11.32,3.313,,,,,,,,,,,,,7.42
10736,4.282,4.64,11.32,3.313,,,,,,,,,,,,,6.943
10737,4.282,4.64,11.32,3.313,,,,,,,,,,,,,7.08
10738,4.282,4.64,11.32,3.313,,,,,,,,,,,,,8.946
10739,4.282,4.64,11.32,3.313,,,,,,,,,,,,,5.651
10740,4.282,4.641,11.32,3.313,,,,,,,,,,,,,7.381
10741,4.282,4.641,11.32,3.313,,,,,,,,,,,,,14.839
10742,4.282,4.641,11.32,3.313,,,,,,,,,,,,,4.462
10743,4.282,4.641,11.32,3.313,,,,,,,,,,,,,7.71
10744,4.282,4.641,11.32,3.313,,,,,,,,,,,,,7.177
10745,4.282,4.641,11.32,3.313,,,,,,,,,,,,,4.598
10746,4.282,4.641,11.32,3.313,,,,,,,,,,,,,5.023
10747,4.282,4.64,11.32,3.313,,,,,,,,,,,,,5.715
10756,4.282,4.641,11.32,3.313,,,,,,,,,,,,,13.633
10757,4.282,4.641,11.32,3.313,,,,,,,,,,,,,5.038
10758,4.282,4.641,11.32,3.313,,,,,,,,,,,,,4.576
10763,4.282,4.641,11.32,3.313,,,,,,,,,,,,,7.856
10764,4.282,4.641,11.32,3.313,,,,,,,,,,,,,11.821
10765,4.282,4.641,11.32,3.313,,,,,,,,,,,,,5.603
10766,4.282,4.641,11.32,3.313,,,,,,,,,,,,,4.898
10767,4.282,4.641,11.32,3.313,,,,,,,,,,,,,6.182
10768,4.282,4.641,11.32,3.313,,,,,,,,,,,,,9.416
10769,4.282,4.641,11.32,3.313,,,,,,,,,,,,,6.112
10770,4.282,4.641,11.32,3.313,,,,,,,,,,,,,5.374
10771,4.282,4.641,11.32,3.313,,,,,,,,,,,,,12.366
10772,4.282,4.641,11.32,3.313,,,,,,,,,,,,,4.361
10773,4.282,4.641,11.32,3.313,,,,,,,,,,,,,8.118
10774,4.282,4.641,11.32,3.313,,,,,,,,,,,,,5.26
10775,4.282,4.641,11.32,3.313,,,,,,,,,,,,,5.323
10776,4.282,4.641,11.32,3.313,,,,,,,,,,,,,7.212
10777,4.282,4.641,11.32,3.313,,,,,,,,,,,,,7.674
10778,4.282,4.641,11.32,3.313,,,,,,,,,,,,,7.757
10779,4.282,4.641,11.32,3.313,,,,,,,,,,,,,6.52
10780,4.282,4.641,11.32,3.313,,,,,,,,,,,,,6.928
10781,4.282,4.641,11.32,3.313,,,,,,,,,,,,,7.199
10782,4.282,4.641,11.32,3.313,,,,,,,,,,,,,7.17
10783,4.282,4.641,11.32,3.313,,,,,,,,,,,,,7.271
10784,4.282,4.641,11.32,3.313,,,,,,,,,,,,,9.26
10785,4.282,4.641,11.32,3.313,,,,,,,,,,,,,5.524
10786,4.282,4.641,11.32,3.313,,,,,,,,,,,,,8.118
10787,4.282,4.641,11.32,3.313,,,,,,,,,,,,,5.314
10788,4.282,4.641,11.32,3.313,,,,,,,,,,,,,7.134
10789,4.282,4.64,11.32,3.313,,,,,,,,,,,,,7.433
10790,4.282,4.64,11.32,3.313,,,,,,,,,,,,,6.734
10791,4.282,4.64,11.32,3.313,,,,,,,,,,,,,7.459
10792,4.282,4.64,11.32,3.313,,,,,,,,,,,,,14.398
10793,4.282,4.64,11.32,3.313,,,,,,,,,,,,,1.985
10794,4.282,4.64,11.32,3.313,,,,,,,,,,,,,6.42
10795,4.282,4.64,11.32,3.313,,,,,,,,,,,,,7.425
10796,4.282,4.641,11.32,3.313,,,,,,,,,,,,,7.384
10797,4.282,4.641,11.32,3.313,,,,,,,,,,,,,7.741
10798,4.282,4.641,11.32,3.313,,,,,,,,,,,,,5.73
10799,4.282,4.641,11.32,3.313,,,,,,,,,,,,,7.485
10800,4.282,4.641,11.32,3.313,,,,,,,,,,,,,8.812
10801,4.282,4.641,11.32,3.313,,,,,,,,,,,,,7.357
10802,4.282,4.641,11.32,3.313,,,,,,,,,,,,,4.851
10803,4.282,4.641,11.32,3.313,,,,,,,,,,,,,7.766
10804,4.282,4.64,11.32,3.313,,,,,,,,,,,,,7.892
10805,4.282,4.64,11.32,3.313,,,,,,,,,,,,,5.617
10806,4.282,4.64,11.32,3.313,,,,,,,,,,,,,7.661
10807,4.282,4.64,11.32,3.313,,,,,,,,,,,,,6.833
10808,4.282,4.641,11.32,3.313,,,,,,,,,,,,,31.537
10809,4.282,4.641,11.32,3.312,,,,,,,,,,,,,2.152
10810,4.282,4.641,11.32,3.312,,,,,,,,,,,,,1.485
10811,4.282,4.641,11.32,3.312,,,,,,,,,,,,,1.052
10812,4.282,4.641,11.32,3.312,,,,,,,,,,,,,1.036
10813,4.282,4.641,11.32,3.312,,,,,,,,,,,,,0.886
10814,4.282,4.641,11.32,3.313,,,,,,,,,,,,,7.292
10815,4.282,4.641,11.32,3.313,,,,,,,,,,,,,9.435
10816,4.282,4.641,11.32,3.313,,,,,,,,,,,,,4.32
10817,4.282,4.641,11.32,3.313,,,,,,,,,,,,,8.896
10818,4.282,4.641,11.32,3.313,,,,,,,,,,,,,4.365
10819,4.282,4.641,11.32,3.313,,,,,,,,,,,,,8.05
10820,4.282,4.641,11.32,3.313,,,,,,,,,,,,,6.1
10821,4.282,4.641,11.32,3.313,,,,,,,,,,,,,7.229
10822,4.282,4.641,11.32,3.313,,,,,,,,,,,,,10.188
10823,4.282,4.641,11.32,3.313,,,,,,,,,,,,,12.065
10824,4.282,4.641,11.32,3.313,,,,,,,,,,,,,6.769
10825,4.282,4.641,11.32,3.313,,,,,,,,,,,,,7.201
10826,4.282,4.641,11.32,3.313,,,,,,,,,,,,,4.95
10827,4.282,4.641,11.32,3.313,,,,,,,,,,,,,5.641
10828,4.282,4.641,11.32,3.313,,,,,,,,,,,,,7.325
10829,4.282,4.641,11.32,3.313,,,,,,,,,,,,,7.448
10830,4.282,4.641,11.32,3.313,,,,,,,,,,,,,7.038
10835,4.282,4.641,11.32,3.313,,,,,,,,,,,,,8.867
10836,4.282,4.641,11.32,3.313,,,,,,,,,,,,,5.854
10837,4.282,4.641,11.32,3.313,,,,,,,,,,,,,27.647
10838,4.282,4.641,11.32,3.313,,,,,,,,,,,,,1.667
10839,4.282,4.641,11.32,3.313,,,,,,,,,,,,,41.536
10840,4.282,4.641,11.32,3.313,,,,,,,,,,,,,1.94
10841,4.282,4.641,11.32,3.313,,,,,,,,,,,,,1.149
10842,4.282,4.641,11.32,3.313,,,,,,,,,,,,,0.959
10843,4.282,4.641,11.32,3.313,,,,,,,,,,,,,0.847
10844,4.282,4.641,11.32,3.313,,,,,,,,,,,,,1.061
10845,4.282,4.641,11.32,3.312,,,,,,,,,,,,,24.299
10846,4.282,4.641,11.32,3.312,,,,,,,,,,,,,1.788
10847,4.282,4.641,11.32,3.312,,,,,,,,,,,,,1.104
10848,4.282,4.641,11.32,3.312,,,,,,,,,,,,,0.985
10849,4.282,4.641,11.32,3.313,,,,,,,,,,,,,1.139
10850,4.282,4.641,11.32,3.313,,,,,,,,,,,,,1.134
10851,4.282,4.641,11.32,3.313,,,,,,,,,,,,,0.955
10852,4.282,4.641,11.32,3.313,,,,,,,,,,,,,0.908
10853,4.282,4.641,11.32,3.313,,,,,,,,,,,,,0.862
10854,4.282,4.641,11.32,3.313,,,,,,,,,,,,,1.385
10855,4.282,4.641,11.32,3.313,,,,,,,,,,,,,7.135
10856,4.282,4.641,11.32,3.313,,,,,,,,,,,,,7.175
10857,4.282,4.641,11.32,3.313,,,,,,,,,,,,,7.193
10858,4.282,4.641,11.32,3.313,,,,,,,,,,,,,7.149
10859,4.282,4.641,11.32,3.313,,,,,,,,,,,,,7.191
10860,4.282,4.641,11.32,3.313,,,,,,,,,,,,,7.42
10861,4.282,4.641,11.32,3.313,,,,,,,,,,,,,6.91
10862,4.282,4.641,11.32,3.313,,,,,,,,,,,,,7.143
10863,4.282,4.641,11.32,3.313,,,,,,,,,,,,,7.111
10864,4.282,4.641,11.32,3.313,,,,,,,,,,,,,7.813
10865,4.282,4.641,11.32,3.313,,,,,,,,,,,,,6.672
10866,4.282,4.641,11.32,3.313,,,,,,,,,,,,,7.35
10867,4.282,4.641,11.32,3.313,,,,,,,,,,,,,7.345
10868,4.282,4.641,11.32,3.313,,,,,,,,,,,,,6.947
10869,4.282,4.641,11.32,3.313,,,,,,,,,,,,,8.164
10870,4.282,4.641,11.32,3.313,,,,,,,,,,,,,5.994
10871,4.282,4.641,11.32,3.313,,,,,,,,,,,,,7.39
10872,4.282,4.641,11.32,3.313,,,,,,,,,,,,,6.826
10873,4.282,4.641,11.32,3.313,,,,,,,,,,,,,7.255
10874,4.282,4.641,11.32,3.313,,,,,,,,,,,,,12.057
10875,4.282,4.641,11.32,3.313,,,,,,,,,,,,,4.456
10876,4.282,4.641,11.32,3.313,,,,,,,,,,,,,4.731
10877,4.282,4.641,11.32,3.313,,,,,,,,,,,,,7.623
10878,4.282,4.641,11.32,3.313,,,,,,,,,,,,,6.901
10879,4.282,4.641,11.32,3.313,,,,,,,,,,,,,6.973
10880,4.282,4.641,11.32,3.313,,,,,,,,,,,,,6.994
10881,4.282,4.641,11.32,3.313,,,,,,,,,,,,,7.385
10882,4.282,4.641,11.32,3.313,,,,,,,,,,,,,7.173
10883,4.282,4.641,11.32,3.313,,,,,,,,,,,,,7.96
10884,4.282,4.641,11.32,3.313,,,,,,,,,,,,,6.623
10885,4.282,4.641,11.32,3.313,,,,,,,,,,,,,6.903
10886,4.282,4.641,11.32,3.313,,,,,,,,,,,,,7.411
10887,4.282,4.641,11.32,3.313,,,,,,,,,,,,,17.444
10888,4.282,4.641,11.32,3.313,,,,,,,,,,,,,46.475
10889,4.282,4.641,11.32,3.313,,,,,,,,,,,,,2.24
10890,4.282,4.641,11.32,3.313,,,,,,,,,,,,,13.472
10891,4.282,4.641,11.32,3.313,,,,,,,,,,,,,1.665
10892,4.282,4.641,11.32,3.313,,,,,,,,,,,,,1.749
10893,4.282,4.641,11.32,3.313,,,,,,,,,,,,,1.586
10894,4.282,4.641,11.32,3.313,,,,,,,,,,,,,1.497
10895,4.282,4.641,11.32,3.313,,,,,,,,,,,,,1.607
10896,4.282,4.641,11.32,3.312,,,,,,,,,,,,,1.265
10897,4.282,4.641,11.32,3.312,,,,,,,,,,,,,1.207
10898,4.282,4.641,11.32,3.312,,,,,,,,,,,,,4.661
10899,4.282,4.641,11.32,3.312,,,,,,,,,,,,,1.718
10900,4.282,4.641,11.32,3.312,,,,,,,,,,,,,11.256
10901,4.282,4.641,11.32,3.313,,,,,,,,,,,,,2.735
10902,4.282,4.641,11.32,3.313,,,,,,,,,,,,,1.575
10903,4.282,4.641,11.32,3.313,,,,,,,,,,,,,2.35
10904,4.282,4.641,11.32,3.313,,,,,,,,,,,,,2.006
10905,4.282,4.641,11.32,3.313,,,,,,,,,,,,,5.254
10906,4.282,4.641,11.32,3.313,,,,,,,,,,,,,4.748
10907,4.282,4.641,11.32,3.313,,,,,,,,,,,,,15.668
10908,4.282,4.641,11.32,3.313,,,,,,,,,,,,,4.449
10909,4.282,4.641,11.32,3.313,,,,,,,,,,,,,2.095
10910,4.282,4.641,11.32,3.313,,,,,,,,,,,,,3.153
10911,4.282,4.64,11.32,3.313,,,,,,,,,,,,,9.089
10912,4.282,4.64,11.32,3.313,,,,,,,,,,,,,5.441
10913,4.282,4.64,11.32,3.313,,,,,,,,,,,,,7.161
10914,4.282,4.64,11.32,3.313,,,,,,,,,,,,,7.359
10915,4.282,4.641,11.32,3.313,,,,,,,,,,,,,6.938
10916,4.282,4.641,11.32,3.313,,,,,,,,,,,,,7.214
10917,4.282,4.641,11.32,3.313,,,,,,,,,,,,,7.46
10918,4.282,4.641,11.32,3.313,,,,,,,,,,,,,7.279
10919,4.282,4.641,11.32,3.313,,,,,,,,,,,,,7.292
10920,4.282,4.641,11.32,3.313,,,,,,,,,,,,,9.373
10921,4.282,4.641,11.32,3.313,,,,,,,,,,,,,5.084
10922,4.282,4.641,11.32,3.313,,,,,,,,,,,,,6.882
10923,4.282,4.641,11.32,3.313,,,,,,,,,,,,,7.332
10924,4.282,4.641,11.32,3.313,,,,,,,,,,,,,7.103
10925,4.282,4.641,11.32,3.313,,,,,,,,,,,,,7.496
10926,4.282,4.641,11.32,3.313,,,,,,,,,,,,,7.154
10927,4.282,4.641,11.32,3.313,,,,,,,,,,,,,7.438
10928,4.282,4.641,11.32,3.313,,,,,,,,,,,,,7.148
10929,4.282,4.641,11.32,3.313,,,,,,,,,,,,,9.044
10930,4.282,4.64,11.32,3.313,,,,,,,,,,,,,5.506
10938,4.282,4.641,11.32,3.313,,,,,,,,,,,,,8.219
10939,4.282,4.641,11.32,3.313,,,,,,,,,,,,,5.664
10940,4.282,4.641,11.32,3.313,,,,,,,,,,,,,7.7
10941,4.282,4.641,11.32,3.313,,,,,,,,,,,,,6.924
10942,4.282,4.641,11.32,3.313,,,,,,,,,,,,,7.284
10943,4.282,4.641,11.32,3.313,,,,,,,,,,,,,9.704
10944,4.282,4.641,11.32,3.313,,,,,,,,,,,,,4.929
10945,4.282,4.641,11.32,3.313,,,,,,,,,,,,,7.598
10946,4.282,4.641,11.32,3.313,,,,,,,,,,,,,6.661
10947,4.282,4.641,11.32,3.313,,,,,,,,,,,,,7.764
10948,4.282,4.641,11.32,3.313,,,,,,,,,,,,,8.691
10949,4.282,4.641,11.32,3.313,,,,,,,,,,,,,5.21
10950,4.282,4.641,11.32,3.313,,,,,,,,,,,,,17.6
10951,4.282,4.641,11.32,3.313,,,,,,,,,,,,,2.024
10952,4.282,4.641,11.32,3.313,,,,,,,,,,,,,3.459
10953,4.282,4.641,11.32,3.313,,,,,,,,,,,,,4.237
10954,4.282,4.641,11.32,3.313,,,,,,,,,,,,,7.23
10955,4.282,4.641,11.32,3.313,,,,,,,,,,,,,7.511
10956,4.282,4.64,11.32,3.313,,,,,,,,,,,,,7.017
10961,4.282,4.641,11.32,3.313,,,,,,,,,,,,,7.155
10962,4.282,4.641,11.32,3.313,,,,,,,,,,,,,9.174
10963,4.282,4.641,11.32,3.313,,,,,,,,,,,,,5.345
10964,4.282,4.641,11.32,3.313,,,,,,,,,,,,,7.495
10965,4.282,4.641,11.32,3.313,,,,,,,,,,,,,6.919
10966,4.282,4.641,11.32,3.313,,,,,,,,,,,,,7.274
10967,4.282,4.641,11.32,3.313,,,,,,,,,,,,,6.771
10968,4.282,4.641,11.32,3.313,,,,,,,,,,,,,7.953
10969,4.282,4.641,11.32,3.312,,,,,,,,,,,,,7.594
10970,4.282,4.641,11.32,3.312,,,,,,,,,,,,,6.177
10971,4.282,4.641,11.32,3.312,,,,,,,,,,,,,7.245
10972,4.282,4.641,11.32,3.312,,,,,,,,,,,,,7.169
10973,4.282,4.641,11.32,3.313,,,,,,,,,,,,,7.941
10974,4.282,4.641,11.32,3.313,,,,,,,,,,,,,6.393
10975,4.282,4.641,11.32,3.313,,,,,,,,,,,,,7.18
10976,4.282,4.641,11.32,3.313,,,,,,,,,,,,,7.148
10977,4.282,4.641,11.32,3.313,,,,,,,,,,,,,8.199
10978,4.282,4.641,11.32,3.313,,,,,,,,,,,,,7.256
10979,4.282,4.641,11.32,3.313,,,,,,,,,,,,,5.817
10980,4.282,4.641,11.32,3.313,,,,,,,,,,,,,32.747
10981,4.282,4.641,11.32,3.312,,,,,,,,,,,,,1.866
10982,4.282,4.641,11.32,3.312,,,,,,,,,,,,,1.41
10983,4.282,4.641,11.32,3.312,,,,,,,,,,,,,1.061
10984,4.282,4.641,11.32,3.312,,,,,,,,,,,,,0.886
10985,4.282,4.641,11.32,3.313,,,,,,,,,,,,,1.148
10986,4.282,4.641,11.32,3.313,,,,,,,,,,,,,5.452
10987,4.282,4.641,11.32,3.313,,,,,,,,,,,,,7.126
10988,4.282,4.641,11.32,3.313,,,,,,,,,,,,,9.126
10989,4.282,4.641,11.32,3.313,,,,,,,,,,,,,5.541
10990,4.282,4.641,11.32,3.313,,,,,,,,,,,,,7.047
10991,4.282,4.641,11.32,3.313,,,,,,,,,,,,,7.219
10992,4.282,4.641,11.32,3.313,,,,,,,,,,,,,7.192
10993,4.282,4.641,11.32,3.313,,,,,,,,,,,,,13.21
10994,4.282,4.641,11.32,3.313,,,,,,,,,,,,,4.887
10995,4.282,4.641,11.32,3.313,,,,,,,,,,,,,4.351
10996,4.282,4.641,11.32,3.313,,,,,,,,,,,,,6.044
10997,4.282,4.641,11.32,3.313,,,,,,,,,,,,,7.499
10998,4.282,4.641,11.32,3.313,,,,,,,,,,,,,6.789
11007,4.282,4.641,11.32,3.313,,,,,,,,,,,,,8.02
11008,4.282,4.641,11.32,3.312,,,,,,,,,,,,,6.342
11009,4.282,4.641,11.32,3.312,,,,,,,,,,,,,7.244
11010,4.282,4.64,11.32,3.312,,,,,,,,,,,,,7.226
11011,4.282,4.64,11.32,3.312,,,,,,,,,,,,,11.784
11012,4.282,4.64,11.32,3.312,,,,,,,,,,,,,4.458
11013,4.282,4.64,11.32,3.312,,,,,,,,,,,,,4.853
11014,4.282,4.641,11.32,3.312,,,,,,,,,,,,,7.253
11015,4.282,4.641,11.32,3.313,,,,,,,,,,,,,7.264
11016,4.282,4.641,11.32,3.313,,,,,,,,,,,,,7.137
11017,4.282,4.641,11.32,3.313,,,,,,,,,,,,,7.104
11018,4.282,4.641,11.32,3.313,,,,,,,,,,,,,7.695
11019,4.282,4.641,11.32,3.313,,,,,,,,,,,,,6.578
11020,4.282,4.641,11.32,3.313,,,,,,,,,,,,,7.231
11021,4.282,4.641,11.32,3.313,,,,,,,,,,,,,23.142
11022,4.282,4.641,11.32,3.313,,,,,,,,,,,,,4.615
11023,4.282,4.641,11.32,3.313,,,,,,,,,,,,,2.51
11024,4.282,4.641,11.32,3.313,,,,,,,,,,,,,1.423
11025,4.282,4.641,11.32,3.313,,,,,,,,,,,,,4.639
11030,4.282,4.641,11.32,3.312,,,,,,,,,,,,,7.153
11031,4.282,4.641,11.32,3.313,,,,,,,,,,,,,8.448
11032,4.282,4.641,11.32,3.313,,,,,,,,,,,,,5.802
11033,4.282,4.641,11.32,3.313,,,,,,,,,,,,,7.464
11034,4.282,4.641,11.32,3.313,,,,,,,,,,,,,6.85
11035,4.282,4.641,11.32,3.313,,,,,,,,,,,,,7.036
11036,4.282,4.641,11.32,3.313,,,,,,,,,,,,,8.928
11037,4.282,4.641,11.32,3.313,,,,,,,,,,,,,5.636
11038,4.282,4.641,11.32,3.312,,,,,,,,,,,,,6.591
11039,4.282,4.641,11.32,3.312,,,,,,,,,,,,,7.465
11040,4.282,4.641,11.32,3.312,,,,,,,,,,,,,6.964
11041,4.282,4.641,11.32,3.312,,,,,,,,,,,,,7.351
11042,4.282,4.641,11.32,3.313,,,,,,,,,,,,,7.215
11043,4.282,4.641,11.32,3.313,,,,,,,,,,,,,7.981
11044,4.282,4.641,11.32,3.313,,,,,,,,,,,,,9.671
11045,4.282,4.641,11.32,3.313,,,,,,,,,,,,,6.453
11046,4.282,4.641,11.32,3.313,,,,,,,,,,,,,5.45
11047,4.282,4.641,11.32,3.313,,,,,,,,,,,,,10.906
11048,4.282,4.641,11.32,3.313,,,,,,,,,,,,,6.702
11049,4.282,4.641,11.32,3.313,,,,,,,,,,,,,4.569
11050,4.282,4.641,11.32,3.312,,,,,,,,,,,,,19.462
11051,4.282,4.641,11.32,3.312,,,,,,,,,,,,,4.458
11052,4.282,4.641,11.32,3.312,,,,,,,,,,,,,1.629
11053,4.282,4.641,11.32,3.312,,,,,,,,,,,,,1.228
11054,4.282,4.641,11.32,3.312,,,,,,,,,,,,,3.93
11055,4.282,4.641,11.32,3.312,,,,,,,,,,,,,6.937
11056,4.282,4.64,11.32,3.312,,,,,,,,,,,,,7.128
11073,4.282,4.64,11.32,3.313,,,,,,,,,,,,,13.378
11074,4.282,4.64,11.32,3.313,,,,,,,,,,,,,4.859
11075,4.282,4.64,11.32,3.313,,,,,,,,,,,,,4.453
11076,4.282,4.641,11.32,3.313,,,,,,,,,,,,,5.275
11077,4.282,4.641,11.32,3.312,,,,,,,,,,,,,8.086
11078,4.282,4.641,11.32,3.312,,,,,,,,,,,,,6.491
11079,4.282,4.641,11.32,3.312,,,,,,,,,,,,,7.085
11080,4.282,4.641,11.32,3.312,,,,,,,,,,,,,6.757
11081,4.282,4.641,11.32,3.313,,,,,,,,,,,,,11.382
11082,4.282,4.641,11.32,3.313,,,,,,,,,,,,,7.267
11083,4.282,4.641,11.32,3.313,,,,,,,,,,,,,6.808
11084,4.282,4.641,11.32,3.313,,,,,,,,,,,,,5.008
11085,4.282,4.641,11.32,3.313,,,,,,,,,,,,,5.097
11086,4.282,4.641,11.32,3.313,,,,,,,,,,,,,7.63
11087,4.282,4.641,11.32,3.313,,,,,,,,,,,,,7.221
11088,4.282,4.641,11.32,3.313,,,,,,,,,,,,,6.967
11089,4.282,4.641,11.32,3.312,,,,,,,,,,,,,7.252
11090,4.282,4.641,11.32,3.312,,,,,,,,,,,,,7.384
11091,4.282,4.641,11.32,3.312,,,,,,,,,,,,,9.064
11095,4.282,4.641,11.32,3.313,,,,,,,,,,,,,6.865
11096,4.282,4.641,11.32,3.313,,,,,,,,,,,,,8.961
11097,4.282,4.641,11.32,3.313,,,,,,,,,,,,,3.18
11098,4.282,4.64,11.32,3.313,,,,,,,,,,,,,9.567
11099,4.282,4.64,11.32,3.313,,,,,,,,,,,,,6.659
11100,4.282,4.64,11.32,3.312,,,,,,,,,,,,,7.229
11101,4.282,4.64,11.32,3.312,,,,,,,,,,,,,7.12
11102,4.282,4.641,11.32,3.312,,,,,,,,,,,,,6.89
11103,4.282,4.641,11.32,3.312,,,,,,,,,,,,,7.44
11104,4.282,4.641,11.32,3.313,,,,,,,,,,,,,7.877
11105,4.282,4.641,11.32,3.313,,,,,,,,,,,,,8.258
11106,4.282,4.641,11.32,3.313,,,,,,,,,,,,,5.312
11107,4.282,4.641,11.32,3.313,,,,,,,,,,,,,7.237
11108,4.282,4.641,11.32,3.313,,,,,,,,,,,,,7.251
11109,4.282,4.641,11.32,3.313,,,,,,,,,,,,,10.184
11110,4.282,4.641,11.32,3.313,,,,,,,,,,,,,6.345
11111,4.282,4.641,11.32,3.313,,,,,,,,,,,,,4.297
11112,4.282,4.641,11.32,3.313,,,,,,,,,,,,,11.863
11113,4.282,4.641,11.32,3.313,,,,,,,,,,,,,6.579
11114,4.282,4.641,11.32,3.313,,,,,,,,,,,,,9.036
11115,4.282,4.641,11.32,3.313,,,,,,,,,,,,,5.576
11116,4.282,4.641,11.32,3.313,,,,,,,,,,,,,7.224
11117,4.282,4.641,11.32,3.313,,,,,,,,,,,,,7.312
11118,4.282,4.641,11.32,3.313,,,,,,,,,,,,,7.448
11119,4.282,4.641,11.32,3.313,,,,,,,,,,,,,6.997
11120,4.282,4.641,11.32,3.313,,,,,,,,,,,,,7.074
11121,4.282,4.641,11.32,3.313,,,,,,,,,,,,,9.381
11122,4.282,4.641,11.32,3.313,,,,,,,,,,,,,5.058
11123,4.282,4.641,11.32,3.313,,,,,,,,,,,,,7.146
11124,4.282,4.641,11.32,3.313,,,,,,,,,,,,,11.285
11125,4.282,4.641,11.32,3.313,,,,,,,,,,,,,5.486
11126,4.282,4.641,11.32,3.313,,,,,,,,,,,,,5.901
11127,4.282,4.641,11.32,3.313,,,,,,,,,,,,,5.939
11128,4.282,4.641,11.32,3.313,,,,,,,,,,,,,11.656
11129,4.282,4.641,11.32,3.313,,,,,,,,,,,,,7.891
11130,4.282,4.641,11.32,3.313,,,,,,,,,,,,,6.432
11131,4.282,4.641,11.32,3.313,,,,,,,,,,,,,4.506
11132,4.282,4.641,11.32,3.313,,,,,,,,,,,,,4.597
11133,4.282,4.641,11.32,3.313,,,,,,,,,,,,,7.212
11134,4.282,4.641,11.32,3.313,,,,,,,,,,,,,7.426
11135,4.282,4.641,11.32,3.313,,,,,,,,,,,,,6.851
11136,4.282,4.641,11.32,3.313,,,,,,,,,,,,,7.044
11137,4.282,4.641,11.32,3.313,,,,,,,,,,,,,7.966
11138,4.282,4.641,11.32,3.313,,,,,,,,,,,,,6.886
11139,4.282,4.641,11.32,3.313,,,,,,,,,,,,,6.906
11140,4.282,4.641,11.32,3.313,,,,,,,,,,,,,7.902
11141,4.282,4.641,11.32,3.313,,,,,,,,,,,,,12.311
11142,4.282,4.641,11.32,3.313,,,,,,,,,,,,,4.891
11143,4.282,4.641,11.32,3.313,,,,,,,,,,,,,5.232
11144,4.282,4.641,11.32,3.313,,,,,,,,,,,,,5.126
11145,4.282,4.641,11.32,3.313,,,,,,,,,,,,,7.368
11146,4.282,4.641,11.32,3.313,,,,,,,,,,,,,7.208
11147,4.282,4.641,11.32,3.313,,,,,,,,,,,,,6.796
11148,4.282,4.641,11.32,3.313,,,,,,,,,,,,,7.166
11149,4.282,4.641,11.32,3.313,,,,,,,,,,,,,7.308
11150,4.282,4.641,11.32,3.313,,,,,,,,,,,,,7.23
11151,4.282,4.641,11.32,3.313,,,,,,,,,,,,,36.143
11152,4.282,4.641,11.32,3.313,,,,,,,,,,,,,8.595
11153,4.282,4.641,11.32,3.313,,,,,,,,,,,,,1.599
11154,4.282,4.641,11.32,3.313,,,,,,,,,,,,,1.18
11155,4.282,4.641,11.32,3.313,,,,,,,,,,,,,1.047
11156,4.282,4.641,11.32,3.313,,,,,,,,,,,,,1.152
11157,4.282,4.641,11.32,3.313,,,,,,,,,,,,,1.211
11158,4.282,4.641,11.32,3.313,,,,,,,,,,,,,2.78
11159,4.282,4.641,11.32,3.313,,,,,,,,,,,,,5.24
11160,4.282,4.641,11.32,3.313,,,,,,,,,,,,,6.859
11161,4.282,4.641,11.32,3.313,,,,,,,,,,,,,7.306
11162,4.282,4.641,11.32,3.313,,,,,,,,,,,,,7.304
11163,4.282,4.641,11.32,3.313,,,,,,,,,,,,,7.796
11164,4.282,4.641,11.32,3.313,,,,,,,,,,,,,6.634
11165,4.282,4.641,11.32,3.313,,,,,,,,,,,,,7.304
11166,4.282,4.641,11.32,3.313,,,,,,,,,,,,,7.405
11167,4.282,4.641,11.32,3.313,,,,,,,,,,,,,7.844
11168,4.282,4.641,11.32,3.313,,,,,,,,,,,,,6.178
11169,4.282,4.641,11.32,3.313,,,,,,,,,,,,,8.493
11170,4.282,4.641,11.32,3.313,,,,,,,,,,,,,7.14
11171,4.282,4.641,11.32,3.313,,,,,,,,,,,,,6.529
11172,4.282,4.641,11.32,3.313,,,,,,,,,,,,,6.876
11173,4.282,4.641,11.32,3.313,,,,,,,,,,,,,6.91
11174,4.282,4.641,11.32,3.313,,,,,,,,,,,,,7.574
11175,4.282,4.641,11.32,3.313,,,,,,,,,,,,,7.05
11176,4.282,4.641,11.32,3.313,,,,,,,,,,,,,7.121
11177,4.282,4.641,11.32,3.313,,,,,,,,,,,,,7.301
11178,4.282,4.641,11.32,3.313,,,,,,,,,,,,,7.59
11179,4.282,4.641,11.32,3.313,,,,,,,,,,,,,7.054
11180,4.282,4.641,11.32,3.313,,,,,,,,,,,,,6.136
11181,4.282,4.641,11.32,3.313,,,,,,,,,,,,,7.515
11186,4.282,4.641,11.32,3.313,,,,,,,,,,,,,5.341
11187,4.282,4.641,11.32,3.313,,,,,,,,,,,,,4.792
11188,4.282,4.641,11.32,3.313,,,,,,,,,,,,,7.425
11189,4.282,4.641,11.32,3.313,,,,,,,,,,,,,7.478
11190,4.282,4.641,11.32,3.313,,,,,,,,,,,,,6.949
11191,4.282,4.641,11.32,3.313,,,,,,,,,,,,,6.925
11192,4.282,4.641,11.32,3.313,,,,,,,,,,,,,8.438
11193,4.282,4.641,11.32,3.313,,,,,,,,,,,,,8.464
11194,4.282,4.641,11.32,3.313,,,,,,,,,,,,,4.509
11195,4.282,4.641,11.32,3.313,,,,,,,,,,,,,7.809
11196,4.282,4.641,11.32,3.313,,,,,,,,,,,,,7.057
11197,4.282,4.641,11.32,3.313,,,,,,,,,,,,,15.682
11198,4.282,4.641,11.32,3.313,,,,,,,,,,,,,4.377
11199,4.282,4.641,11.32,3.313,,,,,,,,,,,,,6.627
11200,4.282,4.641,11.32,3.313,,,,,,,,,,,,,4.441
11205,4.282,4.641,11.32,3.313,,,,,,,,,,,,,6.05
11206,4.282,4.641,11.32,3.313,,,,,,,,,,,,,7.355
11207,4.282,4.641,11.32,3.313,,,,,,,,,,,,,7.013
11208,4.282,4.641,11.32,3.313,,,,,,,,,,,,,6.869
11209,4.282,4.641,11.32,3.313,,,,,,,,,,,,,7.185
11210,4.282,4.641,11.32,3.313,,,,,,,,,,,,,10.686
11211,4.282,4.641,11.32,3.313,,,,,,,,,,,,,4.41
11212,4.282,4.641,11.32,3.313,,,,,,,,,,,,,8.476
11213,4.282,4.641,11.32,3.313,,,,,,,,,,,,,6.408
11214,4.282,4.641,11.32,3.313,,,,,,,,,,,,,5.622
11215,4.282,4.641,11.32,3.313,,,,,,,,,,,,,7.201
11216,4.282,4.641,11.32,3.313,,,,,,,,,,,,,9.418
11217,4.282,4.641,11.32,3.313,,,,,,,,,,,,,5.213
11218,4.282,4.641,11.32,3.313,,,,,,,,,,,,,7.221
11219,4.282,4.641,11.32,3.313,,,,,,,,,,,,,7.468
11220,4.282,4.641,11.32,3.313,,,,,,,,,,,,,8.947
11221,4.282,4.641,11.32,3.313,,,,,,,,,,,,,5.433
11222,4.282,4.641,11.32,3.313,,,,,,,,,,,,,7.394
11223,4.282,4.641,11.32,3.313,,,,,,,,,,,,,8.144
11224,4.282,4.641,11.32,3.313,,,,,,,,,,,,,6.208
11225,4.282,4.641,11.32,3.313,,,,,,,,,,,,,6.619
11226,4.282,4.641,11.32,3.313,,,,,,,,,,,,,7.587
11227,4.282,4.641,11.32,3.313,,,,,,,,,,,,,11.692
11231,4.282,4.641,11.32,3.313,,,,,,,,,,,,,9.135
11232,4.282,4.641,11.32,3.313,,,,,,,,,,,,,5.397
11233,4.282,4.641,11.32,3.313,,,,,,,,,,,,,7.175
11234,4.282,4.641,11.32,3.313,,,,,,,,,,,,,7.073
11235,4.282,4.641,11.32,3.313,,,,,,,,,,,,,7.639
11236,4.282,4.641,11.32,3.313,,,,,,,,,,,,,7.278
11237,4.282,4.641,11.32,3.313,,,,,,,,,,,,,33.494
11238,4.282,4.641,11.32,3.313,,,,,,,,,,,,,4.556
11239,4.282,4.641,11.32,3.313,,,,,,,,,,,,,6.321
11240,4.282,4.641,11.32,3.313,,,,,,,,,,,,,1.733
11241,4.282,4.641,11.32,3.313,,,,,,,,,,,,,1.491
11242,4.282,4.641,11.32,3.313,,,,,,,,,,,,,1.512
11243,4.282,4.641,11.32,3.313,,,,,,,,,,,,,2.059
11244,4.282,4.641,11.32,3.313,,,,,,,,,,,,,1.805
11245,4.282,4.641,11.32,3.313,,,,,,,,,,,,,14.705
11246,4.282,4.641,11.32,3.313,,,,,,,,,,,,,5.461
11247,4.282,4.641,11.32,3.313,,,,,,,,,,,,,1.909
11248,4.282,4.641,11.32,3.313,,,,,,,,,,,,,3.541
11249,4.282,4.641,11.32,3.313,,,,,,,,,,,,,6.871
11250,4.282,4.641,11.32,3.313,,,,,,,,,,,,,6.662
11255,4.282,4.641,11.32,3.313,,,,,,,,,,,,,4.821
11256,4.282,4.641,11.32,3.313,,,,,,,,,,,,,7.099
11257,4.282,4.641,11.32,3.313,,,,,,,,,,,,,7.625
11258,4.282,4.641,11.32,3.313,,,,,,,,,,,,,9.256
11259,4.282,4.641,11.32,3.313,,,,,,,,,,,,,4.432
11260,4.282,4.641,11.32,3.313,,,,,,,,,,,,,8.895
11261,4.282,4.641,11.32,3.313,,,,,,,,,,,,,5.548
11262,4.282,4.641,11.32,3.313,,,,,,,,,,,,,6.854
11266,4.282,4.641,11.32,3.313,,,,,,,,,,,,,7.502
11267,4.282,4.641,11.32,3.313,,,,,,,,,,,,,7.093
11268,4.282,4.641,11.32,3.313,,,,,,,,,,,,,10.853
11269,4.282,4.641,11.32,3.313,,,,,,,,,,,,,4.305
11270,4.282,4.641,11.32,3.313,,,,,,,,,,,,,10.723
11271,4.282,4.641,11.32,3.313,,,,,,,,,,,,,5.581
11272,4.282,4.641,11.32,3.313,,,,,,,,,,,,,18.037
11273,4.282,4.641,11.32,3.313,,,,,,,,,,,,,4.672
11274,4.282,4.641,11.32,3.313,,,,,,,,,,,,,1.73
11275,4.282,4.641,11.32,3.313,,,,,,,,,,,,,2.782
11276,4.282,4.641,11.32,3.313,,,,,,,,,,,,,4.378
11277,4.282,4.641,11.32,3.313,,,,,,,,,,,,,8.713
11278,4.282,4.641,11.32,3.313,,,,,,,,,,,,,5.617
11279,4.282,4.641,11.32,3.313,,,,,,,,,,,,,7.311
11280,4.282,4.641,11.32,3.313,,,,,,,,,,,,,6.839
11281,4.282,4.641,11.32,3.313,,,,,,,,,,,,,7.857
11282,4.282,4.641,11.32,3.313,,,,,,,,,,,,,6.652
11283,4.282,4.641,11.32,3.313,,,,,,,,,,,,,7.45
11284,4.282,4.641,11.32,3.313,,,,,,,,,,,,,6.122
11285,4.282,4.641,11.32,3.313,,,,,,,,,,,,,7.688
11289,4.282,4.641,11.32,3.313,,,,,,,,,,,,,7.49
11290,4.282,4.641,11.32,3.313,,,,,,,,,,,,,7.829
11291,4.282,4.641,11.32,3.313,,,,,,,,,,,,,6.465
11292,4.282,4.641,11.32,3.313,,,,,,,,,,,,,7.183
11293,4.282,4.641,11.32,3.313,,,,,,,,,,,,,7.16
11294,4.282,4.641,11.32,3.313,,,,,,,,,,,,,7.308
11295,4.282,4.641,11.32,3.313,,,,,,,,,,,,,6.799
11296,4.282,4.641,11.32,3.313,,,,,,,,,,,,,8.182
11297,4.282,4.641,11.32,3.313,,,,,,,,,,,,,7.372
11298,4.282,4.641,11.32,3.313,,,,,,,,,,,,,5.983
11299,4.282,4.641,11.32,3.313,,,,,,,,,,,,,7.278
11300,4.282,4.641,11.32,3.313,,,,,,,,,,,,,7.05
11301,4.282,4.641,11.32,3.313,,,,,,,,,,,,,9.366
11302,4.282,4.641,11.32,3.313,,,,,,,,,,,,,4.676
11303,4.282,4.641,11.32,3.313,,,,,,,,,,,,,7.175
11308,4.282,4.641,11.32,3.313,,,,,,,,,,,,,7.458
11309,4.282,4.641,11.32,3.312,,,,,,,,,,,,,6.946
11310,4.282,4.641,11.32,3.312,,,,,,,,,,,,,7.114
11311,4.282,4.641,11.32,3.312,,,,,,,,,,,,,7.442
11312,4.282,4.641,11.32,3.312,,,,,,,,,,,,,6.809
11313,4.282,4.641,11.32,3.313,,,,,,,,,,,,,10.085
11314,4.282,4.641,11.32,3.313,,,,,,,,,,,,,4.674
11315,4.282,4.641,11.32,3.313,,,,,,,,,,,,,9.51
11316,4.282,4.641,11.32,3.313,,,,,,,,,,,,,4.398
11317,4.282,4.641,11.32,3.313,,,,,,,,,,,,,6.244
11318,4.282,4.641,11.32,3.313,,,,,,,,,,,,,7.203
11319,4.282,4.641,11.32,3.313,,,,,,,,,,,,,7.39
11320,4.282,4.641,11.32,3.313,,,,,,,,,,,,,10.215
11321,4.282,4.641,11.32,3.313,,,,,,,,,,,,,4.308
11322,4.282,4.641,11.32,3.313,,,,,,,,,,,,,6.365
11323,4.282,4.641,11.32,3.313,,,,,,,,,,,,,7.218
11324,4.282,4.641,11.32,3.312,,,,,,,,,,,,,7.169
11325,4.282,4.641,11.32,3.312,,,,,,,,,,,,,32.439
11326,4.282,4.641,11.32,3.312,,,,,,,,,,,,,5.177
11327,4.282,4.641,11.32,3.312,,,,,,,,,,,,,1.518
11328,4.282,4.641,11.32,3.313,,,,,,,,,,,,,1.088
11329,4.282,4.641,11.32,3.313,,,,,,,,,,,,,0.894
11330,4.282,4.641,11.32,3.313,,,,,,,,,,,,,4.717
11331,4.282,4.641,11.32,3.313,,,,,,,,,,,,,5.316
11336,4.282,4.641,11.32,3.313,,,,,,,,,,,,,6.762
11337,4.282,4.641,11.32,3.313,,,,,,,,,,,,,7.887
11338,4.282,4.641,11.32,3.313,,,,,,,,,,,,,6.214
11343,4.282,4.641,11.32,3.313,,,,,,,,,,,,,6.911
11344,4.282,4.641,11.32,3.313,,,,,,,,,,,,,7.508
11345,4.282,4.641,11.32,3.313,,,,,,,,,,,,,6.802
11346,4.282,4.641,11.32,3.313,,,,,,,,,,,,,9.185
11347,4.282,4.641,11.32,3.313,,,,,,,,,,,,,5.437
11348,4.282,4.641,11.32,3.313,,,,,,,,,,,,,6.906
11349,4.282,4.641,11.32,3.313,,,,,,,,,,,,,7.166
11350,4.282,4.641,11.32,3.313,,,,,,,,,,,,,8.732
11351,4.282,4.641,11.32,3.312,,,,,,,,,,,,,6.011
11352,4.282,4.641,11.32,3.312,,,,,,,,,,,,,6.803
11353,4.282,4.641,11.32,3.312,,,,,,,,,,,,,27.56
11354,4.282,4.64,11.32,3.312,,,,,,,,,,,,,4.576
11355,4.282,4.64,11.32,3.313,,,,,,,,,,,,,1.627
11356,4.282,4.64,11.32,3.313,,,,,,,,,,,,,1.45
11357,4.282,4.64,11.32,3.313,,,,,,,,,,,,,2.226
11358,4.282,4.641,11.32,3.313,,,,,,,,,,,,,1.316
11359,4.282,4.641,11.32,3.313,,,,,,,,,,,,,6.536
11360,4.282,4.641,11.32,3.313,,,,,,,,,,,,,7.276
11361,4.282,4.641,11.32,3.313,,,,,,,,,,,,,7.032
11362,4.282,4.641,11.32,3.313,,,,,,,,,,,,,9.532
11363,4.282,4.641,11.32,3.313,,,,,,,,,,,,,5.12
11364,4.282,4.641,11.32,3.313,,,,,,,,,,,,,6.954
11365,4.282,4.641,11.32,3.313,,,,,,,,,,,,,7.368
11366,4.282,4.64,11.32,3.313,,,,,,,,,,,,,7.309
11367,4.282,4.64,11.32,3.312,,,,,,,,,,,,,6.935
11368,4.282,4.64,11.32,3.312,,,,,,,,,,,,,7.751
11369,4.282,4.641,11.32,3.312,,,,,,,,,,,,,6.411
11374,4.282,4.641,11.32,3.313,,,,,,,,,,,,,7.202
11375,4.282,4.641,11.32,3.313,,,,,,,,,,,,,7.333
11376,4.282,4.641,11.32,3.313,,,,,,,,,,,,,10.042
11377,4.282,4.641,11.32,3.313,,,,,,,,,,,,,4.514
11378,4.282,4.641,11.32,3.313,,,,,,,,,,,,,7.424
11379,4.282,4.641,11.32,3.313,,,,,,,,,,,,,6.916
11380,4.282,4.641,11.32,3.313,,,,,,,,,,,,,7.512
11381,4.282,4.641,11.32,3.313,,,,,,,,,,,,,5.628
11382,4.282,4.641,11.32,3.313,,,,,,,,,,,,,7.098
11383,4.282,4.641,11.32,3.313,,,,,,,,,,,,,7.401
11384,4.282,4.641,11.32,3.313,,,,,,,,,,,,,7.304
11389,4.282,4.641,11.32,3.313,,,,,,,,,,,,,7.472
11390,4.282,4.641,11.32,3.313,,,,,,,,,,,,,8.003
11391,4.282,4.641,11.32,3.313,,,,,,,,,,,,,6.608
11392,4.282,4.641,11.32,3.313,,,,,,,,,,,,,6.859
11393,4.282,4.641,11.32,3.313,,,,,,,,,,,,,8.648
11394,4.282,4.641,11.32,3.312,,,,,,,,,,,,,5.533
11395,4.282,4.64,11.32,3.312,,,,,,,,,,,,,10.91
11400,4.282,4.641,11.32,3.313,,,,,,,,,,,,,7.436
11401,4.282,4.641,11.32,3.313,,,,,,,,,,,,,6.903
11402,4.282,4.641,11.32,3.313,,,,,,,,,,,,,7.117
11403,4.282,4.641,11.32,3.313,,,,,,,,,,,,,6.948
11404,4.282,4.641,11.32,3.313,,,,,,,,,,,,,7.417
11405,4.282,4.641,11.32,3.313,,,,,,,,,,,,,10.809
11406,4.282,4.641,11.32,3.313,,,,,,,,,,,,,4.23
11407,4.282,4.641,11.32,3.313,,,,,,,,,,,,,8.283
11408,4.282,4.641,11.32,3.313,,,,,,,,,,,,,5.909
11409,4.282,4.641,11.32,3.312,,,,,,,,,,,,,5.587
11410,4.282,4.641,11.32,3.312,,,,,,,,,,,,,7.332
11411,4.282,4.641,11.32,3.312,,,,,,,,,,,,,7.362
11412,4.282,4.641,11.32,3.313,,,,,,,,,,,,,7.602
11413,4.282,4.641,11.32,3.313,,,,,,,,,,,,,6.637
11414,4.282,4.641,11.32,3.313,,,,,,,,,,,,,6.655
11415,4.282,4.641,11.32,3.313,,,,,,,,,,,,,7.196
11416,4.282,4.641,11.32,3.313,,,,,,,,,,,,,7.145
11417,4.282,4.641,11.32,3.313,,,,,,,,,,,,,7.199
11418,4.282,4.641,11.32,3.313,,,,,,,,,,,,,7.413
11419,4.282,4.641,11.32,3.313,,,,,,,,,,,,,6.918
11420,4.282,4.641,11.32,3.312,,,,,,,,,,,,,6.886
11421,4.282,4.641,11.32,3.312,,,,,,,,,,,,,39.385
11422,4.282,4.641,11.32,3.312,,,,,,,,,,,,,2.116
11423,4.282,4.641,11.32,3.312,,,,,,,,,,,,,1.327
11424,4.282,4.641,11.32,3.313,,,,,,,,,,,,,1.071
11425,4.282,4.641,11.32,3.313,,,,,,,,,,,,,1.059
11426,4.282,4.641,11.32,3.313,,,,,,,,,,,,,1.031
11427,4.282,4.641,11.32,3.313,,,,,,,,,,,,,1.081
11432,4.282,4.641,11.32,3.312,,,,,,,,,,,,,8.6
11433,4.282,4.641,11.32,3.312,,,,,,,,,,,,,7.291
11434,4.282,4.641,11.32,3.312,,,,,,,,,,,,,6.386
11435,4.282,4.641,11.32,3.312,,,,,,,,,,,,,7.283
11436,4.282,4.641,11.32,3.312,,,,,,,,,,,,,7
11437,4.282,4.641,11.32,3.312,,,,,,,,,,,,,7.769
11438,4.282,4.641,11.32,3.312,,,,,,,,,,,,,6.097
11439,4.282,4.641,11.32,3.312,,,,,,,,,,,,,7.199
11440,4.282,4.641,11.32,3.313,,,,,,,,,,,,,7.182
11441,4.282,4.641,11.32,3.313,,,,,,,,,,,,,7.112
11442,4.282,4.641,11.32,3.313,,,,,,,,,,,,,7.436
11443,4.282,4.641,11.32,3.313,,,,,,,,,,,,,7.7
11444,4.282,4.641,11.32,3.313,,,,,,,,,,,,,7.095
11445,4.282,4.641,11.32,3.313,,,,,,,,,,,,,6.492
11446,4.282,4.641,11.32,3.313,,,,,,,,,,,,,7.396
11447,4.282,4.641,11.32,3.312,,,,,,,,,,,,,7.426
11448,4.282,4.641,11.32,3.312,,,,,,,,,,,,,7.227
11449,4.282,4.641,11.32,3.312,,,,,,,,,,,,,7.298
11450,4.282,4.64,11.32,3.312,,,,,,,,,,,,,7.933
11451,4.282,4.64,11.32,3.313,,,,,,,,,,,,,7.428
11452,4.282,4.64,11.32,3.313,,,,,,,,,,,,,5.966
11453,4.282,4.641,11.32,3.313,,,,,,,,,,,,,7.324
11454,4.282,4.641,11.32,3.313,,,,,,,,,,,,,7.01
11455,4.282,4.641,11.32,3.313,,,,,,,,,,,,,7.133
11456,4.282,4.641,11.32,3.313,,,,,,,,,,,,,8.222
11457,4.282,4.641,11.32,3.313,,,,,,,,,,,,,6.9
11462,4.282,4.641,11.32,3.312,,,,,,,,,,,,,7.413
11463,4.282,4.641,11.32,3.312,,,,,,,,,,,,,6.313
11464,4.282,4.641,11.32,3.312,,,,,,,,,,,,,8.268
11465,4.282,4.641,11.32,3.312,,,,,,,,,,,,,6.605
11466,4.282,4.641,11.32,3.313,,,,,,,,,,,,,9.34
11467,4.282,4.641,11.32,3.313,,,,,,,,,,,,,4.786
11468,4.282,4.641,11.32,3.313,,,,,,,,,,,,,6.676
11469,4.282,4.641,11.32,3.313,,,,,,,,,,,,,7.585
11470,4.282,4.641,11.32,3.313,,,,,,,,,,,,,6.99
11471,4.282,4.641,11.32,3.313,,,,,,,,,,,,,7.349
11472,4.282,4.641,11.32,3.313,,,,,,,,,,,,,7.902
11477,4.282,4.64,11.32,3.313,,,,,,,,,,,,,6.618
11478,4.282,4.64,11.32,3.313,,,,,,,,,,,,,7.204
11479,4.282,4.64,11.32,3.313,,,,,,,,,,,,,7.44
11480,4.282,4.641,11.32,3.313,,,,,,,,,,,,,9.968
11484,4.282,4.641,11.32,3.313,,,,,,,,,,,,,7.132
11485,4.282,4.641,11.32,3.313,,,,,,,,,,,,,7.184
11486,4.282,4.641,11.32,3.313,,,,,,,,,,,,,7.202
11487,4.282,4.64,11.32,3.313,,,,,,,,,,,,,7.296
11488,4.282,4.64,11.32,3.313,,,,,,,,,,,,,7.246
11489,4.282,4.64,11.32,3.312,,,,,,,,,,,,,7.278
11490,4.282,4.64,11.32,3.312,,,,,,,,,,,,,7.118
11491,4.282,4.641,11.32,3.312,,,,,,,,,,,,,7.164
11492,4.282,4.641,11.32,3.312,,,,,,,,,,,,,7.209
11493,4.282,4.641,11.32,3.313,,,,,,,,,,,,,7.651
11494,4.282,4.641,11.32,3.313,,,,,,,,,,,,,9.2
11495,4.282,4.641,11.32,3.313,,,,,,,,,,,,,4.533
11496,4.282,4.641,11.32,3.313,,,,,,,,,,,,,7.282
11497,4.282,4.641,11.32,3.313,,,,,,,,,,,,,7.067
11498,4.282,4.641,11.32,3.313,,,,,,,,,,,,,7.499
11499,4.282,4.64,11.32,3.313,,,,,,,,,,,,,7.188
11500,4.282,4.64,11.32,3.312,,,,,,,,,,,,,7.077
11501,4.282,4.64,11.32,3.312,,,,,,,,,,,,,7.646
11502,4.282,4.641,11.32,3.312,,,,,,,,,,,,,11.084
11503,4.282,4.641,11.32,3.312,,,,,,,,,,,,,5.853
11504,4.282,4.641,11.32,3.313,,,,,,,,,,,,,4.585
11505,4.282,4.641,11.32,3.313,,,,,,,,,,,,,7.512
11506,4.282,4.641,11.32,3.313,,,,,,,,,,,,,6.716
11507,4.282,4.641,11.32,3.313,,,,,,,,,,,,,7.102
11508,4.282,4.641,11.32,3.313,,,,,,,,,,,,,13.256
11509,4.282,4.641,11.32,3.313,,,,,,,,,,,,,4.908
11510,4.282,4.641,11.32,3.313,,,,,,,,,,,,,5.449
11511,4.282,4.641,11.32,3.313,,,,,,,,,,,,,4.995
11512,4.282,4.641,11.32,3.313,,,,,,,,,,,,,6.747
11513,4.282,4.641,11.32,3.313,,,,,,,,,,,,,36.878
11514,4.282,4.641,11.32,3.313,,,,,,,,,,,,,4.872
11515,4.282,4.641,11.32,3.312,,,,,,,,,,,,,2.485
11516,4.282,4.641,11.32,3.312,,,,,,,,,,,,,1.575
11517,4.282,4.641,11.32,3.312,,,,,,,,,,,,,1.206
11518,4.282,4.641,11.32,3.312,,,,,,,,,,,,,1.232
11519,4.282,4.641,11.32,3.312,,,,,,,,,,,,,1.243
11520,4.282,4.641,11.32,3.313,,,,,,,,,,,,,3.069
11521,4.282,4.641,11.32,3.313,,,,,,,,,,,,,6.322
11522,4.282,4.641,11.32,3.313,,,,,,,,,,,,,7.206
11523,4.282,4.641,11.32,3.313,,,,,,,,,,,,,7.913
11524,4.282,4.641,11.32,3.313,,,,,,,,,,,,,11.358
11525,4.282,4.641,11.32,3.313,,,,,,,,,,,,,5.596
11526,4.282,4.641,11.32,3.313,,,,,,,,,,,,,4.547
11530,4.282,4.641,11.32,3.313,,,,,,,,,,,,,11.155
11531,4.282,4.641,11.32,3.312,,,,,,,,,,,,,6.967
11532,4.282,4.641,11.32,3.312,,,,,,,,,,,,,4.41
11533,4.282,4.641,11.32,3.312,,,,,,,,,,,,,4.715
11534,4.282,4.64,11.32,3.312,,,,,,,,,,,,,6.252
11535,4.282,4.64,11.32,3.314,,,,,,,,,,,,,7.142
11536,4.282,4.64,11.32,3.314,,,,,,,,,,,,,7.186
11537,4.282,4.641,11.32,3.314,,,,,,,,,,,,,8.808
11538,4.282,4.641,11.32,3.314,,,,,,,,,,,,,20.162
11539,4.282,4.641,11.32,3.313,,,,,,,,,,,,,10.395
11540,4.282,4.641,11.32,3.313,,,,,,,,,,,,,2.912
11541,4.282,4.641,11.32,3.313,,,,,,,,,,,,,1.362
11542,4.282,4.641,11.32,3.313,,,,,,,,,,,,,4.438
11543,4.282,4.641,11.32,3.312,,,,,,,,,,,,,3.464
11544,4.282,4.641,11.32,3.312,,,,,,,,,,,,,4.705
11545,4.282,4.641,11.32,3.312,,,,,,,,,,,,,9.69
11546,4.282,4.641,11.32,3.312,,,,,,,,,,,,,4.115
11547,4.282,4.641,11.32,3.312,,,,,,,,,,,,,7.662
11548,4.282,4.641,11.32,3.312,,,,,,,,,,,,,7.745
11549,4.282,4.641,11.32,3.312,,,,,,,,,,,,,5.929
11550,4.282,4.641,11.32,3.314,,,,,,,,,,,,,7.137
11551,4.282,4.641,11.32,3.314,,,,,,,,,,,,,7.456
11552,4.282,4.641,11.32,3.314,,,,,,,,,,,,,6.663
11553,4.282,4.641,11.32,3.314,,,,,,,,,,,,,7.14
11554,4.282,4.641,11.32,3.313,,,,,,,,,,,,,12.814
11555,4.282,4.641,11.32,3.313,,,,,,,,,,,,,4.349
11556,4.282,4.641,11.32,3.313,,,,,,,,,,,,,5.21
11557,4.282,4.641,11.32,3.313,,,,,,,,,,,,,6.336
11558,4.282,4.641,11.32,3.312,,,,,,,,,,,,,8.47
11559,4.282,4.641,11.32,3.312,,,,,,,,,,,,,5.591
11560,4.282,4.64,11.32,3.312,,,,,,,,,,,,,7.895
11561,4.282,4.64,11.32,3.312,,,,,,,,,,,,,8.395
11562,4.282,4.64,11.32,3.313,,,,,,,,,,,,,4.89
11563,4.282,4.64,11.32,3.313,,,,,,,,,,,,,7.508
11564,4.282,4.641,11.32,3.313,,,,,,,,,,,,,5.495
11565,4.282,4.641,11.32,3.313,,,,,,,,,,,,,9.084
11566,4.282,4.641,11.32,3.313,,,,,,,,,,,,,7.065
11567,4.282,4.641,11.32,3.313,,,,,,,,,,,,,7.146
11568,4.282,4.641,11.32,3.313,,,,,,,,,,,,,7.809
11569,4.282,4.641,11.32,3.313,,,,,,,,,,,,,10.011
11570,4.282,4.641,11.32,3.313,,,,,,,,,,,,,5.021
11571,4.282,4.641,11.32,3.313,,,,,,,,,,,,,5.728
11576,4.282,4.641,11.32,3.312,,,,,,,,,,,,,5.463
11577,4.282,4.641,11.32,3.313,,,,,,,,,,,,,7.653
11578,4.282,4.641,11.32,3.313,,,,,,,,,,,,,6.864
11579,4.282,4.641,11.32,3.313,,,,,,,,,,,,,7.503
11584,4.282,4.641,11.32,3.313,,,,,,,,,,,,,0.187
11585,4.282,4.641,11.32,3.312,,,,,,,,,,,,,4.66
11586,4.282,4.641,11.32,3.312,,,,,,,,,,,,,6.261
11587,4.282,4.641,11.32,3.312,,,,,,,,,,,,,7.917
11588,4.282,4.641,11.32,3.312,,,,,,,,,,,,,8.64
11589,4.282,4.641,11.32,3.313,,,,,,,,,,,,,4.815
11590,4.282,4.641,11.32,3.313,,,,,,,,,,,,,7.489
11591,4.282,4.641,11.32,3.313,,,,,,,,,,,,,8.304
11592,4.282,4.641,11.32,3.313,,,,,,,,,,,,,6.812
11593,4.282,4.641,11.32,3.313,,,,,,,,,,,,,6.844
11594,4.282,4.641,11.32,3.313,,,,,,,,,,,,,19.268
11595,4.282,4.641,11.32,3.313,,,,,,,,,,,,,1.807
11596,4.282,4.641,11.32,3.313,,,,,,,,,,,,,1.235
11597,4.282,4.641,11.32,3.313,,,,,,,,,,,,,15.41
11598,4.282,4.641,11.32,3.313,,,,,,,,,,,,,2.171
11599,4.282,4.641,11.32,3.313,,,,,,,,,,,,,2.703
11600,4.282,4.641,11.32,3.313,,,,,,,,,,,,,4.304
11601,4.282,4.641,11.32,3.313,,,,,,,,,,,,,7.515
11602,4.282,4.641,11.32,3.313,,,,,,,,,,,,,5.957
11603,4.282,4.641,11.32,3.313,,,,,,,,,,,,,7.306
11604,4.282,4.641,11.32,3.313,,,,,,,,,,,,,6.632
11605,4.282,4.641,11.32,3.313,,,,,,,,,,,,,7.996
11606,4.282,4.641,11.32,3.313,,,,,,,,,,,,,7.543
11607,4.282,4.641,11.32,3.313,,,,,,,,,,,,,5.988
11608,4.282,4.641,11.32,3.313,,,,,,,,,,,,,7.851
11609,4.282,4.641,11.32,3.313,,,,,,,,,,,,,6.687
11610,4.282,4.641,11.32,3.313,,,,,,,,,,,,,8.095
11611,4.282,4.641,11.32,3.313,,,,,,,,,,,,,6.051
11612,4.282,4.641,11.32,3.312,,,,,,,,,,,,,7.164
11613,4.282,4.641,11.32,3.312,,,,,,,,,,,,,7.05
11614,4.282,4.641,11.32,3.312,,,,,,,,,,,,,7.87
11622,4.282,4.641,11.32,3.313,,,,,,,,,,,,,7.326
11623,4.282,4.641,11.32,3.312,,,,,,,,,,,,,7.094
11624,4.282,4.641,11.32,3.312,,,,,,,,,,,,,7.245
11625,4.282,4.641,11.32,3.312,,,,,,,,,,,,,7.173
11626,4.282,4.641,11.32,3.312,,,,,,,,,,,,,10.913
11627,4.282,4.641,11.32,3.313,,,,,,,,,,,,,5.43
11628,4.282,4.641,11.32,3.313,,,,,,,,,,,,,7.307
11629,4.282,4.641,11.32,3.313,,,,,,,,,,,,,4.744
11637,4.282,4.641,11.32,3.313,,,,,,,,,,,,,7.507
11638,4.282,4.641,11.32,3.312,,,,,,,,,,,,,6.537
11639,4.282,4.641,11.32,3.312,,,,,,,,,,,,,6.959
11640,4.282,4.641,11.32,3.312,,,,,,,,,,,,,10.065
11641,4.282,4.641,11.32,3.312,,,,,,,,,,,,,4.762
11642,4.282,4.641,11.32,3.313,,,,,,,,,,,,,8.943
11643,4.282,4.641,11.32,3.313,,,,,,,,,,,,,4.767
11644,4.282,4.641,11.32,3.313,,,,,,,,,,,,,6.795
11649,4.282,4.641,11.32,3.313,,,,,,,,,,,,,6.73
11650,4.282,4.641,11.32,3.313,,,,,,,,,,,,,7.532
11651,4.282,4.641,11.32,3.313,,,,,,,,,,,,,7.014
11652,4.282,4.64,11.32,3.313,,,,,,,,,,,,,7.446
11653,4.282,4.64,11.32,3.312,,,,,,,,,,,,,6.83
11654,4.282,4.64,11.32,3.312,,,,,,,,,,,,,7.524
11655,4.282,4.641,11.32,3.312,,,,,,,,,,,,,6.864
11656,4.282,4.641,11.32,3.312,,,,,,,,,,,,,7.252
11657,4.282,4.641,11.32,3.313,,,,,,,,,,,,,10.501
11658,4.282,4.641,11.32,3.313,,,,,,,,,,,,,4.545
11659,4.282,4.641,11.32,3.313,,,,,,,,,,,,,6.856
11660,4.282,4.641,11.32,3.313,,,,,,,,,,,,,6.753
11661,4.282,4.641,11.32,3.313,,,,,,,,,,,,,7.274
11662,4.282,4.641,11.32,3.313,,,,,,,,,,,,,6.78
11663,4.282,4.641,11.32,3.313,,,,,,,,,,,,,7.495
11664,4.282,4.641,11.32,3.313,,,,,,,,,,,,,7.094
11665,4.282,4.641,11.32,3.313,,,,,,,,,,,,,7.202
11666,4.282,4.641,11.32,3.313,,,,,,,,,,,,,7.223
11667,4.282,4.641,11.32,3.313,,,,,,,,,,,,,7.357
11668,4.282,4.641,11.32,3.312,,,,,,,,,,,,,6.897
11669,4.282,4.641,11.32,3.312,,,,,,,,,,,,,9.334
11670,4.282,4.641,11.32,3.312,,,,,,,,,,,,,5.43
11671,4.282,4.641,11.32,3.312,,,,,,,,,,,,,7.338
11672,4.282,4.641,11.32,3.313,,,,,,,,,,,,,9.818
11673,4.282,4.641,11.32,3.313,,,,,,,,,,,,,4.88
11674,4.282,4.641,11.32,3.313,,,,,,,,,,,,,6.359
11675,4.282,4.641,11.32,3.313,,,,,,,,,,,,,10.172
11676,4.282,4.641,11.32,3.313,,,,,,,,,,,,,4.612
11677,4.282,4.641,11.32,3.313,,,,,,,,,,,,,7.121
11678,4.282,4.641,11.32,3.313,,,,,,,,,,,,,10.716
11679,4.282,4.641,11.32,3.312,,,,,,,,,,,,,7.182
11680,4.282,4.641,11.32,3.312,,,,,,,,,,,,,37.115
11681,4.282,4.641,11.32,3.312,,,,,,,,,,,,,4.381
11682,4.282,4.641,11.32,3.312,,,,,,,,,,,,,1.316
11683,4.282,4.641,11.32,3.313,,,,,,,,,,,,,1.113
11684,4.282,4.641,11.32,3.313,,,,,,,,,,,,,1.095
11685,4.282,4.641,11.32,3.313,,,,,,,,,,,,,0.991
11686,4.282,4.641,11.32,3.313,,,,,,,,,,,,,3.034
11687,4.282,4.641,11.32,3.313,,,,,,,,,,,,,4.599
11688,4.282,4.641,11.32,3.313,,,,,,,,,,,,,5.532
11689,4.282,4.641,11.32,3.313,,,,,,,,,,,,,5.566
11690,4.282,4.64,11.32,3.313,,,,,,,,,,,,,7.609
11691,4.282,4.64,11.32,3.312,,,,,,,,,,,,,7.445
11692,4.282,4.64,11.32,3.312,,,,,,,,,,,,,6.93
11693,4.282,4.641,11.32,3.312,,,,,,,,,,,,,9.046
11694,4.282,4.641,11.32,3.312,,,,,,,,,,,,,4.897
11695,4.282,4.641,11.32,3.313,,,,,,,,,,,,,7.213
11696,4.282,4.641,11.32,3.313,,,,,,,,,,,,,7.068
11697,4.282,4.641,11.32,3.313,,,,,,,,,,,,,7.434
11698,4.282,4.641,11.32,3.313,,,,,,,,,,,,,8.449
11699,4.282,4.641,11.32,3.313,,,,,,,,,,,,,5.757
11700,4.282,4.641,11.32,3.313,,,,,,,,,,,,,7.215
11701,4.282,4.641,11.32,3.313,,,,,,,,,,,,,10.231
11702,4.282,4.641,11.32,3.313,,,,,,,,,,,,,4.446
11703,4.282,4.641,11.32,3.313,,,,,,,,,,,,,7.582
11704,4.282,4.641,11.32,3.313,,,,,,,,,,,,,5.944
11705,4.282,4.641,11.32,3.313,,,,,,,,,,,,,7.716
11706,4.282,4.641,11.32,3.312,,,,,,,,,,,,,7.169
11707,4.282,4.641,11.32,3.312,,,,,,,,,,,,,7.154
11708,4.282,4.641,11.32,3.312,,,,,,,,,,,,,7.172
11713,4.282,4.641,11.32,3.313,,,,,,,,,,,,,6.432
11714,4.282,4.641,11.32,3.313,,,,,,,,,,,,,11.174
11715,4.282,4.641,11.32,3.313,,,,,,,,,,,,,4.543
11716,4.282,4.641,11.32,3.313,,,,,,,,,,,,,6.622
11717,4.282,4.641,11.32,3.313,,,,,,,,,,,,,6.783
11718,4.282,4.641,11.32,3.313,,,,,,,,,,,,,6.568
11719,4.282,4.641,11.32,3.313,,,,,,,,,,,,,7.919
11720,4.282,4.641,11.32,3.313,,,,,,,,,,,,,6.9
11721,4.282,4.641,11.32,3.313,,,,,,,,,,,,,7.215
11722,4.282,4.641,11.32,3.313,,,,,,,,,,,,,9.198
11723,4.282,4.641,11.32,3.313,,,,,,,,,,,,,8.672
11724,4.282,4.641,11.32,3.313,,,,,,,,,,,,,4.561
11725,4.282,4.641,11.32,3.313,,,,,,,,,,,,,6.74
11726,4.282,4.641,11.32,3.313,,,,,,,,,,,,,6.906
11727,4.282,4.641,11.32,3.313,,,,,,,,,,,,,7.17
11728,4.282,4.641,11.32,3.313,,,,,,,,,,,,,7.343
11729,4.282,4.641,11.32,3.313,,,,,,,,,,,,,6.978
11730,4.282,4.641,11.32,3.313,,,,,,,,,,,,,7.34
11731,4.282,4.641,11.32,3.313,,,,,,,,,,,,,7.206
11736,4.282,4.641,11.32,3.313,,,,,,,,,,,,,7.501
11737,4.282,4.641,11.32,3.313,,,,,,,,,,,,,6.593
11738,4.282,4.641,11.32,3.313,,,,,,,,,,,,,7.069
11739,4.282,4.641,11.32,3.313,,,,,,,,,,,,,7.523
11740,4.282,4.641,11.32,3.313,,,,,,,,,,,,,7.5
11741,4.282,4.641,11.32,3.313,,,,,,,,,,,,,8.461
11742,4.282,4.641,11.32,3.313,,,,,,,,,,,,,5.816
11747,4.282,4.641,11.32,3.313,,,,,,,,,,,,,7.076
11748,4.282,4.641,11.32,3.313,,,,,,,,,,,,,7.191
11749,4.282,4.641,11.32,3.313,,,,,,,,,,,,,7.637
11750,4.282,4.641,11.32,3.313,,,,,,,,,,,,,9.026
11751,4.282,4.641,11.32,3.313,,,,,,,,,,,,,5.652
11752,4.282,4.641,11.32,3.313,,,,,,,,,,,,,7.135
11753,4.282,4.641,11.32,3.313,,,,,,,,,,,,,7.118
11754,4.282,4.641,11.32,3.313,,,,,,,,,,,,,8.685
11755,4.282,4.641,11.32,3.313,,,,,,,,,,,,,5.889
11756,4.282,4.641,11.32,3.313,,,,,,,,,,,,,7.411
11757,4.282,4.641,11.32,3.313,,,,,,,,,,,,,6.709
11762,4.282,4.641,11.32,3.313,,,,,,,,,,,,,5.384
11763,4.282,4.641,11.32,3.312,,,,,,,,,,,,,4.78
11764,4.282,4.641,11.32,3.312,,,,,,,,,,,,,4.896
11765,4.282,4.641,11.32,3.312,,,,,,,,,,,,,6.218
11766,4.282,4.641,11.32,3.312,,,,,,,,,,,,,7.168
11767,4.282,4.641,11.32,3.313,,,,,,,,,,,,,7.633
11768,4.282,4.641,11.32,3.313,,,,,,,,,,,,,6.705
11769,4.282,4.641,11.32,3.313,,,,,,,,,,,,,7.155
11777,4.282,4.641,11.32,3.313,,,,,,,,,,,,,0.134
11778,4.282,4.641,11.32,3.313,,,,,,,,,,,,,1.545
11779,4.282,4.641,11.32,3.313,,,,,,,,,,,,,1.082
11780,4.282,4.641,11.32,3.313,,,,,,,,,,,,,1.579
11781,4.282,4.641,11.32,3.313,,,,,,,,,,,,,4.609
11789,4.282,4.641,11.32,3.313,,,,,,,,,,,,,7.212
11790,4.282,4.641,11.32,3.313,,,,,,,,,,,,,7.195
11791,4.282,4.641,11.32,3.313,,,,,,,,,,,,,7.223
11792,4.282,4.641,11.32,3.313,,,,,,,,,,,,,8.933
11793,4.282,4.641,11.32,3.313,,,,,,,,,,,,,5.59
11794,4.282,4.641,11.32,3.313,,,,,,,,,,,,,10.538
11795,4.282,4.641,11.32,3.313,,,,,,,,,,,,,5.743
11796,4.282,4.641,11.32,3.313,,,,,,,,,,,,,5.049
11797,4.282,4.641,11.32,3.313,,,,,,,,,,,,,7.149
11798,4.282,4.641,11.32,3.313,,,,,,,,,,,,,7.193
11799,4.282,4.641,11.32,3.313,,,,,,,,,,,,,7.02
11804,4.282,4.641,11.32,3.313,,,,,,,,,,,,,11.549
11805,4.282,4.641,11.32,3.313,,,,,,,,,,,,,4.345
11806,4.282,4.641,11.32,3.313,,,,,,,,,,,,,5.549
11807,4.282,4.641,11.32,3.313,,,,,,,,,,,,,7.245
11808,4.282,4.641,11.32,3.313,,,,,,,,,,,,,7.167
11809,4.282,4.641,11.32,3.313,,,,,,,,,,,,,7.595
11810,4.282,4.641,11.32,3.313,,,,,,,,,,,,,6.752
11811,4.282,4.641,11.32,3.313,,,,,,,,,,,,,8.135
11816,4.282,4.641,11.32,3.313,,,,,,,,,,,,,6.304
11817,4.282,4.641,11.32,3.313,,,,,,,,,,,,,7.327
11818,4.282,4.641,11.32,3.313,,,,,,,,,,,,,7.062
11819,4.282,4.641,11.32,3.313,,,,,,,,,,,,,8.135
11820,4.282,4.641,11.32,3.313,,,,,,,,,,,,,6.365
11821,4.282,4.641,11.32,3.313,,,,,,,,,,,,,6.772
11822,4.282,4.641,11.32,3.313,,,,,,,,,,,,,7.14
11823,4.282,4.641,11.32,3.313,,,,,,,,,,,,,7.109
11824,4.282,4.641,11.32,3.313,,,,,,,,,,,,,7.242
11825,4.282,4.641,11.32,3.313,,,,,,,,,,,,,7.192
11826,4.282,4.641,11.32,3.313,,,,,,,,,,,,,10.617
11827,4.282,4.641,11.32,3.313,,,,,,,,,,,,,4.75
11828,4.282,4.641,11.32,3.313,,,,,,,,,,,,,6.006
11829,4.282,4.641,11.32,3.313,,,,,,,,,,,,,7.048
11830,4.282,4.641,11.32,3.313,,,,,,,,,,,,,7.645
11831,4.282,4.641,11.32,3.313,,,,,,,,,,,,,8.262
11832,4.282,4.641,11.32,3.313,,,,,,,,,,,,,6.617
11833,4.282,4.641,11.32,3.313,,,,,,,,,,,,,16.3
11834,4.282,4.641,11.32,3.313,,,,,,,,,,,,,4.715
11835,4.282,4.641,11.32,3.313,,,,,,,,,,,,,2.018
11836,4.282,4.641,11.32,3.313,,,,,,,,,,,,,3.294
11837,4.282,4.641,11.32,3.313,,,,,,,,,,,,,20.292
11838,4.282,4.641,11.32,3.313,,,,,,,,,,,,,81.577
11839,4.282,4.641,11.32,3.313,,,,,,,,,,,,,1.981
11840,4.282,4.641,11.32,3.313,,,,,,,,,,,,,1.05
11841,4.282,4.641,11.32,3.313,,,,,,,,,,,,,0.914
11842,4.282,4.641,11.32,3.313,,,,,,,,,,,,,0.928
11848,4.282,4.641,11.32,3.313,,,,,,,,,,,,,0.142
11849,4.282,4.641,11.32,3.313,,,,,,,,,,,,,1.85
11850,4.282,4.641,11.32,3.313,,,,,,,,,,,,,1.321
11851,4.282,4.641,11.32,3.313,,,,,,,,,,,,,1.872
11852,4.282,4.641,11.32,3.313,,,,,,,,,,,,,1.619
11853,4.282,4.641,11.32,3.313,,,,,,,,,,,,,1.426
11854,4.282,4.641,11.32,3.313,,,,,,,,,,,,,1.407
11855,4.282,4.641,11.32,3.313,,,,,,,,,,,,,1.594
11856,4.282,4.641,11.32,3.313,,,,,,,,,,,,,4.34
11857,4.282,4.641,11.32,3.313,,,,,,,,,,,,,7.372
11858,4.282,4.641,11.32,3.313,,,,,,,,,,,,,6.926
11859,4.282,4.641,11.32,3.313,,,,,,,,,,,,,7.647
11860,4.282,4.641,11.32,3.313,,,,,,,,,,,,,6.657
11861,4.282,4.641,11.32,3.313,,,,,,,,,,,,,6.896
11862,4.282,4.641,11.32,3.313,,,,,,,,,,,,,7.201
11863,4.282,4.641,11.32,3.313,,,,,,,,,,,,,7.173
11864,4.282,4.641,11.32,3.313,,,,,,,,,,,,,7.394
11865,4.282,4.641,11.32,3.313,,,,,,,,,,,,,6.691
11866,4.282,4.641,11.32,3.313,,,,,,,,,,,,,13.942
11867,4.282,4.641,11.32,3.313,,,,,,,,,,,,,4.5
11868,4.282,4.641,11.32,3.313,,,,,,,,,,,,,30.95
11869,4.282,4.641,11.32,3.313,,,,,,,,,,,,,1.569
11870,4.282,4.641,11.32,3.313,,,,,,,,,,,,,1.544
11871,4.282,4.641,11.32,3.313,,,,,,,,,,,,,1.346
11876,4.282,4.641,11.32,3.313,,,,,,,,,,,,,7.433
11877,4.282,4.641,11.32,3.313,,,,,,,,,,,,,6.701
11878,4.282,4.641,11.32,3.313,,,,,,,,,,,,,8.209
11879,4.282,4.641,11.32,3.313,,,,,,,,,,,,,5.86
11880,4.282,4.641,11.32,3.313,,,,,,,,,,,,,8.033
11881,4.282,4.641,11.32,3.313,,,,,,,,,,,,,6.317
11882,4.282,4.641,11.32,3.313,,,,,,,,,,,,,7.408
11883,4.282,4.641,11.32,3.313,,,,,,,,,,,,,7.426
11884,4.282,4.641,11.32,3.313,,,,,,,,,,,,,6.806
11885,4.282,4.641,11.32,3.313,,,,,,,,,,,,,7.056
11886,4.282,4.641,11.32,3.313,,,,,,,,,,,,,7.568
11887,4.282,4.641,11.32,3.313,,,,,,,,,,,,,8.379
11888,4.282,4.641,11.32,3.313,,,,,,,,,,,,,6.024
11889,4.282,4.641,11.32,3.313,,,,,,,,,,,,,8.204
11890,4.282,4.641,11.32,3.313,,,,,,,,,,,,,6.073
11891,4.282,4.641,11.32,3.313,,,,,,,,,,,,,7.101
11892,4.282,4.641,11.32,3.313,,,,,,,,,,,,,6.805
11893,4.282,4.641,11.32,3.313,,,,,,,,,,,,,7.347
11894,4.282,4.641,11.32,3.313,,,,,,,,,,,,,6.988
11899,4.282,4.641,11.32,3.313,,,,,,,,,,,,,6.406
11900,4.282,4.641,11.32,3.313,,,,,,,,,,,,,6.797
11901,4.282,4.641,11.32,3.313,,,,,,,,,,,,,7.527
11902,4.282,4.641,11.32,3.313,,,,,,,,,,,,,6.927
11903,4.282,4.641,11.32,3.313,,,,,,,,,,,,,6.982
11904,4.282,4.641,11.32,3.313,,,,,,,,,,,,,6.77
11905,4.282,4.641,11.32,3.313,,,,,,,,,,,,,23.149
11906,4.282,4.641,11.32,3.313,,,,,,,,,,,,,18.323
11907,4.282,4.641,11.32,3.313,,,,,,,,,,,,,1.718
11908,4.282,4.641,11.32,3.313,,,,,,,,,,,,,1.168
11909,4.282,4.641,11.32,3.313,,,,,,,,,,,,,1.039
11910,4.282,4.641,11.32,3.313,,,,,,,,,,,,,5.133
11911,4.282,4.641,11.32,3.313,,,,,,,,,,,,,2.132
11912,4.282,4.641,11.32,3.313,,,,,,,,,,,,,16.615
11913,4.282,4.641,11.32,3.313,,,,,,,,,,,,,6.048
11914,4.282,4.641,11.32,3.313,,,,,,,,,,,,,1.946
11915,4.282,4.641,11.32,3.313,,,,,,,,,,,,,1.673
11916,4.282,4.641,11.32,3.313,,,,,,,,,,,,,1.579
11917,4.282,4.641,11.32,3.313,,,,,,,,,,,,,5.705
11918,4.282,4.641,11.32,3.313,,,,,,,,,,,,,7.682
11919,4.282,4.641,11.32,3.313,,,,,,,,,,,,,7.711
11920,4.282,4.641,11.32,3.313,,,,,,,,,,,,,6.171
11921,4.282,4.641,11.32,3.313,,,,,,,,,,,,,6.635
11922,4.282,4.641,11.32,3.313,,,,,,,,,,,,,7.502
11923,4.282,4.641,11.32,3.313,,,,,,,,,,,,,7.858
11924,4.282,4.641,11.32,3.313,,,,,,,,,,,,,8.389
11925,4.282,4.641,11.32,3.313,,,,,,,,,,,,,5.111
11926,4.282,4.641,11.32,3.313,,,,,,,,,,,,,7.725
11927,4.282,4.641,11.32,3.313,,,,,,,,,,,,,6.669
11928,4.282,4.641,11.32,3.313,,,,,,,,,,,,,7.249
11929,4.282,4.641,11.32,3.313,,,,,,,,,,,,,7.502
11930,4.282,4.641,11.32,3.313,,,,,,,,,,,,,6.855
11931,4.282,4.641,11.32,3.313,,,,,,,,,,,,,7.975
11932,4.282,4.641,11.32,3.313,,,,,,,,,,,,,6.355
11933,4.282,4.641,11.32,3.313,,,,,,,,,,,,,7.219
11934,4.282,4.641,11.32,3.313,,,,,,,,,,,,,7.243
11935,4.282,4.641,11.32,3.313,,,,,,,,,,,,,6.956
11936,4.282,4.641,11.32,3.313,,,,,,,,,,,,,7.384
11937,4.282,4.641,11.32,3.313,,,,,,,,,,,,,7.045
11938,4.282,4.641,11.32,3.313,,,,,,,,,,,,,8.218
11939,4.282,4.641,11.32,3.313,,,,,,,,,,,,,6.017
11940,4.282,4.641,11.32,3.313,,,,,,,,,,,,,7.913
11941,4.282,4.641,11.32,3.313,,,,,,,,,,,,,8.479
11942,4.282,4.641,11.32,3.313,,,,,,,,,,,,,10.263
11943,4.282,4.641,11.32,3.313,,,,,,,,,,,,,4.598
11944,4.282,4.641,11.32,3.313,,,,,,,,,,,,,4.964
11945,4.282,4.641,11.32,3.313,,,,,,,,,,,,,7.041
11946,4.282,4.641,11.32,3.313,,,,,,,,,,,,,6.726
11947,4.282,4.641,11.32,3.313,,,,,,,,,,,,,7.094
11948,4.282,4.641,11.32,3.313,,,,,,,,,,,,,6.955
11949,4.282,4.641,11.32,3.313,,,,,,,,,,,,,6.736
11950,4.282,4.641,11.32,3.313,,,,,,,,,,,,,8.198
11951,4.282,4.641,11.32,3.313,,,,,,,,,,,,,8.467
11952,4.282,4.641,11.32,3.313,,,,,,,,,,,,,5.388
11953,4.282,4.641,11.32,3.313,,,,,,,,,,,,,6.807
11954,4.282,4.641,11.32,3.313,,,,,,,,,,,,,6.478
11955,4.282,4.641,11.32,3.313,,,,,,,,,,,,,8.703
11956,4.282,4.641,11.32,3.313,,,,,,,,,,,,,5.598
11957,4.282,4.641,11.32,3.313,,,,,,,,,,,,,8.106
11958,4.282,4.641,11.32,3.313,,,,,,,,,,,,,6.212
11959,4.282,4.641,11.32,3.313,,,,,,,,,,,,,7.363
11960,4.282,4.641,11.32,3.313,,,,,,,,,,,,,7.241
11961,4.282,4.641,11.32,3.313,,,,,,,,,,,,,6.868
11962,4.282,4.641,11.32,3.313,,,,,,,,,,,,,6.641
11963,4.282,4.641,11.32,3.313,,,,,,,,,,,,,7.606
11964,4.282,4.641,11.32,3.313,,,,,,,,,,,,,31.971
11965,4.282,4.641,11.32,3.313,,,,,,,,,,,,,1.913
11966,4.282,4.641,11.32,3.313,,,,,,,,,,,,,1.178
11967,4.282,4.641,11.32,3.313,,,,,,,,,,,,,0.906
11968,4.282,4.641,11.32,3.313,,,,,,,,,,,,,0.859
11969,4.282,4.641,11.32,3.313,,,,,,,,,,,,,5.419
11970,4.282,4.641,11.32,3.313,,,,,,,,,,,,,7.336
11971,4.282,4.641,11.32,3.313,,,,,,,,,,,,,11.764
11972,4.282,4.641,11.32,3.313,,,,,,,,,,,,,4.823
11973,4.282,4.641,11.32,3.313,,,,,,,,,,,,,4.999
11974,4.282,4.641,11.32,3.313,,,,,,,,,,,,,6.875
11975,4.282,4.641,11.32,3.313,,,,,,,,,,,,,6.59
11983,4.282,4.641,11.32,3.313,,,,,,,,,,,,,6.055
11984,4.282,4.641,11.32,3.313,,,,,,,,,,,,,7.273
11985,4.282,4.641,11.32,3.313,,,,,,,,,,,,,7.252
11986,4.282,4.641,11.32,3.313,,,,,,,,,,,,,9.418
11987,4.282,4.641,11.32,3.313,,,,,,,,,,,,,6.91
11988,4.282,4.641,11.32,3.313,,,,,,,,,,,,,7.506
11989,4.282,4.641,11.32,3.313,,,,,,,,,,,,,4.921
11990,4.282,4.641,11.32,3.313,,,,,,,,,,,,,7.101
11991,4.282,4.641,11.32,3.313,,,,,,,,,,,,,9.338
11992,4.282,4.641,11.32,3.313,,,,,,,,,,,,,5.503
11993,4.282,4.641,11.32,3.313,,,,,,,,,,,,,6.012
11994,4.282,4.641,11.32,3.313,,,,,,,,,,,,,7.211
11995,4.282,4.641,11.32,3.313,,,,,,,,,,,,,7.176
11996,4.282,4.641,11.32,3.313,,,,,,,,,,,,,7.385
11997,4.282,4.641,11.32,3.313,,,,,,,,,,,,,6.907
12006,4.282,4.641,11.32,3.313,,,,,,,,,,,,,7.488
12007,4.282,4.641,11.32,3.313,,,,,,,,,,,,,6.594
12008,4.282,4.641,11.32,3.313,,,,,,,,,,,,,7.187
12009,4.282,4.641,11.32,3.313,,,,,,,,,,,,,8.66
12010,4.282,4.641,11.32,3.313,,,,,,,,,,,,,5.926
12011,4.282,4.641,11.32,3.313,,,,,,,,,,,,,6.669
12012,4.282,4.641,11.32,3.313,,,,,,,,,,,,,7.674
12013,4.282,4.641,11.32,3.313,,,,,,,,,,,,,6.813
12014,4.282,4.641,11.32,3.313,,,,,,,,,,,,,7.238
12015,4.282,4.641,11.32,3.313,,,,,,,,,,,,,7.194
12016,4.282,4.641,11.32,3.313,,,,,,,,,,,,,7.445
12017,4.282,4.64,11.32,3.313,,,,,,,,,,,,,9.453
12018,4.282,4.64,11.32,3.313,,,,,,,,,,,,,5.192
12019,4.282,4.64,11.32,3.313,,,,,,,,,,,,,6.512
12020,4.282,4.641,11.32,3.313,,,,,,,,,,,,,7.171
12021,4.282,4.641,11.32,3.313,,,,,,,,,,,,,7.5
12022,4.282,4.641,11.32,3.313,,,,,,,,,,,,,7.336
12023,4.282,4.641,11.32,3.313,,,,,,,,,,,,,7.076
12024,4.282,4.641,11.32,3.313,,,,,,,,,,,,,6.732
12025,4.282,4.641,11.32,3.313,,,,,,,,,,,,,7.203
12026,4.282,4.641,11.32,3.313,,,,,,,,,,,,,7.207
12027,4.282,4.641,11.32,3.313,,,,,,,,,,,,,7.449
12028,4.282,4.641,11.32,3.313,,,,,,,,,,,,,7.157
12032,4.282,4.641,11.32,3.313,,,,,,,,,,,,,9.456
12033,4.282,4.641,11.32,3.313,,,,,,,,,,,,,6.049
12034,4.282,4.641,11.32,3.313,,,,,,,,,,,,,5.988
12035,4.282,4.641,11.32,3.313,,,,,,,,,,,,,6.885
12040,4.282,4.641,11.32,3.313,,,,,,,,,,,,,5.983
12041,4.282,4.641,11.32,3.313,,,,,,,,,,,,,7.267
12042,4.282,4.641,11.32,3.313,,,,,,,,,,,,,7.244
12043,4.282,4.641,11.32,3.313,,,,,,,,,,,,,7.185
12044,4.282,4.641,11.32,3.313,,,,,,,,,,,,,7.387
12045,4.282,4.641,11.32,3.313,,,,,,,,,,,,,8.837
12046,4.282,4.641,11.32,3.313,,,,,,,,,,,,,7.836
12047,4.282,4.641,11.32,3.313,,,,,,,,,,,,,5.568
12048,4.282,4.641,11.32,3.313,,,,,,,,,,,,,26.236
12049,4.282,4.641,11.32,3.313,,,,,,,,,,,,,2.042
12050,4.282,4.641,11.32,3.313,,,,,,,,,,,,,1.662
12051,4.282,4.641,11.32,3.313,,,,,,,,,,,,,1.942
12052,4.282,4.641,11.32,3.313,,,,,,,,,,,,,1.649
12053,4.282,4.641,11.32,3.313,,,,,,,,,,,,,3.989
12054,4.282,4.641,11.32,3.313,,,,,,,,,,,,,9.322
12055,4.282,4.641,11.32,3.313,,,,,,,,,,,,,5.29
12056,4.282,4.641,11.32,3.313,,,,,,,,,,,,,9.201
12057,4.282,4.641,11.32,3.313,,,,,,,,,,,,,6.382
12058,4.282,4.641,11.32,3.313,,,,,,,,,,,,,6.547
12059,4.282,4.64,11.32,3.313,,,,,,,,,,,,,8.003
12060,4.282,4.64,11.32,3.313,,,,,,,,,,,,,5.871
12061,4.282,4.64,11.32,3.313,,,,,,,,,,,,,7.256
12062,4.282,4.64,11.32,3.313,,,,,,,,,,,,,24.336
12063,4.282,4.641,11.32,3.313,,,,,,,,,,,,,14.576
12064,4.282,4.641,11.32,3.313,,,,,,,,,,,,,2.004
12065,4.282,4.641,11.32,3.313,,,,,,,,,,,,,1.112
12066,4.282,4.641,11.32,3.313,,,,,,,,,,,,,0.939
12067,4.282,4.641,11.32,3.313,,,,,,,,,,,,,1.125
12068,4.282,4.641,11.32,3.313,,,,,,,,,,,,,3.476
12069,4.282,4.641,11.32,3.313,,,,,,,,,,,,,5.162
12070,4.282,4.641,11.32,3.313,,,,,,,,,,,,,7.162
12071,4.282,4.641,11.32,3.313,,,,,,,,,,,,,7.822
12072,4.282,4.641,11.32,3.313,,,,,,,,,,,,,7.249
12073,4.282,4.641,11.32,3.313,,,,,,,,,,,,,7.362
12074,4.282,4.64,11.32,3.313,,,,,,,,,,,,,9.825
12075,4.282,4.64,11.32,3.313,,,,,,,,,,,,,4.571
12076,4.282,4.64,11.32,3.313,,,,,,,,,,,,,7.281
12077,4.282,4.64,11.32,3.313,,,,,,,,,,,,,19.284
12078,4.282,4.641,11.32,3.313,,,,,,,,,,,,,1.626
12083,4.282,4.641,11.32,3.313,,,,,,,,,,,,,5.03
12084,4.282,4.641,11.32,3.313,,,,,,,,,,,,,7.244
12085,4.282,4.641,11.32,3.313,,,,,,,,,,,,,9.345
12086,4.282,4.641,11.32,3.313,,,,,,,,,,,,,5.408
12087,4.282,4.641,11.32,3.313,,,,,,,,,,,,,6.524
12088,4.282,4.641,11.32,3.313,,,,,,,,,,,,,7.167
12089,4.282,4.641,11.32,3.313,,,,,,,,,,,,,7.689
12090,4.282,4.641,11.32,3.313,,,,,,,,,,,,,6.615
12091,4.282,4.641,11.32,3.313,,,,,,,,,,,,,7.177
12092,4.282,4.641,11.32,3.313,,,,,,,,,,,,,9.755
12093,4.282,4.641,11.32,3.313,,,,,,,,,,,,,4.647
12094,4.282,4.641,11.32,3.313,,,,,,,,,,,,,7.757
12095,4.282,4.641,11.32,3.313,,,,,,,,,,,,,6.226
12096,4.282,4.641,11.32,3.313,,,,,,,,,,,,,8.258
12097,4.282,4.641,11.32,3.313,,,,,,,,,,,,,6.175
12098,4.282,4.641,11.32,3.313,,,,,,,,,,,,,7.538
12099,4.282,4.641,11.32,3.313,,,,,,,,,,,,,6.337
12100,4.282,4.641,11.32,3.313,,,,,,,,,,,,,7.555
12101,4.282,4.641,11.32,3.313,,,,,,,,,,,,,8.21
12102,4.282,4.641,11.32,3.313,,,,,,,,,,,,,6.148
12103,4.282,4.641,11.32,3.313,,,,,,,,,,,,,6.849
12104,4.282,4.641,11.32,3.313,,,,,,,,,,,,,7.321
12105,4.282,4.641,11.32,3.313,,,,,,,,,,,,,7.141
12106,4.282,4.641,11.32,3.313,,,,,,,,,,,,,7.11
12107,4.282,4.641,11.32,3.313,,,,,,,,,,,,,9.668
12108,4.282,4.641,11.32,3.313,,,,,,,,,,,,,4.416
12109,4.282,4.641,11.32,3.313,,,,,,,,,,,,,6.974
12110,4.282,4.641,11.32,3.313,,,,,,,,,,,,,6.85
12111,4.282,4.641,11.32,3.313,,,,,,,,,,,,,7.08
12112,4.282,4.641,11.32,3.313,,,,,,,,,,,,,7.4
12113,4.282,4.641,11.32,3.313,,,,,,,,,,,,,7.229
12114,4.282,4.641,11.32,3.313,,,,,,,,,,,,,6.952
12115,4.282,4.641,11.32,3.313,,,,,,,,,,,,,8.028
12116,4.282,4.641,11.32,3.313,,,,,,,,,,,,,6.367
12117,4.282,4.641,11.32,3.313,,,,,,,,,,,,,7.13
12118,4.282,4.641,11.32,3.313,,,,,,,,,,,,,7.186
12119,4.282,4.641,11.32,3.313,,,,,,,,,,,,,7.461
12120,4.282,4.64,11.32,3.313,,,,,,,,,,,,,7.099
12121,4.282,4.64,11.32,3.313,,,,,,,,,,,,,7.421
12122,4.282,4.64,11.32,3.313,,,,,,,,,,,,,8.987
12123,4.282,4.64,11.32,3.313,,,,,,,,,,,,,5.096
12124,4.282,4.641,11.32,3.313,,,,,,,,,,,,,7.353
12125,4.282,4.641,11.32,3.313,,,,,,,,,,,,,7.29
12126,4.282,4.641,11.32,3.313,,,,,,,,,,,,,7.113
12127,4.282,4.641,11.32,3.313,,,,,,,,,,,,,7.339
12128,4.282,4.641,11.32,3.313,,,,,,,,,,,,,7.467
12129,4.282,4.641,11.32,3.313,,,,,,,,,,,,,6.959
12130,4.282,4.641,11.32,3.313,,,,,,,,,,,,,7.36
12131,4.282,4.641,11.32,3.313,,,,,,,,,,,,,6.975
12132,4.282,4.641,11.32,3.313,,,,,,,,,,,,,7.792
12133,4.282,4.641,11.32,3.313,,,,,,,,,,,,,6.565
12134,4.282,4.641,11.32,3.313,,,,,,,,,,,,,8.043
12135,4.282,4.641,11.32,3.313,,,,,,,,,,,,,6.737
12140,4.282,4.641,11.32,3.313,,,,,,,,,,,,,2.294
12141,4.282,4.641,11.32,3.313,,,,,,,,,,,,,35.761
12142,4.282,4.641,11.32,3.313,,,,,,,,,,,,,4.472
12143,4.282,4.641,11.32,3.313,,,,,,,,,,,,,1.808
12144,4.282,4.641,11.32,3.313,,,,,,,,,,,,,1.618
12145,4.282,4.641,11.32,3.313,,,,,,,,,,,,,1.733
12146,4.282,4.641,11.32,3.313,,,,,,,,,,,,,1.837
12147,4.282,4.641,11.32,3.313,,,,,,,,,,,,,1.707
12148,4.282,4.641,11.32,3.313,,,,,,,,,,,,,2.048
12149,4.282,4.641,11.32,3.313,,,,,,,,,,,,,7.486
12150,4.282,4.641,11.32,3.313,,,,,,,,,,,,,6.616
12151,4.282,4.641,11.32,3.313,,,,,,,,,,,,,9.205
12152,4.282,4.641,11.32,3.313,,,,,,,,,,,,,7.543
12153,4.282,4.641,11.32,3.313,,,,,,,,,,,,,5.503
12154,4.282,4.641,11.32,3.313,,,,,,,,,,,,,7.718
12155,4.282,4.641,11.32,3.313,,,,,,,,,,,,,11.012
12156,4.282,4.641,11.32,3.313,,,,,,,,,,,,,5.031
12157,4.282,4.641,11.32,3.313,,,,,,,,,,,,,5.742
12158,4.282,4.641,11.32,3.313,,,,,,,,,,,,,4.994
12159,4.282,4.641,11.32,3.313,,,,,,,,,,,,,7.46
12160,4.282,4.641,11.32,3.313,,,,,,,,,,,,,7.084
12161,4.282,4.641,11.32,3.313,,,,,,,,,,,,,6.759
12162,4.282,4.641,11.32,3.313,,,,,,,,,,,,,7.189
12163,4.282,4.641,11.32,3.313,,,,,,,,,,,,,7.212
12164,4.282,4.641,11.32,3.313,,,,,,,,,,,,,7.107
12165,4.282,4.641,11.32,3.313,,,,,,,,,,,,,10.685
12166,4.282,4.641,11.32,3.313,,,,,,,,,,,,,8.634
12171,4.282,4.64,11.32,3.313,,,,,,,,,,,,,6.64
12172,4.282,4.64,11.32,3.313,,,,,,,,,,,,,4.981
12173,4.282,4.64,11.32,3.313,,,,,,,,,,,,,7.409
12174,4.282,4.641,11.32,3.313,,,,,,,,,,,,,7.21
12175,4.282,4.641,11.32,3.313,,,,,,,,,,,,,7.415
12176,4.282,4.641,11.32,3.313,,,,,,,,,,,,,7.015
12177,4.282,4.641,11.32,3.313,,,,,,,,,,,,,7.225
12178,4.282,4.641,11.32,3.313,,,,,,,,,,,,,6.977
12179,4.282,4.641,11.32,3.313,,,,,,,,,,,,,7.477
12180,4.282,4.641,11.32,3.313,,,,,,,,,,,,,11.837
12181,4.282,4.641,11.32,3.313,,,,,,,,,,,,,7.415
12182,4.282,4.641,11.32,3.313,,,,,,,,,,,,,5.208
12183,4.282,4.641,11.32,3.313,,,,,,,,,,,,,5.551
12184,4.282,4.641,11.32,3.313,,,,,,,,,,,,,6.036
12185,4.282,4.641,11.32,3.313,,,,,,,,,,,,,6.478
12190,4.282,4.641,11.32,3.313,,,,,,,,,,,,,7.304
12191,4.282,4.641,11.32,3.313,,,,,,,,,,,,,7.489
12192,4.282,4.641,11.32,3.313,,,,,,,,,,,,,7.143
12193,4.282,4.641,11.32,3.313,,,,,,,,,,,,,7.589
12194,4.282,4.641,11.32,3.313,,,,,,,,,,,,,6.753
12195,4.282,4.641,11.32,3.313,,,,,,,,,,,,,7.674
12196,4.282,4.641,11.32,3.313,,,,,,,,,,,,,7.024
12197,4.282,4.641,11.32,3.313,,,,,,,,,,,,,7.072
12198,4.282,4.641,11.32,3.313,,,,,,,,,,,,,8.646
12199,4.282,4.641,11.32,3.313,,,,,,,,,,,,,6.154
12200,4.282,4.641,11.32,3.313,,,,,,,,,,,,,6.505
12201,4.282,4.641,11.32,3.313,,,,,,,,,,,,,8.46
12202,4.282,4.641,11.32,3.313,,,,,,,,,,,,,6.769
12203,4.282,4.641,11.32,3.313,,,,,,,,,,,,,7.281
12204,4.282,4.641,11.32,3.313,,,,,,,,,,,,,7.466
12205,4.282,4.641,11.32,3.313,,,,,,,,,,,,,6.779
12206,4.282,4.641,11.32,3.313,,,,,,,,,,,,,7.485
12207,4.282,4.641,11.32,3.313,,,,,,,,,,,,,6.917
12208,4.282,4.641,11.32,3.313,,,,,,,,,,,,,7.175
12209,4.282,4.641,11.32,3.313,,,,,,,,,,,,,7.249
12210,4.282,4.641,11.32,3.313,,,,,,,,,,,,,7.258
12211,4.282,4.641,11.32,3.313,,,,,,,,,,,,,7.146
12212,4.282,4.641,11.32,3.313,,,,,,,,,,,,,6.844
12213,4.282,4.641,11.32,3.313,,,,,,,,,,,,,7.238
12214,4.282,4.641,11.32,3.313,,,,,,,,,,,,,7.023
12215,4.282,4.641,11.32,3.313,,,,,,,,,,,,,7.434
12216,4.282,4.641,11.32,3.313,,,,,,,,,,,,,6.888
12217,4.282,4.641,11.32,3.313,,,,,,,,,,,,,7.413
12218,4.282,4.641,11.32,3.313,,,,,,,,,,,,,6.993
12219,4.282,4.64,11.32,3.313,,,,,,,,,,,,,7.34
12224,4.282,4.641,11.32,3.313,,,,,,,,,,,,,7.172
12225,4.282,4.641,11.32,3.313,,,,,,,,,,,,,7.099
12226,4.282,4.641,11.32,3.313,,,,,,,,,,,,,7.481
12227,4.282,4.64,11.32,3.313,,,,,,,,,,,,,8.499
12228,4.282,4.64,11.32,3.313,,,,,,,,,,,,,5.913
12229,4.282,4.64,11.32,3.313,,,,,,,,,,,,,7.452
12230,4.282,4.64,11.32,3.313,,,,,,,,,,,,,7.562
12235,4.282,4.641,11.32,3.313,,,,,,,,,,,,,17.673
12236,4.282,4.641,11.32,3.313,,,,,,,,,,,,,13.763
12237,4.282,4.641,11.32,3.313,,,,,,,,,,,,,1.753
12238,4.282,4.641,11.32,3.313,,,,,,,,,,,,,1.081
12239,4.282,4.641,11.32,3.313,,,,,,,,,,,,,1.015
12240,4.282,4.641,11.32,3.313,,,,,,,,,,,,,2.614
12241,4.282,4.641,11.32,3.313,,,,,,,,,,,,,6.362
12242,4.282,4.641,11.32,3.313,,,,,,,,,,,,,6.912
12243,4.282,4.641,11.32,3.313,,,,,,,,,,,,,7.603
12244,4.282,4.641,11.32,3.313,,,,,,,,,,,,,6.654
12245,4.282,4.641,11.32,3.313,,,,,,,,,,,,,6.8
12246,4.282,4.641,11.32,3.313,,,,,,,,,,,,,7.132
12250,4.282,4.641,11.32,3.313,,,,,,,,,,,,,7.246
12251,4.282,4.641,11.32,3.313,,,,,,,,,,,,,7.117
12252,4.282,4.641,11.32,3.313,,,,,,,,,,,,,7.698
12253,4.282,4.641,11.32,3.313,,,,,,,,,,,,,12.035
12254,4.282,4.641,11.32,3.313,,,,,,,,,,,,,4.403
12255,4.282,4.641,11.32,3.313,,,,,,,,,,,,,5.836
12256,4.282,4.641,11.32,3.313,,,,,,,,,,,,,6.173
12257,4.282,4.641,11.32,3.313,,,,,,,,,,,,,6.754
12258,4.282,4.641,11.32,3.313,,,,,,,,,,,,,8.075
12259,4.282,4.641,11.32,3.313,,,,,,,,,,,,,19.967
12260,4.282,4.641,11.32,3.313,,,,,,,,,,,,,19.494
12261,4.282,4.641,11.32,3.313,,,,,,,,,,,,,1.845
12262,4.282,4.641,11.32,3.313,,,,,,,,,,,,,1.145
12263,4.282,4.641,11.32,3.313,,,,,,,,,,,,,7.444
12264,4.282,4.641,11.32,3.313,,,,,,,,,,,,,2.513
12265,4.282,4.641,11.32,3.313,,,,,,,,,,,,,1.884
12266,4.282,4.641,11.32,3.313,,,,,,,,,,,,,70.6
12267,4.282,4.641,11.32,3.313,,,,,,,,,,,,,3.015
12268,4.282,4.641,11.32,3.313,,,,,,,,,,,,,1.553
12269,4.282,4.641,11.32,3.313,,,,,,,,,,,,,1.212
12270,4.282,4.641,11.32,3.313,,,,,,,,,,,,,1.223
12271,4.282,4.641,11.32,3.313,,,,,,,,,,,,,1.917
12272,4.282,4.641,11.32,3.313,,,,,,,,,,,,,1.85
12273,4.282,4.641,11.32,3.313,,,,,,,,,,,,,1.258
12274,4.282,4.641,11.32,3.313,,,,,,,,,,,,,1.149
12280,4.282,4.641,11.32,3.313,,,,,,,,,,,,,0.106
12281,4.282,4.641,11.32,3.313,,,,,,,,,,,,,3.243
12282,4.282,4.641,11.32,3.313,,,,,,,,,,,,,6.848
12283,4.282,4.641,11.32,3.313,,,,,,,,,,,,,7.228
12284,4.282,4.641,11.32,3.313,,,,,,,,,,,,,7.258
12285,4.282,4.641,11.32,3.313,,,,,,,,,,,,,7.54
12286,4.282,4.641,11.32,3.313,,,,,,,,,,,,,6.958
12287,4.282,4.641,11.32,3.313,,,,,,,,,,,,,8.878
12288,4.282,4.641,11.32,3.313,,,,,,,,,,,,,6.371
12289,4.282,4.641,11.32,3.313,,,,,,,,,,,,,6.848
12290,4.282,4.641,11.32,3.313,,,,,,,,,,,,,9.76
12295,4.282,4.641,11.32,3.313,,,,,,,,,,,,,7.152
12296,4.282,4.641,11.32,3.313,,,,,,,,,,,,,7.18
12297,4.282,4.641,11.32,3.313,,,,,,,,,,,,,8.754
12298,4.282,4.64,11.32,3.313,,,,,,,,,,,,,5.564
12299,4.282,4.64,11.32,3.313,,,,,,,,,,,,,8.452
12300,4.282,4.64,11.32,3.313,,,,,,,,,,,,,8.181
12301,4.282,4.64,11.32,3.313,,,,,,,,,,,,,4.29
12302,4.282,4.641,11.32,3.313,,,,,,,,,,,,,7.438
12303,4.282,4.641,11.32,3.313,,,,,,,,,,,,,8.541
12304,4.282,4.641,11.32,3.313,,,,,,,,,,,,,5.916
12305,4.282,4.641,11.32,3.313,,,,,,,,,,,,,7.148
12306,4.282,4.641,11.32,3.313,,,,,,,,,,,,,6.902
12307,4.282,4.641,11.32,3.313,,,,,,,,,,,,,7.173
12308,4.282,4.641,11.32,3.313,,,,,,,,,,,,,7.326
12309,4.282,4.641,11.32,3.313,,,,,,,,,,,,,9.216
12310,4.282,4.641,11.32,3.313,,,,,,,,,,,,,5.683
12311,4.282,4.641,11.32,3.313,,,,,,,,,,,,,6.324
12312,4.282,4.641,11.32,3.313,,,,,,,,,,,,,7.318
12313,4.282,4.641,11.32,3.313,,,,,,,,,,,,,6.731
12314,4.282,4.641,11.32,3.313,,,,,,,,,,,,,8.09
12315,4.282,4.641,11.32,3.313,,,,,,,,,,,,,6.446
12316,4.282,4.641,11.32,3.313,,,,,,,,,,,,,6.849
12317,4.282,4.641,11.32,3.313,,,,,,,,,,,,,7.422
12318,4.282,4.641,11.32,3.313,,,,,,,,,,,,,7.078
12319,4.282,4.641,11.32,3.313,,,,,,,,,,,,,31.625
12320,4.282,4.641,11.32,3.313,,,,,,,,,,,,,10.442
12321,4.282,4.641,11.32,3.313,,,,,,,,,,,,,1.942
12322,4.282,4.641,11.32,3.313,,,,,,,,,,,,,1.599
12323,4.282,4.641,11.32,3.313,,,,,,,,,,,,,1.09
12324,4.282,4.641,11.32,3.313,,,,,,,,,,,,,1.151
12325,4.282,4.641,11.32,3.313,,,,,,,,,,,,,1.153
12326,4.282,4.641,11.32,3.313,,,,,,,,,,,,,2.542
12327,4.282,4.641,11.32,3.313,,,,,,,,,,,,,7.5
12328,4.282,4.641,11.32,3.313,,,,,,,,,,,,,6.74
12333,4.282,4.641,11.32,3.313,,,,,,,,,,,,,7.652
12334,4.282,4.641,11.32,3.313,,,,,,,,,,,,,7.449
12335,4.282,4.641,11.32,3.313,,,,,,,,,,,,,7.087
12336,4.282,4.641,11.32,3.313,,,,,,,,,,,,,7.623
12337,4.282,4.641,11.32,3.313,,,,,,,,,,,,,9.901
12338,4.282,4.641,11.32,3.313,,,,,,,,,,,,,4.69
12339,4.282,4.641,11.32,3.313,,,,,,,,,,,,,6.312
12340,4.282,4.641,11.32,3.313,,,,,,,,,,,,,7.632
12341,4.282,4.641,11.32,3.313,,,,,,,,,,,,,6.932
12342,4.282,4.641,11.32,3.313,,,,,,,,,,,,,6.447
12343,4.282,4.641,11.32,3.313,,,,,,,,,,,,,15.59
12344,4.282,4.641,11.32,3.313,,,,,,,,,,,,,5.284
12345,4.282,4.641,11.32,3.313,,,,,,,,,,,,,4.448
12346,4.282,4.641,11.32,3.313,,,,,,,,,,,,,6.132
12347,4.282,4.641,11.32,3.313,,,,,,,,,,,,,7.799
12348,4.282,4.641,11.32,3.313,,,,,,,,,,,,,2.532
12349,4.282,4.641,11.32,3.313,,,,,,,,,,,,,7.26
12350,4.282,4.641,11.32,3.313,,,,,,,,,,,,,8.907
12351,4.282,4.641,11.32,3.313,,,,,,,,,,,,,5.791
12352,4.282,4.64,11.32,3.313,,,,,,,,,,,,,6.887
12353,4.282,4.64,11.32,3.313,,,,,,,,,,,,,6.877
12354,4.282,4.64,11.32,3.313,,,,,,,,,,,,,10.608
12355,4.282,4.641,11.32,3.313,,,,,,,,,,,,,4.768
12356,4.282,4.641,11.32,3.313,,,,,,,,,,,,,5.928
12357,4.282,4.641,11.32,3.313,,,,,,,,,,,,,7.165
12358,4.282,4.641,11.32,3.313,,,,,,,,,,,,,6.637
12359,4.282,4.641,11.32,3.313,,,,,,,,,,,,,9.874
12360,4.282,4.641,11.32,3.313,,,,,,,,,,,,,4.359
12361,4.282,4.641,11.32,3.313,,,,,,,,,,,,,6.936
12362,4.282,4.641,11.32,3.313,,,,,,,,,,,,,6.725
12363,4.282,4.641,11.32,3.313,,,,,,,,,,,,,7.37
12364,4.282,4.641,11.32,3.313,,,,,,,,,,,,,7.56
12365,4.282,4.641,11.32,3.313,,,,,,,,,,,,,6.253
12366,4.282,4.641,11.32,3.313,,,,,,,,,,,,,10.023
12367,4.282,4.641,11.32,3.313,,,,,,,,,,,,,4.548
12368,4.282,4.641,11.32,3.313,,,,,,,,,,,,,6.488
12369,4.282,4.641,11.32,3.313,,,,,,,,,,,,,7.558
12370,4.282,4.641,11.32,3.313,,,,,,,,,,,,,8.049
12371,4.282,4.641,11.32,3.313,,,,,,,,,,,,,7.164
12372,4.282,4.641,11.32,3.313,,,,,,,,,,,,,5.961
12373,4.282,4.641,11.32,3.313,,,,,,,,,,,,,6.837
12374,4.282,4.641,11.32,3.313,,,,,,,,,,,,,8.461
12375,4.282,4.64,11.32,3.313,,,,,,,,,,,,,5.959
12376,4.282,4.64,11.32,3.313,,,,,,,,,,,,,7.197
12377,4.282,4.64,11.32,3.313,,,,,,,,,,,,,8.191
12378,4.282,4.641,11.32,3.313,,,,,,,,,,,,,9.999
12379,4.282,4.641,11.32,3.313,,,,,,,,,,,,,5.272
12380,4.282,4.641,11.32,3.313,,,,,,,,,,,,,4.621
12381,4.282,4.641,11.32,3.313,,,,,,,,,,,,,8.258
12382,4.282,4.641,11.32,3.313,,,,,,,,,,,,,6.324
12383,4.282,4.641,11.32,3.313,,,,,,,,,,,,,10.351
12384,4.282,4.641,11.32,3.313,,,,,,,,,,,,,4.468
12385,4.282,4.641,11.32,3.313,,,,,,,,,,,,,6.376
12386,4.282,4.641,11.32,3.313,,,,,,,,,,,,,21.322
12387,4.282,4.641,11.32,3.313,,,,,,,,,,,,,16.63
12388,4.282,4.641,11.32,3.313,,,,,,,,,,,,,2.024
12389,4.282,4.641,11.32,3.313,,,,,,,,,,,,,1.72
12390,4.282,4.641,11.32,3.313,,,,,,,,,,,,,2.965
12391,4.282,4.641,11.32,3.313,,,,,,,,,,,,,1.725
12392,4.282,4.641,11.32,3.313,,,,,,,,,,,,,3.027
12393,4.282,4.641,11.32,3.313,,,,,,,,,,,,,4.43
12394,4.282,4.641,11.32,3.313,,,,,,,,,,,,,7.469
12395,4.282,4.641,11.32,3.313,,,,,,,,,,,,,9.854
12396,4.282,4.641,11.32,3.313,,,,,,,,,,,,,4.429
12397,4.282,4.641,11.32,3.313,,,,,,,,,,,,,8.173
12398,4.282,4.641,11.32,3.313,,,,,,,,,,,,,5.888
12399,4.282,4.641,11.32,3.313,,,,,,,,,,,,,7.212
12400,4.282,4.641,11.32,3.313,,,,,,,,,,,,,6.264
12401,4.282,4.641,11.32,3.313,,,,,,,,,,,,,7.244
12402,4.282,4.641,11.32,3.313,,,,,,,,,,,,,7.213
12403,4.282,4.641,11.32,3.313,,,,,,,,,,,,,7.399
12404,4.282,4.641,11.32,3.313,,,,,,,,,,,,,9.742
12405,4.282,4.641,11.32,3.313,,,,,,,,,,,,,4.428
12406,4.282,4.641,11.32,3.313,,,,,,,,,,,,,7.521
12407,4.282,4.641,11.32,3.313,,,,,,,,,,,,,7.238
12408,4.282,4.641,11.32,3.313,,,,,,,,,,,,,6.659
12409,4.282,4.641,11.32,3.313,,,,,,,,,,,,,7.154
12410,4.282,4.641,11.32,3.313,,,,,,,,,,,,,7.695
12411,4.282,4.641,11.32,3.313,,,,,,,,,,,,,6.558
12412,4.282,4.641,11.32,3.313,,,,,,,,,,,,,7.537
12413,4.282,4.641,11.32,3.313,,,,,,,,,,,,,7.173
12414,4.282,4.641,11.32,3.313,,,,,,,,,,,,,6.655
12415,4.282,4.641,11.32,3.313,,,,,,,,,,,,,7.183
12416,4.282,4.641,11.32,3.313,,,,,,,,,,,,,7.141
12417,4.282,4.641,11.32,3.313,,,,,,,,,,,,,7.21
12418,4.282,4.641,11.32,3.313,,,,,,,,,,,,,7.226
12419,4.282,4.641,11.32,3.313,,,,,,,,,,,,,37.288
12420,4.282,4.641,11.32,3.313,,,,,,,,,,,,,1.965
12421,4.282,4.641,11.32,3.313,,,,,,,,,,,,,1.024
12422,4.282,4.641,11.32,3.313,,,,,,,,,,,,,0.919
12423,4.282,4.641,11.32,3.313,,,,,,,,,,,,,0.907
12424,4.282,4.641,11.32,3.313,,,,,,,,,,,,,1.071
12425,4.282,4.641,11.32,3.313,,,,,,,,,,,,,1.084
12426,4.282,4.641,11.32,3.313,,,,,,,,,,,,,6.003
12427,4.282,4.641,11.32,3.313,,,,,,,,,,,,,7.303
12428,4.282,4.641,11.32,3.313,,,,,,,,,,,,,7.099
12429,4.282,4.641,11.32,3.313,,,,,,,,,,,,,7.162
12430,4.282,4.641,11.32,3.313,,,,,,,,,,,,,7.429
12431,4.282,4.641,11.32,3.313,,,,,,,,,,,,,6.825
12432,4.282,4.641,11.32,3.313,,,,,,,,,,,,,7.973
12433,4.282,4.641,11.32,3.313,,,,,,,,,,,,,6.39
12434,4.282,4.641,11.32,3.313,,,,,,,,,,,,,6.969
12435,4.282,4.641,11.32,3.313,,,,,,,,,,,,,7.374
12436,4.282,4.641,11.32,3.313,,,,,,,,,,,,,10.63
12437,4.282,4.641,11.32,3.313,,,,,,,,,,,,,3.273
12438,4.282,4.641,11.32,3.313,,,,,,,,,,,,,7.915
12439,4.282,4.641,11.32,3.313,,,,,,,,,,,,,6.022
12440,4.282,4.641,11.32,3.313,,,,,,,,,,,,,7.659
12441,4.282,4.641,11.32,3.313,,,,,,,,,,,,,7.82
12442,4.282,4.641,11.32,3.313,,,,,,,,,,,,,6.328
12443,4.282,4.641,11.32,3.313,,,,,,,,,,,,,11.299
12444,4.282,4.641,11.32,3.313,,,,,,,,,,,,,4.533
12445,4.282,4.641,11.32,3.313,,,,,,,,,,,,,5.154
12446,4.282,4.641,11.32,3.313,,,,,,,,,,,,,7.067
12447,4.282,4.641,11.32,3.313,,,,,,,,,,,,,6.834
12448,4.282,4.641,11.32,3.313,,,,,,,,,,,,,7.184
12449,4.282,4.641,11.32,3.313,,,,,,,,,,,,,9.004
12450,4.282,4.641,11.32,3.313,,,,,,,,,,,,,5.909
12451,4.282,4.641,11.32,3.313,,,,,,,,,,,,,8.395
12452,4.282,4.641,11.32,3.313,,,,,,,,,,,,,6.941
12453,4.282,4.641,11.32,3.313,,,,,,,,,,,,,8.666
12454,4.282,4.641,11.32,3.313,,,,,,,,,,,,,4.37
12455,4.282,4.641,11.32,3.313,,,,,,,,,,,,,6.558
12464,4.282,4.641,11.32,3.313,,,,,,,,,,,,,5.856
12465,4.282,4.641,11.32,3.313,,,,,,,,,,,,,6.392
12466,4.282,4.641,11.32,3.313,,,,,,,,,,,,,7.148
12467,4.282,4.641,11.32,3.313,,,,,,,,,,,,,7.22
12472,4.282,4.641,11.32,3.313,,,,,,,,,,,,,5.614
12473,4.282,4.641,11.32,3.313,,,,,,,,,,,,,7.47
12474,4.282,4.641,11.32,3.313,,,,,,,,,,,,,6.962
12475,4.282,4.641,11.32,3.313,,,,,,,,,,,,,7.479
12476,4.282,4.641,11.32,3.313,,,,,,,,,,,,,13.463
12477,4.282,4.641,11.32,3.313,,,,,,,,,,,,,10.977
12478,4.282,4.641,11.32,3.313,,,,,,,,,,,,,2.123
12479,4.282,4.641,11.32,3.313,,,,,,,,,,,,,2.489
12480,4.282,4.641,11.32,3.313,,,,,,,,,,,,,5.386
12481,4.282,4.641,11.32,3.313,,,,,,,,,,,,,7.143
12482,4.282,4.641,11.32,3.313,,,,,,,,,,,,,7.457
12487,4.282,4.641,11.32,3.313,,,,,,,,,,,,,4.455
12488,4.282,4.641,11.32,3.313,,,,,,,,,,,,,6.544
12489,4.282,4.641,11.32,3.313,,,,,,,,,,,,,6.972
12490,4.282,4.641,11.32,3.313,,,,,,,,,,,,,7.196
12491,4.282,4.641,11.32,3.313,,,,,,,,,,,,,7.276
12492,4.282,4.641,11.32,3.313,,,,,,,,,,,,,10.521
12493,4.282,4.641,11.32,3.313,,,,,,,,,,,,,4.881
12494,4.282,4.641,11.32,3.313,,,,,,,,,,,,,7.594
12495,4.282,4.641,11.32,3.313,,,,,,,,,,,,,5.076
12496,4.282,4.641,11.32,3.313,,,,,,,,,,,,,8.685
12497,4.282,4.641,11.32,3.313,,,,,,,,,,,,,9.851
12498,4.282,4.641,11.32,3.313,,,,,,,,,,,,,5.184
12499,4.282,4.641,11.32,3.313,,,,,,,,,,,,,5.18
12500,4.282,4.641,11.32,3.313,,,,,,,,,,,,,7.28
12501,4.282,4.641,11.32,3.313,,,,,,,,,,,,,7.549
12502,4.282,4.641,11.32,3.313,,,,,,,,,,,,,5.854
12503,4.282,4.641,11.32,3.313,,,,,,,,,,,,,7.153
12504,4.282,4.641,11.32,3.313,,,,,,,,,,,,,7.085
12505,4.282,4.641,11.32,3.313,,,,,,,,,,,,,7.402
12506,4.282,4.641,11.32,3.313,,,,,,,,,,,,,7.434
12507,4.282,4.641,11.32,3.313,,,,,,,,,,,,,7.649
12508,4.282,4.641,11.32,3.313,,,,,,,,,,,,,6.186
12509,4.282,4.641,11.32,3.313,,,,,,,,,,,,,7.351
12510,4.282,4.641,11.32,3.313,,,,,,,,,,,,,6.743
12511,4.282,4.641,11.32,3.313,,,,,,,,,,,,,7.603
12512,4.282,4.641,11.32,3.313,,,,,,,,,,,,,7.069
12513,4.282,4.641,11.32,3.313,,,,,,,,,,,,,6.777
12514,4.282,4.641,11.32,3.312,,,,,,,,,,,,,8.879
12515,4.282,4.641,11.32,3.312,,,,,,,,,,,,,5.38
12516,4.282,4.641,11.32,3.312,,,,,,,,,,,,,7.318
12517,4.282,4.641,11.32,3.312,,,,,,,,,,,,,7.376
12518,4.282,4.641,11.32,3.313,,,,,,,,,,,,,7.081
12519,4.282,4.641,11.32,3.313,,,,,,,,,,,,,6.773
12520,4.282,4.641,11.32,3.313,,,,,,,,,,,,,7.459
12521,4.282,4.641,11.32,3.313,,,,,,,,,,,,,22.001
12522,4.282,4.641,11.32,3.313,,,,,,,,,,,,,30.794
12523,4.282,4.641,11.32,3.313,,,,,,,,,,,,,1.879
12524,4.282,4.641,11.32,3.313,,,,,,,,,,,,,1.09
12525,4.282,4.641,11.32,3.313,,,,,,,,,,,,,1.616
12526,4.282,4.641,11.32,3.313,,,,,,,,,,,,,1.791
12527,4.282,4.641,11.32,3.313,,,,,,,,,,,,,1.558
12528,4.282,4.641,11.32,3.313,,,,,,,,,,,,,1.123
12529,4.282,4.641,11.32,3.313,,,,,,,,,,,,,1.63
12530,4.282,4.641,11.32,3.313,,,,,,,,,,,,,1.611
12531,4.282,4.641,11.32,3.313,,,,,,,,,,,,,5.162
12532,4.282,4.641,11.32,3.313,,,,,,,,,,,,,6.481
12533,4.282,4.641,11.32,3.313,,,,,,,,,,,,,7.484
12534,4.282,4.641,11.32,3.314,,,,,,,,,,,,,10.868
12535,4.282,4.641,11.32,3.314,,,,,,,,,,,,,9.025
12536,4.282,4.641,11.32,3.314,,,,,,,,,,,,,5.498
12537,4.282,4.641,11.32,3.314,,,,,,,,,,,,,7.965
12538,4.282,4.641,11.32,3.313,,,,,,,,,,,,,6.319
12539,4.282,4.641,11.32,3.313,,,,,,,,,,,,,8.227
12540,4.282,4.641,11.32,3.313,,,,,,,,,,,,,6.088
12541,4.282,4.641,11.32,3.313,,,,,,,,,,,,,7.87
12542,4.282,4.641,11.32,3.313,,,,,,,,,,,,,6.379
12543,4.282,4.641,11.32,3.313,,,,,,,,,,,,,6.999
12544,4.282,4.641,11.32,3.313,,,,,,,,,,,,,7.091
12545,4.282,4.641,11.32,3.313,,,,,,,,,,,,,7.457
12546,4.282,4.641,11.32,3.313,,,,,,,,,,,,,8.416
12547,4.282,4.641,11.32,3.313,,,,,,,,,,,,,5.987
12548,4.282,4.641,11.32,3.313,,,,,,,,,,,,,6.818
12549,4.282,4.641,11.32,3.313,,,,,,,,,,,,,7.621
12550,4.282,4.641,11.32,3.313,,,,,,,,,,,,,6.661
12551,4.282,4.641,11.32,3.313,,,,,,,,,,,,,8.32
12552,4.282,4.641,11.32,3.313,,,,,,,,,,,,,9.626
12553,4.282,4.641,11.32,3.313,,,,,,,,,,,,,6.656
12554,4.282,4.641,11.32,3.313,,,,,,,,,,,,,5.673
12555,4.282,4.641,11.32,3.313,,,,,,,,,,,,,9.921
12556,4.282,4.641,11.32,3.313,,,,,,,,,,,,,4.985
12557,4.282,4.641,11.32,3.313,,,,,,,,,,,,,5.755
12558,4.282,4.641,11.32,3.313,,,,,,,,,,,,,7.343
12559,4.282,4.641,11.32,3.313,,,,,,,,,,,,,6.879
12560,4.282,4.641,11.32,3.313,,,,,,,,,,,,,7.207
12561,4.282,4.641,11.32,3.313,,,,,,,,,,,,,7.305
12562,4.282,4.641,11.32,3.313,,,,,,,,,,,,,6.746
12563,4.282,4.641,11.32,3.313,,,,,,,,,,,,,7.346
12564,4.282,4.641,11.32,3.313,,,,,,,,,,,,,7.554
12565,4.282,4.641,11.32,3.313,,,,,,,,,,,,,6.643
12566,4.282,4.641,11.32,3.313,,,,,,,,,,,,,7.875
12567,4.282,4.641,11.32,3.313,,,,,,,,,,,,,6.438
12568,4.282,4.641,11.32,3.313,,,,,,,,,,,,,7.294
12569,4.282,4.641,11.32,3.313,,,,,,,,,,,,,6.66
12570,4.282,4.641,11.32,3.313,,,,,,,,,,,,,9.997
12571,4.282,4.641,11.32,3.313,,,,,,,,,,,,,4.601
12572,4.282,4.641,11.32,3.313,,,,,,,,,,,,,7.108
12573,4.282,4.641,11.32,3.313,,,,,,,,,,,,,7.834
12574,4.282,4.641,11.32,3.313,,,,,,,,,,,,,8.831
12575,4.282,4.641,11.32,3.312,,,,,,,,,,,,,4.772
12576,4.282,4.641,11.32,3.312,,,,,,,,,,,,,6.613
12577,4.282,4.641,11.32,3.312,,,,,,,,,,,,,7.214
12578,4.282,4.641,11.32,3.312,,,,,,,,,,,,,12.003
12579,4.282,4.641,11.32,3.313,,,,,,,,,,,,,4.791
12580,4.282,4.641,11.32,3.313,,,,,,,,,,,,,4.685
12581,4.282,4.641,11.32,3.313,,,,,,,,,,,,,8.665
12582,4.282,4.641,11.32,3.313,,,,,,,,,,,,,6.285
12583,4.282,4.641,11.32,3.313,,,,,,,,,,,,,7.74
12584,4.282,4.641,11.32,3.313,,,,,,,,,,,,,6.601
12585,4.282,4.641,11.32,3.313,,,,,,,,,,,,,7.272
12586,4.282,4.641,11.32,3.313,,,,,,,,,,,,,8.71
12587,4.282,4.641,11.32,3.313,,,,,,,,,,,,,6.329
12588,4.282,4.641,11.32,3.313,,,,,,,,,,,,,6.258
12589,4.282,4.641,11.32,3.313,,,,,,,,,,,,,6.856
12590,4.282,4.641,11.32,3.313,,,,,,,,,,,,,6.945
12591,4.282,4.641,11.32,3.312,,,,,,,,,,,,,7.045
12592,4.282,4.641,11.32,3.312,,,,,,,,,,,,,7.048
12593,4.282,4.641,11.32,3.312,,,,,,,,,,,,,7.013
12594,4.282,4.641,11.32,3.313,,,,,,,,,,,,,11.764
12595,4.282,4.641,11.32,3.313,,,,,,,,,,,,,9.048
12596,4.282,4.641,11.32,3.313,,,,,,,,,,,,,4.666
12601,4.282,4.641,11.32,3.313,,,,,,,,,,,,,10.3
12602,4.282,4.641,11.32,3.313,,,,,,,,,,,,,6.282
12603,4.282,4.641,11.32,3.313,,,,,,,,,,,,,6.392
12604,4.282,4.641,11.32,3.313,,,,,,,,,,,,,7.177
12605,4.282,4.641,11.32,3.313,,,,,,,,,,,,,7.41
12606,4.282,4.641,11.32,3.312,,,,,,,,,,,,,6.246
12607,4.282,4.641,11.32,3.312,,,,,,,,,,,,,36.89
12608,4.282,4.641,11.32,3.312,,,,,,,,,,,,,1.819
12617,4.282,4.641,11.32,3.313,,,,,,,,,,,,,7.06
12618,4.282,4.641,11.32,3.313,,,,,,,,,,,,,7.57
12619,4.282,4.641,11.32,3.313,,,,,,,,,,,,,6.73
12620,4.282,4.641,11.32,3.313,,,,,,,,,,,,,9.08
12629,4.282,4.641,11.32,3.313,,,,,,,,,,,,,7.72
12630,4.282,4.641,11.32,3.313,,,,,,,,,,,,,6.678
12631,4.282,4.641,11.32,3.313,,,,,,,,,,,,,7.025
12632,4.282,4.641,11.32,3.313,,,,,,,,,,,,,7.469
12633,4.282,4.641,11.32,3.313,,,,,,,,,,,,,7.196
12634,4.282,4.641,11.32,3.313,,,,,,,,,,,,,7.437
12635,4.282,4.64,11.32,3.313,,,,,,,,,,,,,6.845
12636,4.282,4.64,11.32,3.313,,,,,,,,,,,,,7.817
12637,4.282,4.64,11.32,3.313,,,,,,,,,,,,,6.772
12638,4.282,4.64,11.32,3.313,,,,,,,,,,,,,6.974
12639,4.282,4.641,11.32,3.313,,,,,,,,,,,,,7.572
12640,4.282,4.641,11.32,3.313,,,,,,,,,,,,,7.055
12641,4.282,4.641,11.32,3.313,,,,,,,,,,,,,7.344
12642,4.282,4.641,11.32,3.313,,,,,,,,,,,,,6.601
12643,4.282,4.641,11.32,3.313,,,,,,,,,,,,,7.223
12644,4.282,4.641,11.32,3.313,,,,,,,,,,,,,7.776
12645,4.282,4.641,11.32,3.313,,,,,,,,,,,,,6.61
12646,4.282,4.641,11.32,3.313,,,,,,,,,,,,,7.186
12647,4.282,4.641,11.32,3.313,,,,,,,,,,,,,7.578
12648,4.282,4.641,11.32,3.313,,,,,,,,,,,,,7.839
12649,4.282,4.641,11.32,3.313,,,,,,,,,,,,,6.591
12650,4.282,4.641,11.32,3.313,,,,,,,,,,,,,8.375
12651,4.282,4.641,11.32,3.313,,,,,,,,,,,,,5.665
12652,4.282,4.641,11.32,3.313,,,,,,,,,,,,,7.435
12653,4.282,4.641,11.32,3.313,,,,,,,,,,,,,8.347
12654,4.282,4.641,11.32,3.313,,,,,,,,,,,,,6.203
12655,4.282,4.641,11.32,3.313,,,,,,,,,,,,,7.163
12656,4.282,4.641,11.32,3.313,,,,,,,,,,,,,7.703
12657,4.282,4.641,11.32,3.313,,,,,,,,,,,,,6.794
12658,4.282,4.641,11.32,3.313,,,,,,,,,,,,,6.999
12659,4.282,4.641,11.32,3.312,,,,,,,,,,,,,7.287
12660,4.282,4.641,11.32,3.312,,,,,,,,,,,,,10.002
12661,4.282,4.641,11.32,3.312,,,,,,,,,,,,,4.818
12662,4.282,4.64,11.32,3.312,,,,,,,,,,,,,7.689
12663,4.282,4.64,11.32,3.313,,,,,,,,,,,,,6.158
12664,4.282,4.64,11.32,3.313,,,,,,,,,,,,,7.202
12665,4.282,4.641,11.32,3.313,,,,,,,,,,,,,8.383
12666,4.282,4.641,11.32,3.313,,,,,,,,,,,,,5.643
12667,4.282,4.641,11.32,3.313,,,,,,,,,,,,,7.631
12668,4.282,4.641,11.32,3.313,,,,,,,,,,,,,8.42
12669,4.282,4.641,11.32,3.313,,,,,,,,,,,,,6.09
12670,4.282,4.641,11.32,3.313,,,,,,,,,,,,,6.828
12671,4.282,4.641,11.32,3.313,,,,,,,,,,,,,7.25
12672,4.282,4.641,11.32,3.313,,,,,,,,,,,,,7.562
12673,4.282,4.641,11.32,3.313,,,,,,,,,,,,,9.996
12674,4.282,4.641,11.32,3.313,,,,,,,,,,,,,4.332
12675,4.282,4.641,11.32,3.313,,,,,,,,,,,,,7.708
12676,4.282,4.641,11.32,3.313,,,,,,,,,,,,,7.17
12677,4.282,4.641,11.32,3.313,,,,,,,,,,,,,5.518
12678,4.282,4.641,11.32,3.314,,,,,,,,,,,,,7.427
12679,4.282,4.641,11.32,3.314,,,,,,,,,,,,,6.654
12680,4.282,4.641,11.32,3.314,,,,,,,,,,,,,7.338
12681,4.282,4.641,11.32,3.314,,,,,,,,,,,,,7.496
12682,4.282,4.641,11.32,3.313,,,,,,,,,,,,,7.077
12683,4.282,4.641,11.32,3.313,,,,,,,,,,,,,7.266
12684,4.282,4.641,11.32,3.313,,,,,,,,,,,,,7.177
12685,4.282,4.641,11.32,3.313,,,,,,,,,,,,,31.611
12686,4.282,4.641,11.32,3.312,,,,,,,,,,,,,2.267
12687,4.282,4.641,11.32,3.312,,,,,,,,,,,,,1.94
12688,4.282,4.641,11.32,3.312,,,,,,,,,,,,,1.584
12689,4.282,4.641,11.32,3.312,,,,,,,,,,,,,1.501
12690,4.282,4.641,11.32,3.312,,,,,,,,,,,,,1.533
12691,4.282,4.641,11.32,3.313,,,,,,,,,,,,,3.576
12692,4.282,4.641,11.32,3.313,,,,,,,,,,,,,7.502
12693,4.282,4.641,11.32,3.313,,,,,,,,,,,,,6.817
12694,4.282,4.641,11.32,3.313,,,,,,,,,,,,,7.18
12695,4.282,4.641,11.32,3.313,,,,,,,,,,,,,8.281
12696,4.282,4.641,11.32,3.313,,,,,,,,,,,,,6.129
12697,4.282,4.641,11.32,3.313,,,,,,,,,,,,,7.022
12698,4.282,4.641,11.32,3.313,,,,,,,,,,,,,8.552
12699,4.282,4.641,11.32,3.313,,,,,,,,,,,,,5.638
12700,4.282,4.641,11.32,3.313,,,,,,,,,,,,,7.168
12701,4.282,4.641,11.32,3.313,,,,,,,,,,,,,8.034
12702,4.282,4.641,11.32,3.312,,,,,,,,,,,,,6.548
12703,4.282,4.641,11.32,3.312,,,,,,,,,,,,,8.575
12704,4.282,4.641,11.32,3.312,,,,,,,,,,,,,5.585
12705,4.282,4.641,11.32,3.312,,,,,,,,,,,,,7.18
12706,4.282,4.641,11.32,3.313,,,,,,,,,,,,,7.214
12707,4.282,4.641,11.32,3.313,,,,,,,,,,,,,7.284
12708,4.282,4.641,11.32,3.313,,,,,,,,,,,,,7.401
12709,4.282,4.641,11.32,3.313,,,,,,,,,,,,,8.52
12710,4.282,4.641,11.32,3.313,,,,,,,,,,,,,5.599
12711,4.282,4.641,11.32,3.313,,,,,,,,,,,,,7.711
12712,4.282,4.641,11.32,3.313,,,,,,,,,,,,,24.91
12713,4.282,4.641,11.32,3.313,,,,,,,,,,,,,1.85
12714,4.282,4.641,11.32,3.313,,,,,,,,,,,,,1.284
12715,4.282,4.641,11.32,3.313,,,,,,,,,,,,,1.291
12716,4.282,4.641,11.32,3.313,,,,,,,,,,,,,6.123
12717,4.282,4.641,11.32,3.313,,,,,,,,,,,,,7.84
12718,4.282,4.641,11.32,3.313,,,,,,,,,,,,,4.654
12719,4.282,4.641,11.32,3.313,,,,,,,,,,,,,5.296
12720,4.282,4.641,11.32,3.313,,,,,,,,,,,,,7.983
12721,4.282,4.641,11.32,3.313,,,,,,,,,,,,,6.094
12722,4.282,4.641,11.32,3.313,,,,,,,,,,,,,7.378
12723,4.282,4.641,11.32,3.313,,,,,,,,,,,,,6.714
12724,4.282,4.641,11.32,3.313,,,,,,,,,,,,,9.277
12725,4.282,4.641,11.32,3.313,,,,,,,,,,,,,5.551
12726,4.282,4.641,11.32,3.313,,,,,,,,,,,,,7.835
12727,4.282,4.641,11.32,3.313,,,,,,,,,,,,,9.978
12728,4.282,4.641,11.32,3.313,,,,,,,,,,,,,4.244
12729,4.282,4.641,11.32,3.313,,,,,,,,,,,,,6.972
12730,4.282,4.641,11.32,3.313,,,,,,,,,,,,,7.152
12731,4.282,4.641,11.32,3.313,,,,,,,,,,,,,7.169
12732,4.282,4.641,11.32,3.313,,,,,,,,,,,,,5.805
12733,4.282,4.641,11.32,3.313,,,,,,,,,,,,,8.773
12734,4.282,4.641,11.32,3.313,,,,,,,,,,,,,6.757
12735,4.282,4.641,11.32,3.313,,,,,,,,,,,,,7.529
12739,4.282,4.641,11.32,3.313,,,,,,,,,,,,,4.609
12740,4.282,4.641,11.32,3.313,,,,,,,,,,,,,6.866
12741,4.282,4.641,11.32,3.313,,,,,,,,,,,,,7.764
12742,4.282,4.641,11.32,3.313,,,,,,,,,,,,,7.883
12751,4.282,4.64,11.32,3.312,,,,,,,,,,,,,6.336
12752,4.282,4.64,11.32,3.313,,,,,,,,,,,,,10.454
12753,4.282,4.64,11.32,3.313,,,,,,,,,,,,,5.308
12754,4.282,4.641,11.32,3.313,,,,,,,,,,,,,6.559
12755,4.282,4.641,11.32,3.313,,,,,,,,,,,,,7.825
12756,4.282,4.641,11.32,3.313,,,,,,,,,,,,,6.338
12757,4.282,4.641,11.32,3.313,,,,,,,,,,,,,6.291
12758,4.282,4.64,11.32,3.313,,,,,,,,,,,,,7.034
12759,4.282,4.64,11.32,3.312,,,,,,,,,,,,,7.495
12760,4.282,4.64,11.32,3.312,,,,,,,,,,,,,10.17
12761,4.282,4.641,11.32,3.312,,,,,,,,,,,,,4.535
12766,4.282,4.641,11.32,3.313,,,,,,,,,,,,,7.503
12767,4.282,4.641,11.32,3.313,,,,,,,,,,,,,6.514
12768,4.282,4.641,11.32,3.313,,,,,,,,,,,,,6.853
12769,4.282,4.641,11.32,3.313,,,,,,,,,,,,,7.257
12770,4.282,4.641,11.32,3.313,,,,,,,,,,,,,7.282
12771,4.282,4.641,11.32,3.313,,,,,,,,,,,,,7.411
12772,4.282,4.641,11.32,3.313,,,,,,,,,,,,,7.396
12773,4.282,4.641,11.32,3.313,,,,,,,,,,,,,7.085
12774,4.282,4.641,11.32,3.313,,,,,,,,,,,,,5.456
12775,4.282,4.641,11.32,3.313,,,,,,,,,,,,,7.97
12776,4.282,4.641,11.32,3.313,,,,,,,,,,,,,7.094
12781,4.282,4.641,11.32,3.313,,,,,,,,,,,,,4.634
12782,4.282,4.641,11.32,3.313,,,,,,,,,,,,,7.789
12783,4.282,4.641,11.32,3.313,,,,,,,,,,,,,35.193
12784,4.282,4.641,11.32,3.313,,,,,,,,,,,,,4.806
12785,4.282,4.641,11.32,3.313,,,,,,,,,,,,,2.355
12786,4.282,4.641,11.32,3.313,,,,,,,,,,,,,2.203
12787,4.282,4.641,11.32,3.313,,,,,,,,,,,,,1.754
12788,4.282,4.641,11.32,3.313,,,,,,,,,,,,,1.9
12789,4.282,4.641,11.32,3.313,,,,,,,,,,,,,2.038
12790,4.282,4.641,11.32,3.313,,,,,,,,,,,,,2.044
12791,4.282,4.641,11.32,3.313,,,,,,,,,,,,,6.02
12792,4.282,4.641,11.32,3.313,,,,,,,,,,,,,6.923
12793,4.282,4.641,11.32,3.313,,,,,,,,,,,,,8.006
12794,4.282,4.641,11.32,3.313,,,,,,,,,,,,,7.429
12795,4.282,4.641,11.32,3.313,,,,,,,,,,,,,5.885
12796,4.282,4.641,11.32,3.313,,,,,,,,,,,,,6.663
12797,4.282,4.641,11.32,3.313,,,,,,,,,,,,,8.437
12798,4.282,4.641,11.32,3.313,,,,,,,,,,,,,6.188
12799,4.282,4.641,11.32,3.313,,,,,,,,,,,,,6.841
12800,4.282,4.641,11.32,3.313,,,,,,,,,,,,,7.411
12801,4.282,4.641,11.32,3.313,,,,,,,,,,,,,7.07
12802,4.282,4.641,11.32,3.313,,,,,,,,,,,,,6.77
12803,4.282,4.641,11.32,3.313,,,,,,,,,,,,,8.455
12804,4.282,4.641,11.32,3.313,,,,,,,,,,,,,6.504
12805,4.282,4.641,11.32,3.313,,,,,,,,,,,,,6.773
12806,4.282,4.641,11.32,3.313,,,,,,,,,,,,,8.237
12807,4.282,4.641,11.32,3.313,,,,,,,,,,,,,5.615
12808,4.282,4.641,11.32,3.313,,,,,,,,,,,,,7.169
12809,4.282,4.641,11.32,3.313,,,,,,,,,,,,,11.584
12810,4.282,4.641,11.32,3.313,,,,,,,,,,,,,4.459
12811,4.282,4.641,11.32,3.313,,,,,,,,,,,,,5.223
12812,4.282,4.641,11.32,3.313,,,,,,,,,,,,,6.916
12813,4.282,4.641,11.32,3.313,,,,,,,,,,,,,7.145
12814,4.282,4.641,11.32,3.313,,,,,,,,,,,,,7.466
12815,4.282,4.641,11.32,3.313,,,,,,,,,,,,,7.008
12816,4.282,4.641,11.32,3.313,,,,,,,,,,,,,7.749
12817,4.282,4.641,11.32,3.312,,,,,,,,,,,,,9.776
12818,4.282,4.641,11.32,3.312,,,,,,,,,,,,,7.18
12819,4.282,4.641,11.32,3.312,,,,,,,,,,,,,7.42
12820,4.282,4.641,11.32,3.313,,,,,,,,,,,,,11.521
12821,4.282,4.641,11.32,3.313,,,,,,,,,,,,,4.371
12822,4.282,4.641,11.32,3.313,,,,,,,,,,,,,6.425
12823,4.282,4.641,11.32,3.313,,,,,,,,,,,,,9.37
12824,4.282,4.641,11.32,3.313,,,,,,,,,,,,,4.421
12825,4.282,4.641,11.32,3.313,,,,,,,,,,,,,5.917
12826,4.282,4.641,11.32,3.313,,,,,,,,,,,,,7.684
12827,4.282,4.641,11.32,3.313,,,,,,,,,,,,,6.853
12828,4.282,4.641,11.32,3.313,,,,,,,,,,,,,7.17
12829,4.282,4.641,11.32,3.313,,,,,,,,,,,,,7.261
12830,4.282,4.641,11.32,3.313,,,,,,,,,,,,,10.839
12831,4.282,4.641,11.32,3.313,,,,,,,,,,,,,4.836
12832,4.282,4.641,11.32,3.312,,,,,,,,,,,,,5.771
12833,4.282,4.641,11.32,3.312,,,,,,,,,,,,,7.627
12834,4.282,4.641,11.32,3.312,,,,,,,,,,,,,6.935
12835,4.282,4.641,11.32,3.313,,,,,,,,,,,,,7.299
12836,4.282,4.641,11.32,3.313,,,,,,,,,,,,,6.302
12837,4.282,4.641,11.32,3.313,,,,,,,,,,,,,8.524
12838,4.282,4.641,11.32,3.313,,,,,,,,,,,,,5.537
12839,4.282,4.641,11.32,3.313,,,,,,,,,,,,,7.932
12840,4.282,4.641,11.32,3.313,,,,,,,,,,,,,7.961
12841,4.282,4.64,11.32,3.313,,,,,,,,,,,,,5.897
12842,4.282,4.64,11.32,3.313,,,,,,,,,,,,,7.115
12843,4.282,4.64,11.32,3.313,,,,,,,,,,,,,7.442
12844,4.282,4.64,11.32,3.313,,,,,,,,,,,,,6.946
12845,4.282,4.641,11.32,3.313,,,,,,,,,,,,,7.675
12846,4.282,4.641,11.32,3.313,,,,,,,,,,,,,6.471
12847,4.282,4.641,11.32,3.313,,,,,,,,,,,,,7.051
12848,4.282,4.641,11.32,3.313,,,,,,,,,,,,,11.796
12849,4.282,4.641,11.32,3.313,,,,,,,,,,,,,4.825
12854,4.282,4.641,11.32,3.313,,,,,,,,,,,,,7.371
12855,4.282,4.641,11.32,3.313,,,,,,,,,,,,,7.051
12856,4.282,4.641,11.32,3.313,,,,,,,,,,,,,7.085
12857,4.282,4.641,11.32,3.313,,,,,,,,,,,,,6.712
12858,4.282,4.641,11.32,3.312,,,,,,,,,,,,,7.564
12859,4.282,4.641,11.32,3.312,,,,,,,,,,,,,7.037
12860,4.282,4.641,11.32,3.312,,,,,,,,,,,,,7.946
12861,4.282,4.641,11.32,3.312,,,,,,,,,,,,,6.68
12862,4.282,4.641,11.32,3.313,,,,,,,,,,,,,7.129
12863,4.282,4.641,11.32,3.313,,,,,,,,,,,,,7.439
12864,4.282,4.641,11.32,3.313,,,,,,,,,,,,,7.15
12865,4.282,4.641,11.32,3.313,,,,,,,,,,,,,10.263
12866,4.282,4.641,11.32,3.313,,,,,,,,,,,,,4.325
12867,4.282,4.641,11.32,3.313,,,,,,,,,,,,,6.834
12868,4.282,4.641,11.32,3.313,,,,,,,,,,,,,6.984
12873,4.282,4.64,11.32,3.313,,,,,,,,,,,,,7.431
12874,4.282,4.64,11.32,3.313,,,,,,,,,,,,,7.508
12875,4.282,4.641,11.32,3.313,,,,,,,,,,,,,8.263
12876,4.282,4.641,11.32,3.313,,,,,,,,,,,,,5.8
12877,4.282,4.641,11.32,3.313,,,,,,,,,,,,,7.102
12878,4.282,4.641,11.32,3.313,,,,,,,,,,,,,36.745
12879,4.282,4.641,11.32,3.313,,,,,,,,,,,,,5.076
12892,4.282,4.641,11.32,3.312,,,,,,,,,,,,,5.046
12893,4.282,4.641,11.32,3.313,,,,,,,,,,,,,4.395
12894,4.282,4.641,11.32,3.313,,,,,,,,,,,,,7.354
12895,4.282,4.641,11.32,3.313,,,,,,,,,,,,,7.097
12896,4.282,4.641,11.32,3.313,,,,,,,,,,,,,7.248
12897,4.282,4.641,11.32,3.313,,,,,,,,,,,,,6.447
12898,4.282,4.641,11.32,3.313,,,,,,,,,,,,,7.518
12899,4.282,4.641,11.32,3.313,,,,,,,,,,,,,7.644
12900,4.282,4.641,11.32,3.312,,,,,,,,,,,,,8.779
12901,4.282,4.641,11.32,3.312,,,,,,,,,,,,,5.494
12902,4.282,4.641,11.32,3.312,,,,,,,,,,,,,8.053
12907,4.282,4.641,11.32,3.313,,,,,,,,,,,,,6.881
12908,4.282,4.641,11.32,3.313,,,,,,,,,,,,,7.314
12909,4.282,4.641,11.32,3.313,,,,,,,,,,,,,7.238
12910,4.282,4.641,11.32,3.313,,,,,,,,,,,,,7.209
12911,4.282,4.641,11.32,3.313,,,,,,,,,,,,,36.097
12912,4.282,4.641,11.32,3.313,,,,,,,,,,,,,2.041
12913,4.282,4.641,11.32,3.313,,,,,,,,,,,,,1.438
12914,4.282,4.641,11.32,3.313,,,,,,,,,,,,,1.373
12915,4.282,4.641,11.32,3.313,,,,,,,,,,,,,1.326
12916,4.282,4.641,11.32,3.313,,,,,,,,,,,,,1.606
12917,4.282,4.641,11.32,3.313,,,,,,,,,,,,,1.366
12918,4.282,4.64,11.32,3.313,,,,,,,,,,,,,7
12919,4.282,4.64,11.32,3.313,,,,,,,,,,,,,7.447
12920,4.282,4.64,11.32,3.313,,,,,,,,,,,,,7.106
12921,4.282,4.64,11.32,3.313,,,,,,,,,,,,,6.963
12922,4.282,4.641,11.32,3.313,,,,,,,,,,,,,7.398
12923,4.282,4.641,11.32,3.313,,,,,,,,,,,,,6.887
12924,4.282,4.641,11.32,3.313,,,,,,,,,,,,,7.966
12925,4.282,4.641,11.32,3.313,,,,,,,,,,,,,6.636
12926,4.282,4.641,11.32,3.313,,,,,,,,,,,,,9.445
12927,4.282,4.641,11.32,3.313,,,,,,,,,,,,,5.173
12928,4.282,4.641,11.32,3.313,,,,,,,,,,,,,6.71
12929,4.282,4.641,11.32,3.313,,,,,,,,,,,,,7.01
12930,4.282,4.64,11.32,3.313,,,,,,,,,,,,,6.766
12931,4.282,4.64,11.32,3.313,,,,,,,,,,,,,8.168
12932,4.282,4.64,11.32,3.313,,,,,,,,,,,,,6.16
12933,4.282,4.64,11.32,3.313,,,,,,,,,,,,,7.854
12934,4.282,4.641,11.32,3.313,,,,,,,,,,,,,6.468
12935,4.282,4.641,11.32,3.313,,,,,,,,,,,,,7.955
12936,4.282,4.641,11.32,3.313,,,,,,,,,,,,,6.586
12937,4.282,4.641,11.32,3.313,,,,,,,,,,,,,7.25
12938,4.282,4.641,11.32,3.313,,,,,,,,,,,,,6.894
12939,4.282,4.641,11.32,3.313,,,,,,,,,,,,,8.72
12940,4.282,4.641,11.32,3.313,,,,,,,,,,,,,9.138
12941,4.282,4.641,11.32,3.313,,,,,,,,,,,,,4.823
12942,4.282,4.641,11.32,3.313,,,,,,,,,,,,,5.742
12943,4.282,4.641,11.32,3.313,,,,,,,,,,,,,7.17
12944,4.282,4.641,11.32,3.313,,,,,,,,,,,,,8.037
12945,4.282,4.641,11.32,3.313,,,,,,,,,,,,,6.301
12946,4.282,4.641,11.32,3.313,,,,,,,,,,,,,7.349
12947,4.282,4.641,11.32,3.313,,,,,,,,,,,,,7.052
12948,4.282,4.641,11.32,3.313,,,,,,,,,,,,,6.752
12949,4.282,4.641,11.32,3.313,,,,,,,,,,,,,7.447
12950,4.282,4.641,11.32,3.313,,,,,,,,,,,,,7.475
12951,4.282,4.641,11.32,3.313,,,,,,,,,,,,,6.919
12952,4.282,4.641,11.32,3.313,,,,,,,,,,,,,7.313
12953,4.282,4.641,11.32,3.313,,,,,,,,,,,,,6.746
12954,4.282,4.641,11.32,3.313,,,,,,,,,,,,,7.505
12955,4.282,4.641,11.32,3.313,,,,,,,,,,,,,36.251
12956,4.282,4.641,11.32,3.313,,,,,,,,,,,,,4.596
12957,4.282,4.641,11.32,3.313,,,,,,,,,,,,,2.078
12958,4.282,4.641,11.32,3.312,,,,,,,,,,,,,2.585
12959,4.282,4.641,11.32,3.312,,,,,,,,,,,,,1.852
12960,4.282,4.641,11.32,3.312,,,,,,,,,,,,,1.459
12961,4.282,4.641,11.32,3.312,,,,,,,,,,,,,1.787
12962,4.282,4.641,11.32,3.313,,,,,,,,,,,,,1.825
12963,4.282,4.641,11.32,3.313,,,,,,,,,,,,,6.097
12964,4.282,4.641,11.32,3.313,,,,,,,,,,,,,7.36
12965,4.282,4.641,11.32,3.313,,,,,,,,,,,,,6.79
12966,4.282,4.641,11.32,3.313,,,,,,,,,,,,,8.181
12967,4.282,4.641,11.32,3.313,,,,,,,,,,,,,6.144
12968,4.282,4.641,11.32,3.313,,,,,,,,,,,,,7.965
12969,4.282,4.641,11.32,3.313,,,,,,,,,,,,,6.299
12970,4.282,4.641,11.32,3.313,,,,,,,,,,,,,11.795
12971,4.282,4.641,11.32,3.313,,,,,,,,,,,,,4.926
12972,4.282,4.641,11.32,3.313,,,,,,,,,,,,,4.847
12980,4.282,4.641,11.32,3.313,,,,,,,,,,,,,7.093
12981,4.282,4.641,11.32,3.313,,,,,,,,,,,,,7.518
12982,4.282,4.641,11.32,3.313,,,,,,,,,,,,,7.974
12983,4.282,4.641,11.32,3.313,,,,,,,,,,,,,6.565
12984,4.282,4.641,11.32,3.313,,,,,,,,,,,,,7.213
12985,4.282,4.641,11.32,3.312,,,,,,,,,,,,,7.935
12986,4.282,4.641,11.32,3.312,,,,,,,,,,,,,5.633
12987,4.282,4.641,11.32,3.312,,,,,,,,,,,,,7.151
12988,4.282,4.641,11.32,3.312,,,,,,,,,,,,,7.37
12989,4.282,4.641,11.32,3.313,,,,,,,,,,,,,7.231
12990,4.282,4.641,11.32,3.313,,,,,,,,,,,,,7.812
12991,4.282,4.641,11.32,3.313,,,,,,,,,,,,,6.941
12992,4.282,4.641,11.32,3.313,,,,,,,,,,,,,7.145
12993,4.282,4.641,11.32,3.313,,,,,,,,,,,,,6.687
12994,4.282,4.641,11.32,3.313,,,,,,,,,,,,,7.682
12995,4.282,4.64,11.32,3.313,,,,,,,,,,,,,7.124
12996,4.282,4.64,11.32,3.313,,,,,,,,,,,,,7.021
12997,4.282,4.64,11.32,3.313,,,,,,,,,,,,,6.91
12998,4.282,4.64,11.32,3.313,,,,,,,,,,,,,7.607
13003,4.282,4.641,11.32,3.313,,,,,,,,,,,,,6.353
13004,4.282,4.641,11.32,3.313,,,,,,,,,,,,,7.303
13005,4.282,4.641,11.32,3.313,,,,,,,,,,,,,18.265
13006,4.282,4.641,11.32,3.313,,,,,,,,,,,,,5.877
13007,4.282,4.641,11.32,3.313,,,,,,,,,,,,,2.174
13008,4.282,4.641,11.32,3.313,,,,,,,,,,,,,9.321
13009,4.282,4.641,11.32,3.313,,,,,,,,,,,,,2.622
13010,4.282,4.641,11.32,3.313,,,,,,,,,,,,,1.66
13011,4.282,4.641,11.32,3.313,,,,,,,,,,,,,6.247
13012,4.282,4.641,11.32,3.312,,,,,,,,,,,,,6.903
13013,4.282,4.641,11.32,3.312,,,,,,,,,,,,,9.434
13014,4.282,4.641,11.32,3.312,,,,,,,,,,,,,8.742
13023,4.282,4.641,11.32,3.313,,,,,,,,,,,,,8.008
13024,4.282,4.641,11.32,3.313,,,,,,,,,,,,,6.447
13025,4.282,4.641,11.32,3.313,,,,,,,,,,,,,6.862
13026,4.282,4.641,11.32,3.313,,,,,,,,,,,,,7.191
13027,4.282,4.641,11.32,3.312,,,,,,,,,,,,,7.277
13028,4.282,4.641,11.32,3.312,,,,,,,,,,,,,9.211
13029,4.282,4.64,11.32,3.312,,,,,,,,,,,,,11.981
13030,4.282,4.64,11.32,3.312,,,,,,,,,,,,,4.686
13031,4.282,4.64,11.32,3.313,,,,,,,,,,,,,5.668
13032,4.282,4.64,11.32,3.313,,,,,,,,,,,,,5.721
13033,4.282,4.641,11.32,3.313,,,,,,,,,,,,,6.828
13034,4.282,4.641,11.32,3.313,,,,,,,,,,,,,6.416
13035,4.282,4.641,11.32,3.313,,,,,,,,,,,,,7.665
13036,4.282,4.641,11.32,3.313,,,,,,,,,,,,,6.588
13037,4.282,4.641,11.32,3.313,,,,,,,,,,,,,7.23
13038,4.282,4.641,11.32,3.312,,,,,,,,,,,,,6.761
13039,4.282,4.641,11.32,3.312,,,,,,,,,,,,,7.528
13040,4.282,4.641,11.32,3.312,,,,,,,,,,,,,6.891
13045,4.282,4.641,11.32,3.313,,,,,,,,,,,,,6.111
13046,4.282,4.641,11.32,3.313,,,,,,,,,,,,,7.963
13047,4.282,4.641,11.32,3.313,,,,,,,,,,,,,6.011
13048,4.282,4.641,11.32,3.313,,,,,,,,,,,,,7.262
13049,4.282,4.641,11.32,3.313,,,,,,,,,,,,,7.169
13050,4.282,4.641,11.32,3.313,,,,,,,,,,,,,8.663
13051,4.282,4.641,11.32,3.313,,,,,,,,,,,,,5.347
13052,4.282,4.641,11.32,3.313,,,,,,,,,,,,,7.651
13053,4.282,4.641,11.32,3.312,,,,,,,,,,,,,6.494
13054,4.282,4.641,11.32,3.312,,,,,,,,,,,,,10.53
13055,4.282,4.641,11.32,3.312,,,,,,,,,,,,,4.373
13056,4.282,4.64,11.32,3.312,,,,,,,,,,,,,6.624
13057,4.282,4.64,11.32,3.314,,,,,,,,,,,,,6.914
13058,4.282,4.64,11.32,3.314,,,,,,,,,,,,,8.875
13059,4.282,4.64,11.32,3.314,,,,,,,,,,,,,33.689
13060,4.282,4.641,11.32,3.314,,,,,,,,,,,,,3.094
13061,4.282,4.641,11.32,3.314,,,,,,,,,,,,,1.918
13062,4.282,4.641,11.32,3.313,,,,,,,,,,,,,1.979
13063,4.282,4.641,11.32,3.313,,,,,,,,,,,,,2.121
13064,4.282,4.641,11.32,3.313,,,,,,,,,,,,,1.76
13065,4.282,4.641,11.32,3.313,,,,,,,,,,,,,2.018
13066,4.282,4.641,11.32,3.312,,,,,,,,,,,,,3.131
13067,4.282,4.641,11.32,3.312,,,,,,,,,,,,,7.745
13068,4.282,4.64,11.32,3.312,,,,,,,,,,,,,6.218
13069,4.282,4.64,11.32,3.312,,,,,,,,,,,,,6.861
13070,4.282,4.64,11.32,3.313,,,,,,,,,,,,,7.373
13071,4.282,4.64,11.32,3.313,,,,,,,,,,,,,7.578
13072,4.282,4.641,11.32,3.313,,,,,,,,,,,,,6.206
13073,4.282,4.641,11.32,3.314,,,,,,,,,,,,,7.199
13074,4.282,4.641,11.32,3.314,,,,,,,,,,,,,7.432
13075,4.282,4.641,11.32,3.314,,,,,,,,,,,,,7.698
13076,4.282,4.641,11.32,3.314,,,,,,,,,,,,,6.395
13077,4.282,4.641,11.32,3.313,,,,,,,,,,,,,7.154
13078,4.282,4.641,11.32,3.313,,,,,,,,,,,,,7.44
13079,4.282,4.641,11.32,3.313,,,,,,,,,,,,,6.416
13084,4.282,4.641,11.32,3.312,,,,,,,,,,,,,10.735
13085,4.282,4.641,11.32,3.313,,,,,,,,,,,,,4.599
13086,4.282,4.641,11.32,3.313,,,,,,,,,,,,,5.49
13087,4.282,4.641,11.32,3.313,,,,,,,,,,,,,7.499
13088,4.282,4.641,11.32,3.313,,,,,,,,,,,,,7.225
13089,4.282,4.641,11.32,3.313,,,,,,,,,,,,,10.213
13090,4.282,4.641,11.32,3.313,,,,,,,,,,,,,4.842
13091,4.282,4.641,11.32,3.313,,,,,,,,,,,,,6.574
13092,4.282,4.641,11.32,3.312,,,,,,,,,,,,,6.659
13093,4.282,4.641,11.32,3.312,,,,,,,,,,,,,7.364
13094,4.282,4.641,11.32,3.312,,,,,,,,,,,,,8.393
13095,4.282,4.641,11.32,3.312,,,,,,,,,,,,,5.137
13096,4.282,4.641,11.32,3.313,,,,,,,,,,,,,7.918
13097,4.282,4.641,11.32,3.313,,,,,,,,,,,,,7.057
13098,4.282,4.641,11.32,3.313,,,,,,,,,,,,,6.772
13099,4.282,4.641,11.32,3.313,,,,,,,,,,,,,8.212
13100,4.282,4.641,11.32,3.314,,,,,,,,,,,,,11.264
13101,4.282,4.641,11.32,3.314,,,,,,,,,,,,,5.61
13102,4.282,4.641,11.32,3.314,,,,,,,,,,,,,7.677
13103,4.282,4.641,11.32,3.313,,,,,,,,,,,,,7.956
13104,4.282,4.641,11.32,3.313,,,,,,,,,,,,,7.044
13105,4.282,4.64,11.32,3.313,,,,,,,,,,,,,5.748
13106,4.282,4.64,11.32,3.313,,,,,,,,,,,,,7.222
13107,4.282,4.64,11.32,3.312,,,,,,,,,,,,,7.122
13108,4.282,4.64,11.32,3.312,,,,,,,,,,,,,7.583
13109,4.282,4.641,11.32,3.312,,,,,,,,,,,,,9.328
13110,4.282,4.641,11.32,3.312,,,,,,,,,,,,,4.735
13111,4.282,4.641,11.32,3.313,,,,,,,,,,,,,6.743
13112,4.282,4.641,11.32,3.313,,,,,,,,,,,,,8.268
13113,4.282,4.641,11.32,3.313,,,,,,,,,,,,,6.003
13114,4.282,4.641,11.32,3.313,,,,,,,,,,,,,9.821
13115,4.282,4.641,11.32,3.313,,,,,,,,,,,,,5.374
13116,4.282,4.641,11.32,3.313,,,,,,,,,,,,,7.184
13117,4.282,4.641,11.32,3.313,,,,,,,,,,,,,10.465
13121,4.282,4.641,11.32,3.312,,,,,,,,,,,,,6.903
13122,4.282,4.641,11.32,3.313,,,,,,,,,,,,,7.275
13123,4.282,4.641,11.32,3.313,,,,,,,,,,,,,7.676
13124,4.282,4.641,11.32,3.313,,,,,,,,,,,,,6.622
13129,4.282,4.641,11.32,3.313,,,,,,,,,,,,,7.416
13130,4.282,4.641,11.32,3.313,,,,,,,,,,,,,8.491
13131,4.282,4.641,11.32,3.313,,,,,,,,,,,,,6.131
13132,4.282,4.641,11.32,3.313,,,,,,,,,,,,,8.907
13133,4.282,4.641,11.32,3.313,,,,,,,,,,,,,4.503
13134,4.282,4.641,11.32,3.312,,,,,,,,,,,,,8.325
13135,4.282,4.641,11.32,3.312,,,,,,,,,,,,,7.232
13136,4.282,4.641,11.32,3.312,,,,,,,,,,,,,7.625
13137,4.282,4.641,11.32,3.313,,,,,,,,,,,,,6.3
13138,4.282,4.641,11.32,3.313,,,,,,,,,,,,,7.765
13139,4.282,4.641,11.32,3.313,,,,,,,,,,,,,6.548
13140,4.282,4.641,11.32,3.313,,,,,,,,,,,,,7.213
13141,4.282,4.641,11.32,3.313,,,,,,,,,,,,,7.15
13142,4.282,4.641,11.32,3.313,,,,,,,,,,,,,7.235
13143,4.282,4.641,11.32,3.313,,,,,,,,,,,,,7.194
13144,4.282,4.641,11.32,3.313,,,,,,,,,,,,,7.198
13145,4.282,4.641,11.32,3.313,,,,,,,,,,,,,7.659
13146,4.282,4.641,11.32,3.313,,,,,,,,,,,,,6.978
13147,4.282,4.641,11.32,3.313,,,,,,,,,,,,,8.134
13148,4.282,4.641,11.32,3.313,,,,,,,,,,,,,5.122
13149,4.282,4.641,11.32,3.313,,,,,,,,,,,,,8.019
13150,4.282,4.641,11.32,3.313,,,,,,,,,,,,,7.496
13151,4.282,4.641,11.32,3.313,,,,,,,,,,,,,8.258
13152,4.282,4.641,11.32,3.313,,,,,,,,,,,,,10.877
13153,4.282,4.641,11.32,3.313,,,,,,,,,,,,,5.438
13154,4.282,4.641,11.32,3.313,,,,,,,,,,,,,5.001
13160,4.282,4.641,11.32,3.313,,,,,,,,,,,,,0.106
13161,4.282,4.641,11.32,3.313,,,,,,,,,,,,,1.694
13162,4.282,4.641,11.32,3.313,,,,,,,,,,,,,9.048
13163,4.282,4.641,11.32,3.313,,,,,,,,,,,,,4.8
13164,4.282,4.641,11.32,3.313,,,,,,,,,,,,,2.113
13165,4.282,4.641,11.32,3.313,,,,,,,,,,,,,3.885
13166,4.282,4.641,11.32,3.313,,,,,,,,,,,,,7.991
13167,4.282,4.641,11.32,3.313,,,,,,,,,,,,,6.853
13168,4.282,4.641,11.32,3.313,,,,,,,,,,,,,6.485
13169,4.282,4.641,11.32,3.313,,,,,,,,,,,,,7.418
13170,4.282,4.641,11.32,3.313,,,,,,,,,,,,,7.421
13171,4.282,4.641,11.32,3.313,,,,,,,,,,,,,7.257
13172,4.282,4.641,11.32,3.313,,,,,,,,,,,,,7.609
13173,4.282,4.641,11.32,3.313,,,,,,,,,,,,,6.402
13174,4.282,4.641,11.32,3.313,,,,,,,,,,,,,7.214
13175,4.282,4.641,11.32,3.313,,,,,,,,,,,,,8.149
13176,4.282,4.641,11.32,3.313,,,,,,,,,,,,,6.047
13177,4.282,4.641,11.32,3.313,,,,,,,,,,,,,11.283
13178,4.282,4.641,11.32,3.313,,,,,,,,,,,,,4.418
13179,4.282,4.641,11.32,3.313,,,,,,,,,,,,,5.846
13180,4.282,4.641,11.32,3.313,,,,,,,,,,,,,6.902
13181,4.282,4.641,11.32,3.313,,,,,,,,,,,,,7.144
13182,4.282,4.641,11.32,3.313,,,,,,,,,,,,,8.425
13183,4.282,4.641,11.32,3.313,,,,,,,,,,,,,7.735
13184,4.282,4.641,11.32,3.313,,,,,,,,,,,,,6.717
13185,4.282,4.641,11.32,3.313,,,,,,,,,,,,,9.727
13186,4.282,4.641,11.32,3.313,,,,,,,,,,,,,3.616
13187,4.282,4.641,11.32,3.313,,,,,,,,,,,,,7.144
13188,4.282,4.641,11.32,3.313,,,,,,,,,,,,,7.933
13189,4.282,4.64,11.32,3.313,,,,,,,,,,,,,7.066
13190,4.282,4.64,11.32,3.313,,,,,,,,,,,,,7.171
13191,4.282,4.64,11.32,3.313,,,,,,,,,,,,,7.204
13192,4.282,4.64,11.32,3.313,,,,,,,,,,,,,11.581
13193,4.282,4.641,11.32,3.313,,,,,,,,,,,,,4.336
13194,4.282,4.641,11.32,3.313,,,,,,,,,,,,,5.304
13195,4.282,4.641,11.32,3.313,,,,,,,,,,,,,6.911
13196,4.282,4.641,11.32,3.313,,,,,,,,,,,,,7.431
13197,4.282,4.641,11.32,3.313,,,,,,,,,,,,,6.951
13198,4.282,4.641,11.32,3.313,,,,,,,,,,,,,7.238
13199,4.282,4.641,11.32,3.313,,,,,,,,,,,,,7.122
13200,4.282,4.641,11.32,3.313,,,,,,,,,,,,,7.434
13201,4.282,4.641,11.32,3.313,,,,,,,,,,,,,7.222
13202,4.282,4.641,11.32,3.313,,,,,,,,,,,,,9.188
13203,4.282,4.641,11.32,3.313,,,,,,,,,,,,,5.072
13204,4.282,4.641,11.32,3.313,,,,,,,,,,,,,6.922
13209,4.282,4.641,11.32,3.313,,,,,,,,,,,,,6.852
13210,4.282,4.641,11.32,3.313,,,,,,,,,,,,,6.957
13211,4.282,4.641,11.32,3.313,,,,,,,,,,,,,6.93
13212,4.282,4.641,11.32,3.313,,,,,,,,,,,,,7.181
13217,4.282,4.641,11.32,3.313,,,,,,,,,,,,,6.476
13218,4.282,4.641,11.32,3.313,,,,,,,,,,,,,7.236
13219,4.282,4.641,11.32,3.313,,,,,,,,,,,,,7.315
13220,4.282,4.641,11.32,3.313,,,,,,,,,,,,,13.781
13221,4.282,4.641,11.32,3.313,,,,,,,,,,,,,5.045
13222,4.282,4.641,11.32,3.313,,,,,,,,,,,,,4.42
13223,4.282,4.64,11.32,3.313,,,,,,,,,,,,,6.545
13224,4.282,4.64,11.32,3.313,,,,,,,,,,,,,5.757
13225,4.282,4.64,11.32,3.313,,,,,,,,,,,,,7.16
13226,4.282,4.64,11.32,3.313,,,,,,,,,,,,,7.289
13227,4.282,4.641,11.32,3.313,,,,,,,,,,,,,7.241
13228,4.282,4.641,11.32,3.313,,,,,,,,,,,,,6.959
13229,4.282,4.641,11.32,3.313,,,,,,,,,,,,,7.682
13230,4.282,4.641,11.32,3.313,,,,,,,,,,,,,7.803
13231,4.282,4.641,11.32,3.313,,,,,,,,,,,,,6.313
13232,4.282,4.641,11.32,3.313,,,,,,,,,,,,,7.072
13233,4.282,4.641,11.32,3.313,,,,,,,,,,,,,8.256
13234,4.282,4.641,11.32,3.313,,,,,,,,,,,,,6.09
13235,4.282,4.641,11.32,3.313,,,,,,,,,,,,,10.588
13236,4.282,4.641,11.32,3.313,,,,,,,,,,,,,4.791
13237,4.282,4.641,11.32,3.313,,,,,,,,,,,,,6.039
13238,4.282,4.641,11.32,3.313,,,,,,,,,,,,,7.837
13239,4.282,4.641,11.32,3.313,,,,,,,,,,,,,6.052
13240,4.282,4.641,11.32,3.313,,,,,,,,,,,,,8.504
13241,4.282,4.641,11.32,3.313,,,,,,,,,,,,,5.841
13242,4.282,4.641,11.32,3.313,,,,,,,,,,,,,8.816
13243,4.282,4.641,11.32,3.313,,,,,,,,,,,,,5.136
13244,4.282,4.641,11.32,3.313,,,,,,,,,,,,,7.516
13245,4.282,4.641,11.32,3.313,,,,,,,,,,,,,6.718
13246,4.282,4.641,11.32,3.313,,,,,,,,,,,,,8.088
13247,4.282,4.641,11.32,3.313,,,,,,,,,,,,,6.241
13248,4.282,4.641,11.32,3.313,,,,,,,,,,,,,7.248
13249,4.282,4.641,11.32,3.313,,,,,,,,,,,,,7.144
13250,4.282,4.641,11.32,3.313,,,,,,,,,,,,,7.44
13251,4.282,4.641,11.32,3.313,,,,,,,,,,,,,7.375
13252,4.282,4.641,11.32,3.313,,,,,,,,,,,,,7.999
13253,4.282,4.641,11.32,3.313,,,,,,,,,,,,,6.57
13254,4.282,4.641,11.32,3.313,,,,,,,,,,,,,32.005
13255,4.282,4.641,11.32,3.313,,,,,,,,,,,,,2.022
13256,4.282,4.641,11.32,3.313,,,,,,,,,,,,,1.588
13257,4.282,4.641,11.32,3.313,,,,,,,,,,,,,1.361
13258,4.282,4.641,11.32,3.313,,,,,,,,,,,,,1.354
13259,4.282,4.641,11.32,3.313,,,,,,,,,,,,,1.62
13260,4.282,4.641,11.32,3.313,,,,,,,,,,,,,3.892
13261,4.282,4.641,11.32,3.313,,,,,,,,,,,,,7.188
13262,4.282,4.641,11.32,3.313,,,,,,,,,,,,,7.755
13263,4.282,4.641,11.32,3.313,,,,,,,,,,,,,6.552
13264,4.282,4.641,11.32,3.313,,,,,,,,,,,,,8.218
13265,4.282,4.641,11.32,3.313,,,,,,,,,,,,,8.016
13266,4.282,4.641,11.32,3.313,,,,,,,,,,,,,5.205
13267,4.282,4.641,11.32,3.313,,,,,,,,,,,,,7.282
13268,4.282,4.641,11.32,3.313,,,,,,,,,,,,,7.414
13269,4.282,4.641,11.32,3.313,,,,,,,,,,,,,6.934
13270,4.282,4.641,11.32,3.313,,,,,,,,,,,,,7.313
13271,4.282,4.641,11.32,3.313,,,,,,,,,,,,,9.048
13272,4.282,4.641,11.32,3.313,,,,,,,,,,,,,5.491
13273,4.282,4.641,11.32,3.313,,,,,,,,,,,,,7.077
13278,4.282,4.641,11.32,3.313,,,,,,,,,,,,,6.564
13279,4.282,4.641,11.32,3.313,,,,,,,,,,,,,5.994
13280,4.282,4.641,11.32,3.313,,,,,,,,,,,,,9.424
13281,4.282,4.641,11.32,3.313,,,,,,,,,,,,,4.385
13282,4.282,4.641,11.32,3.313,,,,,,,,,,,,,7.117
13283,4.282,4.641,11.32,3.313,,,,,,,,,,,,,7.502
13284,4.282,4.641,11.32,3.313,,,,,,,,,,,,,7.08
13285,4.282,4.641,11.32,3.313,,,,,,,,,,,,,7.717
13286,4.282,4.641,11.32,3.313,,,,,,,,,,,,,6.664
13287,4.282,4.641,11.32,3.313,,,,,,,,,,,,,6.801
13288,4.282,4.641,11.32,3.313,,,,,,,,,,,,,7.299
13289,4.282,4.641,11.32,3.313,,,,,,,,,,,,,7.385
13290,4.282,4.641,11.32,3.313,,,,,,,,,,,,,8.03
13291,4.282,4.641,11.32,3.313,,,,,,,,,,,,,6.225
13292,4.282,4.641,11.32,3.313,,,,,,,,,,,,,7.972
13293,4.282,4.641,11.32,3.313,,,,,,,,,,,,,7.704
13294,4.282,4.641,11.32,3.313,,,,,,,,,,,,,10.358
13295,4.282,4.641,11.32,3.313,,,,,,,,,,,,,4.794
13296,4.282,4.641,11.32,3.313,,,,,,,,,,,,,7.949
13297,4.282,4.641,11.32,3.313,,,,,,,,,,,,,5.085
13298,4.282,4.641,11.32,3.313,,,,,,,,,,,,,5.379
13299,4.282,4.641,11.32,3.313,,,,,,,,,,,,,7.69
13300,4.282,4.641,11.32,3.313,,,,,,,,,,,,,7.165
13301,4.282,4.641,11.32,3.313,,,,,,,,,,,,,6.454
13302,4.282,4.641,11.32,3.313,,,,,,,,,,,,,6.823
13303,4.282,4.641,11.32,3.313,,,,,,,,,,,,,7.515
13304,4.282,4.641,11.32,3.313,,,,,,,,,,,,,6.881
13305,4.282,4.641,11.32,3.313,,,,,,,,,,,,,7.24
13306,4.282,4.641,11.32,3.313,,,,,,,,,,,,,7.044
13307,4.282,4.641,11.32,3.313,,,,,,,,,,,,,7.201
13308,4.282,4.641,11.32,3.313,,,,,,,,,,,,,7.4
13309,4.282,4.641,11.32,3.313,,,,,,,,,,,,,11.33
13310,4.282,4.641,11.32,3.313,,,,,,,,,,,,,4.841
13311,4.282,4.641,11.32,3.313,,,,,,,,,,,,,6.899
13312,4.282,4.641,11.32,3.313,,,,,,,,,,,,,5.136
13313,4.282,4.641,11.32,3.313,,,,,,,,,,,,,7.313
13314,4.282,4.641,11.32,3.313,,,,,,,,,,,,,7.226
13315,4.282,4.641,11.32,3.313,,,,,,,,,,,,,7.44
13316,4.282,4.641,11.32,3.313,,,,,,,,,,,,,6.913
13317,4.282,4.641,11.32,3.313,,,,,,,,,,,,,7.162
13318,4.282,4.641,11.32,3.313,,,,,,,,,,,,,7.372
13319,4.282,4.641,11.32,3.313,,,,,,,,,,,,,7.219
13320,4.282,4.641,11.32,3.313,,,,,,,,,,,,,7.448
13321,4.282,4.641,11.32,3.313,,,,,,,,,,,,,6.982
13322,4.282,4.641,11.32,3.313,,,,,,,,,,,,,6.922
13323,4.282,4.641,11.32,3.313,,,,,,,,,,,,,10.906
13324,4.282,4.641,11.32,3.313,,,,,,,,,,,,,6.023
13325,4.282,4.641,11.32,3.313,,,,,,,,,,,,,7.052
13326,4.282,4.641,11.32,3.313,,,,,,,,,,,,,4.588
13327,4.282,4.641,11.32,3.313,,,,,,,,,,,,,7.368
13328,4.282,4.641,11.32,3.313,,,,,,,,,,,,,5.901
13329,4.282,4.641,11.32,3.313,,,,,,,,,,,,,8.751
13330,4.282,4.641,11.32,3.313,,,,,,,,,,,,,7.049
13335,4.282,4.641,11.32,3.313,,,,,,,,,,,,,0.19
13336,4.282,4.641,11.32,3.313,,,,,,,,,,,,,1.769
13337,4.282,4.641,11.32,3.313,,,,,,,,,,,,,1.218
13338,4.282,4.641,11.32,3.313,,,,,,,,,,,,,1.319
13339,4.282,4.641,11.32,3.313,,,,,,,,,,,,,2.288
13340,4.282,4.641,11.32,3.313,,,,,,,,,,,,,3.775
13341,4.282,4.641,11.32,3.313,,,,,,,,,,,,,4.268
13342,4.282,4.641,11.32,3.313,,,,,,,,,,,,,6.993
13347,4.282,4.641,11.32,3.313,,,,,,,,,,,,,7.985
13348,4.282,4.641,11.32,3.313,,,,,,,,,,,,,7.696
13349,4.282,4.641,11.32,3.313,,,,,,,,,,,,,6.644
13350,4.282,4.641,11.32,3.313,,,,,,,,,,,,,7.02
13351,4.282,4.641,11.32,3.313,,,,,,,,,,,,,6.857
13352,4.282,4.641,11.32,3.313,,,,,,,,,,,,,10.584
13353,4.282,4.641,11.32,3.313,,,,,,,,,,,,,4.74
13354,4.282,4.641,11.32,3.313,,,,,,,,,,,,,5.868
13355,4.282,4.641,11.32,3.313,,,,,,,,,,,,,5.737
13356,4.282,4.641,11.32,3.313,,,,,,,,,,,,,10.698
13357,4.282,4.641,11.32,3.313,,,,,,,,,,,,,5.097
13358,4.282,4.641,11.32,3.313,,,,,,,,,,,,,9.784
13359,4.282,4.641,11.32,3.313,,,,,,,,,,,,,4.297
13360,4.282,4.641,11.32,3.313,,,,,,,,,,,,,7.428
13361,4.282,4.641,11.32,3.313,,,,,,,,,,,,,6.605
13362,4.282,4.641,11.32,3.313,,,,,,,,,,,,,8.026
13363,4.282,4.641,11.32,3.313,,,,,,,,,,,,,7.676
13364,4.282,4.641,11.32,3.313,,,,,,,,,,,,,6.897
13365,4.282,4.641,11.32,3.313,,,,,,,,,,,,,7.78
13366,4.282,4.641,11.32,3.313,,,,,,,,,,,,,8.421
13367,4.282,4.641,11.32,3.313,,,,,,,,,,,,,5.932
13368,4.282,4.641,11.32,3.313,,,,,,,,,,,,,8.254
13377,4.282,4.641,11.32,3.313,,,,,,,,,,,,,7.724
13378,4.282,4.641,11.32,3.313,,,,,,,,,,,,,7.182
13379,4.282,4.641,11.32,3.313,,,,,,,,,,,,,6.908
13380,4.282,4.641,11.32,3.313,,,,,,,,,,,,,6.533
13381,4.282,4.641,11.32,3.313,,,,,,,,,,,,,8.607
13382,4.282,4.641,11.32,3.313,,,,,,,,,,,,,10.085
13383,4.282,4.641,11.32,3.313,,,,,,,,,,,,,7.286
13384,4.282,4.641,11.32,3.313,,,,,,,,,,,,,7.158
13385,4.282,4.641,11.32,3.313,,,,,,,,,,,,,7.102
13386,4.282,4.641,11.32,3.313,,,,,,,,,,,,,7.395
13387,4.282,4.641,11.32,3.313,,,,,,,,,,,,,8.025
13388,4.282,4.641,11.32,3.313,,,,,,,,,,,,,6.337
13389,4.282,4.641,11.32,3.313,,,,,,,,,,,,,8.53
13390,4.282,4.641,11.32,3.313,,,,,,,,,,,,,5.961
13391,4.282,4.641,11.32,3.313,,,,,,,,,,,,,6.823
13392,4.282,4.641,11.32,3.313,,,,,,,,,,,,,7.348
13393,4.282,4.641,11.32,3.313,,,,,,,,,,,,,8.337
13394,4.282,4.641,11.32,3.313,,,,,,,,,,,,,9.641
13399,4.282,4.641,11.32,3.313,,,,,,,,,,,,,7.299
13400,4.282,4.641,11.32,3.313,,,,,,,,,,,,,11.04
13401,4.282,4.641,11.32,3.313,,,,,,,,,,,,,4.428
13402,4.282,4.641,11.32,3.313,,,,,,,,,,,,,5.416
13403,4.282,4.641,11.32,3.313,,,,,,,,,,,,,7.334
13404,4.282,4.641,11.32,3.313,,,,,,,,,,,,,8.913
13405,4.282,4.641,11.32,3.313,,,,,,,,,,,,,5.475
13406,4.282,4.641,11.32,3.313,,,,,,,,,,,,,7.837
13407,4.282,4.641,11.32,3.313,,,,,,,,,,,,,6.927
13408,4.282,4.641,11.32,3.313,,,,,,,,,,,,,7.172
13409,4.282,4.641,11.32,3.313,,,,,,,,,,,,,10.855
13410,4.282,4.641,11.32,3.313,,,,,,,,,,,,,4.848
13411,4.282,4.641,11.32,3.313,,,,,,,,,,,,,15.905
13412,4.282,4.641,11.32,3.313,,,,,,,,,,,,,4.775
13413,4.282,4.641,11.32,3.313,,,,,,,,,,,,,2.796
13414,4.282,4.641,11.32,3.313,,,,,,,,,,,,,2.153
13415,4.282,4.641,11.32,3.313,,,,,,,,,,,,,6.749
13416,4.282,4.641,11.32,3.313,,,,,,,,,,,,,7.67
13417,4.282,4.641,11.32,3.313,,,,,,,,,,,,,6.772
13418,4.282,4.641,11.32,3.313,,,,,,,,,,,,,7.267
13419,4.282,4.641,11.32,3.313,,,,,,,,,,,,,8.227
13420,4.282,4.641,11.32,3.313,,,,,,,,,,,,,8.706
13421,4.282,4.641,11.32,3.313,,,,,,,,,,,,,4.667
13429,4.282,4.641,11.32,3.313,,,,,,,,,,,,,7.201
13430,4.282,4.641,11.32,3.313,,,,,,,,,,,,,7.121
13431,4.282,4.641,11.32,3.313,,,,,,,,,,,,,7.508
13432,4.282,4.641,11.32,3.313,,,,,,,,,,,,,6.836
13445,4.282,4.641,11.32,3.313,,,,,,,,,,,,,7.441
13446,4.282,4.641,11.32,3.313,,,,,,,,,,,,,7.006
13447,4.282,4.641,11.32,3.313,,,,,,,,,,,,,6.764
13448,4.282,4.641,11.32,3.313,,,,,,,,,,,,,7.442
13449,4.282,4.641,11.32,3.313,,,,,,,,,,,,,7.955
13450,4.282,4.641,11.32,3.313,,,,,,,,,,,,,6.488
13451,4.282,4.641,11.32,3.313,,,,,,,,,,,,,8.948
13452,4.282,4.641,11.32,3.313,,,,,,,,,,,,,5.352
13453,4.282,4.641,11.32,3.313,,,,,,,,,,,,,7.058
13454,4.282,4.641,11.32,3.313,,,,,,,,,,,,,8.819
13455,4.282,4.641,11.32,3.313,,,,,,,,,,,,,5.356
13456,4.282,4.641,11.32,3.313,,,,,,,,,,,,,6.924
13457,4.282,4.641,11.32,3.313,,,,,,,,,,,,,8.189
13458,4.282,4.641,11.32,3.313,,,,,,,,,,,,,6.377
13459,4.282,4.641,11.32,3.313,,,,,,,,,,,,,7.187
13464,4.282,4.641,11.32,3.313,,,,,,,,,,,,,7.169
13465,4.282,4.641,11.32,3.313,,,,,,,,,,,,,7.079
13466,4.282,4.641,11.32,3.313,,,,,,,,,,,,,8.305
13467,4.282,4.641,11.32,3.313,,,,,,,,,,,,,5.767
13468,4.282,4.641,11.32,3.313,,,,,,,,,,,,,10.366
13469,4.282,4.641,11.32,3.313,,,,,,,,,,,,,4.323
13470,4.282,4.641,11.32,3.313,,,,,,,,,,,,,6.391
13471,4.282,4.641,11.32,3.313,,,,,,,,,,,,,7.415
13472,4.282,4.641,11.32,3.313,,,,,,,,,,,,,7.199
13473,4.282,4.641,11.32,3.313,,,,,,,,,,,,,8.434
13474,4.282,4.641,11.32,3.313,,,,,,,,,,,,,6.14
13475,4.282,4.641,11.32,3.313,,,,,,,,,,,,,7.424
13479,4.282,4.641,11.32,3.313,,,,,,,,,,,,,5.167
13480,4.282,4.641,11.32,3.313,,,,,,,,,,,,,6.907
13481,4.282,4.641,11.32,3.313,,,,,,,,,,,,,6.347
13482,4.282,4.641,11.32,3.313,,,,,,,,,,,,,7.147
13487,4.282,4.641,11.32,3.313,,,,,,,,,,,,,7.364
13488,4.282,4.641,11.32,3.313,,,,,,,,,,,,,6.808
13489,4.282,4.641,11.32,3.313,,,,,,,,,,,,,7.15
13490,4.282,4.641,11.32,3.313,,,,,,,,,,,,,7.431
13491,4.282,4.641,11.32,3.313,,,,,,,,,,,,,8.453
13492,4.282,4.641,11.32,3.313,,,,,,,,,,,,,5.769
13493,4.282,4.641,11.32,3.313,,,,,,,,,,,,,7.243
13494,4.282,4.641,11.32,3.313,,,,,,,,,,,,,7.225
13495,4.282,4.641,11.32,3.313,,,,,,,,,,,,,7.169
13496,4.282,4.641,11.32,3.313,,,,,,,,,,,,,8.821
13497,4.282,4.641,11.32,3.313,,,,,,,,,,,,,9.443
13498,4.282,4.641,11.32,3.313,,,,,,,,,,,,,6.052
13499,4.282,4.641,11.32,3.313,,,,,,,,,,,,,4.457
13500,4.282,4.641,11.32,3.313,,,,,,,,,,,,,6.563
13501,4.282,4.641,11.32,3.313,,,,,,,,,,,,,7.773
13502,4.282,4.641,11.32,3.313,,,,,,,,,,,,,6.343
13503,4.282,4.641,11.32,3.313,,,,,,,,,,,,,7.32
13504,4.282,4.641,11.32,3.313,,,,,,,,,,,,,7.179
13505,4.282,4.641,11.32,3.313,,,,,,,,,,,,,7.69
13506,4.282,4.641,11.32,3.313,,,,,,,,,,,,,7.726
13507,4.282,4.641,11.32,3.313,,,,,,,,,,,,,7.205
13508,4.282,4.641,11.32,3.313,,,,,,,,,,,,,6.783
13509,4.282,4.641,11.32,3.313,,,,,,,,,,,,,7.167
13510,4.282,4.641,11.32,3.313,,,,,,,,,,,,,7.501
13511,4.282,4.641,11.32,3.313,,,,,,,,,,,,,22.019
13512,4.282,4.641,11.32,3.313,,,,,,,,,,,,,4.74
13513,4.282,4.641,11.32,3.313,,,,,,,,,,,,,2.122
13514,4.282,4.641,11.32,3.313,,,,,,,,,,,,,1.678
13515,4.282,4.641,11.32,3.313,,,,,,,,,,,,,2.363
13516,4.282,4.641,11.32,3.313,,,,,,,,,,,,,6.666
13517,4.282,4.641,11.32,3.313,,,,,,,,,,,,,7.259
13518,4.282,4.641,11.32,3.313,,,,,,,,,,,,,6.836
13519,4.282,4.641,11.32,3.313,,,,,,,,,,,,,9.272
13520,4.282,4.641,11.32,3.313,,,,,,,,,,,,,5.395
13521,4.282,4.641,11.32,3.313,,,,,,,,,,,,,7.205
13522,4.282,4.641,11.32,3.313,,,,,,,,,,,,,7.618
13523,4.282,4.641,11.32,3.313,,,,,,,,,,,,,6.72
13524,4.282,4.641,11.32,3.313,,,,,,,,,,,,,39.085
13525,4.282,4.641,11.32,3.313,,,,,,,,,,,,,2.239
13526,4.282,4.641,11.32,3.313,,,,,,,,,,,,,1.503
13527,4.282,4.641,11.32,3.313,,,,,,,,,,,,,1.41
13528,4.282,4.641,11.32,3.313,,,,,,,,,,,,,1.627
13529,4.282,4.641,11.32,3.313,,,,,,,,,,,,,2.424
13537,4.282,4.641,11.32,3.313,,,,,,,,,,,,,6.968
13538,4.282,4.641,11.32,3.313,,,,,,,,,,,,,7.104
13539,4.282,4.641,11.32,3.313,,,,,,,,,,,,,7.176
13540,4.282,4.641,11.32,3.313,,,,,,,,,,,,,7.246
13541,4.282,4.641,11.32,3.313,,,,,,,,,,,,,7.164
13542,4.282,4.641,11.32,3.313,,,,,,,,,,,,,8.94
13543,4.282,4.641,11.32,3.313,,,,,,,,,,,,,5.939
13544,4.282,4.641,11.32,3.313,,,,,,,,,,,,,11.556
13545,4.282,4.641,11.32,3.313,,,,,,,,,,,,,6.888
13546,4.282,4.641,11.32,3.313,,,,,,,,,,,,,4.266
13547,4.282,4.641,11.32,3.313,,,,,,,,,,,,,6.561
13548,4.282,4.641,11.32,3.313,,,,,,,,,,,,,5.49
13552,4.282,4.641,11.32,3.313,,,,,,,,,,,,,8.042
13553,4.282,4.641,11.32,3.313,,,,,,,,,,,,,5.582
13554,4.282,4.641,11.32,3.313,,,,,,,,,,,,,7.261
13555,4.282,4.641,11.32,3.313,,,,,,,,,,,,,7.613
13556,4.282,4.641,11.32,3.313,,,,,,,,,,,,,6.889
13557,4.282,4.641,11.32,3.313,,,,,,,,,,,,,6.917
13558,4.282,4.641,11.32,3.313,,,,,,,,,,,,,8.27
13559,4.282,4.641,11.32,3.313,,,,,,,,,,,,,6.47
13560,4.282,4.641,11.32,3.313,,,,,,,,,,,,,6.939
13561,4.282,4.641,11.32,3.313,,,,,,,,,,,,,6.781
13562,4.282,4.641,11.32,3.313,,,,,,,,,,,,,7.981
13563,4.282,4.641,11.32,3.313,,,,,,,,,,,,,6.356
13564,4.282,4.641,11.32,3.313,,,,,,,,,,,,,7.041
13565,4.282,4.641,11.32,3.313,,,,,,,,,,,,,7.037
13566,4.282,4.641,11.32,3.313,,,,,,,,,,,,,9.835
13567,4.282,4.641,11.32,3.313,,,,,,,,,,,,,4.478
13568,4.282,4.641,11.32,3.313,,,,,,,,,,,,,7.164
13569,4.282,4.641,11.32,3.313,,,,,,,,,,,,,7.318
13570,4.282,4.641,11.32,3.313,,,,,,,,,,,,,7.279
13571,4.282,4.641,11.32,3.313,,,,,,,,,,,,,7.108
13572,4.282,4.641,11.32,3.313,,,,,,,,,,,,,6.723
13573,4.282,4.641,11.32,3.313,,,,,,,,,,,,,8.385
13574,4.282,4.641,11.32,3.313,,,,,,,,,,,,,7.511
13575,4.282,4.641,11.32,3.313,,,,,,,,,,,,,5.634
13576,4.282,4.641,11.32,3.313,,,,,,,,,,,,,7.935
13577,4.282,4.641,11.32,3.313,,,,,,,,,,,,,6.73
13578,4.282,4.641,11.32,3.313,,,,,,,,,,,,,7.862
13579,4.282,4.641,11.32,3.313,,,,,,,,,,,,,7.316
13580,4.282,4.641,11.32,3.313,,,,,,,,,,,,,6.324
13581,4.282,4.641,11.32,3.313,,,,,,,,,,,,,7.212
13582,4.282,4.641,11.32,3.313,,,,,,,,,,,,,7.343
13583,4.282,4.641,11.32,3.313,,,,,,,,,,,,,6.92
13584,4.282,4.641,11.32,3.313,,,,,,,,,,,,,8.667
13585,4.282,4.641,11.32,3.313,,,,,,,,,,,,,6.392
13586,4.282,4.641,11.32,3.313,,,,,,,,,,,,,7.41
13587,4.282,4.641,11.32,3.313,,,,,,,,,,,,,6.298
13588,4.282,4.641,11.32,3.313,,,,,,,,,,,,,7.001
13589,4.282,4.641,11.32,3.313,,,,,,,,,,,,,6.846
13590,4.282,4.641,11.32,3.313,,,,,,,,,,,,,5.547
13591,4.282,4.641,11.32,3.313,,,,,,,,,,,,,9.279
13592,4.282,4.641,11.32,3.313,,,,,,,,,,,,,7.358
13593,4.282,4.641,11.32,3.313,,,,,,,,,,,,,6.975
13594,4.282,4.641,11.32,3.313,,,,,,,,,,,,,7.789
13595,4.282,4.641,11.32,3.313,,,,,,,,,,,,,6.587
13596,4.282,4.641,11.32,3.313,,,,,,,,,,,,,7.103
13597,4.282,4.641,11.32,3.313,,,,,,,,,,,,,6.92
13598,4.282,4.641,11.32,3.313,,,,,,,,,,,,,7.803
13599,4.282,4.641,11.32,3.313,,,,,,,,,,,,,7.512
13600,4.282,4.641,11.32,3.313,,,,,,,,,,,,,5.789
13601,4.282,4.641,11.32,3.313,,,,,,,,,,,,,9.462
13602,4.282,4.641,11.32,3.313,,,,,,,,,,,,,5.163
13603,4.282,4.641,11.32,3.313,,,,,,,,,,,,,7.403
13604,4.282,4.641,11.32,3.313,,,,,,,,,,,,,7.077
13605,4.282,4.641,11.32,3.313,,,,,,,,,,,,,7.012
13606,4.282,4.641,11.32,3.313,,,,,,,,,,,,,7.116
13607,4.282,4.641,11.32,3.313,,,,,,,,,,,,,8.244
13608,4.282,4.641,11.32,3.313,,,,,,,,,,,,,6.413
13609,4.282,4.641,11.32,3.313,,,,,,,,,,,,,7.735
13610,4.282,4.641,11.32,3.313,,,,,,,,,,,,,6.641
13611,4.282,4.641,11.32,3.313,,,,,,,,,,,,,7.13
13612,4.282,4.641,11.32,3.313,,,,,,,,,,,,,7.347
13613,4.282,4.641,11.32,3.313,,,,,,,,,,,,,7.936
13614,4.282,4.641,11.32,3.313,,,,,,,,,,,,,6.224
13615,4.282,4.641,11.32,3.313,,,,,,,,,,,,,6.823
13616,4.282,4.641,11.32,3.313,,,,,,,,,,,,,7.528
13617,4.282,4.641,11.32,3.313,,,,,,,,,,,,,7.332
13618,4.282,4.641,11.32,3.313,,,,,,,,,,,,,6.695
13619,4.282,4.641,11.32,3.313,,,,,,,,,,,,,7.114
13620,4.282,4.641,11.32,3.313,,,,,,,,,,,,,7.522
13621,4.282,4.641,11.32,3.313,,,,,,,,,,,,,32.579
13622,4.282,4.641,11.32,3.313,,,,,,,,,,,,,34.196
13623,4.282,4.641,11.32,3.313,,,,,,,,,,,,,2.178
13624,4.282,4.641,11.32,3.313,,,,,,,,,,,,,1.396
13625,4.282,4.641,11.32,3.313,,,,,,,,,,,,,1.675
13626,4.282,4.641,11.32,3.313,,,,,,,,,,,,,2.294
13627,4.282,4.641,11.32,3.313,,,,,,,,,,,,,1.746
13628,4.282,4.641,11.32,3.313,,,,,,,,,,,,,1.871
13629,4.282,4.641,11.32,3.313,,,,,,,,,,,,,2.304
13630,4.282,4.641,11.32,3.313,,,,,,,,,,,,,1.649
13631,4.282,4.641,11.32,3.313,,,,,,,,,,,,,1.897
13632,4.282,4.641,11.32,3.313,,,,,,,,,,,,,1.914
13633,4.282,4.641,11.32,3.313,,,,,,,,,,,,,1.577
13634,4.282,4.641,11.32,3.313,,,,,,,,,,,,,2.082
13635,4.282,4.641,11.32,3.313,,,,,,,,,,,,,5.681
13636,4.282,4.641,11.32,3.313,,,,,,,,,,,,,6.617
13637,4.282,4.641,11.32,3.313,,,,,,,,,,,,,6.9
13638,4.282,4.641,11.32,3.313,,,,,,,,,,,,,7.157
13639,4.282,4.641,11.32,3.313,,,,,,,,,,,,,7.448
13640,4.282,4.641,11.32,3.313,,,,,,,,,,,,,6.847
13641,4.282,4.641,11.32,3.313,,,,,,,,,,,,,7.972
13642,4.282,4.641,11.32,3.313,,,,,,,,,,,,,6.394
13643,4.282,4.641,11.32,3.313,,,,,,,,,,,,,12.793
13644,4.282,4.641,11.32,3.313,,,,,,,,,,,,,4.591
13649,4.282,4.641,11.32,3.313,,,,,,,,,,,,,8.142
13650,4.282,4.641,11.32,3.313,,,,,,,,,,,,,5.161
13651,4.282,4.641,11.32,3.313,,,,,,,,,,,,,7.417
13652,4.282,4.641,11.32,3.313,,,,,,,,,,,,,8.32
13653,4.282,4.641,11.32,3.313,,,,,,,,,,,,,7.473
13654,4.282,4.641,11.32,3.313,,,,,,,,,,,,,6.251
13655,4.282,4.641,11.32,3.313,,,,,,,,,,,,,6.708
13656,4.282,4.641,11.32,3.313,,,,,,,,,,,,,7.09
13657,4.282,4.641,11.32,3.313,,,,,,,,,,,,,6.638
13658,4.282,4.641,11.32,3.313,,,,,,,,,,,,,11.293
13659,4.282,4.641,11.32,3.313,,,,,,,,,,,,,4.486
13660,4.282,4.641,11.32,3.313,,,,,,,,,,,,,5.476
13661,4.282,4.641,11.32,3.313,,,,,,,,,,,,,8.07
13662,4.282,4.641,11.32,3.313,,,,,,,,,,,,,6.32
13663,4.282,4.641,11.32,3.313,,,,,,,,,,,,,6.903
13664,4.282,4.641,11.32,3.313,,,,,,,,,,,,,7.641
13665,4.282,4.641,11.32,3.313,,,,,,,,,,,,,6.983
13666,4.282,4.64,11.32,3.313,,,,,,,,,,,,,10.831
13667,4.282,4.64,11.32,3.313,,,,,,,,,,,,,7.6
13668,4.282,4.64,11.32,3.313,,,,,,,,,,,,,6.495
13669,4.282,4.64,11.32,3.313,,,,,,,,,,,,,8.019
13670,4.282,4.641,11.32,3.313,,,,,,,,,,,,,6.335
13675,4.282,4.641,11.32,3.313,,,,,,,,,,,,,0.301
13676,4.282,4.641,11.32,3.313,,,,,,,,,,,,,2.126
13677,4.282,4.641,11.32,3.313,,,,,,,,,,,,,1.905
13678,4.282,4.641,11.32,3.313,,,,,,,,,,,,,5.299
13679,4.282,4.641,11.32,3.313,,,,,,,,,,,,,26.714
13680,4.282,4.641,11.32,3.313,,,,,,,,,,,,,5.362
13681,4.282,4.641,11.32,3.313,,,,,,,,,,,,,1.846
13682,4.282,4.641,11.32,3.313,,,,,,,,,,,,,1.492
13683,4.282,4.641,11.32,3.313,,,,,,,,,,,,,1.633
13684,4.282,4.641,11.32,3.313,,,,,,,,,,,,,1.467
13685,4.282,4.641,11.32,3.313,,,,,,,,,,,,,7.184
13686,4.282,4.641,11.32,3.313,,,,,,,,,,,,,8.22
13691,4.282,4.641,11.32,3.313,,,,,,,,,,,,,5.317
13692,4.282,4.641,11.32,3.313,,,,,,,,,,,,,6.335
13693,4.282,4.641,11.32,3.313,,,,,,,,,,,,,7.528
13694,4.282,4.641,11.32,3.313,,,,,,,,,,,,,6.481
13695,4.282,4.641,11.32,3.313,,,,,,,,,,,,,7.437
13696,4.282,4.641,11.32,3.313,,,,,,,,,,,,,7.681
13697,4.282,4.641,11.32,3.313,,,,,,,,,,,,,6.963
13698,4.282,4.641,11.32,3.313,,,,,,,,,,,,,6.81
13699,4.282,4.641,11.32,3.313,,,,,,,,,,,,,7.367
13700,4.282,4.641,11.32,3.313,,,,,,,,,,,,,6.764
13701,4.282,4.641,11.32,3.313,,,,,,,,,,,,,8.079
13702,4.282,4.641,11.32,3.313,,,,,,,,,,,,,6.275
13703,4.282,4.641,11.32,3.313,,,,,,,,,,,,,7.72
13704,4.282,4.641,11.32,3.313,,,,,,,,,,,,,6.75
13705,4.282,4.641,11.32,3.313,,,,,,,,,,,,,6.803
13706,4.282,4.641,11.32,3.313,,,,,,,,,,,,,7.149
13707,4.282,4.641,11.32,3.313,,,,,,,,,,,,,7.193
13708,4.282,4.641,11.32,3.313,,,,,,,,,,,,,33.197
13709,4.282,4.641,11.32,3.313,,,,,,,,,,,,,2.181
13710,4.282,4.641,11.32,3.313,,,,,,,,,,,,,1.339
13711,4.282,4.641,11.32,3.313,,,,,,,,,,,,,1.139
13712,4.282,4.641,11.32,3.313,,,,,,,,,,,,,1.462
13713,4.282,4.641,11.32,3.313,,,,,,,,,,,,,1.627
13714,4.282,4.641,11.32,3.313,,,,,,,,,,,,,3.579
13715,4.282,4.641,11.32,3.313,,,,,,,,,,,,,7.389
13716,4.282,4.641,11.32,3.313,,,,,,,,,,,,,7.018
13717,4.282,4.641,11.32,3.313,,,,,,,,,,,,,6.944
13718,4.282,4.641,11.32,3.313,,,,,,,,,,,,,7.004
13719,4.282,4.641,11.32,3.313,,,,,,,,,,,,,6.94
13720,4.282,4.641,11.32,3.313,,,,,,,,,,,,,8.245
13721,4.282,4.641,11.32,3.313,,,,,,,,,,,,,6.798
13722,4.282,4.641,11.32,3.313,,,,,,,,,,,,,7.154
13723,4.282,4.641,11.32,3.313,,,,,,,,,,,,,7
13724,4.282,4.641,11.32,3.313,,,,,,,,,,,,,7.439
13725,4.282,4.641,11.32,3.313,,,,,,,,,,,,,6.825
13729,4.282,4.641,11.32,3.313,,,,,,,,,,,,,7.024
13730,4.282,4.641,11.32,3.313,,,,,,,,,,,,,7.089
13731,4.282,4.641,11.32,3.313,,,,,,,,,,,,,7.626
13732,4.282,4.641,11.32,3.313,,,,,,,,,,,,,7.443
13733,4.282,4.641,11.32,3.313,,,,,,,,,,,,,7.119
13734,4.282,4.641,11.32,3.313,,,,,,,,,,,,,8.256
13735,4.282,4.641,11.32,3.313,,,,,,,,,,,,,5.138
13736,4.282,4.641,11.32,3.313,,,,,,,,,,,,,6.634
13737,4.282,4.641,11.32,3.313,,,,,,,,,,,,,6.887
13738,4.282,4.641,11.32,3.313,,,,,,,,,,,,,7.185
13739,4.282,4.641,11.32,3.313,,,,,,,,,,,,,7.198
13740,4.282,4.641,11.32,3.313,,,,,,,,,,,,,7.38
13741,4.282,4.641,11.32,3.313,,,,,,,,,,,,,7.609
13742,4.282,4.641,11.32,3.313,,,,,,,,,,,,,6.676
13743,4.282,4.641,11.32,3.313,,,,,,,,,,,,,8.628
13744,4.282,4.641,11.32,3.313,,,,,,,,,,,,,6.163
13745,4.282,4.641,11.32,3.313,,,,,,,,,,,,,6.721
13746,4.282,4.641,11.32,3.313,,,,,,,,,,,,,7.613
13747,4.282,4.641,11.32,3.313,,,,,,,,,,,,,8.277
13748,4.282,4.641,11.32,3.313,,,,,,,,,,,,,5.428
13749,4.282,4.641,11.32,3.313,,,,,,,,,,,,,7.369
13750,4.282,4.641,11.32,3.313,,,,,,,,,,,,,10.898
13751,4.282,4.641,11.32,3.313,,,,,,,,,,,,,4.49
13752,4.282,4.641,11.32,3.313,,,,,,,,,,,,,6.159
13753,4.282,4.641,11.32,3.313,,,,,,,,,,,,,7.278
13754,4.282,4.641,11.32,3.313,,,,,,,,,,,,,6.565
13755,4.282,4.641,11.32,3.313,,,,,,,,,,,,,7.382
13756,4.282,4.641,11.32,3.313,,,,,,,,,,,,,6.41
13757,4.282,4.641,11.32,3.313,,,,,,,,,,,,,7.573
13758,4.282,4.641,11.32,3.313,,,,,,,,,,,,,6.544
13759,4.282,4.641,11.32,3.313,,,,,,,,,,,,,7.437
13760,4.282,4.641,11.32,3.313,,,,,,,,,,,,,6.918
13761,4.282,4.641,11.32,3.313,,,,,,,,,,,,,10.08
13762,4.282,4.641,11.32,3.313,,,,,,,,,,,,,5.432
13763,4.282,4.641,11.32,3.313,,,,,,,,,,,,,6.151
13764,4.282,4.641,11.32,3.313,,,,,,,,,,,,,7.131
13765,4.282,4.641,11.32,3.313,,,,,,,,,,,,,6.571
13766,4.282,4.641,11.32,3.313,,,,,,,,,,,,,7.123
13767,4.282,4.641,11.32,3.313,,,,,,,,,,,,,9.896
13768,4.282,4.641,11.32,3.313,,,,,,,,,,,,,4.302
13769,4.282,4.641,11.32,3.313,,,,,,,,,,,,,7.203
13770,4.282,4.641,11.32,3.313,,,,,,,,,,,,,6.131
13771,4.282,4.641,11.32,3.313,,,,,,,,,,,,,7.679
13772,4.282,4.641,11.32,3.313,,,,,,,,,,,,,8.144
13773,4.282,4.641,11.32,3.313,,,,,,,,,,,,,6.407
13774,4.282,4.641,11.32,3.313,,,,,,,,,,,,,6.861
13775,4.282,4.641,11.32,3.313,,,,,,,,,,,,,7.038
13776,4.282,4.641,11.32,3.313,,,,,,,,,,,,,9.669
13777,4.282,4.641,11.32,3.313,,,,,,,,,,,,,5.783
13778,4.282,4.641,11.32,3.313,,,,,,,,,,,,,8.602
13779,4.282,4.641,11.32,3.313,,,,,,,,,,,,,4.771
13780,4.282,4.641,11.32,3.313,,,,,,,,,,,,,7.33
13781,4.282,4.641,11.32,3.313,,,,,,,,,,,,,7.227
13782,4.282,4.641,11.32,3.313,,,,,,,,,,,,,6.834
13783,4.282,4.641,11.32,3.313,,,,,,,,,,,,,7.366
13784,4.282,4.641,11.32,3.313,,,,,,,,,,,,,8.358
13785,4.282,4.641,11.32,3.313,,,,,,,,,,,,,5.796
13786,4.282,4.641,11.32,3.313,,,,,,,,,,,,,7.426
13787,4.282,4.641,11.32,3.313,,,,,,,,,,,,,6.838
13788,4.282,4.641,11.32,3.313,,,,,,,,,,,,,8.409
13789,4.282,4.641,11.32,3.313,,,,,,,,,,,,,5.639
13794,4.282,4.641,11.32,3.313,,,,,,,,,,,,,6.98
13795,4.282,4.641,11.32,3.313,,,,,,,,,,,,,7.654
13796,4.282,4.641,11.32,3.313,,,,,,,,,,,,,9.302
13797,4.282,4.641,11.32,3.313,,,,,,,,,,,,,4.854
13798,4.282,4.641,11.32,3.313,,,,,,,,,,,,,8.212
13799,4.282,4.641,11.32,3.313,,,,,,,,,,,,,6.113
13800,4.282,4.641,11.32,3.313,,,,,,,,,,,,,7.19
13801,4.282,4.641,11.32,3.313,,,,,,,,,,,,,7.285
13802,4.282,4.641,11.32,3.313,,,,,,,,,,,,,7.215
13803,4.282,4.641,11.32,3.313,,,,,,,,,,,,,7.231
13804,4.282,4.641,11.32,3.313,,,,,,,,,,,,,22.564
13805,4.282,4.641,11.32,3.313,,,,,,,,,,,,,17.942
13806,4.282,4.641,11.32,3.313,,,,,,,,,,,,,2.463
13807,4.282,4.641,11.32,3.313,,,,,,,,,,,,,2.443
13808,4.282,4.641,11.32,3.313,,,,,,,,,,,,,1.856
13809,4.282,4.641,11.32,3.313,,,,,,,,,,,,,1.659
13810,4.282,4.641,11.32,3.313,,,,,,,,,,,,,21.275
13811,4.282,4.641,11.32,3.313,,,,,,,,,,,,,4.523
13812,4.282,4.641,11.32,3.313,,,,,,,,,,,,,1.889
13813,4.282,4.641,11.32,3.313,,,,,,,,,,,,,1.997
13814,4.282,4.641,11.32,3.313,,,,,,,,,,,,,2.084
13815,4.282,4.641,11.32,3.313,,,,,,,,,,,,,1.573
13816,4.282,4.641,11.32,3.313,,,,,,,,,,,,,1.773
13817,4.282,4.64,11.32,3.313,,,,,,,,,,,,,6.593
13818,4.282,4.64,11.32,3.313,,,,,,,,,,,,,7.89
13819,4.282,4.64,11.32,3.313,,,,,,,,,,,,,6.209
13820,4.282,4.64,11.32,3.313,,,,,,,,,,,,,7.657
13821,4.282,4.641,11.32,3.313,,,,,,,,,,,,,9.024
13822,4.282,4.641,11.32,3.313,,,,,,,,,,,,,8.321
13823,4.282,4.641,11.32,3.313,,,,,,,,,,,,,4.479
13824,4.282,4.641,11.32,3.313,,,,,,,,,,,,,6.125
13825,4.282,4.641,11.32,3.313,,,,,,,,,,,,,6.805
13826,4.282,4.641,11.32,3.313,,,,,,,,,,,,,7.767
13827,4.282,4.641,11.32,3.313,,,,,,,,,,,,,7.534
13828,4.282,4.641,11.32,3.313,,,,,,,,,,,,,6.812
13829,4.282,4.641,11.32,3.313,,,,,,,,,,,,,7.438
13830,4.282,4.641,11.32,3.313,,,,,,,,,,,,,7.171
13831,4.282,4.641,11.32,3.313,,,,,,,,,,,,,7.199
13832,4.282,4.641,11.32,3.313,,,,,,,,,,,,,7.909
13833,4.282,4.641,11.32,3.313,,,,,,,,,,,,,8.844
13834,4.282,4.641,11.32,3.313,,,,,,,,,,,,,4.429
13835,4.282,4.641,11.32,3.313,,,,,,,,,,,,,7.48
13836,4.282,4.641,11.32,3.313,,,,,,,,,,,,,10.218
13837,4.282,4.641,11.32,3.313,,,,,,,,,,,,,4.538
13838,4.282,4.641,11.32,3.313,,,,,,,,,,,,,5.862
13839,4.282,4.641,11.32,3.313,,,,,,,,,,,,,7.327
13840,4.282,4.641,11.32,3.313,,,,,,,,,,,,,6.77
13841,4.282,4.641,11.32,3.313,,,,,,,,,,,,,7.908
13842,4.282,4.641,11.32,3.313,,,,,,,,,,,,,6.68
13843,4.282,4.641,11.32,3.313,,,,,,,,,,,,,7.598
13844,4.282,4.641,11.32,3.313,,,,,,,,,,,,,6.713
13845,4.282,4.641,11.32,3.313,,,,,,,,,,,,,7.52
13846,4.282,4.641,11.32,3.313,,,,,,,,,,,,,7.359
13847,4.282,4.641,11.32,3.313,,,,,,,,,,,,,6.729
13848,4.282,4.641,11.32,3.313,,,,,,,,,,,,,7.16
13849,4.282,4.641,11.32,3.313,,,,,,,,,,,,,7.669
13850,4.282,4.641,11.32,3.313,,,,,,,,,,,,,6.823
13851,4.282,4.641,11.32,3.313,,,,,,,,,,,,,9.85
13856,4.282,4.641,11.32,3.313,,,,,,,,,,,,,7.201
13857,4.282,4.641,11.32,3.313,,,,,,,,,,,,,7.405
13858,4.282,4.641,11.32,3.313,,,,,,,,,,,,,6.923
13859,4.282,4.641,11.32,3.313,,,,,,,,,,,,,7.657
13860,4.282,4.641,11.32,3.313,,,,,,,,,,,,,6.695
13861,4.282,4.641,11.32,3.313,,,,,,,,,,,,,7.741
13862,4.282,4.641,11.32,3.313,,,,,,,,,,,,,6.45
13867,4.282,4.641,11.32,3.313,,,,,,,,,,,,,4.515
13868,4.282,4.641,11.32,3.313,,,,,,,,,,,,,6.054
13869,4.282,4.641,11.32,3.313,,,,,,,,,,,,,6.835
13870,4.282,4.641,11.32,3.313,,,,,,,,,,,,,7.299
13875,4.282,4.641,11.32,3.313,,,,,,,,,,,,,9.751
13876,4.282,4.641,11.32,3.313,,,,,,,,,,,,,4.397
13877,4.282,4.641,11.32,3.313,,,,,,,,,,,,,7.43
13878,4.282,4.641,11.32,3.313,,,,,,,,,,,,,7.158
13879,4.282,4.641,11.32,3.313,,,,,,,,,,,,,7.348
13880,4.282,4.641,11.32,3.313,,,,,,,,,,,,,6.733
13881,4.282,4.641,11.32,3.313,,,,,,,,,,,,,8.982
13886,4.282,4.641,11.32,3.313,,,,,,,,,,,,,7.198
13887,4.282,4.641,11.32,3.313,,,,,,,,,,,,,7.241
13888,4.282,4.641,11.32,3.313,,,,,,,,,,,,,7.088
13889,4.282,4.641,11.32,3.313,,,,,,,,,,,,,7.699
13890,4.282,4.641,11.32,3.313,,,,,,,,,,,,,30.674
13891,4.282,4.641,11.32,3.313,,,,,,,,,,,,,2.119
13892,4.282,4.641,11.32,3.313,,,,,,,,,,,,,1.523
13893,4.282,4.641,11.32,3.313,,,,,,,,,,,,,1.443
13894,4.282,4.641,11.32,3.313,,,,,,,,,,,,,1.389
13895,4.282,4.641,11.32,3.313,,,,,,,,,,,,,2.593
13896,4.282,4.641,11.32,3.313,,,,,,,,,,,,,5.281
13897,4.282,4.641,11.32,3.313,,,,,,,,,,,,,5.77
13898,4.282,4.641,11.32,3.313,,,,,,,,,,,,,7.138
13899,4.282,4.641,11.32,3.313,,,,,,,,,,,,,7.125
13900,4.282,4.641,11.32,3.313,,,,,,,,,,,,,7.161
13901,4.282,4.641,11.32,3.313,,,,,,,,,,,,,6.931
13902,4.282,4.641,11.32,3.313,,,,,,,,,,,,,8.177
13903,4.282,4.641,11.32,3.313,,,,,,,,,,,,,5.881
13904,4.282,4.641,11.32,3.313,,,,,,,,,,,,,7.554
13905,4.282,4.641,11.32,3.313,,,,,,,,,,,,,6.768
13906,4.282,4.641,11.32,3.313,,,,,,,,,,,,,7.252
13907,4.282,4.641,11.32,3.313,,,,,,,,,,,,,7.082
13908,4.282,4.641,11.32,3.313,,,,,,,,,,,,,7.196
13909,4.282,4.641,11.32,3.313,,,,,,,,,,,,,7.982
13910,4.282,4.641,11.32,3.313,,,,,,,,,,,,,6.358
13911,4.282,4.641,11.32,3.313,,,,,,,,,,,,,8.716
13912,4.282,4.641,11.32,3.313,,,,,,,,,,,,,5.614
13913,4.282,4.641,11.32,3.313,,,,,,,,,,,,,8.817
13914,4.282,4.641,11.32,3.313,,,,,,,,,,,,,7.273
13915,4.282,4.641,11.32,3.313,,,,,,,,,,,,,7.424
13916,4.282,4.641,11.32,3.313,,,,,,,,,,,,,9.519
13917,4.282,4.641,11.32,3.313,,,,,,,,,,,,,4.75
13918,4.282,4.641,11.32,3.313,,,,,,,,,,,,,7.49
13919,4.282,4.641,11.32,3.313,,,,,,,,,,,,,7.746
13920,4.282,4.641,11.32,3.313,,,,,,,,,,,,,6.209
13921,4.282,4.641,11.32,3.313,,,,,,,,,,,,,6.778
13922,4.282,4.641,11.32,3.313,,,,,,,,,,,,,7.576
13923,4.282,4.641,11.32,3.313,,,,,,,,,,,,,6.848
13924,4.282,4.641,11.32,3.313,,,,,,,,,,,,,13.062
13925,4.282,4.641,11.32,3.313,,,,,,,,,,,,,4.26
13926,4.282,4.641,11.32,3.313,,,,,,,,,,,,,4.25
13927,4.282,4.641,11.32,3.313,,,,,,,,,,,,,7.026
13932,4.282,4.641,11.32,3.313,,,,,,,,,,,,,7.146
13933,4.282,4.641,11.32,3.313,,,,,,,,,,,,,7.177
13934,4.282,4.641,11.32,3.313,,,,,,,,,,,,,7.35
13935,4.282,4.641,11.32,3.313,,,,,,,,,,,,,8.522
13936,4.282,4.641,11.32,3.313,,,,,,,,,,,,,5.435
13937,4.282,4.641,11.32,3.313,,,,,,,,,,,,,7.187
13938,4.282,4.641,11.32,3.313,,,,,,,,,,,,,7.248
13939,4.282,4.641,11.32,3.313,,,,,,,,,,,,,10.376
13943,4.282,4.641,11.32,3.313,,,,,,,,,,,,,7.085
13944,4.282,4.641,11.32,3.313,,,,,,,,,,,,,7.326
13945,4.282,4.641,11.32,3.313,,,,,,,,,,,,,7.777
13946,4.282,4.641,11.32,3.313,,,,,,,,,,,,,6.255
13947,4.282,4.641,11.32,3.313,,,,,,,,,,,,,7.056
13948,4.282,4.641,11.32,3.313,,,,,,,,,,,,,7.28
13949,4.282,4.641,11.32,3.313,,,,,,,,,,,,,7.174
13950,4.282,4.641,11.32,3.313,,,,,,,,,,,,,11.54
13951,4.282,4.641,11.32,3.313,,,,,,,,,,,,,6.85
13952,4.282,4.641,11.32,3.313,,,,,,,,,,,,,7.206
13953,4.282,4.641,11.32,3.313,,,,,,,,,,,,,7.156
13954,4.282,4.641,11.32,3.313,,,,,,,,,,,,,8.679
13955,4.282,4.641,11.32,3.313,,,,,,,,,,,,,5.796
13956,4.282,4.641,11.32,3.313,,,,,,,,,,,,,6.785
13957,4.282,4.641,11.32,3.313,,,,,,,,,,,,,9.174
13958,4.282,4.641,11.32,3.313,,,,,,,,,,,,,5.158
13959,4.282,4.641,11.32,3.313,,,,,,,,,,,,,7.099
13960,4.282,4.641,11.32,3.313,,,,,,,,,,,,,7.633
13961,4.282,4.641,11.32,3.313,,,,,,,,,,,,,6.762
13962,4.282,4.641,11.32,3.313,,,,,,,,,,,,,7.645
13963,4.282,4.641,11.32,3.313,,,,,,,,,,,,,6.713
13964,4.282,4.641,11.32,3.313,,,,,,,,,,,,,7.683
13965,4.282,4.641,11.32,3.313,,,,,,,,,,,,,6.919
13966,4.282,4.641,11.32,3.313,,,,,,,,,,,,,6.678
13967,4.282,4.641,11.32,3.313,,,,,,,,,,,,,7.418
13968,4.282,4.641,11.32,3.313,,,,,,,,,,,,,7.236
13973,4.282,4.641,11.32,3.313,,,,,,,,,,,,,7.3
13974,4.282,4.641,11.32,3.313,,,,,,,,,,,,,7.586
13975,4.282,4.641,11.32,3.313,,,,,,,,,,,,,6.674
13976,4.282,4.641,11.32,3.313,,,,,,,,,,,,,7.553
13977,4.282,4.641,11.32,3.313,,,,,,,,,,,,,6.782
13978,4.282,4.641,11.32,3.313,,,,,,,,,,,,,7.205
13979,4.282,4.641,11.32,3.313,,,,,,,,,,,,,7.164
13980,4.282,4.641,11.32,3.313,,,,,,,,,,,,,35.112
13981,4.282,4.641,11.32,3.313,,,,,,,,,,,,,2.38
13982,4.282,4.641,11.32,3.313,,,,,,,,,,,,,1.771
13983,4.282,4.641,11.32,3.313,,,,,,,,,,,,,1.478
13984,4.282,4.641,11.32,3.313,,,,,,,,,,,,,1.907
13985,4.282,4.641,11.32,3.313,,,,,,,,,,,,,1.401
13986,4.282,4.641,11.32,3.313,,,,,,,,,,,,,1.404
13987,4.282,4.641,11.32,3.313,,,,,,,,,,,,,6.426
13988,4.282,4.641,11.32,3.313,,,,,,,,,,,,,6.862
13989,4.282,4.641,11.32,3.313,,,,,,,,,,,,,7.102
13990,4.282,4.641,11.32,3.313,,,,,,,,,,,,,7.403
13991,4.282,4.641,11.32,3.313,,,,,,,,,,,,,7.405
13992,4.282,4.641,11.32,3.313,,,,,,,,,,,,,6.634
13993,4.282,4.641,11.32,3.313,,,,,,,,,,,,,11.663
13994,4.282,4.641,11.32,3.313,,,,,,,,,,,,,4.75
13995,4.282,4.641,11.32,3.313,,,,,,,,,,,,,4.651
13996,4.282,4.641,11.32,3.313,,,,,,,,,,,,,7.394
14000,4.282,4.641,11.32,3.313,,,,,,,,,,,,,6.941
14001,4.282,4.641,11.32,3.313,,,,,,,,,,,,,7.258
14002,4.282,4.641,11.32,3.313,,,,,,,,,,,,,7.396
14003,4.282,4.641,11.32,3.313,,,,,,,,,,,,,6.945
14004,4.282,4.641,11.32,3.313,,,,,,,,,,,,,7.672
14005,4.282,4.641,11.32,3.313,,,,,,,,,,,,,8.475
14006,4.282,4.641,11.32,3.313,,,,,,,,,,,,,5.329
14007,4.282,4.641,11.32,3.313,,,,,,,,,,,,,7.148
14008,4.282,4.641,11.32,3.313,,,,,,,,,,,,,7.266
14009,4.282,4.641,11.32,3.313,,,,,,,,,,,,,6.98
14010,4.282,4.641,11.32,3.313,,,,,,,,,,,,,7.82
14011,4.282,4.641,11.32,3.313,,,,,,,,,,,,,6.699
14019,4.282,4.641,11.32,3.313,,,,,,,,,,,,,7.42
14020,4.282,4.641,11.32,3.313,,,,,,,,,,,,,6.866
14021,4.282,4.641,11.32,3.313,,,,,,,,,,,,,7.185
14022,4.282,4.641,11.32,3.313,,,,,,,,,,,,,6.177
14023,4.282,4.641,11.32,3.313,,,,,,,,,,,,,8.648
14024,4.282,4.641,11.32,3.313,,,,,,,,,,,,,6.648
14025,4.282,4.641,11.32,3.313,,,,,,,,,,,,,7.558
14026,4.282,4.641,11.32,3.313,,,,,,,,,,,,,6.471
14027,4.282,4.641,11.32,3.313,,,,,,,,,,,,,7.23
14028,4.282,4.641,11.32,3.313,,,,,,,,,,,,,8.699
14029,4.282,4.641,11.32,3.313,,,,,,,,,,,,,5.893
14030,4.282,4.641,11.32,3.313,,,,,,,,,,,,,7.415
14031,4.282,4.641,11.32,3.313,,,,,,,,,,,,,8.484
14032,4.282,4.641,11.32,3.313,,,,,,,,,,,,,5.951
14033,4.282,4.641,11.32,3.313,,,,,,,,,,,,,7.604
14034,4.282,4.641,11.32,3.313,,,,,,,,,,,,,6.332
14035,4.282,4.641,11.32,3.313,,,,,,,,,,,,,7.493
14036,4.282,4.641,11.32,3.313,,,,,,,,,,,,,7.311
14037,4.282,4.641,11.32,3.313,,,,,,,,,,,,,7.303
14038,4.282,4.641,11.32,3.313,,,,,,,,,,,,,7.049
14039,4.282,4.641,11.32,3.313,,,,,,,,,,,,,6.726
14040,4.282,4.641,11.32,3.313,,,,,,,,,,,,,7.21
14041,4.282,4.641,11.32,3.313,,,,,,,,,,,,,7.208
14042,4.282,4.641,11.32,3.313,,,,,,,,,,,,,7.394
14043,4.282,4.641,11.32,3.313,,,,,,,,,,,,,7.42
14044,4.282,4.641,11.32,3.313,,,,,,,,,,,,,6.882
14045,4.282,4.641,11.32,3.313,,,,,,,,,,,,,7.751
14046,4.282,4.641,11.32,3.313,,,,,,,,,,,,,6.642
14047,4.282,4.641,11.32,3.313,,,,,,,,,,,,,7.418
14048,4.282,4.641,11.32,3.313,,,,,,,,,,,,,7.217
14057,4.282,4.641,11.32,3.313,,,,,,,,,,,,,5.605
14058,4.282,4.641,11.32,3.313,,,,,,,,,,,,,10.27
14059,4.282,4.641,11.32,3.313,,,,,,,,,,,,,4.671
14060,4.282,4.641,11.32,3.313,,,,,,,,,,,,,6.712
14061,4.282,4.641,11.32,3.313,,,,,,,,,,,,,6.422
14062,4.282,4.641,11.32,3.313,,,,,,,,,,,,,7.311
14063,4.282,4.641,11.32,3.313,,,,,,,,,,,,,7.005
14064,4.282,4.641,11.32,3.313,,,,,,,,,,,,,9.091
14065,4.282,4.641,11.32,3.313,,,,,,,,,,,,,5.156
14066,4.282,4.641,11.32,3.313,,,,,,,,,,,,,7.104
14067,4.282,4.641,11.32,3.313,,,,,,,,,,,,,7.752
14068,4.282,4.641,11.32,3.313,,,,,,,,,,,,,6.507
14069,4.282,4.641,11.32,3.313,,,,,,,,,,,,,7.549
14070,4.282,4.641,11.32,3.313,,,,,,,,,,,,,6.879
14071,4.282,4.641,11.32,3.313,,,,,,,,,,,,,9.08
14072,4.282,4.641,11.32,3.313,,,,,,,,,,,,,8.196
14073,4.282,4.641,11.32,3.313,,,,,,,,,,,,,12.226
14074,4.282,4.641,11.32,3.313,,,,,,,,,,,,,4.599
14075,4.282,4.641,11.32,3.313,,,,,,,,,,,,,3.225
14076,4.282,4.641,11.32,3.313,,,,,,,,,,,,,7.138
14077,4.282,4.641,11.32,3.313,,,,,,,,,,,,,6.678
14078,4.282,4.641,11.32,3.313,,,,,,,,,,,,,6.429
14079,4.282,4.641,11.32,3.313,,,,,,,,,,,,,7.168
14080,4.282,4.641,11.32,3.313,,,,,,,,,,,,,7.556
14081,4.282,4.641,11.32,3.313,,,,,,,,,,,,,6.802
14082,4.282,4.641,11.32,3.313,,,,,,,,,,,,,7.161
14083,4.282,4.641,11.32,3.313,,,,,,,,,,,,,33.206
14084,4.282,4.641,11.32,3.313,,,,,,,,,,,,,4.694
14085,4.282,4.641,11.32,3.313,,,,,,,,,,,,,1.77
14086,4.282,4.641,11.32,3.313,,,,,,,,,,,,,1.374
14087,4.282,4.641,11.32,3.313,,,,,,,,,,,,,2.292
14088,4.282,4.641,11.32,3.313,,,,,,,,,,,,,1.487
14089,4.282,4.641,11.32,3.313,,,,,,,,,,,,,1.374
14090,4.282,4.641,11.32,3.313,,,,,,,,,,,,,5.496
14091,4.282,4.641,11.32,3.313,,,,,,,,,,,,,7.227
14092,4.282,4.641,11.32,3.313,,,,,,,,,,,,,8.452
14093,4.282,4.641,11.32,3.313,,,,,,,,,,,,,6.125
14094,4.282,4.641,11.32,3.313,,,,,,,,,,,,,7.707
14095,4.282,4.641,11.32,3.313,,,,,,,,,,,,,6.847
14096,4.282,4.641,11.32,3.313,,,,,,,,,,,,,7.199
14097,4.282,4.641,11.32,3.313,,,,,,,,,,,,,7.729
14098,4.282,4.641,11.32,3.313,,,,,,,,,,,,,6.066
14099,4.282,4.641,11.32,3.313,,,,,,,,,,,,,7.198
14100,4.282,4.641,11.32,3.313,,,,,,,,,,,,,7.338
14101,4.282,4.641,11.32,3.313,,,,,,,,,,,,,8.143
14102,4.282,4.641,11.32,3.313,,,,,,,,,,,,,6.291
14103,4.282,4.641,11.32,3.313,,,,,,,,,,,,,6.954
14104,4.282,4.641,11.32,3.313,,,,,,,,,,,,,9.203
14105,4.282,4.641,11.32,3.313,,,,,,,,,,,,,4.968
14106,4.282,4.641,11.32,3.313,,,,,,,,,,,,,8.078
14107,4.282,4.641,11.32,3.313,,,,,,,,,,,,,6.688
14108,4.282,4.641,11.32,3.313,,,,,,,,,,,,,7.423
14109,4.282,4.641,11.32,3.313,,,,,,,,,,,,,7.365
14110,4.282,4.641,11.32,3.313,,,,,,,,,,,,,7.166
14111,4.282,4.641,11.32,3.313,,,,,,,,,,,,,6.656
14112,4.282,4.641,11.32,3.313,,,,,,,,,,,,,8.063
14113,4.282,4.641,11.32,3.313,,,,,,,,,,,,,6.211
14114,4.282,4.641,11.32,3.313,,,,,,,,,,,,,7.724
14115,4.282,4.641,11.32,3.313,,,,,,,,,,,,,6.849
14116,4.282,4.641,11.32,3.313,,,,,,,,,,,,,7.383
14117,4.282,4.641,11.32,3.313,,,,,,,,,,,,,6.748
14118,4.282,4.641,11.32,3.313,,,,,,,,,,,,,10.851
14119,4.282,4.641,11.32,3.313,,,,,,,,,,,,,4.208
14120,4.282,4.641,11.32,3.313,,,,,,,,,,,,,7.098
14121,4.282,4.641,11.32,3.313,,,,,,,,,,,,,6.314
14122,4.282,4.641,11.32,3.313,,,,,,,,,,,,,7.214
14123,4.282,4.641,11.32,3.313,,,,,,,,,,,,,8.969
14124,4.282,4.641,11.32,3.313,,,,,,,,,,,,,5.23
14125,4.282,4.641,11.32,3.313,,,,,,,,,,,,,7.495
14126,4.282,4.641,11.32,3.313,,,,,,,,,,,,,6.831
14127,4.282,4.641,11.32,3.313,,,,,,,,,,,,,9.52
14128,4.282,4.641,11.32,3.313,,,,,,,,,,,,,5.559
14129,4.282,4.641,11.32,3.313,,,,,,,,,,,,,6.82
14130,4.282,4.641,11.32,3.313,,,,,,,,,,,,,6.857
14131,4.282,4.641,11.32,3.313,,,,,,,,,,,,,7.857
14132,4.282,4.641,11.32,3.313,,,,,,,,,,,,,6.906
14137,4.282,4.641,11.32,3.313,,,,,,,,,,,,,7.988
14138,4.282,4.641,11.32,3.313,,,,,,,,,,,,,6.304
14139,4.282,4.641,11.32,3.313,,,,,,,,,,,,,7.206
14140,4.282,4.641,11.32,3.313,,,,,,,,,,,,,6.936
14141,4.282,4.641,11.32,3.313,,,,,,,,,,,,,7.446
14142,4.282,4.641,11.32,3.313,,,,,,,,,,,,,7.47
14143,4.282,4.641,11.32,3.313,,,,,,,,,,,,,15.007
14144,4.282,4.641,11.32,3.313,,,,,,,,,,,,,2.587
14145,4.282,4.641,11.32,3.313,,,,,,,,,,,,,3.051
14146,4.282,4.641,11.32,3.313,,,,,,,,,,,,,7.242
14147,4.282,4.641,11.32,3.313,,,,,,,,,,,,,7.14
14148,4.282,4.641,11.32,3.313,,,,,,,,,,,,,11.018
14149,4.282,4.641,11.32,3.313,,,,,,,,,,,,,4.267
14150,4.282,4.641,11.32,3.313,,,,,,,,,,,,,5.417
14151,4.282,4.641,11.32,3.313,,,,,,,,,,,,,7.666
14152,4.282,4.641,11.32,3.313,,,,,,,,,,,,,6.636
14153,4.282,4.641,11.32,3.313,,,,,,,,,,,,,7.477
14154,4.282,4.641,11.32,3.313,,,,,,,,,,,,,6.877
14155,4.282,4.641,11.32,3.313,,,,,,,,,,,,,7.269
14156,4.282,4.641,11.32,3.313,,,,,,,,,,,,,5.199
14157,4.282,4.641,11.32,3.313,,,,,,,,,,,,,7.891
14158,4.282,4.641,11.32,3.313,,,,,,,,,,,,,6.049
14159,4.282,4.641,11.32,3.313,,,,,,,,,,,,,9.176
14164,4.282,4.641,11.32,3.313,,,,,,,,,,,,,8.389
14165,4.282,4.641,11.32,3.313,,,,,,,,,,,,,5.754
14166,4.282,4.641,11.32,3.313,,,,,,,,,,,,,7.128
14167,4.282,4.641,11.32,3.313,,,,,,,,,,,,,7.171
14168,4.282,4.641,11.32,3.313,,,,,,,,,,,,,7.229
14169,4.282,4.641,11.32,3.313,,,,,,,,,,,,,7.1
14170,4.282,4.641,11.32,3.313,,,,,,,,,,,,,6.938
14175,4.282,4.641,11.32,3.313,,,,,,,,,,,,,50.79
14176,4.282,4.641,11.32,3.313,,,,,,,,,,,,,2.206
14177,4.282,4.641,11.32,3.313,,,,,,,,,,,,,1.511
14178,4.282,4.641,11.32,3.313,,,,,,,,,,,,,1.33
14179,4.282,4.641,11.32,3.313,,,,,,,,,,,,,1.537
14180,4.282,4.641,11.32,3.313,,,,,,,,,,,,,1.526
14181,4.282,4.641,11.32,3.313,,,,,,,,,,,,,2.82
14182,4.282,4.641,11.32,3.313,,,,,,,,,,,,,1.989
14183,4.282,4.641,11.32,3.313,,,,,,,,,,,,,1.512
14184,4.282,4.641,11.32,3.313,,,,,,,,,,,,,1.399
14185,4.282,4.641,11.32,3.313,,,,,,,,,,,,,1.88
14186,4.282,4.641,11.32,3.313,,,,,,,,,,,,,5.531
14187,4.282,4.641,11.32,3.313,,,,,,,,,,,,,6.539
14192,4.282,4.641,11.32,3.313,,,,,,,,,,,,,7.588
14193,4.282,4.641,11.32,3.313,,,,,,,,,,,,,6.241
14194,4.282,4.641,11.32,3.313,,,,,,,,,,,,,7.663
14195,4.282,4.641,11.32,3.313,,,,,,,,,,,,,9.819
14196,4.282,4.641,11.32,3.313,,,,,,,,,,,,,5.782
14197,4.282,4.641,11.32,3.313,,,,,,,,,,,,,5.921
14198,4.282,4.641,11.32,3.313,,,,,,,,,,,,,8.794
14199,4.282,4.641,11.32,3.313,,,,,,,,,,,,,6.077
14200,4.282,4.641,11.32,3.313,,,,,,,,,,,,,7.892
14201,4.282,4.641,11.32,3.313,,,,,,,,,,,,,5.963
14202,4.282,4.641,11.32,3.313,,,,,,,,,,,,,9.14
14207,4.282,4.641,11.32,3.313,,,,,,,,,,,,,6.812
14208,4.282,4.641,11.32,3.313,,,,,,,,,,,,,9.178
14209,4.282,4.641,11.32,3.313,,,,,,,,,,,,,5.321
14210,4.282,4.641,11.32,3.313,,,,,,,,,,,,,7.715
14211,4.282,4.641,11.32,3.313,,,,,,,,,,,,,6.375
14212,4.282,4.641,11.32,3.313,,,,,,,,,,,,,7.21
14213,4.282,4.641,11.32,3.313,,,,,,,,,,,,,7.196
14214,4.282,4.641,11.32,3.313,,,,,,,,,,,,,7.146
14215,4.282,4.641,11.32,3.313,,,,,,,,,,,,,5.632
14216,4.282,4.641,11.32,3.313,,,,,,,,,,,,,13.951
14217,4.282,4.641,11.32,3.313,,,,,,,,,,,,,4.617
14222,4.282,4.641,11.32,3.313,,,,,,,,,,,,,6.632
14223,4.282,4.641,11.32,3.313,,,,,,,,,,,,,7.364
14224,4.282,4.641,11.32,3.313,,,,,,,,,,,,,7.824
14225,4.282,4.641,11.32,3.313,,,,,,,,,,,,,8.525
14226,4.282,4.641,11.32,3.313,,,,,,,,,,,,,5.965
14227,4.282,4.641,11.32,3.313,,,,,,,,,,,,,6.236
14228,4.282,4.641,11.32,3.313,,,,,,,,,,,,,6.606
14229,4.282,4.641,11.32,3.313,,,,,,,,,,,,,6.793
14230,4.282,4.641,11.32,3.313,,,,,,,,,,,,,13.688
14231,4.282,4.641,11.32,3.313,,,,,,,,,,,,,4.228
14232,4.282,4.641,11.32,3.313,,,,,,,,,,,,,4.87
14233,4.282,4.641,11.32,3.313,,,,,,,,,,,,,11.343
14234,4.282,4.641,11.32,3.313,,,,,,,,,,,,,7.902
14235,4.282,4.641,11.32,3.313,,,,,,,,,,,,,6.185
14236,4.282,4.641,11.32,3.313,,,,,,,,,,,,,9.47
14237,4.282,4.641,11.32,3.313,,,,,,,,,,,,,5.656
14238,4.282,4.641,11.32,3.313,,,,,,,,,,,,,11.295
14239,4.282,4.641,11.32,3.313,,,,,,,,,,,,,4.625
14244,4.282,4.641,11.32,3.313,,,,,,,,,,,,,7.338
14245,4.282,4.641,11.32,3.313,,,,,,,,,,,,,7.056
14246,4.282,4.641,11.32,3.313,,,,,,,,,,,,,9.207
14247,4.282,4.641,11.32,3.313,,,,,,,,,,,,,10.43
14248,4.282,4.641,11.32,3.313,,,,,,,,,,,,,4.366
14249,4.282,4.641,11.32,3.313,,,,,,,,,,,,,5.139
14250,4.282,4.641,11.32,3.313,,,,,,,,,,,,,6.884
14251,4.282,4.641,11.32,3.313,,,,,,,,,,,,,6.9
14252,4.282,4.641,11.32,3.313,,,,,,,,,,,,,8.631
14253,4.282,4.641,11.32,3.313,,,,,,,,,,,,,5.458
14254,4.282,4.641,11.32,3.313,,,,,,,,,,,,,7.441
14255,4.282,4.641,11.32,3.313,,,,,,,,,,,,,7.224
14256,4.282,4.641,11.32,3.313,,,,,,,,,,,,,8.133
14257,4.282,4.641,11.32,3.313,,,,,,,,,,,,,5.625
14258,4.282,4.641,11.32,3.313,,,,,,,,,,,,,7.765
14259,4.282,4.641,11.32,3.313,,,,,,,,,,,,,6.916
14260,4.282,4.641,11.32,3.313,,,,,,,,,,,,,7.919
14261,4.282,4.641,11.32,3.313,,,,,,,,,,,,,6.081
14262,4.282,4.641,11.32,3.313,,,,,,,,,,,,,7.235
14263,4.282,4.641,11.32,3.313,,,,,,,,,,,,,7.26
14264,4.282,4.641,11.32,3.313,,,,,,,,,,,,,7.107
14265,4.282,4.641,11.32,3.313,,,,,,,,,,,,,7.394
14266,4.282,4.641,11.32,3.313,,,,,,,,,,,,,6.832
14267,4.282,4.641,11.32,3.313,,,,,,,,,,,,,7.501
14268,4.282,4.641,11.32,3.313,,,,,,,,,,,,,6.566
14269,4.282,4.641,11.32,3.313,,,,,,,,,,,,,18.384
14270,4.282,4.641,11.32,3.313,,,,,,,,,,,,,1.964
14271,4.282,4.641,11.32,3.313,,,,,,,,,,,,,2.452
14272,4.282,4.641,11.32,3.313,,,,,,,,,,,,,4.385
14273,4.282,4.641,11.32,3.313,,,,,,,,,,,,,7.869
14274,4.282,4.641,11.32,3.313,,,,,,,,,,,,,11.456
14275,4.282,4.641,11.32,3.313,,,,,,,,,,,,,25.876
14276,4.282,4.641,11.32,3.313,,,,,,,,,,,,,2.181
14277,4.282,4.641,11.32,3.313,,,,,,,,,,,,,1.388
14278,4.282,4.641,11.32,3.313,,,,,,,,,,,,,1.324
14279,4.282,4.641,11.32,3.313,,,,,,,,,,,,,1.421
14280,4.282,4.641,11.32,3.313,,,,,,,,,,,,,2.398
14281,4.282,4.641,11.32,3.313,,,,,,,,,,,,,4.493
14282,4.282,4.641,11.32,3.313,,,,,,,,,,,,,7.448
14283,4.282,4.641,11.32,3.313,,,,,,,,,,,,,6.885
14284,4.282,4.641,11.32,3.313,,,,,,,,,,,,,9.946
14285,4.282,4.641,11.32,3.313,,,,,,,,,,,,,4.362
14286,4.282,4.641,11.32,3.313,,,,,,,,,,,,,6.421
14287,4.282,4.641,11.32,3.313,,,,,,,,,,,,,7.471
14288,4.282,4.641,11.32,3.313,,,,,,,,,,,,,6.906
14289,4.282,4.641,11.32,3.313,,,,,,,,,,,,,7.147
14290,4.282,4.641,11.32,3.313,,,,,,,,,,,,,7.704
14291,4.282,4.641,11.32,3.313,,,,,,,,,,,,,7.436
14292,4.282,4.641,11.32,3.313,,,,,,,,,,,,,6.338
14293,4.282,4.641,11.32,3.313,,,,,,,,,,,,,7.006
14294,4.282,4.641,11.32,3.313,,,,,,,,,,,,,7.153
14295,4.282,4.641,11.32,3.313,,,,,,,,,,,,,8.464
14296,4.282,4.641,11.32,3.313,,,,,,,,,,,,,5.841
14297,4.282,4.641,11.32,3.313,,,,,,,,,,,,,7.194
14298,4.282,4.641,11.32,3.313,,,,,,,,,,,,,7.166
14299,4.282,4.641,11.32,3.313,,,,,,,,,,,,,8.507
14300,4.282,4.641,11.32,3.313,,,,,,,,,,,,,5.563
14301,4.282,4.641,11.32,3.313,,,,,,,,,,,,,7.438
14302,4.282,4.641,11.32,3.313,,,,,,,,,,,,,33.985
14303,4.282,4.641,11.32,3.313,,,,,,,,,,,,,4.802
14304,4.282,4.641,11.32,3.313,,,,,,,,,,,,,2.112
14305,4.282,4.641,11.32,3.313,,,,,,,,,,,,,1.682
14306,4.282,4.641,11.32,3.313,,,,,,,,,,,,,1.493
14307,4.282,4.641,11.32,3.313,,,,,,,,,,,,,1.561
14308,4.282,4.641,11.32,3.313,,,,,,,,,,,,,2.252
14309,4.282,4.641,11.32,3.313,,,,,,,,,,,,,7.296
14310,4.282,4.641,11.32,3.313,,,,,,,,,,,,,7.018
14311,4.282,4.641,11.32,3.313,,,,,,,,,,,,,6.756
14312,4.282,4.641,11.32,3.313,,,,,,,,,,,,,6.163
14313,4.282,4.641,11.32,3.313,,,,,,,,,,,,,7.862
14314,4.282,4.641,11.32,3.313,,,,,,,,,,,,,10.695
14315,4.282,4.641,11.32,3.313,,,,,,,,,,,,,7.517
14316,4.282,4.641,11.32,3.313,,,,,,,,,,,,,4.527
14317,4.282,4.641,11.32,3.313,,,,,,,,,,,,,5.038
14318,4.282,4.641,11.32,3.313,,,,,,,,,,,,,7.991
14319,4.282,4.641,11.32,3.313,,,,,,,,,,,,,6.474
14320,4.282,4.641,11.32,3.313,,,,,,,,,,,,,6.684
14321,4.282,4.641,11.32,3.313,,,,,,,,,,,,,7.105
14322,4.282,4.641,11.32,3.313,,,,,,,,,,,,,7.48
14323,4.282,4.641,11.32,3.313,,,,,,,,,,,,,6.83
14324,4.282,4.641,11.32,3.313,,,,,,,,,,,,,7.222
14325,4.282,4.641,11.32,3.313,,,,,,,,,,,,,7.095
14326,4.282,4.641,11.32,3.313,,,,,,,,,,,,,7.771
14327,4.282,4.641,11.32,3.313,,,,,,,,,,,,,6.352
14328,4.282,4.641,11.32,3.313,,,,,,,,,,,,,6.947
14329,4.282,4.641,11.32,3.313,,,,,,,,,,,,,8.452
14330,4.282,4.641,11.32,3.313,,,,,,,,,,,,,5.612
14331,4.282,4.641,11.32,3.313,,,,,,,,,,,,,16.024
14332,4.282,4.641,11.32,3.313,,,,,,,,,,,,,4.465
14333,4.282,4.641,11.32,3.313,,,,,,,,,,,,,4.347
14334,4.282,4.641,11.32,3.313,,,,,,,,,,,,,5.576
14335,4.282,4.641,11.32,3.313,,,,,,,,,,,,,8.969
14336,4.282,4.641,11.32,3.313,,,,,,,,,,,,,5.409
14337,4.282,4.641,11.32,3.313,,,,,,,,,,,,,5.757
14338,4.282,4.641,11.32,3.313,,,,,,,,,,,,,7.334
14339,4.282,4.641,11.32,3.313,,,,,,,,,,,,,9.35
14340,4.282,4.641,11.32,3.313,,,,,,,,,,,,,5.184
14341,4.282,4.641,11.32,3.313,,,,,,,,,,,,,7.051
14342,4.282,4.641,11.32,3.313,,,,,,,,,,,,,8.175
14343,4.282,4.641,11.32,3.313,,,,,,,,,,,,,6.84
14344,4.282,4.641,11.32,3.313,,,,,,,,,,,,,8.928
14345,4.282,4.641,11.32,3.313,,,,,,,,,,,,,4.665
14346,4.282,4.641,11.32,3.313,,,,,,,,,,,,,6.753
14347,4.282,4.641,11.32,3.313,,,,,,,,,,,,,7.246
14348,4.282,4.641,11.32,3.313,,,,,,,,,,,,,7.071
14349,4.282,4.641,11.32,3.313,,,,,,,,,,,,,7.789
14350,4.282,4.641,11.32,3.313,,,,,,,,,,,,,6.641
14351,4.282,4.641,11.32,3.313,,,,,,,,,,,,,7.16
14352,4.282,4.641,11.32,3.313,,,,,,,,,,,,,7.196
14353,4.282,4.641,11.32,3.313,,,,,,,,,,,,,7.689
14354,4.282,4.641,11.32,3.313,,,,,,,,,,,,,6.972
14355,4.282,4.641,11.32,3.313,,,,,,,,,,,,,6.646
14356,4.282,4.641,11.32,3.313,,,,,,,,,,,,,8.514
14357,4.282,4.641,11.32,3.313,,,,,,,,,,,,,5.826
14358,4.282,4.641,11.32,3.313,,,,,,,,,,,,,6.985
14359,4.282,4.641,11.32,3.313,,,,,,,,,,,,,7.807
14360,4.282,4.641,11.32,3.313,,,,,,,,,,,,,38.475
14361,4.282,4.641,11.32,3.313,,,,,,,,,,,,,2.564
14362,4.282,4.641,11.32,3.313,,,,,,,,,,,,,1.495
14363,4.282,4.641,11.32,3.313,,,,,,,,,,,,,1.405
14364,4.282,4.641,11.32,3.313,,,,,,,,,,,,,1.629
14365,4.282,4.641,11.32,3.313,,,,,,,,,,,,,2.187
14366,4.282,4.641,11.32,3.313,,,,,,,,,,,,,1.884
14367,4.282,4.641,11.32,3.313,,,,,,,,,,,,,1.856
14368,4.282,4.641,11.32,3.313,,,,,,,,,,,,,5.173
14369,4.282,4.641,11.32,3.313,,,,,,,,,,,,,6.304
14370,4.282,4.641,11.32,3.313,,,,,,,,,,,,,9.476
14371,4.282,4.641,11.32,3.313,,,,,,,,,,,,,6.201
14372,4.282,4.641,11.32,3.313,,,,,,,,,,,,,5.588
14373,4.282,4.641,11.32,3.313,,,,,,,,,,,,,7.935
14374,4.282,4.641,11.32,3.313,,,,,,,,,,,,,7.324
14379,4.282,4.641,11.32,3.313,,,,,,,,,,,,,6.435
14380,4.282,4.641,11.32,3.313,,,,,,,,,,,,,7.794
14381,4.282,4.641,11.32,3.313,,,,,,,,,,,,,6.018
14382,4.282,4.641,11.32,3.313,,,,,,,,,,,,,7.76
14383,4.282,4.641,11.32,3.313,,,,,,,,,,,,,7.332
14384,4.282,4.641,11.32,3.313,,,,,,,,,,,,,6.611
14385,4.282,4.641,11.32,3.313,,,,,,,,,,,,,7.716
14386,4.282,4.641,11.32,3.313,,,,,,,,,,,,,6.449
14387,4.282,4.641,11.32,3.313,,,,,,,,,,,,,7.78
14388,4.282,4.641,11.32,3.313,,,,,,,,,,,,,6.228
14389,4.282,4.641,11.32,3.313,,,,,,,,,,,,,7.018
14390,4.282,4.641,11.32,3.313,,,,,,,,,,,,,8.342
14391,4.282,4.641,11.32,3.313,,,,,,,,,,,,,5.539
14392,4.282,4.641,11.32,3.313,,,,,,,,,,,,,7.488
14393,4.282,4.641,11.32,3.313,,,,,,,,,,,,,7.338
14394,4.282,4.641,11.32,3.313,,,,,,,,,,,,,8.056
14395,4.282,4.641,11.32,3.313,,,,,,,,,,,,,5.625
14396,4.282,4.641,11.32,3.313,,,,,,,,,,,,,7.467
14397,4.282,4.641,11.32,3.313,,,,,,,,,,,,,7.652
14398,4.282,4.641,11.32,3.313,,,,,,,,,,,,,6.116
14399,4.282,4.641,11.32,3.313,,,,,,,,,,,,,7.965
14400,4.282,4.641,11.32,3.313,,,,,,,,,,,,,6.784
14401,4.282,4.641,11.32,3.313,,,,,,,,,,,,,6.773
14402,4.282,4.641,11.32,3.313,,,,,,,,,,,,,7.323
14403,4.282,4.641,11.32,3.313,,,,,,,,,,,,,7.205
14404,4.282,4.641,11.32,3.313,,,,,,,,,,,,,6.479
14405,4.282,4.641,11.32,3.313,,,,,,,,,,,,,33.55
14406,4.282,4.641,11.32,3.313,,,,,,,,,,,,,2.142
14407,4.282,4.641,11.32,3.313,,,,,,,,,,,,,2.343
14408,4.282,4.641,11.32,3.313,,,,,,,,,,,,,1.933
14409,4.282,4.641,11.32,3.313,,,,,,,,,,,,,1.682
14410,4.282,4.641,11.32,3.313,,,,,,,,,,,,,2.257
14414,4.282,4.641,11.32,3.313,,,,,,,,,,,,,6.632
14415,4.282,4.641,11.32,3.313,,,,,,,,,,,,,7.268
14416,4.282,4.641,11.32,3.313,,,,,,,,,,,,,7.252
14417,4.282,4.641,11.32,3.313,,,,,,,,,,,,,6.759
14418,4.282,4.641,11.32,3.313,,,,,,,,,,,,,7.344
14419,4.282,4.641,11.32,3.313,,,,,,,,,,,,,6.943
14420,4.282,4.641,11.32,3.313,,,,,,,,,,,,,10.711
14421,4.282,4.641,11.32,3.313,,,,,,,,,,,,,4.478
14422,4.282,4.641,11.32,3.313,,,,,,,,,,,,,6.512
14423,4.282,4.641,11.32,3.313,,,,,,,,,,,,,6.931
14424,4.282,4.641,11.32,3.313,,,,,,,,,,,,,7.499
14425,4.282,4.641,11.32,3.313,,,,,,,,,,,,,6.381
14426,4.282,4.641,11.32,3.313,,,,,,,,,,,,,8.848
14427,4.282,4.641,11.32,3.313,,,,,,,,,,,,,5.892
14428,4.282,4.641,11.32,3.313,,,,,,,,,,,,,6.434
14429,4.282,4.641,11.32,3.313,,,,,,,,,,,,,8.007
14430,4.282,4.641,11.32,3.313,,,,,,,,,,,,,6.137
14431,4.282,4.641,11.32,3.313,,,,,,,,,,,,,7.374
14432,4.282,4.641,11.32,3.313,,,,,,,,,,,,,7.811
14433,4.282,4.641,11.32,3.313,,,,,,,,,,,,,7.132
14434,4.282,4.641,11.32,3.313,,,,,,,,,,,,,6.378
14435,4.282,4.641,11.32,3.313,,,,,,,,,,,,,7.182
14436,4.282,4.641,11.32,3.313,,,,,,,,,,,,,7.415
14437,4.282,4.641,11.32,3.313,,,,,,,,,,,,,6.96
14438,4.282,4.641,11.32,3.313,,,,,,,,,,,,,7.018
14439,4.282,4.641,11.32,3.313,,,,,,,,,,,,,6.762
14440,4.282,4.641,11.32,3.313,,,,,,,,,,,,,7.191
14441,4.282,4.641,11.32,3.313,,,,,,,,,,,,,7.693
14442,4.282,4.641,11.32,3.313,,,,,,,,,,,,,34.012
14443,4.282,4.641,11.32,3.313,,,,,,,,,,,,,2.094
14444,4.282,4.641,11.32,3.313,,,,,,,,,,,,,1.808
14445,4.282,4.641,11.32,3.313,,,,,,,,,,,,,1.345
14446,4.282,4.641,11.32,3.313,,,,,,,,,,,,,1.351
14447,4.282,4.641,11.32,3.313,,,,,,,,,,,,,1.28
14448,4.282,4.641,11.32,3.313,,,,,,,,,,,,,2.097
14449,4.282,4.641,11.32,3.313,,,,,,,,,,,,,6.857
14450,4.282,4.641,11.32,3.313,,,,,,,,,,,,,7.782
14451,4.282,4.641,11.32,3.313,,,,,,,,,,,,,9.581
14452,4.282,4.641,11.32,3.313,,,,,,,,,,,,,4.478
14461,4.282,4.641,11.32,3.313,,,,,,,,,,,,,7.174
14462,4.282,4.641,11.32,3.313,,,,,,,,,,,,,7.146
14463,4.282,4.641,11.32,3.313,,,,,,,,,,,,,7.382
14464,4.282,4.641,11.32,3.313,,,,,,,,,,,,,6.989
14465,4.282,4.641,11.32,3.313,,,,,,,,,,,,,7.462
14466,4.282,4.641,11.32,3.313,,,,,,,,,,,,,9.64
14467,4.282,4.641,11.32,3.313,,,,,,,,,,,,,4.961
14468,4.282,4.641,11.32,3.313,,,,,,,,,,,,,6.064
14469,4.282,4.641,11.32,3.313,,,,,,,,,,,,,6.859
14470,4.282,4.641,11.32,3.313,,,,,,,,,,,,,8.269
14471,4.282,4.641,11.32,3.313,,,,,,,,,,,,,6.126
14472,4.282,4.641,11.32,3.313,,,,,,,,,,,,,7.334
14473,4.282,4.641,11.32,3.313,,,,,,,,,,,,,7.289
14474,4.282,4.641,11.32,3.313,,,,,,,,,,,,,8.999
14475,4.282,4.641,11.32,3.313,,,,,,,,,,,,,4.838
14476,4.282,4.641,11.32,3.313,,,,,,,,,,,,,6.975
14477,4.282,4.641,11.32,3.313,,,,,,,,,,,,,7.372
14478,4.282,4.641,11.32,3.313,,,,,,,,,,,,,11.276
14479,4.282,4.641,11.32,3.313,,,,,,,,,,,,,4.734
14480,4.282,4.641,11.32,3.313,,,,,,,,,,,,,8.792
14481,4.282,4.641,11.32,3.313,,,,,,,,,,,,,4.322
14482,4.282,4.641,11.32,3.313,,,,,,,,,,,,,7.804
14483,4.282,4.641,11.32,3.313,,,,,,,,,,,,,6.301
14484,4.282,4.641,11.32,3.313,,,,,,,,,,,,,6.833
14485,4.282,4.641,11.32,3.313,,,,,,,,,,,,,7.233
14486,4.282,4.641,11.32,3.313,,,,,,,,,,,,,7.25
14487,4.282,4.641,11.32,3.313,,,,,,,,,,,,,7.1
14488,4.282,4.641,11.32,3.313,,,,,,,,,,,,,32.715
14489,4.282,4.641,11.32,3.313,,,,,,,,,,,,,4.715
14490,4.282,4.641,11.32,3.313,,,,,,,,,,,,,1.781
14491,4.282,4.641,11.32,3.313,,,,,,,,,,,,,1.495
14492,4.282,4.641,11.32,3.313,,,,,,,,,,,,,1.727
14493,4.282,4.641,11.32,3.313,,,,,,,,,,,,,2.07
14494,4.282,4.641,11.32,3.313,,,,,,,,,,,,,1.698
14495,4.282,4.641,11.32,3.313,,,,,,,,,,,,,9.804
14496,4.282,4.641,11.32,3.313,,,,,,,,,,,,,4.671
14497,4.282,4.641,11.32,3.313,,,,,,,,,,,,,6.77
14498,4.282,4.641,11.32,3.313,,,,,,,,,,,,,7.33
14503,4.282,4.641,11.32,3.313,,,,,,,,,,,,,7.36
14504,4.282,4.641,11.32,3.313,,,,,,,,,,,,,10.121
14505,4.282,4.641,11.32,3.313,,,,,,,,,,,,,4.491
14506,4.282,4.641,11.32,3.313,,,,,,,,,,,,,6.507
14507,4.282,4.641,11.32,3.313,,,,,,,,,,,,,7.208
14508,4.282,4.641,11.32,3.313,,,,,,,,,,,,,7.005
14509,4.282,4.641,11.32,3.313,,,,,,,,,,,,,6.974
14514,4.282,4.641,11.32,3.313,,,,,,,,,,,,,7.044
14515,4.282,4.641,11.32,3.313,,,,,,,,,,,,,7.039
14516,4.282,4.641,11.32,3.313,,,,,,,,,,,,,7.463
14517,4.282,4.641,11.32,3.313,,,,,,,,,,,,,8.169
14518,4.282,4.641,11.32,3.313,,,,,,,,,,,,,10.432
14519,4.282,4.641,11.32,3.313,,,,,,,,,,,,,7.253
14520,4.282,4.641,11.32,3.313,,,,,,,,,,,,,31.906
14526,4.282,4.641,11.32,3.313,,,,,,,,,,,,,4.864
14527,4.282,4.641,11.32,3.313,,,,,,,,,,,,,7.143
14528,4.282,4.641,11.32,3.313,,,,,,,,,,,,,8.961
14529,4.282,4.641,11.32,3.313,,,,,,,,,,,,,5.366
14530,4.282,4.641,11.32,3.313,,,,,,,,,,,,,7.187
14531,4.282,4.641,11.32,3.313,,,,,,,,,,,,,7.184
14532,4.282,4.641,11.32,3.313,,,,,,,,,,,,,7.14
14533,4.282,4.641,11.32,3.313,,,,,,,,,,,,,7.692
14534,4.282,4.641,11.32,3.313,,,,,,,,,,,,,6.411
14535,4.282,4.641,11.32,3.313,,,,,,,,,,,,,7.317
14536,4.282,4.641,11.32,3.313,,,,,,,,,,,,,12.584
14537,4.282,4.641,11.32,3.313,,,,,,,,,,,,,4.52
14538,4.282,4.641,11.32,3.313,,,,,,,,,,,,,8.042
14539,4.282,4.641,11.32,3.313,,,,,,,,,,,,,6.354
14540,4.282,4.641,11.32,3.313,,,,,,,,,,,,,5.165
14541,4.282,4.641,11.32,3.313,,,,,,,,,,,,,7.353
14542,4.282,4.641,11.32,3.313,,,,,,,,,,,,,6.745
14543,4.282,4.641,11.32,3.313,,,,,,,,,,,,,7.379
14544,4.282,4.641,11.32,3.313,,,,,,,,,,,,,6.937
14548,4.282,4.641,11.32,3.313,,,,,,,,,,,,,7.62
14549,4.282,4.641,11.32,3.313,,,,,,,,,,,,,7.518
14550,4.282,4.641,11.32,3.313,,,,,,,,,,,,,6.9
14551,4.282,4.641,11.32,3.313,,,,,,,,,,,,,6.658
14552,4.282,4.641,11.32,3.313,,,,,,,,,,,,,7.581
14553,4.282,4.641,11.32,3.313,,,,,,,,,,,,,10.894
14554,4.282,4.641,11.32,3.313,,,,,,,,,,,,,4.671
14555,4.282,4.641,11.32,3.313,,,,,,,,,,,,,5.264
14556,4.282,4.641,11.32,3.313,,,,,,,,,,,,,7.526
14557,4.282,4.641,11.32,3.313,,,,,,,,,,,,,7.225
14558,4.282,4.641,11.32,3.313,,,,,,,,,,,,,6.687
14559,4.282,4.641,11.32,3.313,,,,,,,,,,,,,7.496
14563,4.282,4.641,11.32,3.313,,,,,,,,,,,,,9.263
14564,4.282,4.641,11.32,3.313,,,,,,,,,,,,,7.409
14565,4.282,4.641,11.32,3.313,,,,,,,,,,,,,4.647
14566,4.282,4.641,11.32,3.313,,,,,,,,,,,,,7.012
14567,4.282,4.641,11.32,3.313,,,,,,,,,,,,,7.42
14568,4.282,4.641,11.32,3.313,,,,,,,,,,,,,10.54
14569,4.282,4.641,11.32,3.313,,,,,,,,,,,,,4.629
14570,4.282,4.641,11.32,3.313,,,,,,,,,,,,,5.595
14571,4.282,4.641,11.32,3.313,,,,,,,,,,,,,7.334
14572,4.282,4.641,11.32,3.313,,,,,,,,,,,,,7.024
14573,4.282,4.641,11.32,3.313,,,,,,,,,,,,,7.118
14574,4.282,4.641,11.32,3.313,,,,,,,,,,,,,7.485
14575,4.282,4.641,11.32,3.313,,,,,,,,,,,,,8.925
14576,4.282,4.641,11.32,3.313,,,,,,,,,,,,,5.358
14577,4.282,4.641,11.32,3.313,,,,,,,,,,,,,6.678
14578,4.282,4.641,11.32,3.313,,,,,,,,,,,,,7.053
14579,4.282,4.641,11.32,3.313,,,,,,,,,,,,,7.434
14580,4.282,4.641,11.32,3.313,,,,,,,,,,,,,7.069
14581,4.282,4.641,11.32,3.313,,,,,,,,,,,,,7.056
14582,4.282,4.641,11.32,3.313,,,,,,,,,,,,,6.882
14583,4.282,4.641,11.32,3.313,,,,,,,,,,,,,7.458
14584,4.282,4.641,11.32,3.313,,,,,,,,,,,,,6.761
14585,4.282,4.641,11.32,3.313,,,,,,,,,,,,,7.399
14586,4.282,4.641,11.32,3.313,,,,,,,,,,,,,6.634
14587,4.282,4.641,11.32,3.313,,,,,,,,,,,,,8.358
14588,4.282,4.641,11.32,3.313,,,,,,,,,,,,,5.71
14589,4.282,4.641,11.32,3.313,,,,,,,,,,,,,7.302
14590,4.282,4.641,11.32,3.313,,,,,,,,,,,,,7.085
14591,4.282,4.641,11.32,3.313,,,,,,,,,,,,,7.071
14592,4.282,4.641,11.32,3.313,,,,,,,,,,,,,7.293
14593,4.282,4.641,11.32,3.313,,,,,,,,,,,,,7.297
14594,4.282,4.641,11.32,3.313,,,,,,,,,,,,,7.232
14595,4.282,4.641,11.32,3.313,,,,,,,,,,,,,7.652
14596,4.282,4.641,11.32,3.313,,,,,,,,,,,,,7.987
14597,4.282,4.641,11.32,3.313,,,,,,,,,,,,,9.946
14605,4.282,4.641,11.32,3.313,,,,,,,,,,,,,7.112
14606,4.282,4.641,11.32,3.313,,,,,,,,,,,,,6.986
14607,4.282,4.641,11.32,3.313,,,,,,,,,,,,,33.38
14608,4.282,4.641,11.32,3.313,,,,,,,,,,,,,9.33
14609,4.282,4.641,11.32,3.313,,,,,,,,,,,,,2.06
14610,4.282,4.641,11.32,3.313,,,,,,,,,,,,,1.56
14611,4.282,4.641,11.32,3.313,,,,,,,,,,,,,1.376
14612,4.282,4.641,11.32,3.313,,,,,,,,,,,,,1.987
14613,4.282,4.641,11.32,3.313,,,,,,,,,,,,,1.896
14614,4.282,4.641,11.32,3.313,,,,,,,,,,,,,1.391
14615,4.282,4.641,11.32,3.313,,,,,,,,,,,,,5.38
14616,4.282,4.641,11.32,3.313,,,,,,,,,,,,,7.346
14617,4.282,4.641,11.32,3.313,,,,,,,,,,,,,6.891
14618,4.282,4.641,11.32,3.313,,,,,,,,,,,,,7.257
14619,4.282,4.641,11.32,3.313,,,,,,,,,,,,,8.159
14620,4.282,4.641,11.32,3.313,,,,,,,,,,,,,6.218
14625,4.282,4.641,11.32,3.313,,,,,,,,,,,,,7.472
14626,4.282,4.641,11.32,3.313,,,,,,,,,,,,,6.99
14627,4.282,4.641,11.32,3.313,,,,,,,,,,,,,12.002
14628,4.282,4.641,11.32,3.313,,,,,,,,,,,,,4.754
14629,4.282,4.641,11.32,3.313,,,,,,,,,,,,,4.574
14630,4.282,4.641,11.32,3.313,,,,,,,,,,,,,7.109
14631,4.282,4.641,11.32,3.313,,,,,,,,,,,,,6.346
14632,4.282,4.641,11.32,3.313,,,,,,,,,,,,,7.075
14633,4.282,4.641,11.32,3.313,,,,,,,,,,,,,7.42
14634,4.282,4.641,11.32,3.313,,,,,,,,,,,,,7.27
14635,4.282,4.641,11.32,3.313,,,,,,,,,,,,,7.018
14636,4.282,4.641,11.32,3.313,,,,,,,,,,,,,6.733
14637,4.282,4.641,11.32,3.313,,,,,,,,,,,,,7.799
14638,4.282,4.641,11.32,3.313,,,,,,,,,,,,,8.298
14639,4.282,4.641,11.32,3.313,,,,,,,,,,,,,5.717
14640,4.282,4.641,11.32,3.313,,,,,,,,,,,,,7.175
14641,4.282,4.641,11.32,3.313,,,,,,,,,,,,,7.33
14642,4.282,4.641,11.32,3.313,,,,,,,,,,,,,19.753
14643,4.282,4.641,11.32,3.313,,,,,,,,,,,,,4.409
14648,4.282,4.641,11.32,3.313,,,,,,,,,,,,,8.001
14649,4.282,4.641,11.32,3.313,,,,,,,,,,,,,7.93
14650,4.282,4.641,11.32,3.313,,,,,,,,,,,,,6.838
14651,4.282,4.641,11.32,3.313,,,,,,,,,,,,,6.082
14652,4.282,4.641,11.32,3.313,,,,,,,,,,,,,6.72
14653,4.282,4.641,11.32,3.313,,,,,,,,,,,,,9.754
14654,4.282,4.641,11.32,3.313,,,,,,,,,,,,,5.872
14655,4.282,4.641,11.32,3.313,,,,,,,,,,,,,6.478
14656,4.282,4.641,11.32,3.313,,,,,,,,,,,,,7.353
14657,4.282,4.641,11.32,3.313,,,,,,,,,,,,,6.919
14658,4.283,4.641,11.32,3.313,,,,,,,,,,,,,7.932
14663,4.282,4.641,11.32,3.313,,,,,,,,,,,,,7.334
14664,4.282,4.641,11.32,3.313,,,,,,,,,,,,,7.849
14665,4.282,4.641,11.32,3.313,,,,,,,,,,,,,6.567
14666,4.282,4.641,11.32,3.313,,,,,,,,,,,,,6.715
14667,4.282,4.641,11.32,3.313,,,,,,,,,,,,,10.336
14668,4.282,4.641,11.32,3.313,,,,,,,,,,,,,8.834
14669,4.282,4.641,11.32,3.313,,,,,,,,,,,,,4.855
14670,4.282,4.641,11.32,3.313,,,,,,,,,,,,,5.98
14671,4.282,4.641,11.32,3.313,,,,,,,,,,,,,8.676
14672,4.282,4.641,11.32,3.313,,,,,,,,,,,,,4.53
14673,4.282,4.641,11.32,3.313,,,,,,,,,,,,,10.689
14674,4.282,4.641,11.32,3.313,,,,,,,,,,,,,3.927
14675,4.282,4.641,11.32,3.312,,,,,,,,,,,,,5.655
14676,4.282,4.641,11.32,3.312,,,,,,,,,,,,,7.156
14677,4.282,4.641,11.32,3.312,,,,,,,,,,,,,7.446
14678,4.282,4.641,11.32,3.312,,,,,,,,,,,,,7.427
14679,4.282,4.641,11.32,3.313,,,,,,,,,,,,,6.851
14680,4.282,4.641,11.32,3.313,,,,,,,,,,,,,6.969
14681,4.282,4.641,11.32,3.313,,,,,,,,,,,,,7.055
14682,4.282,4.641,11.32,3.313,,,,,,,,,,,,,7.26
14683,4.282,4.641,11.32,3.313,,,,,,,,,,,,,8.098
14684,4.282,4.641,11.32,3.313,,,,,,,,,,,,,6.146
14685,4.282,4.641,11.32,3.313,,,,,,,,,,,,,7.628
14686,4.282,4.641,11.32,3.313,,,,,,,,,,,,,7.084
14687,4.282,4.641,11.32,3.313,,,,,,,,,,,,,6.645
14688,4.282,4.641,11.32,3.313,,,,,,,,,,,,,6.923
14689,4.282,4.641,11.32,3.313,,,,,,,,,,,,,34.443
14690,4.282,4.641,11.32,3.313,,,,,,,,,,,,,6.603
14691,4.282,4.641,11.32,3.313,,,,,,,,,,,,,3.053
14692,4.282,4.641,11.32,3.313,,,,,,,,,,,,,2.254
14693,4.282,4.641,11.32,3.313,,,,,,,,,,,,,1.955
14694,4.282,4.641,11.32,3.313,,,,,,,,,,,,,1.809
14695,4.282,4.641,11.32,3.313,,,,,,,,,,,,,2.114
14696,4.282,4.641,11.32,3.313,,,,,,,,,,,,,1.748
14697,4.282,4.641,11.32,3.313,,,,,,,,,,,,,5.121
14698,4.282,4.641,11.32,3.313,,,,,,,,,,,,,6.954
14699,4.282,4.641,11.32,3.313,,,,,,,,,,,,,10.343
14700,4.282,4.641,11.32,3.313,,,,,,,,,,,,,4.457
14701,4.282,4.641,11.32,3.313,,,,,,,,,,,,,8.759
14702,4.282,4.641,11.32,3.313,,,,,,,,,,,,,5.333
14703,4.282,4.641,11.32,3.313,,,,,,,,,,,,,6.936
14704,4.282,4.641,11.32,3.313,,,,,,,,,,,,,6.896
14705,4.282,4.641,11.32,3.313,,,,,,,,,,,,,6.967
14706,4.282,4.641,11.32,3.313,,,,,,,,,,,,,7.661
14707,4.282,4.641,11.32,3.313,,,,,,,,,,,,,6.6
14708,4.282,4.641,11.32,3.313,,,,,,,,,,,,,7.155
14709,4.282,4.641,11.32,3.313,,,,,,,,,,,,,7.895
14710,4.282,4.641,11.32,3.313,,,,,,,,,,,,,6.462
14711,4.282,4.641,11.32,3.313,,,,,,,,,,,,,7.185
14712,4.282,4.641,11.32,3.313,,,,,,,,,,,,,8.168
14713,4.282,4.641,11.32,3.313,,,,,,,,,,,,,6.171
14714,4.282,4.641,11.32,3.313,,,,,,,,,,,,,7.996
14715,4.282,4.641,11.32,3.313,,,,,,,,,,,,,8.062
14716,4.282,4.641,11.32,3.313,,,,,,,,,,,,,5.479
14717,4.282,4.641,11.32,3.313,,,,,,,,,,,,,9.438
14718,4.282,4.641,11.32,3.313,,,,,,,,,,,,,4.761
14719,4.282,4.641,11.32,3.313,,,,,,,,,,,,,7.261
14720,4.282,4.641,11.32,3.313,,,,,,,,,,,,,7.227
14724,4.282,4.641,11.32,3.313,,,,,,,,,,,,,7.751
14725,4.282,4.641,11.32,3.313,,,,,,,,,,,,,7.038
14726,4.282,4.641,11.32,3.313,,,,,,,,,,,,,7.313
14727,4.282,4.641,11.32,3.313,,,,,,,,,,,,,6.92
14732,4.282,4.641,11.32,3.313,,,,,,,,,,,,,4.311
14733,4.282,4.641,11.32,3.313,,,,,,,,,,,,,5.985
14734,4.282,4.641,11.32,3.313,,,,,,,,,,,,,6.203
14735,4.282,4.641,11.32,3.313,,,,,,,,,,,,,7.177
14736,4.282,4.641,11.32,3.313,,,,,,,,,,,,,7.432
14737,4.282,4.641,11.32,3.313,,,,,,,,,,,,,6.892
14738,4.282,4.641,11.32,3.313,,,,,,,,,,,,,7.414
14739,4.282,4.641,11.32,3.313,,,,,,,,,,,,,7.45
14740,4.282,4.641,11.32,3.313,,,,,,,,,,,,,7.452
14741,4.282,4.641,11.32,3.313,,,,,,,,,,,,,7.657
14742,4.282,4.641,11.32,3.313,,,,,,,,,,,,,6.404
14743,4.282,4.641,11.32,3.313,,,,,,,,,,,,,7.197
14744,4.282,4.641,11.32,3.313,,,,,,,,,,,,,7.167
14745,4.282,4.641,11.32,3.313,,,,,,,,,,,,,9.986
14746,4.282,4.641,11.32,3.313,,,,,,,,,,,,,4.476
14747,4.282,4.641,11.32,3.313,,,,,,,,,,,,,6.155
14748,4.282,4.641,11.32,3.313,,,,,,,,,,,,,7.515
14749,4.282,4.641,11.32,3.313,,,,,,,,,,,,,6.884
14750,4.282,4.641,11.32,3.313,,,,,,,,,,,,,6.95
14751,4.282,4.641,11.32,3.313,,,,,,,,,,,,,7.123
14752,4.282,4.641,11.32,3.313,,,,,,,,,,,,,7.262
14753,4.282,4.641,11.32,3.313,,,,,,,,,,,,,8.184
14754,4.282,4.641,11.32,3.313,,,,,,,,,,,,,6.396
14755,4.282,4.641,11.32,3.313,,,,,,,,,,,,,8.597
14756,4.282,4.641,11.32,3.313,,,,,,,,,,,,,7.209
14757,4.282,4.641,11.32,3.313,,,,,,,,,,,,,5.739
14758,4.282,4.641,11.32,3.313,,,,,,,,,,,,,6.865
14759,4.282,4.641,11.32,3.313,,,,,,,,,,,,,7.186
14760,4.282,4.641,11.32,3.313,,,,,,,,,,,,,7.17
14761,4.282,4.641,11.32,3.313,,,,,,,,,,,,,8.204
14762,4.282,4.641,11.32,3.313,,,,,,,,,,,,,5.824
14763,4.282,4.641,11.32,3.313,,,,,,,,,,,,,7.469
14764,4.282,4.641,11.32,3.313,,,,,,,,,,,,,8.929
14765,4.282,4.641,11.32,3.313,,,,,,,,,,,,,5.4
14766,4.282,4.641,11.32,3.313,,,,,,,,,,,,,7.188
14767,4.282,4.641,11.32,3.313,,,,,,,,,,,,,13.428
14768,4.282,4.641,11.32,3.313,,,,,,,,,,,,,4.318
14769,4.282,4.641,11.32,3.313,,,,,,,,,,,,,4.673
14770,4.282,4.641,11.32,3.313,,,,,,,,,,,,,6.956
14771,4.282,4.641,11.32,3.313,,,,,,,,,,,,,7.7
14772,4.282,4.641,11.32,3.313,,,,,,,,,,,,,6.572
14773,4.282,4.641,11.32,3.313,,,,,,,,,,,,,7.227
14774,4.282,4.641,11.32,3.313,,,,,,,,,,,,,6.957
14775,4.282,4.641,11.32,3.313,,,,,,,,,,,,,7.661
14776,4.282,4.641,11.32,3.313,,,,,,,,,,,,,6.11
14781,4.282,4.641,11.32,3.313,,,,,,,,,,,,,6.667
14782,4.282,4.641,11.32,3.313,,,,,,,,,,,,,7.199
14783,4.282,4.641,11.32,3.313,,,,,,,,,,,,,6.889
14784,4.282,4.641,11.32,3.313,,,,,,,,,,,,,7.343
14785,4.282,4.641,11.32,3.313,,,,,,,,,,,,,6.977
14786,4.282,4.641,11.32,3.314,,,,,,,,,,,,,6.938
14787,4.282,4.641,11.32,3.314,,,,,,,,,,,,,6.88
14788,4.282,4.641,11.32,3.314,,,,,,,,,,,,,7.445
14797,4.282,4.641,11.32,3.313,,,,,,,,,,,,,6.685
14798,4.282,4.641,11.32,3.314,,,,,,,,,,,,,8.004
14799,4.282,4.641,11.32,3.314,,,,,,,,,,,,,6.58
14800,4.282,4.641,11.32,3.314,,,,,,,,,,,,,6.894
14801,4.282,4.641,11.32,3.314,,,,,,,,,,,,,6.933
14802,4.282,4.641,11.32,3.313,,,,,,,,,,,,,11.506
14803,4.282,4.641,11.32,3.313,,,,,,,,,,,,,8.183
14804,4.282,4.641,11.32,3.313,,,,,,,,,,,,,6.079
14805,4.282,4.641,11.32,3.313,,,,,,,,,,,,,11.373
14806,4.282,4.641,11.32,3.313,,,,,,,,,,,,,4.19
14807,4.282,4.641,11.32,3.313,,,,,,,,,,,,,5.051
14812,4.282,4.641,11.32,3.313,,,,,,,,,,,,,7.647
14813,4.282,4.641,11.32,3.314,,,,,,,,,,,,,4.364
14814,4.282,4.641,11.32,3.314,,,,,,,,,,,,,6.144
14815,4.282,4.641,11.32,3.314,,,,,,,,,,,,,7.516
14816,4.282,4.641,11.32,3.313,,,,,,,,,,,,,7.237
14817,4.282,4.641,11.32,3.313,,,,,,,,,,,,,8.023
14818,4.282,4.641,11.32,3.313,,,,,,,,,,,,,6.218
14819,4.282,4.641,11.32,3.313,,,,,,,,,,,,,11.563
14820,4.282,4.641,11.32,3.313,,,,,,,,,,,,,7.04
14821,4.282,4.641,11.32,3.313,,,,,,,,,,,,,2.642
14822,4.282,4.641,11.32,3.313,,,,,,,,,,,,,7.278
14823,4.282,4.641,11.32,3.313,,,,,,,,,,,,,7.264
14824,4.282,4.641,11.32,3.313,,,,,,,,,,,,,6.463
14825,4.282,4.641,11.32,3.313,,,,,,,,,,,,,7.421
14826,4.282,4.641,11.32,3.313,,,,,,,,,,,,,7.152
14827,4.282,4.641,11.32,3.313,,,,,,,,,,,,,7.442
14828,4.282,4.641,11.32,3.313,,,,,,,,,,,,,6.907
14829,4.282,4.641,11.32,3.313,,,,,,,,,,,,,7.584
14830,4.282,4.641,11.32,3.313,,,,,,,,,,,,,6.688
14831,4.282,4.641,11.32,3.313,,,,,,,,,,,,,8.252
14832,4.282,4.641,11.32,3.313,,,,,,,,,,,,,6.048
14833,4.282,4.641,11.32,3.313,,,,,,,,,,,,,7.529
14834,4.282,4.641,11.32,3.313,,,,,,,,,,,,,8.469
14835,4.282,4.641,11.32,3.313,,,,,,,,,,,,,5.593
14836,4.282,4.641,11.32,3.313,,,,,,,,,,,,,7.475
14837,4.282,4.641,11.32,3.313,,,,,,,,,,,,,7.06
14838,4.282,4.641,11.32,3.313,,,,,,,,,,,,,7.195
14839,4.282,4.641,11.32,3.313,,,,,,,,,,,,,7.124
14840,4.282,4.641,11.32,3.313,,,,,,,,,,,,,7.282
14841,4.282,4.641,11.32,3.313,,,,,,,,,,,,,6.789
14842,4.282,4.641,11.32,3.313,,,,,,,,,,,,,7.97
14843,4.282,4.641,11.32,3.313,,,,,,,,,,,,,6.222
14844,4.282,4.641,11.32,3.313,,,,,,,,,,,,,7.326
14845,4.282,4.641,11.32,3.313,,,,,,,,,,,,,7.593
14846,4.282,4.641,11.32,3.313,,,,,,,,,,,,,6.847
14847,4.282,4.641,11.32,3.313,,,,,,,,,,,,,7.143
14848,4.282,4.641,11.32,3.313,,,,,,,,,,,,,8.227
14849,4.282,4.641,11.32,3.313,,,,,,,,,,,,,5.597
14854,4.282,4.641,11.32,3.313,,,,,,,,,,,,,7.172
14855,4.282,4.641,11.32,3.313,,,,,,,,,,,,,7.435
14856,4.282,4.641,11.32,3.313,,,,,,,,,,,,,7.643
14857,4.282,4.641,11.32,3.313,,,,,,,,,,,,,6.196
14858,4.282,4.641,11.32,3.314,,,,,,,,,,,,,7.151
14859,4.282,4.641,11.32,3.314,,,,,,,,,,,,,7.186
14860,4.282,4.641,11.32,3.314,,,,,,,,,,,,,7.138
14865,4.282,4.641,11.32,3.313,,,,,,,,,,,,,5.634
14866,4.282,4.641,11.32,3.313,,,,,,,,,,,,,7.296
14867,4.282,4.641,11.32,3.313,,,,,,,,,,,,,7.335
14868,4.282,4.641,11.32,3.313,,,,,,,,,,,,,7.346
14869,4.282,4.641,11.32,3.313,,,,,,,,,,,,,8.206
14870,4.282,4.641,11.32,3.313,,,,,,,,,,,,,5.88
14871,4.282,4.641,11.32,3.313,,,,,,,,,,,,,7.431
14872,4.282,4.641,11.32,3.313,,,,,,,,,,,,,6.541
14873,4.282,4.641,11.32,3.314,,,,,,,,,,,,,7.735
14874,4.282,4.641,11.32,3.314,,,,,,,,,,,,,6.282
14875,4.282,4.641,11.32,3.314,,,,,,,,,,,,,6.856
14880,4.282,4.641,11.32,3.313,,,,,,,,,,,,,0.09
14881,4.282,4.641,11.32,3.313,,,,,,,,,,,,,1.979
14882,4.282,4.641,11.32,3.313,,,,,,,,,,,,,1.443
14883,4.282,4.641,11.32,3.313,,,,,,,,,,,,,1.91
14884,4.282,4.641,11.32,3.313,,,,,,,,,,,,,1.654
14889,4.282,4.641,11.32,3.313,,,,,,,,,,,,,5.889
14890,4.282,4.641,11.32,3.313,,,,,,,,,,,,,7.926
14891,4.282,4.641,11.32,3.313,,,,,,,,,,,,,8.184
14896,4.282,4.641,11.32,3.313,,,,,,,,,,,,,5.682
14897,4.282,4.641,11.32,3.313,,,,,,,,,,,,,7.224
14898,4.282,4.641,11.32,3.313,,,,,,,,,,,,,7.159
14899,4.282,4.641,11.32,3.313,,,,,,,,,,,,,7.429
14900,4.282,4.641,11.32,3.313,,,,,,,,,,,,,7.783
14901,4.282,4.641,11.32,3.313,,,,,,,,,,,,,7.404
14902,4.282,4.641,11.32,3.313,,,,,,,,,,,,,6.222
14903,4.282,4.641,11.32,3.313,,,,,,,,,,,,,7.434
14904,4.282,4.641,11.32,3.313,,,,,,,,,,,,,8.721
14905,4.282,4.641,11.32,3.313,,,,,,,,,,,,,5.432
14906,4.282,4.641,11.32,3.313,,,,,,,,,,,,,8.214
14907,4.282,4.641,11.32,3.313,,,,,,,,,,,,,6.434
14908,4.282,4.641,11.32,3.313,,,,,,,,,,,,,10.305
14909,4.282,4.641,11.32,3.313,,,,,,,,,,,,,4.736
14910,4.282,4.641,11.32,3.313,,,,,,,,,,,,,5.518
14911,4.282,4.641,11.32,3.313,,,,,,,,,,,,,7.374
14912,4.282,4.641,11.32,3.313,,,,,,,,,,,,,7.567
14913,4.282,4.641,11.32,3.313,,,,,,,,,,,,,6.455
14914,4.282,4.641,11.32,3.313,,,,,,,,,,,,,7.321
14915,4.282,4.641,11.32,3.313,,,,,,,,,,,,,6.489
14916,4.282,4.641,11.32,3.313,,,,,,,,,,,,,8.476
14917,4.282,4.641,11.32,3.313,,,,,,,,,,,,,6.099
14918,4.282,4.641,11.32,3.313,,,,,,,,,,,,,7.202
14923,4.282,4.641,11.32,3.313,,,,,,,,,,,,,10.969
14924,4.282,4.641,11.32,3.313,,,,,,,,,,,,,5.021
14925,4.282,4.641,11.32,3.313,,,,,,,,,,,,,5.724
14926,4.282,4.641,11.32,3.313,,,,,,,,,,,,,6.267
14927,4.282,4.641,11.32,3.313,,,,,,,,,,,,,8.782
14928,4.282,4.641,11.32,3.313,,,,,,,,,,,,,5.824
14929,4.282,4.641,11.32,3.313,,,,,,,,,,,,,7.328
14930,4.282,4.641,11.32,3.313,,,,,,,,,,,,,6.907
14931,4.282,4.641,11.32,3.313,,,,,,,,,,,,,9.075
14932,4.282,4.641,11.32,3.313,,,,,,,,,,,,,5.344
14933,4.282,4.641,11.32,3.313,,,,,,,,,,,,,7.188
14934,4.282,4.641,11.32,3.313,,,,,,,,,,,,,7.439
14935,4.282,4.641,11.32,3.313,,,,,,,,,,,,,6.915
14936,4.282,4.641,11.32,3.313,,,,,,,,,,,,,7.454
14937,4.282,4.641,11.32,3.313,,,,,,,,,,,,,6.631
14938,4.282,4.641,11.32,3.313,,,,,,,,,,,,,7.322
14939,4.282,4.641,11.32,3.313,,,,,,,,,,,,,8.008
14940,4.282,4.641,11.32,3.313,,,,,,,,,,,,,6.556
14941,4.282,4.641,11.32,3.313,,,,,,,,,,,,,6.981
14942,4.282,4.641,11.32,3.313,,,,,,,,,,,,,7.658
14943,4.282,4.641,11.32,3.313,,,,,,,,,,,,,6.98
14944,4.282,4.641,11.32,3.313,,,,,,,,,,,,,7.395
14945,4.282,4.641,11.32,3.313,,,,,,,,,,,,,7.441
14946,4.282,4.641,11.32,3.313,,,,,,,,,,,,,7.173
14947,4.282,4.641,11.32,3.313,,,,,,,,,,,,,6.373
14948,4.282,4.641,11.32,3.313,,,,,,,,,,,,,8.652
14949,4.282,4.641,11.32,3.313,,,,,,,,,,,,,5.571
14950,4.282,4.641,11.32,3.313,,,,,,,,,,,,,6.807
14951,4.282,4.641,11.32,3.313,,,,,,,,,,,,,7.153
14952,4.282,4.641,11.32,3.313,,,,,,,,,,,,,8.196
14953,4.282,4.641,11.32,3.313,,,,,,,,,,,,,6.351
14954,4.282,4.641,11.32,3.313,,,,,,,,,,,,,7.161
14955,4.282,4.641,11.32,3.313,,,,,,,,,,,,,6.837
14956,4.282,4.641,11.32,3.313,,,,,,,,,,,,,7.29
14957,4.282,4.641,11.32,3.313,,,,,,,,,,,,,8.356
14958,4.282,4.641,11.32,3.313,,,,,,,,,,,,,5.466
14959,4.282,4.641,11.32,3.313,,,,,,,,,,,,,7.587
14960,4.282,4.641,11.32,3.313,,,,,,,,,,,,,7.053
14961,4.282,4.641,11.32,3.313,,,,,,,,,,,,,6.628
14962,4.282,4.641,11.32,3.313,,,,,,,,,,,,,7.147
14963,4.282,4.641,11.32,3.313,,,,,,,,,,,,,7.943
14964,4.282,4.641,11.32,3.313,,,,,,,,,,,,,6.569
14965,4.282,4.641,11.32,3.313,,,,,,,,,,,,,6.929
14966,4.282,4.641,11.32,3.313,,,,,,,,,,,,,7.872
14967,4.282,4.641,11.32,3.313,,,,,,,,,,,,,8.456
14968,4.282,4.641,11.32,3.313,,,,,,,,,,,,,4.893
14969,4.282,4.641,11.32,3.313,,,,,,,,,,,,,7.507
14970,4.282,4.641,11.32,3.313,,,,,,,,,,,,,7.561
14971,4.282,4.641,11.32,3.313,,,,,,,,,,,,,7.613
14972,4.282,4.641,11.32,3.313,,,,,,,,,,,,,6.337
14973,4.282,4.641,11.32,3.313,,,,,,,,,,,,,33.555
14974,4.282,4.641,11.32,3.313,,,,,,,,,,,,,1.931
14975,4.282,4.641,11.32,3.313,,,,,,,,,,,,,1.306
14976,4.282,4.641,11.32,3.313,,,,,,,,,,,,,1.19
14977,4.282,4.641,11.32,3.313,,,,,,,,,,,,,1.756
14978,4.282,4.641,11.32,3.313,,,,,,,,,,,,,1.948
14979,4.282,4.641,11.32,3.313,,,,,,,,,,,,,2.613
14980,4.282,4.641,11.32,3.313,,,,,,,,,,,,,7.218
14981,4.282,4.641,11.32,3.313,,,,,,,,,,,,,7.128
14982,4.282,4.641,11.32,3.313,,,,,,,,,,,,,7.265
14983,4.282,4.641,11.32,3.313,,,,,,,,,,,,,8.613
14984,4.282,4.641,11.32,3.313,,,,,,,,,,,,,5.75
14985,4.282,4.641,11.32,3.313,,,,,,,,,,,,,6.958
14986,4.282,4.641,11.32,3.313,,,,,,,,,,,,,7.278
14987,4.282,4.641,11.32,3.313,,,,,,,,,,,,,7.074
14988,4.282,4.641,11.32,3.313,,,,,,,,,,,,,7.001
14989,4.282,4.641,11.32,3.313,,,,,,,,,,,,,6.867
14990,4.282,4.641,11.32,3.313,,,,,,,,,,,,,7.19
14991,4.282,4.641,11.32,3.313,,,,,,,,,,,,,8.209
14996,4.282,4.641,11.32,3.313,,,,,,,,,,,,,6.913
14997,4.282,4.641,11.32,3.313,,,,,,,,,,,,,7.469
14998,4.282,4.641,11.32,3.313,,,,,,,,,,,,,7.555
14999,4.282,4.641,11.32,3.313,,,,,,,,,,,,,7.017
15000,4.282,4.641,11.32,3.313,,,,,,,,,,,,,9.547
15001,4.282,4.641,11.32,3.313,,,,,,,,,,,,,5.932
15002,4.282,4.641,11.32,3.313,,,,,,,,,,,,,5.75
15003,4.282,4.641,11.32,3.313,,,,,,,,,,,,,7.304
15004,4.282,4.641,11.32,3.313,,,,,,,,,,,,,7.421
15005,4.282,4.641,11.32,3.313,,,,,,,,,,,,,6.923
15006,4.282,4.641,11.32,3.313,,,,,,,,,,,,,7.663
15007,4.282,4.641,11.32,3.313,,,,,,,,,,,,,6.903
15008,4.282,4.641,11.32,3.313,,,,,,,,,,,,,6.92
15009,4.282,4.641,11.32,3.313,,,,,,,,,,,,,7.364
15010,4.282,4.641,11.32,3.313,,,,,,,,,,,,,6.971
15011,4.282,4.641,11.32,3.313,,,,,,,,,,,,,7.161
15012,4.282,4.641,11.32,3.313,,,,,,,,,,,,,9.754
15013,4.282,4.641,11.32,3.313,,,,,,,,,,,,,6.863
15014,4.282,4.641,11.32,3.313,,,,,,,,,,,,,5.793
15015,4.282,4.641,11.32,3.313,,,,,,,,,,,,,8.649
15016,4.282,4.641,11.32,3.313,,,,,,,,,,,,,6.191
15017,4.282,4.641,11.32,3.313,,,,,,,,,,,,,6.592
15018,4.282,4.641,11.32,3.313,,,,,,,,,,,,,6.769
15019,4.282,4.641,11.32,3.313,,,,,,,,,,,,,7.508
15020,4.282,4.641,11.32,3.313,,,,,,,,,,,,,7.453
15021,4.282,4.641,11.32,3.313,,,,,,,,,,,,,6.367
15022,4.282,4.641,11.32,3.313,,,,,,,,,,,,,7.694
15023,4.282,4.641,11.32,3.313,,,,,,,,,,,,,7.181
15024,4.282,4.641,11.32,3.313,,,,,,,,,,,,,6.612
15025,4.282,4.641,11.32,3.313,,,,,,,,,,,,,7.119
15038,4.282,4.641,11.32,3.313,,,,,,,,,,,,,29.276
15039,4.282,4.641,11.32,3.313,,,,,,,,,,,,,4.115
15040,4.282,4.641,11.32,3.313,,,,,,,,,,,,,2.004
15041,4.282,4.641,11.32,3.313,,,,,,,,,,,,,1.982
15042,4.282,4.641,11.32,3.313,,,,,,,,,,,,,2.203
15043,4.282,4.641,11.32,3.313,,,,,,,,,,,,,1.573
15044,4.282,4.641,11.32,3.313,,,,,,,,,,,,,10.888
15045,4.282,4.641,11.32,3.313,,,,,,,,,,,,,2.112
15046,4.282,4.641,11.32,3.313,,,,,,,,,,,,,4.777
15047,4.282,4.641,11.32,3.313,,,,,,,,,,,,,7.454
15048,4.282,4.641,11.32,3.313,,,,,,,,,,,,,6.705
15049,4.282,4.641,11.32,3.313,,,,,,,,,,,,,6.755
15050,4.282,4.641,11.32,3.313,,,,,,,,,,,,,9.235
15051,4.282,4.641,11.32,3.313,,,,,,,,,,,,,5.199
15052,4.282,4.641,11.32,3.313,,,,,,,,,,,,,7.184
15053,4.282,4.641,11.32,3.313,,,,,,,,,,,,,7.381
15054,4.282,4.641,11.32,3.313,,,,,,,,,,,,,7.209
15055,4.282,4.641,11.32,3.313,,,,,,,,,,,,,6.631
15056,4.282,4.641,11.32,3.313,,,,,,,,,,,,,7.119
15057,4.282,4.641,11.32,3.313,,,,,,,,,,,,,36.781
15058,4.282,4.641,11.32,3.313,,,,,,,,,,,,,2.048
15059,4.282,4.641,11.32,3.313,,,,,,,,,,,,,1.774
15060,4.282,4.641,11.32,3.313,,,,,,,,,,,,,1.702
15061,4.282,4.641,11.32,3.313,,,,,,,,,,,,,1.831
15066,4.282,4.641,11.32,3.313,,,,,,,,,,,,,5.855
15067,4.282,4.641,11.32,3.313,,,,,,,,,,,,,7.028
15068,4.282,4.641,11.32,3.313,,,,,,,,,,,,,6.675
15069,4.282,4.641,11.32,3.313,,,,,,,,,,,,,7.483
15070,4.282,4.641,11.32,3.313,,,,,,,,,,,,,6.931
15071,4.282,4.641,11.32,3.313,,,,,,,,,,,,,7.149
15072,4.282,4.641,11.32,3.313,,,,,,,,,,,,,8.02
15073,4.282,4.641,11.32,3.313,,,,,,,,,,,,,6.552
15074,4.282,4.641,11.32,3.313,,,,,,,,,,,,,9.008
15075,4.282,4.641,11.32,3.313,,,,,,,,,,,,,5.567
15076,4.282,4.641,11.32,3.313,,,,,,,,,,,,,7.424
15081,4.282,4.641,11.32,3.313,,,,,,,,,,,,,6.024
15082,4.282,4.641,11.32,3.313,,,,,,,,,,,,,7.16
15083,4.282,4.641,11.32,3.313,,,,,,,,,,,,,6.895
15084,4.282,4.641,11.32,3.313,,,,,,,,,,,,,7.544
15085,4.282,4.641,11.32,3.313,,,,,,,,,,,,,7.737
15086,4.282,4.641,11.32,3.313,,,,,,,,,,,,,10.048
15087,4.282,4.641,11.32,3.313,,,,,,,,,,,,,6.939
15088,4.282,4.641,11.32,3.313,,,,,,,,,,,,,8.408
15089,4.282,4.641,11.32,3.313,,,,,,,,,,,,,5.876
15090,4.282,4.641,11.32,3.313,,,,,,,,,,,,,75.106
15091,4.282,4.641,11.32,3.313,,,,,,,,,,,,,16.039
15092,4.282,4.641,11.32,3.313,,,,,,,,,,,,,2.485
15093,4.282,4.641,11.32,3.313,,,,,,,,,,,,,1.895
15094,4.282,4.641,11.32,3.313,,,,,,,,,,,,,1.62
15095,4.282,4.641,11.32,3.313,,,,,,,,,,,,,2.02
15096,4.282,4.641,11.32,3.313,,,,,,,,,,,,,1.596
15097,4.282,4.641,11.32,3.313,,,,,,,,,,,,,1.71
15098,4.282,4.641,11.32,3.313,,,,,,,,,,,,,1.485
15099,4.282,4.641,11.32,3.313,,,,,,,,,,,,,1.391
15100,4.282,4.641,11.32,3.313,,,,,,,,,,,,,1.918
15101,4.282,4.641,11.32,3.313,,,,,,,,,,,,,2.059
15102,4.282,4.641,11.32,3.313,,,,,,,,,,,,,1.876
15103,4.282,4.641,11.32,3.313,,,,,,,,,,,,,7.843
15104,4.282,4.641,11.32,3.313,,,,,,,,,,,,,2.499
15105,4.282,4.641,11.32,3.313,,,,,,,,,,,,,1.852
15106,4.282,4.641,11.32,3.313,,,,,,,,,,,,,1.426
15107,4.282,4.641,11.32,3.313,,,,,,,,,,,,,2.255
15108,4.282,4.641,11.32,3.313,,,,,,,,,,,,,2.047
15109,4.282,4.641,11.32,3.313,,,,,,,,,,,,,1.617
15110,4.282,4.641,11.32,3.313,,,,,,,,,,,,,2.213
15111,4.282,4.641,11.32,3.313,,,,,,,,,,,,,3.578
15112,4.282,4.641,11.32,3.313,,,,,,,,,,,,,7.143
15113,4.282,4.641,11.32,3.313,,,,,,,,,,,,,7.643
15114,4.282,4.641,11.32,3.313,,,,,,,,,,,,,6.687
15115,4.282,4.641,11.32,3.313,,,,,,,,,,,,,6.457
15116,4.282,4.641,11.32,3.313,,,,,,,,,,,,,6.855
15117,4.282,4.641,11.32,3.313,,,,,,,,,,,,,9.474
15118,4.282,4.641,11.32,3.313,,,,,,,,,,,,,7.619
15119,4.282,4.641,11.32,3.313,,,,,,,,,,,,,4.521
15120,4.282,4.641,11.32,3.313,,,,,,,,,,,,,10.423
15121,4.282,4.641,11.32,3.313,,,,,,,,,,,,,5.222
15122,4.282,4.641,11.32,3.313,,,,,,,,,,,,,8.66
15123,4.282,4.641,11.32,3.313,,,,,,,,,,,,,4.433
15124,4.282,4.641,11.32,3.313,,,,,,,,,,,,,6.9
15129,4.282,4.641,11.32,3.313,,,,,,,,,,,,,7.432
15130,4.282,4.641,11.32,3.313,,,,,,,,,,,,,7.127
15131,4.282,4.641,11.32,3.313,,,,,,,,,,,,,6.945
15132,4.282,4.641,11.32,3.313,,,,,,,,,,,,,7.429
15137,4.282,4.641,11.32,3.313,,,,,,,,,,,,,0.154
15138,4.282,4.641,11.32,3.313,,,,,,,,,,,,,1.938
15139,4.282,4.641,11.32,3.313,,,,,,,,,,,,,1.585
15140,4.282,4.641,11.32,3.313,,,,,,,,,,,,,2.022
15141,4.282,4.641,11.32,3.313,,,,,,,,,,,,,2.394
15142,4.282,4.641,11.32,3.313,,,,,,,,,,,,,1.638
15143,4.282,4.641,11.32,3.313,,,,,,,,,,,,,2.886
15144,4.282,4.641,11.32,3.313,,,,,,,,,,,,,1.946
15145,4.282,4.641,11.32,3.313,,,,,,,,,,,,,1.645
15146,4.282,4.641,11.32,3.313,,,,,,,,,,,,,2.108
15147,4.282,4.641,11.32,3.313,,,,,,,,,,,,,1.814
15148,4.282,4.641,11.32,3.313,,,,,,,,,,,,,3.002
15149,4.282,4.641,11.32,3.313,,,,,,,,,,,,,7.486
15150,4.282,4.641,11.32,3.313,,,,,,,,,,,,,7.095
15151,4.282,4.641,11.32,3.313,,,,,,,,,,,,,9.499
15152,4.282,4.641,11.32,3.313,,,,,,,,,,,,,32.75
15153,4.282,4.641,11.32,3.313,,,,,,,,,,,,,4.905
15154,4.282,4.641,11.32,3.313,,,,,,,,,,,,,2.694
15155,4.282,4.641,11.32,3.313,,,,,,,,,,,,,2.354
15156,4.282,4.641,11.32,3.313,,,,,,,,,,,,,1.6
15157,4.282,4.641,11.32,3.313,,,,,,,,,,,,,1.394
15158,4.282,4.641,11.32,3.313,,,,,,,,,,,,,1.75
15159,4.282,4.641,11.32,3.313,,,,,,,,,,,,,2.828
15160,4.282,4.641,11.32,3.313,,,,,,,,,,,,,6.167
15161,4.282,4.641,11.32,3.313,,,,,,,,,,,,,7.111
15162,4.282,4.641,11.32,3.313,,,,,,,,,,,,,7.169
15163,4.282,4.641,11.32,3.313,,,,,,,,,,,,,7.305
15164,4.282,4.641,11.32,3.313,,,,,,,,,,,,,7.136
15165,4.282,4.641,11.32,3.313,,,,,,,,,,,,,6.957
15166,4.282,4.641,11.32,3.313,,,,,,,,,,,,,7.674
15167,4.282,4.641,11.32,3.313,,,,,,,,,,,,,8.48
15168,4.282,4.641,11.32,3.313,,,,,,,,,,,,,5.025
15177,4.282,4.641,11.32,3.313,,,,,,,,,,,,,9.543
15178,4.282,4.641,11.32,3.313,,,,,,,,,,,,,25.802
15179,4.282,4.641,11.32,3.313,,,,,,,,,,,,,2.973
15180,4.282,4.641,11.32,3.313,,,,,,,,,,,,,3.886
15185,4.282,4.641,11.32,3.313,,,,,,,,,,,,,4.609
15186,4.282,4.641,11.32,3.313,,,,,,,,,,,,,8.597
15187,4.282,4.641,11.32,3.313,,,,,,,,,,,,,6.161
15188,4.282,4.641,11.32,3.313,,,,,,,,,,,,,6.422
15193,4.282,4.641,11.32,3.313,,,,,,,,,,,,,7.532
15194,4.282,4.641,11.32,3.313,,,,,,,,,,,,,6.741
15195,4.282,4.641,11.32,3.313,,,,,,,,,,,,,7.939
15200,4.282,4.641,11.32,3.313,,,,,,,,,,,,,6.787
15201,4.282,4.641,11.32,3.313,,,,,,,,,,,,,7.286
15202,4.282,4.641,11.32,3.313,,,,,,,,,,,,,6.885
15203,4.282,4.641,11.32,3.313,,,,,,,,,,,,,6.94
15204,4.282,4.641,11.32,3.313,,,,,,,,,,,,,7.069
15205,4.282,4.641,11.32,3.313,,,,,,,,,,,,,7.568
15206,4.282,4.641,11.32,3.313,,,,,,,,,,,,,6.935
15207,4.282,4.641,11.32,3.313,,,,,,,,,,,,,7.369
15208,4.282,4.641,11.32,3.313,,,,,,,,,,,,,7.667
15209,4.282,4.641,11.32,3.313,,,,,,,,,,,,,6.86
15210,4.282,4.641,11.32,3.313,,,,,,,,,,,,,8.041
15211,4.282,4.641,11.32,3.313,,,,,,,,,,,,,6.484
15212,4.282,4.641,11.32,3.313,,,,,,,,,,,,,7.342
15213,4.282,4.641,11.32,3.313,,,,,,,,,,,,,6.35
15214,4.282,4.641,11.32,3.313,,,,,,,,,,,,,7.427
15215,4.282,4.641,11.32,3.313,,,,,,,,,,,,,9.991
15216,4.282,4.641,11.32,3.313,,,,,,,,,,,,,73.888
15217,4.282,4.641,11.32,3.313,,,,,,,,,,,,,2.447
15218,4.282,4.641,11.32,3.313,,,,,,,,,,,,,2.003
15219,4.282,4.641,11.32,3.313,,,,,,,,,,,,,1.895
15220,4.282,4.641,11.32,3.313,,,,,,,,,,,,,1.771
15221,4.282,4.641,11.32,3.313,,,,,,,,,,,,,2.205
15222,4.282,4.641,11.32,3.313,,,,,,,,,,,,,2.386
15223,4.282,4.641,11.32,3.313,,,,,,,,,,,,,3.515
15224,4.282,4.641,11.32,3.313,,,,,,,,,,,,,2.443
15225,4.282,4.641,11.32,3.313,,,,,,,,,,,,,3.011
15226,4.282,4.641,11.32,3.313,,,,,,,,,,,,,2.638
15227,4.282,4.641,11.32,3.313,,,,,,,,,,,,,2.283
15228,4.282,4.641,11.32,3.313,,,,,,,,,,,,,2.516
15229,4.282,4.641,11.32,3.313,,,,,,,,,,,,,2.129
15230,4.282,4.641,11.32,3.313,,,,,,,,,,,,,3.015
15231,4.282,4.641,11.32,3.313,,,,,,,,,,,,,2.281
15232,4.282,4.641,11.32,3.313,,,,,,,,,,,,,2.231
15233,4.282,4.641,11.32,3.314,,,,,,,,,,,,,2.015
15234,4.282,4.641,11.32,3.314,,,,,,,,,,,,,3.204
15235,4.282,4.641,11.32,3.314,,,,,,,,,,,,,7.032
15236,4.282,4.641,11.32,3.314,,,,,,,,,,,,,7.283
15237,4.282,4.641,11.32,3.314,,,,,,,,,,,,,7.557
15238,4.282,4.641,11.32,3.314,,,,,,,,,,,,,5.918
15239,4.282,4.641,11.32,3.314,,,,,,,,,,,,,7.69
15240,4.282,4.641,11.32,3.314,,,,,,,,,,,,,7.456
15241,4.282,4.641,11.32,3.313,,,,,,,,,,,,,9.461
15242,4.282,4.641,11.32,3.313,,,,,,,,,,,,,4.445
15243,4.282,4.641,11.32,3.313,,,,,,,,,,,,,7.098
15248,4.282,4.641,11.32,3.313,,,,,,,,,,,,,6.099
15249,4.282,4.641,11.32,3.314,,,,,,,,,,,,,8.037
15250,4.282,4.641,11.32,3.314,,,,,,,,,,,,,5.821
15251,4.282,4.641,11.32,3.314,,,,,,,,,,,,,6.869
15252,4.282,4.641,11.32,3.313,,,,,,,,,,,,,7.496
15253,4.282,4.641,11.32,3.313,,,,,,,,,,,,,6.615
15254,4.282,4.641,11.32,3.313,,,,,,,,,,,,,7.409
15255,4.282,4.641,11.32,3.313,,,,,,,,,,,,,9.787
15256,4.282,4.641,11.32,3.313,,,,,,,,,,,,,5.039
15257,4.282,4.641,11.32,3.313,,,,,,,,,,,,,5.648
15258,4.282,4.641,11.32,3.313,,,,,,,,,,,,,7.919
15259,4.282,4.641,11.32,3.313,,,,,,,,,,,,,6.533
15260,4.282,4.641,11.32,3.314,,,,,,,,,,,,,10.261
15261,4.282,4.641,11.32,3.314,,,,,,,,,,,,,4.602
15262,4.282,4.641,11.32,3.314,,,,,,,,,,,,,6.257
15263,4.282,4.641,11.32,3.314,,,,,,,,,,,,,7.303
15264,4.282,4.641,11.32,3.314,,,,,,,,,,,,,9.537
15265,4.282,4.641,11.32,3.314,,,,,,,,,,,,,4.791
15266,4.282,4.641,11.32,3.314,,,,,,,,,,,,,7.167
15267,4.282,4.641,11.32,3.314,,,,,,,,,,,,,7.189
15268,4.282,4.641,11.32,3.313,,,,,,,,,,,,,7.858
15269,4.282,4.641,11.32,3.313,,,,,,,,,,,,,9.413
15270,4.282,4.641,11.32,3.313,,,,,,,,,,,,,7.441
15271,4.282,4.641,11.32,3.314,,,,,,,,,,,,,5.517
15272,4.282,4.641,11.32,3.314,,,,,,,,,,,,,7.517
15273,4.282,4.641,11.32,3.314,,,,,,,,,,,,,6.811
15274,4.282,4.641,11.32,3.314,,,,,,,,,,,,,5.6
15275,4.282,4.641,11.32,3.314,,,,,,,,,,,,,9.611
15276,4.282,4.641,11.32,3.314,,,,,,,,,,,,,6.733
15277,4.282,4.641,11.32,3.314,,,,,,,,,,,,,7.462
15278,4.282,4.641,11.32,3.314,,,,,,,,,,,,,5.812
15279,4.282,4.641,11.32,3.313,,,,,,,,,,,,,7.242
15280,4.282,4.641,11.32,3.313,,,,,,,,,,,,,6.511
15281,4.282,4.641,11.32,3.313,,,,,,,,,,,,,7.277
15282,4.282,4.641,11.32,3.313,,,,,,,,,,,,,10.059
15283,4.282,4.641,11.32,3.313,,,,,,,,,,,,,4.991
15284,4.282,4.641,11.32,3.313,,,,,,,,,,,,,22.275
15285,4.282,4.641,11.32,3.313,,,,,,,,,,,,,4.452
15286,4.282,4.641,11.32,3.313,,,,,,,,,,,,,3.706
15287,4.282,4.641,11.32,3.314,,,,,,,,,,,,,3.737
15288,4.282,4.641,11.32,3.314,,,,,,,,,,,,,2.684
15289,4.282,4.641,11.32,3.314,,,,,,,,,,,,,3.076
15290,4.282,4.641,11.32,3.314,,,,,,,,,,,,,6.401
15291,4.282,4.641,11.32,3.314,,,,,,,,,,,,,8.012
15292,4.282,4.641,11.32,3.314,,,,,,,,,,,,,8.095
15293,4.282,4.641,11.32,3.314,,,,,,,,,,,,,5.125
15294,4.282,4.641,11.32,3.313,,,,,,,,,,,,,7.174
15295,4.282,4.641,11.32,3.313,,,,,,,,,,,,,7.226
15296,4.282,4.641,11.32,3.313,,,,,,,,,,,,,8.137
15297,4.282,4.641,11.32,3.313,,,,,,,,,,,,,8.861
15298,4.282,4.641,11.32,3.314,,,,,,,,,,,,,5.247
15299,4.282,4.641,11.32,3.314,,,,,,,,,,,,,22.511
15300,4.282,4.641,11.32,3.314,,,,,,,,,,,,,4.906
15301,4.282,4.641,11.32,3.314,,,,,,,,,,,,,2.44
15302,4.282,4.641,11.32,3.314,,,,,,,,,,,,,1.603
15303,4.282,4.641,11.32,3.314,,,,,,,,,,,,,1.437
15304,4.282,4.641,11.32,3.314,,,,,,,,,,,,,6.517
15305,4.282,4.641,11.32,3.314,,,,,,,,,,,,,7.104
15306,4.282,4.641,11.32,3.314,,,,,,,,,,,,,10.711
15307,4.282,4.641,11.32,3.314,,,,,,,,,,,,,4.567
15308,4.282,4.641,11.32,3.314,,,,,,,,,,,,,5.823
15309,4.282,4.641,11.32,3.314,,,,,,,,,,,,,7.163
15310,4.282,4.641,11.32,3.313,,,,,,,,,,,,,6.853
15311,4.282,4.641,11.32,3.313,,,,,,,,,,,,,7.42
15312,4.282,4.641,11.32,3.313,,,,,,,,,,,,,36.143
