id,L1,L2,L3,L4,L5,L6,L7,L8,L9,L10,L11,L12,L13,L14,L15,L16,ping
20452,4.281,4.642,11.32,3.321,4.281,4.642,11.32,3.321,4.281,4.642,11.32,3.321,4.281,4.642,11.32,3.321,6.569
20453,4.281,4.642,11.32,3.321,4.281,4.642,11.32,3.321,4.281,4.642,11.32,3.321,4.281,4.642,11.32,3.321,9.189
20454,4.281,4.642,11.32,3.321,4.281,4.642,11.32,3.321,4.281,4.642,11.32,3.321,4.281,4.642,11.32,3.321,7.178
20455,4.281,4.642,11.32,3.32,4.281,4.642,11.32,3.32,4.281,4.642,11.32,3.32,4.281,4.642,11.32,3.32,12.866
20456,4.281,4.642,11.32,3.32,4.281,4.642,11.32,3.32,4.281,4.642,11.32,3.32,4.281,4.642,11.32,3.32,7.062
20457,4.281,4.642,11.32,3.32,4.281,4.642,11.32,3.32,4.281,4.642,11.32,3.32,4.281,4.642,11.32,3.32,10.442
20458,4.281,4.642,11.32,3.32,4.281,4.642,11.32,3.32,4.281,4.642,11.32,3.32,4.281,4.642,11.32,3.32,7.726
20459,4.281,4.642,11.32,3.32,4.281,4.642,11.32,3.32,4.281,4.642,11.32,3.32,4.281,4.642,11.32,3.32,0.017
20460,4.281,4.642,11.32,3.32,4.281,4.642,11.32,3.32,4.281,4.642,11.32,3.32,4.281,4.642,11.32,3.32,5.719
20461,4.281,4.642,11.32,3.32,4.281,4.642,11.32,3.32,4.281,4.642,11.32,3.32,4.281,4.642,11.32,3.32,7.723
20462,4.281,4.642,11.32,3.32,4.281,4.642,11.32,3.32,4.281,4.642,11.32,3.32,4.281,4.642,11.32,3.32,5.869
20463,4.281,4.642,11.32,3.32,4.281,4.642,11.32,3.32,4.281,4.642,11.32,3.32,4.281,4.642,11.32,3.32,6.173
20464,4.281,4.642,11.32,3.32,4.281,4.642,11.32,3.32,4.281,4.642,11.32,3.32,4.281,4.642,11.32,3.32,12.24
20465,4.281,4.642,11.32,3.32,4.281,4.642,11.32,3.32,4.281,4.642,11.32,3.32,4.281,4.642,11.32,3.32,1.889
20466,4.281,4.642,11.32,3.321,4.281,4.642,11.32,3.321,4.281,4.642,11.32,3.321,4.281,4.642,11.32,3.321,8.927
20467,4.281,4.642,11.32,3.321,4.281,4.642,11.32,3.321,4.281,4.642,11.32,3.321,4.281,4.642,11.32,3.321,12.847
20468,4.281,4.642,11.32,3.321,4.281,4.642,11.32,3.321,4.281,4.642,11.32,3.321,4.281,4.642,11.32,3.321,16.562
20469,4.281,4.642,11.32,3.321,4.281,4.642,11.32,3.321,4.281,4.642,11.32,3.321,4.281,4.642,11.32,3.321,0.029
20470,4.281,4.642,11.32,3.321,4.281,4.642,11.32,3.321,4.281,4.642,11.32,3.321,4.281,4.642,11.32,3.321,5.723
20471,4.281,4.642,11.32,3.321,4.281,4.642,11.32,3.321,4.281,4.642,11.32,3.321,4.281,4.642,11.32,3.321,0.028
20472,4.281,4.642,11.32,3.321,4.281,4.642,11.32,3.321,4.281,4.642,11.32,3.321,4.281,4.642,11.32,3.321,7.681
20473,4.281,4.642,11.32,3.321,4.281,4.642,11.32,3.321,4.281,4.642,11.32,3.321,4.281,4.642,11.32,3.321,10.387
20474,4.281,4.642,11.32,3.321,4.281,4.642,11.32,3.321,4.281,4.642,11.32,3.321,4.281,4.642,11.32,3.321,8.043
20475,4.281,4.642,11.32,3.321,4.281,4.642,11.32,3.321,4.281,4.642,11.32,3.321,4.281,4.642,11.32,3.321,7.238
20476,4.28,4.642,11.32,3.321,4.28,4.642,11.32,3.321,4.28,4.642,11.32,3.321,4.28,4.642,11.32,3.321,0.047
20477,4.28,4.642,11.32,3.321,4.28,4.642,11.32,3.321,4.28,4.642,11.32,3.321,4.28,4.642,11.32,3.321,7.186
20478,4.28,4.642,11.32,3.321,4.28,4.642,11.32,3.321,4.28,4.642,11.32,3.321,4.28,4.642,11.32,3.321,4.933
20479,4.281,4.642,11.32,3.321,4.281,4.642,11.32,3.321,4.281,4.642,11.32,3.321,4.281,4.642,11.32,3.321,6.572
20480,4.281,4.643,11.32,3.321,4.281,4.643,11.32,3.321,4.281,4.643,11.32,3.321,4.281,4.643,11.32,3.321,9.288
20485,4.281,4.642,11.32,3.321,4.281,4.642,11.32,3.321,4.281,4.642,11.32,3.321,4.281,4.642,11.32,3.321,10.546
20486,4.281,4.642,11.32,3.321,4.281,4.642,11.32,3.321,4.281,4.642,11.32,3.321,4.281,4.642,11.32,3.321,4.711
20487,4.281,4.642,11.32,3.321,4.281,4.642,11.32,3.321,4.281,4.642,11.32,3.321,4.281,4.642,11.32,3.321,7.876
20488,4.281,4.642,11.32,3.321,4.281,4.642,11.32,3.321,4.281,4.642,11.32,3.321,4.281,4.642,11.32,3.321,6.046
20489,4.281,4.642,11.32,3.321,4.281,4.642,11.32,3.321,4.281,4.642,11.32,3.321,4.281,4.642,11.32,3.321,7.155
20490,4.281,4.642,11.32,3.321,4.281,4.642,11.32,3.321,4.281,4.642,11.32,3.321,4.281,4.642,11.32,3.321,6.922
20491,4.281,4.642,11.32,3.321,4.281,4.642,11.32,3.321,4.281,4.642,11.32,3.321,4.281,4.642,11.32,3.321,7.777
20492,4.281,4.642,11.32,3.321,4.281,4.642,11.32,3.321,4.281,4.642,11.32,3.321,4.281,4.642,11.32,3.321,7.489
20493,4.281,4.642,11.32,3.321,4.281,4.642,11.32,3.321,4.281,4.642,11.32,3.321,4.281,4.642,11.32,3.321,9.522
20494,4.281,4.642,11.32,3.321,4.281,4.642,11.32,3.321,4.281,4.642,11.32,3.321,4.281,4.642,11.32,3.321,7.078
20495,4.281,4.642,11.32,3.321,4.281,4.642,11.32,3.321,4.281,4.642,11.32,3.321,4.281,4.642,11.32,3.321,11.017
20496,4.281,4.642,11.32,3.321,4.281,4.642,11.32,3.321,4.281,4.642,11.32,3.321,4.281,4.642,11.32,3.321,5.689
20497,4.281,4.642,11.32,3.321,4.281,4.642,11.32,3.321,4.281,4.642,11.32,3.321,4.281,4.642,11.32,3.321,7.327
20498,4.281,4.642,11.32,3.321,4.281,4.642,11.32,3.321,4.281,4.642,11.32,3.321,4.281,4.642,11.32,3.321,6.029
20499,4.281,4.643,11.32,3.321,4.281,4.643,11.32,3.321,4.281,4.643,11.32,3.321,4.281,4.643,11.32,3.321,12.747
20500,4.281,4.643,11.32,3.321,4.281,4.643,11.32,3.321,4.281,4.643,11.32,3.321,4.281,4.643,11.32,3.321,34.372
20501,4.281,4.643,11.32,3.321,4.281,4.643,11.32,3.321,4.281,4.643,11.32,3.321,4.281,4.643,11.32,3.321,0.031
20502,4.281,4.643,11.32,3.321,4.281,4.643,11.32,3.321,4.281,4.643,11.32,3.321,4.281,4.643,11.32,3.321,9.726
20503,4.281,4.642,11.32,3.321,4.281,4.642,11.32,3.321,4.281,4.642,11.32,3.321,4.281,4.642,11.32,3.321,0.028
20508,4.281,4.642,11.32,3.321,4.281,4.642,11.32,3.321,4.281,4.642,11.32,3.321,4.281,4.642,11.32,3.321,0.027
20509,4.281,4.642,11.32,3.321,4.281,4.642,11.32,3.321,4.281,4.642,11.32,3.321,4.281,4.642,11.32,3.321,6.804
20510,4.281,4.642,11.32,3.321,4.281,4.642,11.32,3.321,4.281,4.642,11.32,3.321,4.281,4.642,11.32,3.321,6.846
20511,4.281,4.642,11.32,3.321,4.281,4.642,11.32,3.321,4.281,4.642,11.32,3.321,4.281,4.642,11.32,3.321,7.477
20512,4.281,4.642,11.32,3.321,4.281,4.642,11.32,3.321,4.281,4.642,11.32,3.321,4.281,4.642,11.32,3.321,7.942
20513,4.281,4.642,11.32,3.321,4.281,4.642,11.32,3.321,4.281,4.642,11.32,3.321,4.281,4.642,11.32,3.321,8.857
20514,4.281,4.642,11.32,3.321,4.281,4.642,11.32,3.321,4.281,4.642,11.32,3.321,4.281,4.642,11.32,3.321,6.705
20515,4.281,4.642,11.32,3.321,4.281,4.642,11.32,3.321,4.281,4.642,11.32,3.321,4.281,4.642,11.32,3.321,12.34
20516,4.281,4.642,11.32,3.321,4.281,4.642,11.32,3.321,4.281,4.642,11.32,3.321,4.281,4.642,11.32,3.321,8.043
20517,4.281,4.642,11.32,3.321,4.281,4.642,11.32,3.321,4.281,4.642,11.32,3.321,4.281,4.642,11.32,3.321,8.858
20518,4.281,4.642,11.32,3.321,4.281,4.642,11.32,3.321,4.281,4.642,11.32,3.321,4.281,4.642,11.32,3.321,0.035
20519,4.281,4.642,11.32,3.321,4.281,4.642,11.32,3.321,4.281,4.642,11.32,3.321,4.281,4.642,11.32,3.321,11.937
20520,4.281,4.642,11.32,3.321,4.281,4.642,11.32,3.321,4.281,4.642,11.32,3.321,4.281,4.642,11.32,3.321,7.015
20521,4.281,4.642,11.32,3.321,4.281,4.642,11.32,3.321,4.281,4.642,11.32,3.321,4.281,4.642,11.32,3.321,0.028
20522,4.281,4.642,11.32,3.321,4.281,4.642,11.32,3.321,4.281,4.642,11.32,3.321,4.281,4.642,11.32,3.321,8.577
20523,4.281,4.642,11.32,3.321,4.281,4.642,11.32,3.321,4.281,4.642,11.32,3.321,4.281,4.642,11.32,3.321,9.051
20524,4.281,4.642,11.32,3.321,4.281,4.642,11.32,3.321,4.281,4.642,11.32,3.321,4.281,4.642,11.32,3.321,7.161
20525,4.281,4.642,11.32,3.321,4.281,4.642,11.32,3.321,4.281,4.642,11.32,3.321,4.281,4.642,11.32,3.321,7.518
20526,4.281,4.643,11.32,3.321,4.281,4.643,11.32,3.321,4.281,4.643,11.32,3.321,4.281,4.643,11.32,3.321,7.996
20527,4.281,4.643,11.32,3.321,4.281,4.643,11.32,3.321,4.281,4.643,11.32,3.321,4.281,4.643,11.32,3.321,5.956
20528,4.281,4.643,11.32,3.321,4.281,4.643,11.32,3.321,4.281,4.643,11.32,3.321,4.281,4.643,11.32,3.321,7.827
20529,4.281,4.643,11.32,3.321,4.281,4.643,11.32,3.321,4.281,4.643,11.32,3.321,4.281,4.643,11.32,3.321,10.701
20530,4.281,4.643,11.32,3.321,4.281,4.643,11.32,3.321,4.281,4.643,11.32,3.321,4.281,4.643,11.32,3.321,0.044
20531,4.281,4.643,11.32,3.321,4.281,4.643,11.32,3.321,4.281,4.643,11.32,3.321,4.281,4.643,11.32,3.321,24.128
20532,4.281,4.643,11.32,3.321,4.281,4.643,11.32,3.321,4.281,4.643,11.32,3.321,4.281,4.643,11.32,3.321,12.148
20533,4.281,4.643,11.32,3.321,4.281,4.643,11.32,3.321,4.281,4.643,11.32,3.321,4.281,4.643,11.32,3.321,0.028
20534,4.281,4.643,11.32,3.321,4.281,4.643,11.32,3.321,4.281,4.643,11.32,3.321,4.281,4.643,11.32,3.321,0.003
20535,4.281,4.643,11.32,3.321,4.281,4.643,11.32,3.321,4.281,4.643,11.32,3.321,4.281,4.643,11.32,3.321,0.002
20536,4.281,4.643,11.32,3.321,4.281,4.643,11.32,3.321,4.281,4.643,11.32,3.321,4.281,4.643,11.32,3.321,9.033
20537,4.281,4.643,11.32,3.321,4.281,4.643,11.32,3.321,4.281,4.643,11.32,3.321,4.281,4.643,11.32,3.321,0.034
20538,4.281,4.643,11.32,3.321,4.281,4.643,11.32,3.321,4.281,4.643,11.32,3.321,4.281,4.643,11.32,3.321,4.622
20539,4.281,4.643,11.32,3.321,4.281,4.643,11.32,3.321,4.281,4.643,11.32,3.321,4.281,4.643,11.32,3.321,7.729
20540,4.281,4.643,11.32,3.321,4.281,4.643,11.32,3.321,4.281,4.643,11.32,3.321,4.281,4.643,11.32,3.321,5.077
20541,4.281,4.643,11.32,3.321,4.281,4.643,11.32,3.321,4.281,4.643,11.32,3.321,4.281,4.643,11.32,3.321,8.534
20542,4.281,4.643,11.32,3.321,4.281,4.643,11.32,3.321,4.281,4.643,11.32,3.321,4.281,4.643,11.32,3.321,5.548
20543,4.281,4.643,11.32,3.321,4.281,4.643,11.32,3.321,4.281,4.643,11.32,3.321,4.281,4.643,11.32,3.321,6.81
20544,4.281,4.643,11.32,3.321,4.281,4.643,11.32,3.321,4.281,4.643,11.32,3.321,4.281,4.643,11.32,3.321,8.543
20545,4.281,4.643,11.32,3.321,4.281,4.643,11.32,3.321,4.281,4.643,11.32,3.321,4.281,4.643,11.32,3.321,8.9
20546,4.281,4.643,11.32,3.321,4.281,4.643,11.32,3.321,4.281,4.643,11.32,3.321,4.281,4.643,11.32,3.321,6.179
20547,4.281,4.643,11.32,3.321,4.281,4.643,11.32,3.321,4.281,4.643,11.32,3.321,4.281,4.643,11.32,3.321,4.944
20548,4.281,4.643,11.32,3.321,4.281,4.643,11.32,3.321,4.281,4.643,11.32,3.321,4.281,4.643,11.32,3.321,6.669
20549,4.281,4.643,11.32,3.321,4.281,4.643,11.32,3.321,4.281,4.643,11.32,3.321,4.281,4.643,11.32,3.321,9.152
20550,4.281,4.643,11.32,3.321,4.281,4.643,11.32,3.321,4.281,4.643,11.32,3.321,4.281,4.643,11.32,3.321,6.653
20551,4.281,4.643,11.32,3.321,4.281,4.643,11.32,3.321,4.281,4.643,11.32,3.321,4.281,4.643,11.32,3.321,6.132
20552,4.281,4.643,11.32,3.321,4.281,4.643,11.32,3.321,4.281,4.643,11.32,3.321,4.281,4.643,11.32,3.321,7.314
20553,4.281,4.643,11.32,3.321,4.281,4.643,11.32,3.321,4.281,4.643,11.32,3.321,4.281,4.643,11.32,3.321,6.914
20554,4.281,4.643,11.32,3.321,4.281,4.643,11.32,3.321,4.281,4.643,11.32,3.321,4.281,4.643,11.32,3.321,7.254
20555,4.281,4.643,11.32,3.322,4.281,4.643,11.32,3.322,4.281,4.643,11.32,3.322,4.281,4.643,11.32,3.322,7.44
20556,4.281,4.643,11.32,3.322,4.281,4.643,11.32,3.322,4.281,4.643,11.32,3.322,4.281,4.643,11.32,3.322,7.158
20557,4.282,4.643,11.32,3.322,4.282,4.643,11.32,3.322,4.282,4.643,11.32,3.322,4.282,4.643,11.32,3.322,6.933
20558,4.282,4.643,11.32,3.322,4.282,4.643,11.32,3.322,4.282,4.643,11.32,3.322,4.282,4.643,11.32,3.322,6.825
20559,4.282,4.643,11.32,3.321,4.282,4.643,11.32,3.321,4.282,4.643,11.32,3.321,4.282,4.643,11.32,3.321,11.51
20560,4.282,4.643,11.32,3.321,4.282,4.643,11.32,3.321,4.282,4.643,11.32,3.321,4.282,4.643,11.32,3.321,4.586
20561,4.282,4.643,11.32,3.321,4.282,4.643,11.32,3.321,4.282,4.643,11.32,3.321,4.282,4.643,11.32,3.321,11.105
20562,4.282,4.643,11.32,3.321,4.282,4.643,11.32,3.321,4.282,4.643,11.32,3.321,4.282,4.643,11.32,3.321,4.248
20563,4.282,4.643,11.32,3.322,4.282,4.643,11.32,3.322,4.282,4.643,11.32,3.322,4.282,4.643,11.32,3.322,4.347
20564,4.282,4.643,11.32,3.322,4.282,4.643,11.32,3.322,4.282,4.643,11.32,3.322,4.282,4.643,11.32,3.322,7.563
20565,4.282,4.643,11.32,3.322,4.282,4.643,11.32,3.322,4.282,4.643,11.32,3.322,4.282,4.643,11.32,3.322,11.698
20566,4.282,4.643,11.32,3.322,4.282,4.643,11.32,3.322,4.282,4.643,11.32,3.322,4.282,4.643,11.32,3.322,5.245
20567,4.282,4.643,11.32,3.321,4.282,4.643,11.32,3.321,4.282,4.643,11.32,3.321,4.282,4.643,11.32,3.321,6.516
20568,4.282,4.643,11.32,3.321,4.282,4.643,11.32,3.321,4.282,4.643,11.32,3.321,4.282,4.643,11.32,3.321,7.163
20569,4.282,4.643,11.32,3.321,4.282,4.643,11.32,3.321,4.282,4.643,11.32,3.321,4.282,4.643,11.32,3.321,8.743
20570,4.282,4.643,11.32,3.32,4.282,4.643,11.32,3.32,4.282,4.643,11.32,3.32,4.282,4.643,11.32,3.32,5.701
20571,4.282,4.643,11.32,3.32,4.282,4.643,11.32,3.32,4.282,4.643,11.32,3.32,4.282,4.643,11.32,3.32,5.935
20572,4.28,4.642,11.32,3.32,4.28,4.642,11.32,3.32,4.28,4.642,11.32,3.32,4.28,4.642,11.32,3.32,14.555
20573,4.28,4.642,11.32,3.32,4.28,4.642,11.32,3.32,4.28,4.642,11.32,3.32,4.28,4.642,11.32,3.32,12.281
20574,4.28,4.642,11.32,3.317,4.28,4.642,11.32,3.317,4.28,4.642,11.32,3.317,4.28,4.642,11.32,3.317,0.03
20575,4.28,4.642,11.32,3.317,4.28,4.642,11.32,3.317,4.28,4.642,11.32,3.317,4.28,4.642,11.32,3.317,0.004
20576,4.278,4.642,11.32,3.317,4.278,4.642,11.32,3.317,4.278,4.642,11.32,3.317,4.278,4.642,11.32,3.317,8.655
20577,4.278,4.641,11.32,3.317,4.278,4.641,11.32,3.317,4.278,4.641,11.32,3.317,4.278,4.641,11.32,3.317,6.881
20578,4.278,4.641,11.32,3.318,4.278,4.641,11.32,3.318,4.278,4.641,11.32,3.318,4.278,4.641,11.32,3.318,10.551
20579,4.278,4.641,11.32,3.318,4.278,4.641,11.32,3.318,4.278,4.641,11.32,3.318,4.278,4.641,11.32,3.318,5.846
20580,4.276,4.641,11.32,3.318,4.276,4.641,11.32,3.318,4.276,4.641,11.32,3.318,4.276,4.641,11.32,3.318,34.263
20581,4.276,4.642,11.32,3.318,4.276,4.642,11.32,3.318,4.276,4.642,11.32,3.318,4.276,4.642,11.32,3.318,0.029
20582,4.276,4.642,11.32,3.321,4.276,4.642,11.32,3.321,4.276,4.642,11.32,3.321,4.276,4.642,11.32,3.321,0.003
20583,4.276,4.642,11.32,3.321,4.276,4.642,11.32,3.321,4.276,4.642,11.32,3.321,4.276,4.642,11.32,3.321,0.002
20584,4.276,4.642,11.32,3.321,4.276,4.642,11.32,3.321,4.276,4.642,11.32,3.321,4.276,4.642,11.32,3.321,0.002
20585,4.276,4.642,11.32,3.321,4.276,4.642,11.32,3.321,4.276,4.642,11.32,3.321,4.276,4.642,11.32,3.321,7.109
20586,4.276,4.642,11.32,3.321,4.276,4.642,11.32,3.321,4.276,4.642,11.32,3.321,4.276,4.642,11.32,3.321,0.014
20587,4.276,4.642,11.32,3.32,4.276,4.642,11.32,3.32,4.276,4.642,11.32,3.32,4.276,4.642,11.32,3.32,6.176
20588,4.278,4.642,11.32,3.32,4.278,4.642,11.32,3.32,4.278,4.642,11.32,3.32,4.278,4.642,11.32,3.32,8.008
20589,4.278,4.642,11.32,3.32,4.278,4.642,11.32,3.32,4.278,4.642,11.32,3.32,4.278,4.642,11.32,3.32,7.708
20590,4.278,4.642,11.32,3.321,4.278,4.642,11.32,3.321,4.278,4.642,11.32,3.321,4.278,4.642,11.32,3.321,8.634
20591,4.278,4.642,11.32,3.321,4.278,4.642,11.32,3.321,4.278,4.642,11.32,3.321,4.278,4.642,11.32,3.321,8.097
20592,4.276,4.642,11.32,3.321,4.276,4.642,11.32,3.321,4.276,4.642,11.32,3.321,4.276,4.642,11.32,3.321,5.997
20593,4.276,4.64,11.32,3.321,4.276,4.64,11.32,3.321,4.276,4.64,11.32,3.321,4.276,4.64,11.32,3.321,14.084
20594,4.276,4.64,11.32,3.33,4.276,4.64,11.32,3.33,4.276,4.64,11.32,3.33,4.276,4.64,11.32,3.33,5.793
20595,4.276,4.64,11.32,3.33,4.276,4.64,11.32,3.33,4.276,4.64,11.32,3.33,4.276,4.64,11.32,3.33,0.02
20596,4.279,4.64,11.32,3.33,4.279,4.64,11.32,3.33,4.279,4.64,11.32,3.33,4.279,4.64,11.32,3.33,6.69
20597,4.279,4.645,11.32,3.33,4.279,4.645,11.32,3.33,4.279,4.645,11.32,3.33,4.279,4.645,11.32,3.33,5.798
20598,4.279,4.645,11.32,3.335,4.279,4.645,11.32,3.335,4.279,4.645,11.32,3.335,4.279,4.645,11.32,3.335,11.082
20599,4.279,4.645,11.32,3.335,4.279,4.645,11.32,3.335,4.279,4.645,11.32,3.335,4.279,4.645,11.32,3.335,7.923
20600,4.28,4.646,11.32,3.335,4.28,4.646,11.32,3.335,4.28,4.646,11.32,3.335,4.28,4.646,11.32,3.335,7.392
20601,4.28,4.646,11.32,3.335,4.28,4.646,11.32,3.335,4.28,4.646,11.32,3.335,4.28,4.646,11.32,3.335,9.575
20602,4.28,4.646,11.32,3.344,4.28,4.646,11.32,3.344,4.28,4.646,11.32,3.344,4.28,4.646,11.32,3.344,5.82
20603,4.277,4.646,11.32,3.344,4.277,4.646,11.32,3.344,4.277,4.646,11.32,3.344,4.277,4.646,11.32,3.344,10.317
20604,4.277,4.645,11.32,3.344,4.277,4.645,11.32,3.344,4.277,4.645,11.32,3.344,4.277,4.645,11.32,3.344,4.477
20609,4.277,4.642,11.32,3.323,4.277,4.642,11.32,3.323,4.277,4.642,11.32,3.323,4.277,4.642,11.32,3.323,0.026
20610,4.277,4.642,11.32,3.316,4.277,4.642,11.32,3.316,4.277,4.642,11.32,3.316,4.277,4.642,11.32,3.316,5.858
20611,4.281,4.642,11.32,3.316,4.281,4.642,11.32,3.316,4.281,4.642,11.32,3.316,4.281,4.642,11.32,3.316,35.563
20612,4.281,4.642,11.32,3.316,4.281,4.642,11.32,3.316,4.281,4.642,11.32,3.316,4.281,4.642,11.32,3.316,8.169
20613,4.281,4.642,11.32,3.316,4.281,4.642,11.32,3.316,4.281,4.642,11.32,3.316,4.281,4.642,11.32,3.316,0.012
20614,4.281,4.642,11.32,3.324,4.281,4.642,11.32,3.324,4.281,4.642,11.32,3.324,4.281,4.642,11.32,3.324,0.003
20615,4.283,4.642,11.32,3.324,4.283,4.642,11.32,3.324,4.283,4.642,11.32,3.324,4.283,4.642,11.32,3.324,0.002
20616,4.283,4.643,11.32,3.324,4.283,4.643,11.32,3.324,4.283,4.643,11.32,3.324,4.283,4.643,11.32,3.324,0.002
20617,4.283,4.643,11.32,3.324,4.283,4.643,11.32,3.324,4.283,4.643,11.32,3.324,4.283,4.643,11.32,3.324,5.243
20618,4.283,4.643,11.32,3.329,4.283,4.643,11.32,3.329,4.283,4.643,11.32,3.329,4.283,4.643,11.32,3.329,6.839
20619,4.289,4.643,11.32,3.329,4.289,4.643,11.32,3.329,4.289,4.643,11.32,3.329,4.289,4.643,11.32,3.329,5.909
20620,4.289,4.644,11.32,3.329,4.289,4.644,11.32,3.329,4.289,4.644,11.32,3.329,4.289,4.644,11.32,3.329,9.211
20621,4.289,4.644,11.32,3.329,4.289,4.644,11.32,3.329,4.289,4.644,11.32,3.329,4.289,4.644,11.32,3.329,5.553
20622,4.289,4.644,11.32,3.337,4.289,4.644,11.32,3.337,4.289,4.644,11.32,3.337,4.289,4.644,11.32,3.337,7.765
20623,4.285,4.644,11.32,3.337,4.285,4.644,11.32,3.337,4.285,4.644,11.32,3.337,4.285,4.644,11.32,3.337,14.334
20624,4.285,4.642,11.32,3.337,4.285,4.642,11.32,3.337,4.285,4.642,11.32,3.337,4.285,4.642,11.32,3.337,8.398
20625,4.285,4.642,11.32,3.337,4.285,4.642,11.32,3.337,4.285,4.642,11.32,3.337,4.285,4.642,11.32,3.337,0.024
20626,4.285,4.642,11.32,3.334,4.285,4.642,11.32,3.334,4.285,4.642,11.32,3.334,4.285,4.642,11.32,3.334,0.002
20627,4.276,4.642,11.32,3.334,4.276,4.642,11.32,3.334,4.276,4.642,11.32,3.334,4.276,4.642,11.32,3.334,5.859
20628,4.276,4.641,11.32,3.334,4.276,4.641,11.32,3.334,4.276,4.641,11.32,3.334,4.276,4.641,11.32,3.334,11.279
20629,4.276,4.641,11.32,3.334,4.276,4.641,11.32,3.334,4.276,4.641,11.32,3.334,4.276,4.641,11.32,3.334,5.074
20630,4.276,4.641,11.32,3.329,4.276,4.641,11.32,3.329,4.276,4.641,11.32,3.329,4.276,4.641,11.32,3.329,9.378
20631,4.279,4.641,11.32,3.329,4.279,4.641,11.32,3.329,4.279,4.641,11.32,3.329,4.279,4.641,11.32,3.329,12.032
20632,4.279,4.642,11.32,3.329,4.279,4.642,11.32,3.329,4.279,4.642,11.32,3.329,4.279,4.642,11.32,3.329,4.726
20633,4.279,4.642,11.32,3.329,4.279,4.642,11.32,3.329,4.279,4.642,11.32,3.329,4.279,4.642,11.32,3.329,0.024
20634,4.279,4.642,11.32,3.324,4.279,4.642,11.32,3.324,4.279,4.642,11.32,3.324,4.279,4.642,11.32,3.324,4.976
20635,4.281,4.642,11.32,3.324,4.281,4.642,11.32,3.324,4.281,4.642,11.32,3.324,4.281,4.642,11.32,3.324,9.099
20636,4.281,4.642,11.32,3.324,4.281,4.642,11.32,3.324,4.281,4.642,11.32,3.324,4.281,4.642,11.32,3.324,5.581
20640,4.278,4.641,11.32,3.32,4.278,4.641,11.32,3.32,4.278,4.641,11.32,3.32,4.278,4.641,11.32,3.32,6.35
20641,4.278,4.641,11.32,3.319,4.278,4.641,11.32,3.319,4.278,4.641,11.32,3.319,4.278,4.641,11.32,3.319,7.387
20642,4.278,4.641,11.32,3.319,4.278,4.641,11.32,3.319,4.278,4.641,11.32,3.319,4.278,4.641,11.32,3.319,23.456
20643,4.275,4.641,11.32,3.319,4.275,4.641,11.32,3.319,4.275,4.641,11.32,3.319,4.275,4.641,11.32,3.319,0.03
20644,4.275,4.642,11.32,3.319,4.275,4.642,11.32,3.319,4.275,4.642,11.32,3.319,4.275,4.642,11.32,3.319,0.003
20645,4.275,4.642,11.32,3.32,4.275,4.642,11.32,3.32,4.275,4.642,11.32,3.32,4.275,4.642,11.32,3.32,4.55
20646,4.275,4.642,11.32,3.32,4.275,4.642,11.32,3.32,4.275,4.642,11.32,3.32,4.275,4.642,11.32,3.32,11.778
20647,4.28,4.642,11.32,3.32,4.28,4.642,11.32,3.32,4.28,4.642,11.32,3.32,4.28,4.642,11.32,3.32,5.636
20648,4.28,4.644,11.32,3.32,4.28,4.644,11.32,3.32,4.28,4.644,11.32,3.32,4.28,4.644,11.32,3.32,5.641
20649,4.28,4.644,11.32,3.328,4.28,4.644,11.32,3.328,4.28,4.644,11.32,3.328,4.28,4.644,11.32,3.328,10.814
20650,4.281,4.644,11.32,3.328,4.281,4.644,11.32,3.328,4.281,4.644,11.32,3.328,4.281,4.644,11.32,3.328,14.335
20651,4.281,4.644,11.32,3.328,4.281,4.644,11.32,3.328,4.281,4.644,11.32,3.328,4.281,4.644,11.32,3.328,12.498
20652,4.281,4.644,11.32,3.328,4.281,4.644,11.32,3.328,4.281,4.644,11.32,3.328,4.281,4.644,11.32,3.328,0.021
20653,4.281,4.644,11.32,3.327,4.281,4.644,11.32,3.327,4.281,4.644,11.32,3.327,4.281,4.644,11.32,3.327,0.003
20654,4.281,4.644,11.32,3.327,4.281,4.644,11.32,3.327,4.281,4.644,11.32,3.327,4.281,4.644,11.32,3.327,6.106
20655,4.28,4.643,11.32,3.327,4.28,4.643,11.32,3.327,4.28,4.643,11.32,3.327,4.28,4.643,11.32,3.327,10.642
20656,4.28,4.643,11.32,3.327,4.28,4.643,11.32,3.327,4.28,4.643,11.32,3.327,4.28,4.643,11.32,3.327,10.155
20657,4.28,4.643,11.32,3.317,4.28,4.643,11.32,3.317,4.28,4.643,11.32,3.317,4.28,4.643,11.32,3.317,0.031
20658,4.28,4.643,11.32,3.317,4.28,4.643,11.32,3.317,4.28,4.643,11.32,3.317,4.28,4.643,11.32,3.317,23.537
20659,4.278,4.642,11.32,3.317,4.278,4.642,11.32,3.317,4.278,4.642,11.32,3.317,4.278,4.642,11.32,3.317,36.123
20660,4.278,4.642,11.32,3.317,4.278,4.642,11.32,3.317,4.278,4.642,11.32,3.317,4.278,4.642,11.32,3.317,0.029
20661,4.278,4.642,11.32,3.318,4.278,4.642,11.32,3.318,4.278,4.642,11.32,3.318,4.278,4.642,11.32,3.318,0.003
20662,4.278,4.642,11.32,3.318,4.278,4.642,11.32,3.318,4.278,4.642,11.32,3.318,4.278,4.642,11.32,3.318,0.002
20663,4.278,4.642,11.32,3.318,4.278,4.642,11.32,3.318,4.278,4.642,11.32,3.318,4.278,4.642,11.32,3.318,0.002
20664,4.278,4.643,11.32,3.318,4.278,4.643,11.32,3.318,4.278,4.643,11.32,3.318,4.278,4.643,11.32,3.318,0.001
20669,4.279,4.644,11.32,3.322,4.279,4.644,11.32,3.322,4.279,4.644,11.32,3.322,4.279,4.644,11.32,3.322,12.312
20670,4.279,4.644,11.32,3.327,4.279,4.644,11.32,3.327,4.279,4.644,11.32,3.327,4.279,4.644,11.32,3.327,0.031
20671,4.279,4.644,11.32,3.327,4.279,4.644,11.32,3.327,4.279,4.644,11.32,3.327,4.279,4.644,11.32,3.327,11.788
20672,4.28,4.643,11.32,3.327,4.28,4.643,11.32,3.327,4.28,4.643,11.32,3.327,4.28,4.643,11.32,3.327,0.026
20673,4.28,4.643,11.32,3.327,4.28,4.643,11.32,3.327,4.28,4.643,11.32,3.327,4.28,4.643,11.32,3.327,11.76
20674,4.28,4.643,11.32,3.326,4.28,4.643,11.32,3.326,4.28,4.643,11.32,3.326,4.28,4.643,11.32,3.326,38.708
20675,4.28,4.643,11.32,3.326,4.28,4.643,11.32,3.326,4.28,4.643,11.32,3.326,4.28,4.643,11.32,3.326,0.027
20676,4.28,4.643,11.32,3.326,4.28,4.643,11.32,3.326,4.28,4.643,11.32,3.326,4.28,4.643,11.32,3.326,14.697
20682,4.279,4.643,11.32,3.321,4.279,4.643,11.32,3.321,4.279,4.643,11.32,3.321,4.279,4.643,11.32,3.321,0.002
20683,4.279,4.643,11.32,3.322,4.279,4.643,11.32,3.322,4.279,4.643,11.32,3.322,4.279,4.643,11.32,3.322,21.274
20684,4.279,4.643,11.32,3.322,4.279,4.643,11.32,3.322,4.279,4.643,11.32,3.322,4.279,4.643,11.32,3.322,0.043
20685,4.279,4.644,11.32,3.322,4.279,4.644,11.32,3.322,4.279,4.644,11.32,3.322,4.279,4.644,11.32,3.322,6.372
20686,4.279,4.644,11.32,3.322,4.279,4.644,11.32,3.322,4.279,4.644,11.32,3.322,4.279,4.644,11.32,3.322,0.026
20687,4.279,4.644,11.32,3.321,4.279,4.644,11.32,3.321,4.279,4.644,11.32,3.321,4.279,4.644,11.32,3.321,0.004
20688,4.279,4.644,11.32,3.321,4.279,4.644,11.32,3.321,4.279,4.644,11.32,3.321,4.279,4.644,11.32,3.321,6.559
20689,4.28,4.643,11.32,3.321,4.28,4.643,11.32,3.321,4.28,4.643,11.32,3.321,4.28,4.643,11.32,3.321,11.526
20690,4.28,4.643,11.32,3.321,4.28,4.643,11.32,3.321,4.28,4.643,11.32,3.321,4.28,4.643,11.32,3.321,8.179
20691,4.28,4.643,11.32,3.322,4.28,4.643,11.32,3.322,4.28,4.643,11.32,3.322,4.28,4.643,11.32,3.322,14.653
20692,4.279,4.643,11.32,3.322,4.279,4.643,11.32,3.322,4.279,4.643,11.32,3.322,4.279,4.643,11.32,3.322,8.963
20693,4.279,4.643,11.32,3.322,4.279,4.643,11.32,3.322,4.279,4.643,11.32,3.322,4.279,4.643,11.32,3.322,0.029
20694,4.279,4.643,11.32,3.322,4.279,4.643,11.32,3.322,4.279,4.643,11.32,3.322,4.279,4.643,11.32,3.322,0.003
20695,4.279,4.643,11.32,3.322,4.279,4.643,11.32,3.322,4.279,4.643,11.32,3.322,4.279,4.643,11.32,3.322,5.296
20696,4.28,4.643,11.32,3.322,4.28,4.643,11.32,3.322,4.28,4.643,11.32,3.322,4.28,4.643,11.32,3.322,4.314
20697,4.28,4.643,11.32,3.322,4.28,4.643,11.32,3.322,4.28,4.643,11.32,3.322,4.28,4.643,11.32,3.322,7.757
20698,4.28,4.643,11.32,3.323,4.28,4.643,11.32,3.323,4.28,4.643,11.32,3.323,4.28,4.643,11.32,3.323,7.224
20699,4.28,4.643,11.32,3.323,4.28,4.643,11.32,3.323,4.28,4.643,11.32,3.323,4.28,4.643,11.32,3.323,6.849
20700,4.281,4.643,11.32,3.323,4.281,4.643,11.32,3.323,4.281,4.643,11.32,3.323,4.281,4.643,11.32,3.323,16.712
20701,4.281,4.643,11.32,3.323,4.281,4.643,11.32,3.323,4.281,4.643,11.32,3.323,4.281,4.643,11.32,3.323,4.453
20702,4.281,4.643,11.32,3.323,4.281,4.643,11.32,3.323,4.281,4.643,11.32,3.323,4.281,4.643,11.32,3.323,0.025
20703,4.281,4.643,11.32,3.323,4.281,4.643,11.32,3.323,4.281,4.643,11.32,3.323,4.281,4.643,11.32,3.323,5.63
20704,4.281,4.643,11.32,3.323,4.281,4.643,11.32,3.323,4.281,4.643,11.32,3.323,4.281,4.643,11.32,3.323,7.35
20705,4.281,4.643,11.32,3.323,4.281,4.643,11.32,3.323,4.281,4.643,11.32,3.323,4.281,4.643,11.32,3.323,6.352
20706,4.281,4.643,11.32,3.324,4.281,4.643,11.32,3.324,4.281,4.643,11.32,3.324,4.281,4.643,11.32,3.324,7.552
20707,4.281,4.643,11.32,3.324,4.281,4.643,11.32,3.324,4.281,4.643,11.32,3.324,4.281,4.643,11.32,3.324,7.152
20708,4.281,4.643,11.32,3.324,4.281,4.643,11.32,3.324,4.281,4.643,11.32,3.324,4.281,4.643,11.32,3.324,6.755
20709,4.281,4.643,11.32,3.324,4.281,4.643,11.32,3.324,4.281,4.643,11.32,3.324,4.281,4.643,11.32,3.324,6.981
20710,4.281,4.643,11.32,3.325,4.281,4.643,11.32,3.325,4.281,4.643,11.32,3.325,4.281,4.643,11.32,3.325,6.837
20711,4.281,4.643,11.32,3.325,4.281,4.643,11.32,3.325,4.281,4.643,11.32,3.325,4.281,4.643,11.32,3.325,7.081
20712,4.281,4.643,11.32,3.325,4.281,4.643,11.32,3.325,4.281,4.643,11.32,3.325,4.281,4.643,11.32,3.325,7.171
20713,4.281,4.643,11.32,3.325,4.281,4.643,11.32,3.325,4.281,4.643,11.32,3.325,4.281,4.643,11.32,3.325,7.503
20714,4.281,4.643,11.32,3.325,4.281,4.643,11.32,3.325,4.281,4.643,11.32,3.325,4.281,4.643,11.32,3.325,7.603
20715,4.281,4.643,11.32,3.325,4.281,4.643,11.32,3.325,4.281,4.643,11.32,3.325,4.281,4.643,11.32,3.325,6.23
20716,4.281,4.643,11.32,3.325,4.281,4.643,11.32,3.325,4.281,4.643,11.32,3.325,4.281,4.643,11.32,3.325,8.366
20717,4.281,4.643,11.32,3.325,4.281,4.643,11.32,3.325,4.281,4.643,11.32,3.325,4.281,4.643,11.32,3.325,6.035
20718,4.281,4.643,11.32,3.325,4.281,4.643,11.32,3.325,4.281,4.643,11.32,3.325,4.281,4.643,11.32,3.325,9.215
20719,4.281,4.643,11.32,3.325,4.281,4.643,11.32,3.325,4.281,4.643,11.32,3.325,4.281,4.643,11.32,3.325,5.301
20720,4.281,4.643,11.32,3.325,4.281,4.643,11.32,3.325,4.281,4.643,11.32,3.325,4.281,4.643,11.32,3.325,8.482
20721,4.281,4.643,11.32,3.325,4.281,4.643,11.32,3.325,4.281,4.643,11.32,3.325,4.281,4.643,11.32,3.325,12.203
20722,4.281,4.643,11.32,3.324,4.281,4.643,11.32,3.324,4.281,4.643,11.32,3.324,4.281,4.643,11.32,3.324,5.692
20723,4.28,4.643,11.32,3.324,4.28,4.643,11.32,3.324,4.28,4.643,11.32,3.324,4.28,4.643,11.32,3.324,5.384
20724,4.28,4.643,11.32,3.324,4.28,4.643,11.32,3.324,4.28,4.643,11.32,3.324,4.28,4.643,11.32,3.324,4.585
20725,4.28,4.643,11.32,3.323,4.28,4.643,11.32,3.323,4.28,4.643,11.32,3.323,4.28,4.643,11.32,3.323,7.228
20726,4.28,4.643,11.32,3.323,4.28,4.643,11.32,3.323,4.28,4.643,11.32,3.323,4.28,4.643,11.32,3.323,8.703
20727,4.28,4.643,11.32,3.323,4.28,4.643,11.32,3.323,4.28,4.643,11.32,3.323,4.28,4.643,11.32,3.323,5.509
20728,4.28,4.643,11.32,3.323,4.28,4.643,11.32,3.323,4.28,4.643,11.32,3.323,4.28,4.643,11.32,3.323,6.972
20729,4.28,4.643,11.32,3.323,4.28,4.643,11.32,3.323,4.28,4.643,11.32,3.323,4.28,4.643,11.32,3.323,7.248
20730,4.28,4.643,11.32,3.323,4.28,4.643,11.32,3.323,4.28,4.643,11.32,3.323,4.28,4.643,11.32,3.323,6.874
20731,4.28,4.643,11.32,3.323,4.28,4.643,11.32,3.323,4.28,4.643,11.32,3.323,4.28,4.643,11.32,3.323,8.617
20732,4.28,4.643,11.32,3.323,4.28,4.643,11.32,3.323,4.28,4.643,11.32,3.323,4.28,4.643,11.32,3.323,6.203
20733,4.28,4.643,11.32,3.323,4.28,4.643,11.32,3.323,4.28,4.643,11.32,3.323,4.28,4.643,11.32,3.323,7.522
20734,4.28,4.643,11.32,3.323,4.28,4.643,11.32,3.323,4.28,4.643,11.32,3.323,4.28,4.643,11.32,3.323,6.073
20735,4.28,4.643,11.32,3.323,4.28,4.643,11.32,3.323,4.28,4.643,11.32,3.323,4.28,4.643,11.32,3.323,9.861
20736,4.28,4.643,11.32,3.323,4.28,4.643,11.32,3.323,4.28,4.643,11.32,3.323,4.28,4.643,11.32,3.323,8.11
20737,4.28,4.643,11.32,3.324,4.28,4.643,11.32,3.324,4.28,4.643,11.32,3.324,4.28,4.643,11.32,3.324,6.608
20738,4.28,4.643,11.32,3.324,4.28,4.643,11.32,3.324,4.28,4.643,11.32,3.324,4.28,4.643,11.32,3.324,5.871
20739,4.28,4.643,11.32,3.324,4.28,4.643,11.32,3.324,4.28,4.643,11.32,3.324,4.28,4.643,11.32,3.324,5.716
20740,4.28,4.643,11.32,3.324,4.28,4.643,11.32,3.324,4.28,4.643,11.32,3.324,4.28,4.643,11.32,3.324,11.451
20741,4.279,4.643,11.32,3.324,4.279,4.643,11.32,3.324,4.279,4.643,11.32,3.324,4.279,4.643,11.32,3.324,6.049
20742,4.279,4.643,11.32,3.324,4.279,4.643,11.32,3.324,4.279,4.643,11.32,3.324,4.279,4.643,11.32,3.324,7.478
20743,4.279,4.643,11.32,3.324,4.279,4.643,11.32,3.324,4.279,4.643,11.32,3.324,4.279,4.643,11.32,3.324,10.272
20744,4.279,4.643,11.32,3.324,4.279,4.643,11.32,3.324,4.279,4.643,11.32,3.324,4.279,4.643,11.32,3.324,4.856
20745,4.279,4.643,11.32,3.324,4.279,4.643,11.32,3.324,4.279,4.643,11.32,3.324,4.279,4.643,11.32,3.324,9.139
20746,4.279,4.643,11.32,3.324,4.279,4.643,11.32,3.324,4.279,4.643,11.32,3.324,4.279,4.643,11.32,3.324,7.571
20747,4.279,4.643,11.32,3.325,4.279,4.643,11.32,3.325,4.279,4.643,11.32,3.325,4.279,4.643,11.32,3.325,4.981
20748,4.279,4.643,11.32,3.325,4.279,4.643,11.32,3.325,4.279,4.643,11.32,3.325,4.279,4.643,11.32,3.325,8.246
20749,4.279,4.643,11.32,3.325,4.279,4.643,11.32,3.325,4.279,4.643,11.32,3.325,4.279,4.643,11.32,3.325,4.851
20754,4.28,4.644,11.32,3.326,4.28,4.644,11.32,3.326,4.28,4.644,11.32,3.326,4.28,4.644,11.32,3.326,6.39
20755,4.28,4.644,11.32,3.328,4.28,4.644,11.32,3.328,4.28,4.644,11.32,3.328,4.28,4.644,11.32,3.328,7.369
20756,4.281,4.644,11.32,3.328,4.281,4.644,11.32,3.328,4.281,4.644,11.32,3.328,4.281,4.644,11.32,3.328,11.118
20757,4.281,4.643,11.32,3.328,4.281,4.643,11.32,3.328,4.281,4.643,11.32,3.328,4.281,4.643,11.32,3.328,22.497
20758,4.281,4.643,11.32,3.328,4.281,4.643,11.32,3.328,4.281,4.643,11.32,3.328,4.281,4.643,11.32,3.328,0.032
20759,4.281,4.643,11.32,3.322,4.281,4.643,11.32,3.322,4.281,4.643,11.32,3.322,4.281,4.643,11.32,3.322,35.135
20760,4.281,4.643,11.32,3.322,4.281,4.643,11.32,3.322,4.281,4.643,11.32,3.322,4.281,4.643,11.32,3.322,0.029
20761,4.281,4.643,11.32,3.322,4.281,4.643,11.32,3.322,4.281,4.643,11.32,3.322,4.281,4.643,11.32,3.322,0.003
20762,4.281,4.643,11.32,3.322,4.281,4.643,11.32,3.322,4.281,4.643,11.32,3.322,4.281,4.643,11.32,3.322,0.002
20767,4.281,4.644,11.32,3.327,4.281,4.644,11.32,3.327,4.281,4.644,11.32,3.327,4.281,4.644,11.32,3.327,4.603
20768,4.281,4.644,11.32,3.327,4.281,4.644,11.32,3.327,4.281,4.644,11.32,3.327,4.281,4.644,11.32,3.327,7.804
20769,4.281,4.644,11.32,3.327,4.281,4.644,11.32,3.327,4.281,4.644,11.32,3.327,4.281,4.644,11.32,3.327,8.918
20770,4.281,4.644,11.32,3.327,4.281,4.644,11.32,3.327,4.281,4.644,11.32,3.327,4.281,4.644,11.32,3.327,7.132
20774,4.281,4.643,11.32,3.328,4.281,4.643,11.32,3.328,4.281,4.643,11.32,3.328,4.281,4.643,11.32,3.328,6.137
20775,4.281,4.643,11.32,3.327,4.281,4.643,11.32,3.327,4.281,4.643,11.32,3.327,4.281,4.643,11.32,3.327,7.191
20776,4.281,4.643,11.32,3.327,4.281,4.643,11.32,3.327,4.281,4.643,11.32,3.327,4.281,4.643,11.32,3.327,5.949
20777,4.281,4.643,11.32,3.327,4.281,4.643,11.32,3.327,4.281,4.643,11.32,3.327,4.281,4.643,11.32,3.327,6.865
20778,4.281,4.643,11.32,3.327,4.281,4.643,11.32,3.327,4.281,4.643,11.32,3.327,4.281,4.643,11.32,3.327,6.8
20779,4.281,4.643,11.32,3.326,4.281,4.643,11.32,3.326,4.281,4.643,11.32,3.326,4.281,4.643,11.32,3.326,6.245
20780,4.28,4.643,11.32,3.326,4.28,4.643,11.32,3.326,4.28,4.643,11.32,3.326,4.28,4.643,11.32,3.326,7.171
20781,4.28,4.643,11.32,3.326,4.28,4.643,11.32,3.326,4.28,4.643,11.32,3.326,4.28,4.643,11.32,3.326,10.245
20782,4.28,4.643,11.32,3.326,4.28,4.643,11.32,3.326,4.28,4.643,11.32,3.326,4.28,4.643,11.32,3.326,6.691
20783,4.28,4.643,11.32,3.325,4.28,4.643,11.32,3.325,4.28,4.643,11.32,3.325,4.28,4.643,11.32,3.325,7.883
20784,4.28,4.643,11.32,3.325,4.28,4.643,11.32,3.325,4.28,4.643,11.32,3.325,4.28,4.643,11.32,3.325,6.239
20785,4.28,4.643,11.32,3.325,4.28,4.643,11.32,3.325,4.28,4.643,11.32,3.325,4.28,4.643,11.32,3.325,7.92
20786,4.28,4.643,11.32,3.325,4.28,4.643,11.32,3.325,4.28,4.643,11.32,3.325,4.28,4.643,11.32,3.325,6.313
20787,4.28,4.643,11.32,3.325,4.28,4.643,11.32,3.325,4.28,4.643,11.32,3.325,4.28,4.643,11.32,3.325,8.091
20788,4.28,4.643,11.32,3.325,4.28,4.643,11.32,3.325,4.28,4.643,11.32,3.325,4.28,4.643,11.32,3.325,7.325
20789,4.28,4.644,11.32,3.325,4.28,4.644,11.32,3.325,4.28,4.644,11.32,3.325,4.28,4.644,11.32,3.325,5.933
20790,4.28,4.644,11.32,3.326,4.28,4.644,11.32,3.326,4.28,4.644,11.32,3.326,4.28,4.644,11.32,3.326,5.786
20791,4.281,4.644,11.32,3.326,4.281,4.644,11.32,3.326,4.281,4.644,11.32,3.326,4.281,4.644,11.32,3.326,7.863
20792,4.281,4.643,11.32,3.326,4.281,4.643,11.32,3.326,4.281,4.643,11.32,3.326,4.281,4.643,11.32,3.326,8.58
20793,4.281,4.643,11.32,3.326,4.281,4.643,11.32,3.326,4.281,4.643,11.32,3.326,4.281,4.643,11.32,3.326,8.224
20794,4.281,4.643,11.32,3.326,4.281,4.643,11.32,3.326,4.281,4.643,11.32,3.326,4.281,4.643,11.32,3.326,7.627
20795,4.281,4.643,11.32,3.326,4.281,4.643,11.32,3.326,4.281,4.643,11.32,3.326,4.281,4.643,11.32,3.326,5.867
20796,4.281,4.643,11.32,3.326,4.281,4.643,11.32,3.326,4.281,4.643,11.32,3.326,4.281,4.643,11.32,3.326,8.065
20800,4.28,4.643,11.32,3.325,4.28,4.643,11.32,3.325,4.28,4.643,11.32,3.325,4.28,4.643,11.32,3.325,8.472
20801,4.28,4.643,11.32,3.325,4.28,4.643,11.32,3.325,4.28,4.643,11.32,3.325,4.28,4.643,11.32,3.325,0.026
20802,4.28,4.643,11.32,3.325,4.28,4.643,11.32,3.325,4.28,4.643,11.32,3.325,4.28,4.643,11.32,3.325,8.936
20803,4.28,4.643,11.32,3.325,4.28,4.643,11.32,3.325,4.28,4.643,11.32,3.325,4.28,4.643,11.32,3.325,12.635
20804,4.28,4.643,11.32,3.325,4.28,4.643,11.32,3.325,4.28,4.643,11.32,3.325,4.28,4.643,11.32,3.325,0.028
20805,4.28,4.643,11.32,3.324,4.28,4.643,11.32,3.324,4.28,4.643,11.32,3.324,4.28,4.643,11.32,3.324,4.735
20806,4.28,4.643,11.32,3.324,4.28,4.643,11.32,3.324,4.28,4.643,11.32,3.324,4.28,4.643,11.32,3.324,5.363
20807,4.28,4.643,11.32,3.324,4.28,4.643,11.32,3.324,4.28,4.643,11.32,3.324,4.28,4.643,11.32,3.324,7.755
20808,4.28,4.643,11.32,3.324,4.28,4.643,11.32,3.324,4.28,4.643,11.32,3.324,4.28,4.643,11.32,3.324,6.911
20809,4.28,4.643,11.32,3.324,4.28,4.643,11.32,3.324,4.28,4.643,11.32,3.324,4.28,4.643,11.32,3.324,17.435
20810,4.28,4.643,11.32,3.324,4.28,4.643,11.32,3.324,4.28,4.643,11.32,3.324,4.28,4.643,11.32,3.324,0.029
20811,4.281,4.643,11.32,3.324,4.281,4.643,11.32,3.324,4.281,4.643,11.32,3.324,4.281,4.643,11.32,3.324,4.489
20812,4.281,4.643,11.32,3.324,4.281,4.643,11.32,3.324,4.281,4.643,11.32,3.324,4.281,4.643,11.32,3.324,22.861
20813,4.281,4.643,11.32,3.325,4.281,4.643,11.32,3.325,4.281,4.643,11.32,3.325,4.281,4.643,11.32,3.325,10.607
20814,4.281,4.643,11.32,3.325,4.281,4.643,11.32,3.325,4.281,4.643,11.32,3.325,4.281,4.643,11.32,3.325,0.029
20815,4.281,4.643,11.32,3.325,4.281,4.643,11.32,3.325,4.281,4.643,11.32,3.325,4.281,4.643,11.32,3.325,0.003
20816,4.281,4.644,11.32,3.325,4.281,4.644,11.32,3.325,4.281,4.644,11.32,3.325,4.281,4.644,11.32,3.325,5.69
20817,4.281,4.644,11.32,3.326,4.281,4.644,11.32,3.326,4.281,4.644,11.32,3.326,4.281,4.644,11.32,3.326,0.025
20818,4.281,4.644,11.32,3.326,4.281,4.644,11.32,3.326,4.281,4.644,11.32,3.326,4.281,4.644,11.32,3.326,4.754
20819,4.281,4.644,11.32,3.326,4.281,4.644,11.32,3.326,4.281,4.644,11.32,3.326,4.281,4.644,11.32,3.326,6.771
20820,4.281,4.643,11.32,3.326,4.281,4.643,11.32,3.326,4.281,4.643,11.32,3.326,4.281,4.643,11.32,3.326,7.438
20821,4.281,4.643,11.32,3.325,4.281,4.643,11.32,3.325,4.281,4.643,11.32,3.325,4.281,4.643,11.32,3.325,6.843
20822,4.281,4.643,11.32,3.325,4.281,4.643,11.32,3.325,4.281,4.643,11.32,3.325,4.281,4.643,11.32,3.325,7.496
20823,4.281,4.643,11.32,3.325,4.281,4.643,11.32,3.325,4.281,4.643,11.32,3.325,4.281,4.643,11.32,3.325,7.147
20828,4.28,4.643,11.32,3.325,4.28,4.643,11.32,3.325,4.28,4.643,11.32,3.325,4.28,4.643,11.32,3.325,5.874
20829,4.28,4.643,11.32,3.325,4.28,4.643,11.32,3.325,4.28,4.643,11.32,3.325,4.28,4.643,11.32,3.325,4.453
20830,4.28,4.643,11.32,3.325,4.28,4.643,11.32,3.325,4.28,4.643,11.32,3.325,4.28,4.643,11.32,3.325,7.485
20831,4.28,4.643,11.32,3.325,4.28,4.643,11.32,3.325,4.28,4.643,11.32,3.325,4.28,4.643,11.32,3.325,7.528
20832,4.28,4.643,11.32,3.325,4.28,4.643,11.32,3.325,4.28,4.643,11.32,3.325,4.28,4.643,11.32,3.325,5.188
20833,4.28,4.643,11.32,3.325,4.28,4.643,11.32,3.325,4.28,4.643,11.32,3.325,4.28,4.643,11.32,3.325,7.168
20834,4.281,4.643,11.32,3.325,4.281,4.643,11.32,3.325,4.281,4.643,11.32,3.325,4.281,4.643,11.32,3.325,7.063
20835,4.281,4.643,11.32,3.325,4.281,4.643,11.32,3.325,4.281,4.643,11.32,3.325,4.281,4.643,11.32,3.325,7.262
20836,4.281,4.643,11.32,3.325,4.281,4.643,11.32,3.325,4.281,4.643,11.32,3.325,4.281,4.643,11.32,3.325,7.687
20837,4.281,4.643,11.32,3.325,4.281,4.643,11.32,3.325,4.281,4.643,11.32,3.325,4.281,4.643,11.32,3.325,10.728
20838,4.281,4.643,11.32,3.325,4.281,4.643,11.32,3.325,4.281,4.643,11.32,3.325,4.281,4.643,11.32,3.325,5.919
20839,4.281,4.643,11.32,3.325,4.281,4.643,11.32,3.325,4.281,4.643,11.32,3.325,4.281,4.643,11.32,3.325,5.116
20840,4.281,4.643,11.32,3.326,4.281,4.643,11.32,3.326,4.281,4.643,11.32,3.326,4.281,4.643,11.32,3.326,6.154
20841,4.281,4.643,11.32,3.326,4.281,4.643,11.32,3.326,4.281,4.643,11.32,3.326,4.281,4.643,11.32,3.326,7.129
20842,4.281,4.643,11.32,3.326,4.281,4.643,11.32,3.326,4.281,4.643,11.32,3.326,4.281,4.643,11.32,3.326,16.103
20843,4.281,4.643,11.32,3.326,4.281,4.643,11.32,3.326,4.281,4.643,11.32,3.326,4.281,4.643,11.32,3.326,4.935
20844,4.281,4.643,11.32,3.324,4.281,4.643,11.32,3.324,4.281,4.643,11.32,3.324,4.281,4.643,11.32,3.324,0.025
20845,4.281,4.643,11.32,3.324,4.281,4.643,11.32,3.324,4.281,4.643,11.32,3.324,4.281,4.643,11.32,3.324,6.105
20846,4.28,4.643,11.32,3.324,4.28,4.643,11.32,3.324,4.28,4.643,11.32,3.324,4.28,4.643,11.32,3.324,33.493
20852,4.28,4.643,11.32,3.322,4.28,4.643,11.32,3.322,4.28,4.643,11.32,3.322,4.28,4.643,11.32,3.322,8.208
20853,4.28,4.643,11.32,3.325,4.28,4.643,11.32,3.325,4.28,4.643,11.32,3.325,4.28,4.643,11.32,3.325,4.632
20854,4.281,4.643,11.32,3.325,4.281,4.643,11.32,3.325,4.281,4.643,11.32,3.325,4.281,4.643,11.32,3.325,10.139
20855,4.281,4.643,11.32,3.325,4.281,4.643,11.32,3.325,4.281,4.643,11.32,3.325,4.281,4.643,11.32,3.325,18.689
20856,4.281,4.643,11.32,3.325,4.281,4.643,11.32,3.325,4.281,4.643,11.32,3.325,4.281,4.643,11.32,3.325,0.029
20857,4.281,4.643,11.32,3.328,4.281,4.643,11.32,3.328,4.281,4.643,11.32,3.328,4.281,4.643,11.32,3.328,0.003
20858,4.281,4.643,11.32,3.328,4.281,4.643,11.32,3.328,4.281,4.643,11.32,3.328,4.281,4.643,11.32,3.328,5.485
20859,4.281,4.643,11.32,3.328,4.281,4.643,11.32,3.328,4.281,4.643,11.32,3.328,4.281,4.643,11.32,3.328,6.52
20860,4.281,4.643,11.32,3.328,4.281,4.643,11.32,3.328,4.281,4.643,11.32,3.328,4.281,4.643,11.32,3.328,5.68
20861,4.281,4.643,11.32,3.326,4.281,4.643,11.32,3.326,4.281,4.643,11.32,3.326,4.281,4.643,11.32,3.326,6.98
20862,4.28,4.643,11.32,3.326,4.28,4.643,11.32,3.326,4.28,4.643,11.32,3.326,4.28,4.643,11.32,3.326,6.625
20863,4.28,4.643,11.32,3.326,4.28,4.643,11.32,3.326,4.28,4.643,11.32,3.326,4.28,4.643,11.32,3.326,20.963
20864,4.28,4.643,11.32,3.326,4.28,4.643,11.32,3.326,4.28,4.643,11.32,3.326,4.28,4.643,11.32,3.326,0.027
20865,4.28,4.643,11.32,3.325,4.28,4.643,11.32,3.325,4.28,4.643,11.32,3.325,4.28,4.643,11.32,3.325,0.003
20866,4.28,4.643,11.32,3.325,4.28,4.643,11.32,3.325,4.28,4.643,11.32,3.325,4.28,4.643,11.32,3.325,6.797
20867,4.28,4.643,11.32,3.325,4.28,4.643,11.32,3.325,4.28,4.643,11.32,3.325,4.28,4.643,11.32,3.325,5.14
20868,4.28,4.643,11.32,3.325,4.28,4.643,11.32,3.325,4.28,4.643,11.32,3.325,4.28,4.643,11.32,3.325,7.162
20869,4.28,4.643,11.32,3.325,4.28,4.643,11.32,3.325,4.28,4.643,11.32,3.325,4.28,4.643,11.32,3.325,11.929
20870,4.281,4.643,11.32,3.325,4.281,4.643,11.32,3.325,4.281,4.643,11.32,3.325,4.281,4.643,11.32,3.325,4.489
20871,4.281,4.643,11.32,3.325,4.281,4.643,11.32,3.325,4.281,4.643,11.32,3.325,4.281,4.643,11.32,3.325,7.18
20875,4.281,4.643,11.32,3.326,4.281,4.643,11.32,3.326,4.281,4.643,11.32,3.326,4.281,4.643,11.32,3.326,8.268
20876,4.281,4.643,11.32,3.326,4.281,4.643,11.32,3.326,4.281,4.643,11.32,3.326,4.281,4.643,11.32,3.326,3.989
20877,4.281,4.643,11.32,3.326,4.281,4.643,11.32,3.326,4.281,4.643,11.32,3.326,4.281,4.643,11.32,3.326,7.628
20878,4.281,4.643,11.32,3.326,4.281,4.643,11.32,3.326,4.281,4.643,11.32,3.326,4.281,4.643,11.32,3.326,10.02
20879,4.281,4.643,11.32,3.326,4.281,4.643,11.32,3.326,4.281,4.643,11.32,3.326,4.281,4.643,11.32,3.326,4.57
20880,4.281,4.643,11.32,3.326,4.281,4.643,11.32,3.326,4.281,4.643,11.32,3.326,4.281,4.643,11.32,3.326,7.255
20881,4.281,4.643,11.32,3.326,4.281,4.643,11.32,3.326,4.281,4.643,11.32,3.326,4.281,4.643,11.32,3.326,7.608
20882,4.28,4.643,11.32,3.326,4.28,4.643,11.32,3.326,4.28,4.643,11.32,3.326,4.28,4.643,11.32,3.326,6.422
20883,4.28,4.643,11.32,3.326,4.28,4.643,11.32,3.326,4.28,4.643,11.32,3.326,4.28,4.643,11.32,3.326,6.88
20884,4.28,4.643,11.32,3.325,4.28,4.643,11.32,3.325,4.28,4.643,11.32,3.325,4.28,4.643,11.32,3.325,7.389
20885,4.28,4.643,11.32,3.325,4.28,4.643,11.32,3.325,4.28,4.643,11.32,3.325,4.28,4.643,11.32,3.325,7.468
20886,4.28,4.643,11.32,3.325,4.28,4.643,11.32,3.325,4.28,4.643,11.32,3.325,4.28,4.643,11.32,3.325,6.154
20891,4.28,4.643,11.32,3.322,4.28,4.643,11.32,3.322,4.28,4.643,11.32,3.322,4.28,4.643,11.32,3.322,6.484
20892,4.28,4.643,11.32,3.322,4.28,4.643,11.32,3.322,4.28,4.643,11.32,3.322,4.28,4.643,11.32,3.322,10.55
20893,4.28,4.643,11.32,3.322,4.28,4.643,11.32,3.322,4.28,4.643,11.32,3.322,4.28,4.643,11.32,3.322,5.038
20894,4.28,4.643,11.32,3.322,4.28,4.643,11.32,3.322,4.28,4.643,11.32,3.322,4.28,4.643,11.32,3.322,6.358
20895,4.28,4.643,11.32,3.321,4.28,4.643,11.32,3.321,4.28,4.643,11.32,3.321,4.28,4.643,11.32,3.321,11.316
20896,4.28,4.643,11.32,3.321,4.28,4.643,11.32,3.321,4.28,4.643,11.32,3.321,4.28,4.643,11.32,3.321,5.766
20897,4.28,4.643,11.32,3.321,4.28,4.643,11.32,3.321,4.28,4.643,11.32,3.321,4.28,4.643,11.32,3.321,4.709
20898,4.28,4.643,11.32,3.321,4.28,4.643,11.32,3.321,4.28,4.643,11.32,3.321,4.28,4.643,11.32,3.321,26.933
20899,4.28,4.643,11.32,3.323,4.28,4.643,11.32,3.323,4.28,4.643,11.32,3.323,4.28,4.643,11.32,3.323,4.574
20900,4.28,4.643,11.32,3.323,4.28,4.643,11.32,3.323,4.28,4.643,11.32,3.323,4.28,4.643,11.32,3.323,0.026
20901,4.28,4.643,11.32,3.323,4.28,4.643,11.32,3.323,4.28,4.643,11.32,3.323,4.28,4.643,11.32,3.323,0.004
20902,4.28,4.644,11.32,3.323,4.28,4.644,11.32,3.323,4.28,4.644,11.32,3.323,4.28,4.644,11.32,3.323,0.002
20903,4.28,4.644,11.32,3.323,4.28,4.644,11.32,3.323,4.28,4.644,11.32,3.323,4.28,4.644,11.32,3.323,9.462
20904,4.28,4.644,11.32,3.324,4.28,4.644,11.32,3.324,4.28,4.644,11.32,3.324,4.28,4.644,11.32,3.324,4.528
20905,4.28,4.644,11.32,3.324,4.28,4.644,11.32,3.324,4.28,4.644,11.32,3.324,4.28,4.644,11.32,3.324,5.499
20906,4.28,4.643,11.32,3.324,4.28,4.643,11.32,3.324,4.28,4.643,11.32,3.324,4.28,4.643,11.32,3.324,7.339
20907,4.28,4.643,11.32,3.324,4.28,4.643,11.32,3.324,4.28,4.643,11.32,3.324,4.28,4.643,11.32,3.324,6.391
20908,4.28,4.643,11.32,3.324,4.28,4.643,11.32,3.324,4.28,4.643,11.32,3.324,4.28,4.643,11.32,3.324,9.172
20909,4.281,4.643,11.32,3.324,4.281,4.643,11.32,3.324,4.281,4.643,11.32,3.324,4.281,4.643,11.32,3.324,10.537
20910,4.281,4.643,11.32,3.324,4.281,4.643,11.32,3.324,4.281,4.643,11.32,3.324,4.281,4.643,11.32,3.324,18.945
20915,4.281,4.643,11.32,3.324,4.281,4.643,11.32,3.324,4.281,4.643,11.32,3.324,4.281,4.643,11.32,3.324,4.74
20916,4.281,4.643,11.32,3.324,4.281,4.643,11.32,3.324,4.281,4.643,11.32,3.324,4.281,4.643,11.32,3.324,7.629
20917,4.28,4.643,11.32,3.324,4.28,4.643,11.32,3.324,4.28,4.643,11.32,3.324,4.28,4.643,11.32,3.324,5.839
20918,4.28,4.643,11.32,3.324,4.28,4.643,11.32,3.324,4.28,4.643,11.32,3.324,4.28,4.643,11.32,3.324,7.938
20926,4.28,4.643,11.32,3.322,4.28,4.643,11.32,3.322,4.28,4.643,11.32,3.322,4.28,4.643,11.32,3.322,0.028
20927,4.28,4.643,11.32,3.323,4.28,4.643,11.32,3.323,4.28,4.643,11.32,3.323,4.28,4.643,11.32,3.323,8.279
20928,4.28,4.643,11.32,3.323,4.28,4.643,11.32,3.323,4.28,4.643,11.32,3.323,4.28,4.643,11.32,3.323,27.084
20929,4.28,4.643,11.32,3.323,4.28,4.643,11.32,3.323,4.28,4.643,11.32,3.323,4.28,4.643,11.32,3.323,0.028
20930,4.28,4.643,11.32,3.323,4.28,4.643,11.32,3.323,4.28,4.643,11.32,3.323,4.28,4.643,11.32,3.323,5.566
20931,4.28,4.643,11.32,3.324,4.28,4.643,11.32,3.324,4.28,4.643,11.32,3.324,4.28,4.643,11.32,3.324,0.029
20932,4.28,4.643,11.32,3.324,4.28,4.643,11.32,3.324,4.28,4.643,11.32,3.324,4.28,4.643,11.32,3.324,0.005
20933,4.281,4.643,11.32,3.324,4.281,4.643,11.32,3.324,4.281,4.643,11.32,3.324,4.281,4.643,11.32,3.324,11.795
20934,4.281,4.643,11.32,3.324,4.281,4.643,11.32,3.324,4.281,4.643,11.32,3.324,4.281,4.643,11.32,3.324,0.032
20935,4.281,4.643,11.32,3.324,4.281,4.643,11.32,3.324,4.281,4.643,11.32,3.324,4.281,4.643,11.32,3.324,8.848
20936,4.281,4.643,11.32,3.324,4.281,4.643,11.32,3.324,4.281,4.643,11.32,3.324,4.281,4.643,11.32,3.324,4.363
20937,4.281,4.643,11.32,3.324,4.281,4.643,11.32,3.324,4.281,4.643,11.32,3.324,4.281,4.643,11.32,3.324,5.944
20938,4.281,4.643,11.32,3.324,4.281,4.643,11.32,3.324,4.281,4.643,11.32,3.324,4.281,4.643,11.32,3.324,7.018
20939,4.281,4.643,11.32,3.324,4.281,4.643,11.32,3.324,4.281,4.643,11.32,3.324,4.281,4.643,11.32,3.324,13.91
20940,4.281,4.643,11.32,3.324,4.281,4.643,11.32,3.324,4.281,4.643,11.32,3.324,4.281,4.643,11.32,3.324,9.452
20941,4.281,4.643,11.32,3.324,4.281,4.643,11.32,3.324,4.281,4.643,11.32,3.324,4.281,4.643,11.32,3.324,0.031
20942,4.281,4.643,11.32,3.324,4.281,4.643,11.32,3.324,4.281,4.643,11.32,3.324,4.281,4.643,11.32,3.324,61.935
20947,4.281,4.643,11.32,3.324,4.281,4.643,11.32,3.324,4.281,4.643,11.32,3.324,4.281,4.643,11.32,3.324,0.001
20948,4.281,4.643,11.32,3.324,4.281,4.643,11.32,3.324,4.281,4.643,11.32,3.324,4.281,4.643,11.32,3.324,0.001
20949,4.281,4.643,11.32,3.324,4.281,4.643,11.32,3.324,4.281,4.643,11.32,3.324,4.281,4.643,11.32,3.324,0.001
20950,4.281,4.643,11.32,3.324,4.281,4.643,11.32,3.324,4.281,4.643,11.32,3.324,4.281,4.643,11.32,3.324,0.001
20951,4.281,4.643,11.32,3.324,4.281,4.643,11.32,3.324,4.281,4.643,11.32,3.324,4.281,4.643,11.32,3.324,0.001
20952,4.281,4.643,11.32,3.324,4.281,4.643,11.32,3.324,4.281,4.643,11.32,3.324,4.281,4.643,11.32,3.324,0.001
20953,4.281,4.643,11.32,3.323,4.281,4.643,11.32,3.323,4.281,4.643,11.32,3.323,4.281,4.643,11.32,3.323,5.614
20954,4.28,4.643,11.32,3.323,4.28,4.643,11.32,3.323,4.28,4.643,11.32,3.323,4.28,4.643,11.32,3.323,5.727
20955,4.28,4.643,11.32,3.323,4.28,4.643,11.32,3.323,4.28,4.643,11.32,3.323,4.28,4.643,11.32,3.323,5.757
20956,4.28,4.643,11.32,3.323,4.28,4.643,11.32,3.323,4.28,4.643,11.32,3.323,4.28,4.643,11.32,3.323,10.418
20957,4.28,4.643,11.32,3.323,4.28,4.643,11.32,3.323,4.28,4.643,11.32,3.323,4.28,4.643,11.32,3.323,4.415
20958,4.28,4.643,11.32,3.323,4.28,4.643,11.32,3.323,4.28,4.643,11.32,3.323,4.28,4.643,11.32,3.323,7.873
20959,4.28,4.643,11.32,3.323,4.28,4.643,11.32,3.323,4.28,4.643,11.32,3.323,4.28,4.643,11.32,3.323,5.769
20960,4.28,4.643,11.32,3.323,4.28,4.643,11.32,3.323,4.28,4.643,11.32,3.323,4.28,4.643,11.32,3.323,9.145
20961,4.28,4.643,11.32,3.323,4.28,4.643,11.32,3.323,4.28,4.643,11.32,3.323,4.28,4.643,11.32,3.323,9.65
20962,4.28,4.643,11.32,3.323,4.28,4.643,11.32,3.323,4.28,4.643,11.32,3.323,4.28,4.643,11.32,3.323,4.614
20963,4.28,4.643,11.32,3.323,4.28,4.643,11.32,3.323,4.28,4.643,11.32,3.323,4.28,4.643,11.32,3.323,6.635
20964,4.28,4.643,11.32,3.323,4.28,4.643,11.32,3.323,4.28,4.643,11.32,3.323,4.28,4.643,11.32,3.323,7.341
20965,4.28,4.643,11.32,3.323,4.28,4.643,11.32,3.323,4.28,4.643,11.32,3.323,4.28,4.643,11.32,3.323,6.748
20966,4.28,4.643,11.32,3.323,4.28,4.643,11.32,3.323,4.28,4.643,11.32,3.323,4.28,4.643,11.32,3.323,9.46
20967,4.28,4.643,11.32,3.323,4.28,4.643,11.32,3.323,4.28,4.643,11.32,3.323,4.28,4.643,11.32,3.323,5.004
20968,4.28,4.643,11.32,3.324,4.28,4.643,11.32,3.324,4.28,4.643,11.32,3.324,4.28,4.643,11.32,3.324,12.068
20969,4.28,4.643,11.32,3.324,4.28,4.643,11.32,3.324,4.28,4.643,11.32,3.324,4.28,4.643,11.32,3.324,0.033
20970,4.28,4.644,11.32,3.324,4.28,4.644,11.32,3.324,4.28,4.644,11.32,3.324,4.28,4.644,11.32,3.324,7.458
20975,4.28,4.643,11.32,3.325,4.28,4.643,11.32,3.325,4.28,4.643,11.32,3.325,4.28,4.643,11.32,3.325,5.664
20976,4.28,4.643,11.32,3.324,4.28,4.643,11.32,3.324,4.28,4.643,11.32,3.324,4.28,4.643,11.32,3.324,7.386
20977,4.28,4.643,11.32,3.324,4.28,4.643,11.32,3.324,4.28,4.643,11.32,3.324,4.28,4.643,11.32,3.324,6.993
20978,4.28,4.643,11.32,3.324,4.28,4.643,11.32,3.324,4.28,4.643,11.32,3.324,4.28,4.643,11.32,3.324,8.037
20979,4.28,4.643,11.32,3.323,4.28,4.643,11.32,3.323,4.28,4.643,11.32,3.323,4.28,4.643,11.32,3.323,6.206
20980,4.28,4.643,11.32,3.323,4.28,4.643,11.32,3.323,4.28,4.643,11.32,3.323,4.28,4.643,11.32,3.323,6.892
20981,4.281,4.643,11.32,3.323,4.281,4.643,11.32,3.323,4.281,4.643,11.32,3.323,4.281,4.643,11.32,3.323,7.121
20982,4.281,4.643,11.32,3.323,4.281,4.643,11.32,3.323,4.281,4.643,11.32,3.323,4.281,4.643,11.32,3.323,71.247
20983,4.281,4.643,11.32,3.324,4.281,4.643,11.32,3.324,4.281,4.643,11.32,3.324,4.281,4.643,11.32,3.324,6.822
20984,4.281,4.643,11.32,3.324,4.281,4.643,11.32,3.324,4.281,4.643,11.32,3.324,4.281,4.643,11.32,3.324,0.014
20985,4.281,4.643,11.32,3.324,4.281,4.643,11.32,3.324,4.281,4.643,11.32,3.324,4.281,4.643,11.32,3.324,0.003
20986,4.281,4.643,11.32,3.324,4.281,4.643,11.32,3.324,4.281,4.643,11.32,3.324,4.281,4.643,11.32,3.324,0.002
20987,4.281,4.643,11.32,3.324,4.281,4.643,11.32,3.324,4.281,4.643,11.32,3.324,4.281,4.643,11.32,3.324,0.002
20988,4.281,4.643,11.32,3.325,4.281,4.643,11.32,3.325,4.281,4.643,11.32,3.325,4.281,4.643,11.32,3.325,0.002
20989,4.281,4.643,11.32,3.325,4.281,4.643,11.32,3.325,4.281,4.643,11.32,3.325,4.281,4.643,11.32,3.325,0.002
20990,4.281,4.643,11.32,3.325,4.281,4.643,11.32,3.325,4.281,4.643,11.32,3.325,4.281,4.643,11.32,3.325,0.001
20991,4.281,4.644,11.32,3.325,4.281,4.644,11.32,3.325,4.281,4.644,11.32,3.325,4.281,4.644,11.32,3.325,0.001
20992,4.281,4.644,11.32,3.326,4.281,4.644,11.32,3.326,4.281,4.644,11.32,3.326,4.281,4.644,11.32,3.326,0.001
20993,4.281,4.644,11.32,3.326,4.281,4.644,11.32,3.326,4.281,4.644,11.32,3.326,4.281,4.644,11.32,3.326,0.001
20994,4.281,4.644,11.32,3.326,4.281,4.644,11.32,3.326,4.281,4.644,11.32,3.326,4.281,4.644,11.32,3.326,5.967
20995,4.281,4.643,11.32,3.326,4.281,4.643,11.32,3.326,4.281,4.643,11.32,3.326,4.281,4.643,11.32,3.326,6.157
20996,4.281,4.643,11.32,3.325,4.281,4.643,11.32,3.325,4.281,4.643,11.32,3.325,4.281,4.643,11.32,3.325,12.703
20997,4.281,4.643,11.32,3.325,4.281,4.643,11.32,3.325,4.281,4.643,11.32,3.325,4.281,4.643,11.32,3.325,4.862
20998,4.281,4.643,11.32,3.325,4.281,4.643,11.32,3.325,4.281,4.643,11.32,3.325,4.281,4.643,11.32,3.325,0.024
20999,4.281,4.643,11.32,3.325,4.281,4.643,11.32,3.325,4.281,4.643,11.32,3.325,4.281,4.643,11.32,3.325,10.769
21000,4.281,4.643,11.32,3.323,4.281,4.643,11.32,3.323,4.281,4.643,11.32,3.323,4.281,4.643,11.32,3.323,24.293
21001,4.281,4.643,11.32,3.323,4.281,4.643,11.32,3.323,4.281,4.643,11.32,3.323,4.281,4.643,11.32,3.323,0.029
21002,4.28,4.643,11.32,3.323,4.28,4.643,11.32,3.323,4.28,4.643,11.32,3.323,4.28,4.643,11.32,3.323,7.126
21003,4.28,4.643,11.32,3.323,4.28,4.643,11.32,3.323,4.28,4.643,11.32,3.323,4.28,4.643,11.32,3.323,0.022
21012,4.279,4.644,11.32,3.327,4.279,4.644,11.32,3.327,4.279,4.644,11.32,3.327,4.279,4.644,11.32,3.327,6.315
21013,4.279,4.644,11.32,3.327,4.279,4.644,11.32,3.327,4.279,4.644,11.32,3.327,4.279,4.644,11.32,3.327,26.031
21014,4.28,4.644,11.32,3.327,4.28,4.644,11.32,3.327,4.28,4.644,11.32,3.327,4.28,4.644,11.32,3.327,0.026
21015,4.28,4.644,11.32,3.327,4.28,4.644,11.32,3.327,4.28,4.644,11.32,3.327,4.28,4.644,11.32,3.327,0.003
21016,4.28,4.644,11.32,3.327,4.28,4.644,11.32,3.327,4.28,4.644,11.32,3.327,4.28,4.644,11.32,3.327,9.065
21017,4.28,4.644,11.32,3.323,4.28,4.644,11.32,3.323,4.28,4.644,11.32,3.323,4.28,4.644,11.32,3.323,0.031
21018,4.281,4.644,11.32,3.323,4.281,4.644,11.32,3.323,4.281,4.644,11.32,3.323,4.281,4.644,11.32,3.323,5.144
21019,4.281,4.643,11.32,3.323,4.281,4.643,11.32,3.323,4.281,4.643,11.32,3.323,4.281,4.643,11.32,3.323,9.775
21020,4.281,4.643,11.32,3.326,4.281,4.643,11.32,3.326,4.281,4.643,11.32,3.326,4.281,4.643,11.32,3.326,6.612
21021,4.281,4.643,11.32,3.326,4.281,4.643,11.32,3.326,4.281,4.643,11.32,3.326,4.281,4.643,11.32,3.326,7.591
21022,4.282,4.643,11.32,3.326,4.282,4.643,11.32,3.326,4.282,4.643,11.32,3.326,4.282,4.643,11.32,3.326,8.779
21023,4.282,4.644,11.32,3.326,4.282,4.644,11.32,3.326,4.282,4.644,11.32,3.326,4.282,4.644,11.32,3.326,10.508
21027,4.281,4.644,11.32,3.328,4.281,4.644,11.32,3.328,4.281,4.644,11.32,3.328,4.281,4.644,11.32,3.328,7.35
21028,4.281,4.644,11.32,3.325,4.281,4.644,11.32,3.325,4.281,4.644,11.32,3.325,4.281,4.644,11.32,3.325,4.575
21029,4.281,4.644,11.32,3.325,4.281,4.644,11.32,3.325,4.281,4.644,11.32,3.325,4.281,4.644,11.32,3.325,7.222
21030,4.28,4.643,11.32,3.325,4.28,4.643,11.32,3.325,4.28,4.643,11.32,3.325,4.28,4.643,11.32,3.325,10.357
21031,4.28,4.643,11.32,3.325,4.28,4.643,11.32,3.325,4.28,4.643,11.32,3.325,4.28,4.643,11.32,3.325,21.086
21032,4.28,4.643,11.32,3.322,4.28,4.643,11.32,3.322,4.28,4.643,11.32,3.322,4.28,4.643,11.32,3.322,9.757
21033,4.28,4.643,11.32,3.322,4.28,4.643,11.32,3.322,4.28,4.643,11.32,3.322,4.28,4.643,11.32,3.322,0.031
21034,4.28,4.643,11.32,3.322,4.28,4.643,11.32,3.322,4.28,4.643,11.32,3.322,4.28,4.643,11.32,3.322,0.003
21035,4.28,4.643,11.32,3.322,4.28,4.643,11.32,3.322,4.28,4.643,11.32,3.322,4.28,4.643,11.32,3.322,8.715
21036,4.28,4.643,11.32,3.323,4.28,4.643,11.32,3.323,4.28,4.643,11.32,3.323,4.28,4.643,11.32,3.323,35.125
21037,4.28,4.643,11.32,3.323,4.28,4.643,11.32,3.323,4.28,4.643,11.32,3.323,4.28,4.643,11.32,3.323,4.825
21038,4.28,4.643,11.32,3.323,4.28,4.643,11.32,3.323,4.28,4.643,11.32,3.323,4.28,4.643,11.32,3.323,0.011
21039,4.28,4.643,11.32,3.323,4.28,4.643,11.32,3.323,4.28,4.643,11.32,3.323,4.28,4.643,11.32,3.323,0.003
21040,4.28,4.643,11.32,3.325,4.28,4.643,11.32,3.325,4.28,4.643,11.32,3.325,4.28,4.643,11.32,3.325,0.002
21041,4.281,4.643,11.32,3.325,4.281,4.643,11.32,3.325,4.281,4.643,11.32,3.325,4.281,4.643,11.32,3.325,0.002
21042,4.281,4.643,11.32,3.325,4.281,4.643,11.32,3.325,4.281,4.643,11.32,3.325,4.281,4.643,11.32,3.325,0.002
21043,4.281,4.643,11.32,3.325,4.281,4.643,11.32,3.325,4.281,4.643,11.32,3.325,4.281,4.643,11.32,3.325,5.824
21044,4.281,4.643,11.32,3.326,4.281,4.643,11.32,3.326,4.281,4.643,11.32,3.326,4.281,4.643,11.32,3.326,10.489
21045,4.281,4.643,11.32,3.326,4.281,4.643,11.32,3.326,4.281,4.643,11.32,3.326,4.281,4.643,11.32,3.326,5.438
21046,4.281,4.643,11.32,3.326,4.281,4.643,11.32,3.326,4.281,4.643,11.32,3.326,4.281,4.643,11.32,3.326,5.06
21047,4.281,4.643,11.32,3.326,4.281,4.643,11.32,3.326,4.281,4.643,11.32,3.326,4.281,4.643,11.32,3.326,11.056
21048,4.281,4.643,11.32,3.326,4.281,4.643,11.32,3.326,4.281,4.643,11.32,3.326,4.281,4.643,11.32,3.326,4.474
21049,4.281,4.643,11.32,3.326,4.281,4.643,11.32,3.326,4.281,4.643,11.32,3.326,4.281,4.643,11.32,3.326,5.852
21050,4.281,4.643,11.32,3.326,4.281,4.643,11.32,3.326,4.281,4.643,11.32,3.326,4.281,4.643,11.32,3.326,21.101
21055,4.28,4.643,11.32,3.325,4.28,4.643,11.32,3.325,4.28,4.643,11.32,3.325,4.28,4.643,11.32,3.325,13.625
21056,4.28,4.643,11.32,3.323,4.28,4.643,11.32,3.323,4.28,4.643,11.32,3.323,4.28,4.643,11.32,3.323,0.035
21057,4.28,4.643,11.32,3.323,4.28,4.643,11.32,3.323,4.28,4.643,11.32,3.323,4.28,4.643,11.32,3.323,0.003
21058,4.28,4.643,11.32,3.323,4.28,4.643,11.32,3.323,4.28,4.643,11.32,3.323,4.28,4.643,11.32,3.323,8.499
21059,4.28,4.643,11.32,3.323,4.28,4.643,11.32,3.323,4.28,4.643,11.32,3.323,4.28,4.643,11.32,3.323,5.253
21060,4.28,4.643,11.32,3.323,4.28,4.643,11.32,3.323,4.28,4.643,11.32,3.323,4.28,4.643,11.32,3.323,6.869
21061,4.28,4.643,11.32,3.323,4.28,4.643,11.32,3.323,4.28,4.643,11.32,3.323,4.28,4.643,11.32,3.323,9.011
21062,4.28,4.643,11.32,3.323,4.28,4.643,11.32,3.323,4.28,4.643,11.32,3.323,4.28,4.643,11.32,3.323,7.989
21063,4.28,4.643,11.32,3.323,4.28,4.643,11.32,3.323,4.28,4.643,11.32,3.323,4.28,4.643,11.32,3.323,4.459
21064,4.28,4.643,11.32,3.324,4.28,4.643,11.32,3.324,4.28,4.643,11.32,3.324,4.28,4.643,11.32,3.324,10.01
21065,4.28,4.643,11.32,3.324,4.28,4.643,11.32,3.324,4.28,4.643,11.32,3.324,4.28,4.643,11.32,3.324,4.332
21066,4.28,4.643,11.32,3.324,4.28,4.643,11.32,3.324,4.28,4.643,11.32,3.324,4.28,4.643,11.32,3.324,5.853
21067,4.28,4.643,11.32,3.324,4.28,4.643,11.32,3.324,4.28,4.643,11.32,3.324,4.28,4.643,11.32,3.324,6.927
21068,4.28,4.643,11.32,3.325,4.28,4.643,11.32,3.325,4.28,4.643,11.32,3.325,4.28,4.643,11.32,3.325,11.542
21069,4.281,4.643,11.32,3.325,4.281,4.643,11.32,3.325,4.281,4.643,11.32,3.325,4.281,4.643,11.32,3.325,4.347
21070,4.281,4.644,11.32,3.325,4.281,4.644,11.32,3.325,4.281,4.644,11.32,3.325,4.281,4.644,11.32,3.325,22.066
21071,4.281,4.644,11.32,3.325,4.281,4.644,11.32,3.325,4.281,4.644,11.32,3.325,4.281,4.644,11.32,3.325,0.032
21072,4.281,4.644,11.32,3.326,4.281,4.644,11.32,3.326,4.281,4.644,11.32,3.326,4.281,4.644,11.32,3.326,4.457
21073,4.281,4.644,11.32,3.326,4.281,4.644,11.32,3.326,4.281,4.644,11.32,3.326,4.281,4.644,11.32,3.326,0.025
21074,4.281,4.643,11.32,3.326,4.281,4.643,11.32,3.326,4.281,4.643,11.32,3.326,4.281,4.643,11.32,3.326,4.361
21075,4.281,4.643,11.32,3.326,4.281,4.643,11.32,3.326,4.281,4.643,11.32,3.326,4.281,4.643,11.32,3.326,7.284
21076,4.281,4.643,11.32,3.325,4.281,4.643,11.32,3.325,4.281,4.643,11.32,3.325,4.281,4.643,11.32,3.325,6.56
21077,4.281,4.643,11.32,3.325,4.281,4.643,11.32,3.325,4.281,4.643,11.32,3.325,4.281,4.643,11.32,3.325,16.414
21078,4.281,4.643,11.32,3.325,4.281,4.643,11.32,3.325,4.281,4.643,11.32,3.325,4.281,4.643,11.32,3.325,4.573
21079,4.281,4.643,11.32,3.325,4.281,4.643,11.32,3.325,4.281,4.643,11.32,3.325,4.281,4.643,11.32,3.325,0.019
21080,4.281,4.643,11.32,3.325,4.281,4.643,11.32,3.325,4.281,4.643,11.32,3.325,4.281,4.643,11.32,3.325,7.504
21081,4.28,4.643,11.32,3.325,4.28,4.643,11.32,3.325,4.28,4.643,11.32,3.325,4.28,4.643,11.32,3.325,7.114
21082,4.28,4.643,11.32,3.325,4.28,4.643,11.32,3.325,4.28,4.643,11.32,3.325,4.28,4.643,11.32,3.325,7.223
21083,4.28,4.643,11.32,3.325,4.28,4.643,11.32,3.325,4.28,4.643,11.32,3.325,4.28,4.643,11.32,3.325,8.599
21084,4.28,4.643,11.32,3.325,4.28,4.643,11.32,3.325,4.28,4.643,11.32,3.325,4.28,4.643,11.32,3.325,8.197
21085,4.281,4.643,11.32,3.325,4.281,4.643,11.32,3.325,4.281,4.643,11.32,3.325,4.281,4.643,11.32,3.325,4.855
21086,4.281,4.643,11.32,3.325,4.281,4.643,11.32,3.325,4.281,4.643,11.32,3.325,4.281,4.643,11.32,3.325,5.254
21087,4.281,4.643,11.32,3.325,4.281,4.643,11.32,3.325,4.281,4.643,11.32,3.325,4.281,4.643,11.32,3.325,6.815
21088,4.281,4.643,11.32,3.325,4.281,4.643,11.32,3.325,4.281,4.643,11.32,3.325,4.281,4.643,11.32,3.325,8.497
21089,4.281,4.643,11.32,3.325,4.281,4.643,11.32,3.325,4.281,4.643,11.32,3.325,4.281,4.643,11.32,3.325,6.033
21090,4.281,4.643,11.32,3.325,4.281,4.643,11.32,3.325,4.281,4.643,11.32,3.325,4.281,4.643,11.32,3.325,7.843
21091,4.281,4.643,11.32,3.325,4.281,4.643,11.32,3.325,4.281,4.643,11.32,3.325,4.281,4.643,11.32,3.325,6.424
21092,4.281,4.643,11.32,3.325,4.281,4.643,11.32,3.325,4.281,4.643,11.32,3.325,4.281,4.643,11.32,3.325,13.432
21093,4.281,4.643,11.32,3.325,4.281,4.643,11.32,3.325,4.281,4.643,11.32,3.325,4.281,4.643,11.32,3.325,4.434
21094,4.281,4.643,11.32,3.325,4.281,4.643,11.32,3.325,4.281,4.643,11.32,3.325,4.281,4.643,11.32,3.325,4.569
21095,4.281,4.643,11.32,3.325,4.281,4.643,11.32,3.325,4.281,4.643,11.32,3.325,4.281,4.643,11.32,3.325,5.689
21096,4.281,4.643,11.32,3.325,4.281,4.643,11.32,3.325,4.281,4.643,11.32,3.325,4.281,4.643,11.32,3.325,7.189
21097,4.281,4.643,11.32,3.325,4.281,4.643,11.32,3.325,4.281,4.643,11.32,3.325,4.281,4.643,11.32,3.325,6.594
21098,4.281,4.643,11.32,3.325,4.281,4.643,11.32,3.325,4.281,4.643,11.32,3.325,4.281,4.643,11.32,3.325,7.447
21099,4.281,4.643,11.32,3.325,4.281,4.643,11.32,3.325,4.281,4.643,11.32,3.325,4.281,4.643,11.32,3.325,7.449
21100,4.281,4.643,11.32,3.325,4.281,4.643,11.32,3.325,4.281,4.643,11.32,3.325,4.281,4.643,11.32,3.325,12.32
21101,4.281,4.643,11.32,3.325,4.281,4.643,11.32,3.325,4.281,4.643,11.32,3.325,4.281,4.643,11.32,3.325,5.816
21102,4.281,4.643,11.32,3.325,4.281,4.643,11.32,3.325,4.281,4.643,11.32,3.325,4.281,4.643,11.32,3.325,4.374
21103,4.281,4.643,11.32,3.325,4.281,4.643,11.32,3.325,4.281,4.643,11.32,3.325,4.281,4.643,11.32,3.325,4.792
21104,4.281,4.643,11.32,3.325,4.281,4.643,11.32,3.325,4.281,4.643,11.32,3.325,4.281,4.643,11.32,3.325,8.104
21105,4.281,4.643,11.32,3.325,4.281,4.643,11.32,3.325,4.281,4.643,11.32,3.325,4.281,4.643,11.32,3.325,44.507
21106,4.281,4.643,11.32,3.325,4.281,4.643,11.32,3.325,4.281,4.643,11.32,3.325,4.281,4.643,11.32,3.325,15.767
21107,4.281,4.643,11.32,3.325,4.281,4.643,11.32,3.325,4.281,4.643,11.32,3.325,4.281,4.643,11.32,3.325,0.032
21108,4.281,4.643,11.32,3.325,4.281,4.643,11.32,3.325,4.281,4.643,11.32,3.325,4.281,4.643,11.32,3.325,0.004
21109,4.281,4.643,11.32,3.325,4.281,4.643,11.32,3.325,4.281,4.643,11.32,3.325,4.281,4.643,11.32,3.325,0.003
21114,4.28,4.643,11.32,3.325,4.28,4.643,11.32,3.325,4.28,4.643,11.32,3.325,4.28,4.643,11.32,3.325,0.044
21115,4.28,4.643,11.32,3.325,4.28,4.643,11.32,3.325,4.28,4.643,11.32,3.325,4.28,4.643,11.32,3.325,4.288
21116,4.28,4.643,11.32,3.325,4.28,4.643,11.32,3.325,4.28,4.643,11.32,3.325,4.28,4.643,11.32,3.325,0.013
21117,4.281,4.643,11.32,3.325,4.281,4.643,11.32,3.325,4.281,4.643,11.32,3.325,4.281,4.643,11.32,3.325,8.292
21118,4.281,4.643,11.32,3.325,4.281,4.643,11.32,3.325,4.281,4.643,11.32,3.325,4.281,4.643,11.32,3.325,4.778
21119,4.281,4.643,11.32,3.325,4.281,4.643,11.32,3.325,4.281,4.643,11.32,3.325,4.281,4.643,11.32,3.325,11.327
21120,4.281,4.643,11.32,3.325,4.281,4.643,11.32,3.325,4.281,4.643,11.32,3.325,4.281,4.643,11.32,3.325,6.122
21121,4.281,4.643,11.32,3.325,4.281,4.643,11.32,3.325,4.281,4.643,11.32,3.325,4.281,4.643,11.32,3.325,5.68
21122,4.281,4.643,11.32,3.325,4.281,4.643,11.32,3.325,4.281,4.643,11.32,3.325,4.281,4.643,11.32,3.325,7.535
21123,4.281,4.643,11.32,3.325,4.281,4.643,11.32,3.325,4.281,4.643,11.32,3.325,4.281,4.643,11.32,3.325,4.384
21124,4.281,4.643,11.32,3.325,4.281,4.643,11.32,3.325,4.281,4.643,11.32,3.325,4.281,4.643,11.32,3.325,7.214
21125,4.281,4.643,11.32,3.325,4.281,4.643,11.32,3.325,4.281,4.643,11.32,3.325,4.281,4.643,11.32,3.325,8.758
21126,4.281,4.643,11.32,3.325,4.281,4.643,11.32,3.325,4.281,4.643,11.32,3.325,4.281,4.643,11.32,3.325,5.619
21127,4.281,4.643,11.32,3.325,4.281,4.643,11.32,3.325,4.281,4.643,11.32,3.325,4.281,4.643,11.32,3.325,9.208
21128,4.281,4.643,11.32,3.325,4.281,4.643,11.32,3.325,4.281,4.643,11.32,3.325,4.281,4.643,11.32,3.325,4.563
21129,4.281,4.643,11.32,3.325,4.281,4.643,11.32,3.325,4.281,4.643,11.32,3.325,4.281,4.643,11.32,3.325,6.736
21130,4.281,4.643,11.32,3.325,4.281,4.643,11.32,3.325,4.281,4.643,11.32,3.325,4.281,4.643,11.32,3.325,10.425
21131,4.281,4.643,11.32,3.325,4.281,4.643,11.32,3.325,4.281,4.643,11.32,3.325,4.281,4.643,11.32,3.325,10.543
21132,4.281,4.643,11.32,3.325,4.281,4.643,11.32,3.325,4.281,4.643,11.32,3.325,4.281,4.643,11.32,3.325,4.283
21133,4.281,4.643,11.32,3.325,4.281,4.643,11.32,3.325,4.281,4.643,11.32,3.325,4.281,4.643,11.32,3.325,4.365
21134,4.281,4.643,11.32,3.325,4.281,4.643,11.32,3.325,4.281,4.643,11.32,3.325,4.281,4.643,11.32,3.325,8.167
21135,4.281,4.643,11.32,3.325,4.281,4.643,11.32,3.325,4.281,4.643,11.32,3.325,4.281,4.643,11.32,3.325,5.162
21136,4.281,4.643,11.32,3.325,4.281,4.643,11.32,3.325,4.281,4.643,11.32,3.325,4.281,4.643,11.32,3.325,34.866
21137,4.281,4.643,11.32,3.325,4.281,4.643,11.32,3.325,4.281,4.643,11.32,3.325,4.281,4.643,11.32,3.325,10.137
21138,4.281,4.643,11.32,3.325,4.281,4.643,11.32,3.325,4.281,4.643,11.32,3.325,4.281,4.643,11.32,3.325,0.017
21139,4.281,4.643,11.32,3.325,4.281,4.643,11.32,3.325,4.281,4.643,11.32,3.325,4.281,4.643,11.32,3.325,0.003
21140,4.281,4.643,11.32,3.325,4.281,4.643,11.32,3.325,4.281,4.643,11.32,3.325,4.281,4.643,11.32,3.325,0.002
21141,4.281,4.644,11.32,3.325,4.281,4.644,11.32,3.325,4.281,4.644,11.32,3.325,4.281,4.644,11.32,3.325,0.002
21142,4.281,4.644,11.32,3.325,4.281,4.644,11.32,3.325,4.281,4.644,11.32,3.325,4.281,4.644,11.32,3.325,20.053
21143,4.281,4.644,11.32,3.325,4.281,4.644,11.32,3.325,4.281,4.644,11.32,3.325,4.281,4.644,11.32,3.325,0.027
21144,4.281,4.644,11.32,3.325,4.281,4.644,11.32,3.325,4.281,4.644,11.32,3.325,4.281,4.644,11.32,3.325,5.387
21145,4.281,4.643,11.32,3.325,4.281,4.643,11.32,3.325,4.281,4.643,11.32,3.325,4.281,4.643,11.32,3.325,0.025
21146,4.281,4.643,11.32,3.325,4.281,4.643,11.32,3.325,4.281,4.643,11.32,3.325,4.281,4.643,11.32,3.325,0.004
21147,4.281,4.643,11.32,3.325,4.281,4.643,11.32,3.325,4.281,4.643,11.32,3.325,4.281,4.643,11.32,3.325,5.973
21148,4.281,4.643,11.32,3.325,4.281,4.643,11.32,3.325,4.281,4.643,11.32,3.325,4.281,4.643,11.32,3.325,6.217
21149,4.281,4.643,11.32,3.325,4.281,4.643,11.32,3.325,4.281,4.643,11.32,3.325,4.281,4.643,11.32,3.325,6.674
21150,4.281,4.643,11.32,3.325,4.281,4.643,11.32,3.325,4.281,4.643,11.32,3.325,4.281,4.643,11.32,3.325,7.399
21151,4.281,4.643,11.32,3.325,4.281,4.643,11.32,3.325,4.281,4.643,11.32,3.325,4.281,4.643,11.32,3.325,7.232
21152,4.281,4.643,11.32,3.325,4.281,4.643,11.32,3.325,4.281,4.643,11.32,3.325,4.281,4.643,11.32,3.325,16.547
21153,4.281,4.643,11.32,3.325,4.281,4.643,11.32,3.325,4.281,4.643,11.32,3.325,4.281,4.643,11.32,3.325,15.632
21154,4.281,4.643,11.32,3.325,4.281,4.643,11.32,3.325,4.281,4.643,11.32,3.325,4.281,4.643,11.32,3.325,0.026
21155,4.281,4.643,11.32,3.325,4.281,4.643,11.32,3.325,4.281,4.643,11.32,3.325,4.281,4.643,11.32,3.325,0.002
21156,4.281,4.643,11.32,3.325,4.281,4.643,11.32,3.325,4.281,4.643,11.32,3.325,4.281,4.643,11.32,3.325,13.06
21157,4.281,4.643,11.32,3.325,4.281,4.643,11.32,3.325,4.281,4.643,11.32,3.325,4.281,4.643,11.32,3.325,10.201
21158,4.281,4.643,11.32,3.325,4.281,4.643,11.32,3.325,4.281,4.643,11.32,3.325,4.281,4.643,11.32,3.325,0.03
21159,4.281,4.643,11.32,3.325,4.281,4.643,11.32,3.325,4.281,4.643,11.32,3.325,4.281,4.643,11.32,3.325,11.119
21160,4.281,4.643,11.32,3.325,4.281,4.643,11.32,3.325,4.281,4.643,11.32,3.325,4.281,4.643,11.32,3.325,0.028
21161,4.28,4.643,11.32,3.325,4.28,4.643,11.32,3.325,4.28,4.643,11.32,3.325,4.28,4.643,11.32,3.325,11.909
21166,4.281,4.643,11.32,3.325,4.281,4.643,11.32,3.325,4.281,4.643,11.32,3.325,4.281,4.643,11.32,3.325,0.003
21167,4.281,4.643,11.32,3.325,4.281,4.643,11.32,3.325,4.281,4.643,11.32,3.325,4.281,4.643,11.32,3.325,14.76
21168,4.281,4.643,11.32,3.325,4.281,4.643,11.32,3.325,4.281,4.643,11.32,3.325,4.281,4.643,11.32,3.325,0.019
21169,4.28,4.643,11.32,3.325,4.28,4.643,11.32,3.325,4.28,4.643,11.32,3.325,4.28,4.643,11.32,3.325,0.002
21170,4.28,4.643,11.32,3.325,4.28,4.643,11.32,3.325,4.28,4.643,11.32,3.325,4.28,4.643,11.32,3.325,10.748
21175,4.281,4.643,11.32,3.325,4.281,4.643,11.32,3.325,4.281,4.643,11.32,3.325,4.281,4.643,11.32,3.325,0.032
21176,4.281,4.643,11.32,3.325,4.281,4.643,11.32,3.325,4.281,4.643,11.32,3.325,4.281,4.643,11.32,3.325,9.566
21177,4.281,4.643,11.32,3.325,4.281,4.643,11.32,3.325,4.281,4.643,11.32,3.325,4.281,4.643,11.32,3.325,0.025
21178,4.281,4.643,11.32,3.325,4.281,4.643,11.32,3.325,4.281,4.643,11.32,3.325,4.281,4.643,11.32,3.325,11.056
21179,4.281,4.643,11.32,3.325,4.281,4.643,11.32,3.325,4.281,4.643,11.32,3.325,4.281,4.643,11.32,3.325,8.668
21180,4.281,4.643,11.32,3.325,4.281,4.643,11.32,3.325,4.281,4.643,11.32,3.325,4.281,4.643,11.32,3.325,0.028
21181,4.28,4.643,11.32,3.325,4.28,4.643,11.32,3.325,4.28,4.643,11.32,3.325,4.28,4.643,11.32,3.325,10.978
21182,4.28,4.643,11.32,3.325,4.28,4.643,11.32,3.325,4.28,4.643,11.32,3.325,4.28,4.643,11.32,3.325,13.139
21183,4.28,4.643,11.32,3.325,4.28,4.643,11.32,3.325,4.28,4.643,11.32,3.325,4.28,4.643,11.32,3.325,0.03
21184,4.28,4.643,11.32,3.325,4.28,4.643,11.32,3.325,4.28,4.643,11.32,3.325,4.28,4.643,11.32,3.325,13.033
21185,4.281,4.643,11.32,3.325,4.281,4.643,11.32,3.325,4.281,4.643,11.32,3.325,4.281,4.643,11.32,3.325,0.031
21186,4.281,4.643,11.32,3.325,4.281,4.643,11.32,3.325,4.281,4.643,11.32,3.325,4.281,4.643,11.32,3.325,10.481
21187,4.281,4.643,11.32,3.325,4.281,4.643,11.32,3.325,4.281,4.643,11.32,3.325,4.281,4.643,11.32,3.325,12.102
21188,4.281,4.643,11.32,3.325,4.281,4.643,11.32,3.325,4.281,4.643,11.32,3.325,4.281,4.643,11.32,3.325,0.046
21189,4.281,4.643,11.32,3.325,4.281,4.643,11.32,3.325,4.281,4.643,11.32,3.325,4.281,4.643,11.32,3.325,7.283
21190,4.281,4.643,11.32,3.325,4.281,4.643,11.32,3.325,4.281,4.643,11.32,3.325,4.281,4.643,11.32,3.325,0.018
21191,4.281,4.643,11.32,3.325,4.281,4.643,11.32,3.325,4.281,4.643,11.32,3.325,4.281,4.643,11.32,3.325,7.636
21192,4.281,4.643,11.32,3.325,4.281,4.643,11.32,3.325,4.281,4.643,11.32,3.325,4.281,4.643,11.32,3.325,9.004
21193,4.281,4.643,11.32,3.325,4.281,4.643,11.32,3.325,4.281,4.643,11.32,3.325,4.281,4.643,11.32,3.325,11.533
21194,4.281,4.644,11.32,3.325,4.281,4.644,11.32,3.325,4.281,4.644,11.32,3.325,4.281,4.644,11.32,3.325,8.375
21195,4.281,4.644,11.32,3.325,4.281,4.644,11.32,3.325,4.281,4.644,11.32,3.325,4.281,4.644,11.32,3.325,0.033
21196,4.281,4.644,11.32,3.325,4.281,4.644,11.32,3.325,4.281,4.644,11.32,3.325,4.281,4.644,11.32,3.325,17.166
21197,4.28,4.643,11.32,3.325,4.28,4.643,11.32,3.325,4.28,4.643,11.32,3.325,4.28,4.643,11.32,3.325,7.996
21198,4.28,4.643,11.32,3.325,4.28,4.643,11.32,3.325,4.28,4.643,11.32,3.325,4.28,4.643,11.32,3.325,0.027
21199,4.28,4.643,11.32,3.325,4.28,4.643,11.32,3.325,4.28,4.643,11.32,3.325,4.28,4.643,11.32,3.325,0.002
21200,4.28,4.643,11.32,3.325,4.28,4.643,11.32,3.325,4.28,4.643,11.32,3.325,4.28,4.643,11.32,3.325,14.189
21201,4.28,4.643,11.32,3.325,4.28,4.643,11.32,3.325,4.28,4.643,11.32,3.325,4.28,4.643,11.32,3.325,8.054
21202,4.28,4.643,11.32,3.325,4.28,4.643,11.32,3.325,4.28,4.643,11.32,3.325,4.28,4.643,11.32,3.325,0.034
21203,4.28,4.643,11.32,3.325,4.28,4.643,11.32,3.325,4.28,4.643,11.32,3.325,4.28,4.643,11.32,3.325,12.373
21204,4.28,4.643,11.32,3.325,4.28,4.643,11.32,3.325,4.28,4.643,11.32,3.325,4.28,4.643,11.32,3.325,14.692
21205,4.28,4.643,11.32,3.325,4.28,4.643,11.32,3.325,4.28,4.643,11.32,3.325,4.28,4.643,11.32,3.325,0.03
21206,4.28,4.643,11.32,3.325,4.28,4.643,11.32,3.325,4.28,4.643,11.32,3.325,4.28,4.643,11.32,3.325,9.128
21207,4.28,4.643,11.32,3.325,4.28,4.643,11.32,3.325,4.28,4.643,11.32,3.325,4.28,4.643,11.32,3.325,0.026
21208,4.28,4.643,11.32,3.325,4.28,4.643,11.32,3.325,4.28,4.643,11.32,3.325,4.28,4.643,11.32,3.325,8.932
21209,4.281,4.643,11.32,3.325,4.281,4.643,11.32,3.325,4.281,4.643,11.32,3.325,4.281,4.643,11.32,3.325,7.187
21210,4.281,4.643,11.32,3.325,4.281,4.643,11.32,3.325,4.281,4.643,11.32,3.325,4.281,4.643,11.32,3.325,0.031
21211,4.281,4.643,11.32,3.325,4.281,4.643,11.32,3.325,4.281,4.643,11.32,3.325,4.281,4.643,11.32,3.325,5.663
21212,4.281,4.643,11.32,3.325,4.281,4.643,11.32,3.325,4.281,4.643,11.32,3.325,4.281,4.643,11.32,3.325,10.673
21213,4.281,4.643,11.32,3.325,4.281,4.643,11.32,3.325,4.281,4.643,11.32,3.325,4.281,4.643,11.32,3.325,9.735
21214,4.281,4.643,11.32,3.325,4.281,4.643,11.32,3.325,4.281,4.643,11.32,3.325,4.281,4.643,11.32,3.325,6.181
21215,4.281,4.643,11.32,3.326,4.281,4.643,11.32,3.326,4.281,4.643,11.32,3.326,4.281,4.643,11.32,3.326,8.098
21216,4.281,4.643,11.32,3.326,4.281,4.643,11.32,3.326,4.281,4.643,11.32,3.326,4.281,4.643,11.32,3.326,6.167
21217,4.281,4.643,11.32,3.326,4.281,4.643,11.32,3.326,4.281,4.643,11.32,3.326,4.281,4.643,11.32,3.326,5.647
21218,4.281,4.643,11.32,3.325,4.281,4.643,11.32,3.325,4.281,4.643,11.32,3.325,4.281,4.643,11.32,3.325,6.216
21219,4.281,4.643,11.32,3.325,4.281,4.643,11.32,3.325,4.281,4.643,11.32,3.325,4.281,4.643,11.32,3.325,8.442
21220,4.281,4.643,11.32,3.325,4.281,4.643,11.32,3.325,4.281,4.643,11.32,3.325,4.281,4.643,11.32,3.325,15.363
21221,4.281,4.643,11.32,3.325,4.281,4.643,11.32,3.325,4.281,4.643,11.32,3.325,4.281,4.643,11.32,3.325,11.018
21222,4.281,4.643,11.32,3.325,4.281,4.643,11.32,3.325,4.281,4.643,11.32,3.325,4.281,4.643,11.32,3.325,0.03
21223,4.281,4.643,11.32,3.325,4.281,4.643,11.32,3.325,4.281,4.643,11.32,3.325,4.281,4.643,11.32,3.325,0.003
21224,4.28,4.643,11.32,3.325,4.28,4.643,11.32,3.325,4.28,4.643,11.32,3.325,4.28,4.643,11.32,3.325,7.077
21225,4.28,4.643,11.32,3.325,4.28,4.643,11.32,3.325,4.28,4.643,11.32,3.325,4.28,4.643,11.32,3.325,5.917
21226,4.28,4.643,11.32,3.325,4.28,4.643,11.32,3.325,4.28,4.643,11.32,3.325,4.28,4.643,11.32,3.325,9.749
21227,4.28,4.643,11.32,3.325,4.28,4.643,11.32,3.325,4.28,4.643,11.32,3.325,4.28,4.643,11.32,3.325,11.298
21228,4.281,4.643,11.32,3.325,4.281,4.643,11.32,3.325,4.281,4.643,11.32,3.325,4.281,4.643,11.32,3.325,0.029
21229,4.281,4.643,11.32,3.325,4.281,4.643,11.32,3.325,4.281,4.643,11.32,3.325,4.281,4.643,11.32,3.325,5.513
21230,4.281,4.643,11.32,3.325,4.281,4.643,11.32,3.325,4.281,4.643,11.32,3.325,4.281,4.643,11.32,3.325,38.909
21231,4.281,4.643,11.32,3.325,4.281,4.643,11.32,3.325,4.281,4.643,11.32,3.325,4.281,4.643,11.32,3.325,6.652
21232,4.281,4.643,11.32,3.325,4.281,4.643,11.32,3.325,4.281,4.643,11.32,3.325,4.281,4.643,11.32,3.325,0.019
21233,4.281,4.643,11.32,3.325,4.281,4.643,11.32,3.325,4.281,4.643,11.32,3.325,4.281,4.643,11.32,3.325,0.003
21234,4.281,4.643,11.32,3.325,4.281,4.643,11.32,3.325,4.281,4.643,11.32,3.325,4.281,4.643,11.32,3.325,0.002
21235,4.281,4.643,11.32,3.325,4.281,4.643,11.32,3.325,4.281,4.643,11.32,3.325,4.281,4.643,11.32,3.325,0.002
21236,4.281,4.643,11.32,3.325,4.281,4.643,11.32,3.325,4.281,4.643,11.32,3.325,4.281,4.643,11.32,3.325,0.001
21237,4.281,4.643,11.32,3.325,4.281,4.643,11.32,3.325,4.281,4.643,11.32,3.325,4.281,4.643,11.32,3.325,12.282
21238,4.281,4.643,11.32,3.325,4.281,4.643,11.32,3.325,4.281,4.643,11.32,3.325,4.281,4.643,11.32,3.325,0.025
21239,4.281,4.643,11.32,3.325,4.281,4.643,11.32,3.325,4.281,4.643,11.32,3.325,4.281,4.643,11.32,3.325,6.401
21240,4.28,4.643,11.32,3.325,4.28,4.643,11.32,3.325,4.28,4.643,11.32,3.325,4.28,4.643,11.32,3.325,6.663
21241,4.28,4.643,11.32,3.325,4.28,4.643,11.32,3.325,4.28,4.643,11.32,3.325,4.28,4.643,11.32,3.325,6.671
21242,4.28,4.643,11.32,3.325,4.28,4.643,11.32,3.325,4.28,4.643,11.32,3.325,4.28,4.643,11.32,3.325,38.454
21243,4.28,4.643,11.32,3.325,4.28,4.643,11.32,3.325,4.28,4.643,11.32,3.325,4.28,4.643,11.32,3.325,0.037
21244,4.281,4.643,11.32,3.325,4.281,4.643,11.32,3.325,4.281,4.643,11.32,3.325,4.281,4.643,11.32,3.325,14.754
21245,4.281,4.643,11.32,3.325,4.281,4.643,11.32,3.325,4.281,4.643,11.32,3.325,4.281,4.643,11.32,3.325,0.025
21246,4.281,4.643,11.32,3.325,4.281,4.643,11.32,3.325,4.281,4.643,11.32,3.325,4.281,4.643,11.32,3.325,0.003
21247,4.281,4.643,11.32,3.325,4.281,4.643,11.32,3.325,4.281,4.643,11.32,3.325,4.281,4.643,11.32,3.325,0.002
21248,4.281,4.643,11.32,3.325,4.281,4.643,11.32,3.325,4.281,4.643,11.32,3.325,4.281,4.643,11.32,3.325,0.001
21249,4.281,4.643,11.32,3.325,4.281,4.643,11.32,3.325,4.281,4.643,11.32,3.325,4.281,4.643,11.32,3.325,8.596
21250,4.281,4.643,11.32,3.325,4.281,4.643,11.32,3.325,4.281,4.643,11.32,3.325,4.281,4.643,11.32,3.325,0.035
21251,4.281,4.643,11.32,3.325,4.281,4.643,11.32,3.325,4.281,4.643,11.32,3.325,4.281,4.643,11.32,3.325,0.006
21252,4.281,4.643,11.32,3.325,4.281,4.643,11.32,3.325,4.281,4.643,11.32,3.325,4.281,4.643,11.32,3.325,6.114
21253,4.281,4.643,11.32,3.325,4.281,4.643,11.32,3.325,4.281,4.643,11.32,3.325,4.281,4.643,11.32,3.325,7.999
21254,4.281,4.643,11.32,3.325,4.281,4.643,11.32,3.325,4.281,4.643,11.32,3.325,4.281,4.643,11.32,3.325,13.827
21255,4.281,4.643,11.32,3.325,4.281,4.643,11.32,3.325,4.281,4.643,11.32,3.325,4.281,4.643,11.32,3.325,0.022
21256,4.281,4.643,11.32,3.325,4.281,4.643,11.32,3.325,4.281,4.643,11.32,3.325,4.281,4.643,11.32,3.325,5.333
21257,4.281,4.643,11.32,3.325,4.281,4.643,11.32,3.325,4.281,4.643,11.32,3.325,4.281,4.643,11.32,3.325,6.372
21258,4.281,4.643,11.32,3.325,4.281,4.643,11.32,3.325,4.281,4.643,11.32,3.325,4.281,4.643,11.32,3.325,18.175
21259,4.281,4.643,11.32,3.325,4.281,4.643,11.32,3.325,4.281,4.643,11.32,3.325,4.281,4.643,11.32,3.325,11.663
21260,4.281,4.643,11.32,3.325,4.281,4.643,11.32,3.325,4.281,4.643,11.32,3.325,4.281,4.643,11.32,3.325,0.038
21261,4.281,4.643,11.32,3.325,4.281,4.643,11.32,3.325,4.281,4.643,11.32,3.325,4.281,4.643,11.32,3.325,0.004
21262,4.281,4.643,11.32,3.325,4.281,4.643,11.32,3.325,4.281,4.643,11.32,3.325,4.281,4.643,11.32,3.325,17.481
21263,4.281,4.643,11.32,3.325,4.281,4.643,11.32,3.325,4.281,4.643,11.32,3.325,4.281,4.643,11.32,3.325,0.029
21264,4.281,4.643,11.32,3.325,4.281,4.643,11.32,3.325,4.281,4.643,11.32,3.325,4.281,4.643,11.32,3.325,0.003
21265,4.281,4.643,11.32,3.325,4.281,4.643,11.32,3.325,4.281,4.643,11.32,3.325,4.281,4.643,11.32,3.325,9.71
21266,4.281,4.643,11.32,3.325,4.281,4.643,11.32,3.325,4.281,4.643,11.32,3.325,4.281,4.643,11.32,3.325,6.329
21267,4.281,4.643,11.32,3.325,4.281,4.643,11.32,3.325,4.281,4.643,11.32,3.325,4.281,4.643,11.32,3.325,4.44
21268,4.281,4.643,11.32,3.325,4.281,4.643,11.32,3.325,4.281,4.643,11.32,3.325,4.281,4.643,11.32,3.325,5.383
21269,4.281,4.643,11.32,3.325,4.281,4.643,11.32,3.325,4.281,4.643,11.32,3.325,4.281,4.643,11.32,3.325,11.278
21270,4.281,4.643,11.32,3.325,4.281,4.643,11.32,3.325,4.281,4.643,11.32,3.325,4.281,4.643,11.32,3.325,4.563
21271,4.281,4.643,11.32,3.325,4.281,4.643,11.32,3.325,4.281,4.643,11.32,3.325,4.281,4.643,11.32,3.325,5.363
21272,4.281,4.643,11.32,3.325,4.281,4.643,11.32,3.325,4.281,4.643,11.32,3.325,4.281,4.643,11.32,3.325,7.44
21273,4.28,4.643,11.32,3.325,4.28,4.643,11.32,3.325,4.28,4.643,11.32,3.325,4.28,4.643,11.32,3.325,10.003
21278,4.281,4.643,11.32,3.325,4.281,4.643,11.32,3.325,4.281,4.643,11.32,3.325,4.281,4.643,11.32,3.325,12.581
21279,4.281,4.643,11.32,3.325,4.281,4.643,11.32,3.325,4.281,4.643,11.32,3.325,4.281,4.643,11.32,3.325,0.027
21280,4.281,4.643,11.32,3.325,4.281,4.643,11.32,3.325,4.281,4.643,11.32,3.325,4.281,4.643,11.32,3.325,6.917
21281,4.281,4.643,11.32,3.325,4.281,4.643,11.32,3.325,4.281,4.643,11.32,3.325,4.281,4.643,11.32,3.325,25.601
21282,4.281,4.643,11.32,3.325,4.281,4.643,11.32,3.325,4.281,4.643,11.32,3.325,4.281,4.643,11.32,3.325,0.031
21283,4.281,4.643,11.32,3.325,4.281,4.643,11.32,3.325,4.281,4.643,11.32,3.325,4.281,4.643,11.32,3.325,9.632
21284,4.281,4.643,11.32,3.325,4.281,4.643,11.32,3.325,4.281,4.643,11.32,3.325,4.281,4.643,11.32,3.325,0.025
21285,4.281,4.643,11.32,3.325,4.281,4.643,11.32,3.325,4.281,4.643,11.32,3.325,4.281,4.643,11.32,3.325,0.003
21286,4.281,4.643,11.32,3.325,4.281,4.643,11.32,3.325,4.281,4.643,11.32,3.325,4.281,4.643,11.32,3.325,7.011
21287,4.281,4.643,11.32,3.325,4.281,4.643,11.32,3.325,4.281,4.643,11.32,3.325,4.281,4.643,11.32,3.325,6.126
21288,4.281,4.643,11.32,3.325,4.281,4.643,11.32,3.325,4.281,4.643,11.32,3.325,4.281,4.643,11.32,3.325,7.602
21289,4.281,4.643,11.32,3.325,4.281,4.643,11.32,3.325,4.281,4.643,11.32,3.325,4.281,4.643,11.32,3.325,9.629
21290,4.281,4.643,11.32,3.325,4.281,4.643,11.32,3.325,4.281,4.643,11.32,3.325,4.281,4.643,11.32,3.325,7.252
21291,4.281,4.643,11.32,3.325,4.281,4.643,11.32,3.325,4.281,4.643,11.32,3.325,4.281,4.643,11.32,3.325,9.94
21292,4.281,4.643,11.32,3.325,4.281,4.643,11.32,3.325,4.281,4.643,11.32,3.325,4.281,4.643,11.32,3.325,6.194
21293,4.281,4.643,11.32,3.325,4.281,4.643,11.32,3.325,4.281,4.643,11.32,3.325,4.281,4.643,11.32,3.325,8.688
21294,4.281,4.643,11.32,3.325,4.281,4.643,11.32,3.325,4.281,4.643,11.32,3.325,4.281,4.643,11.32,3.325,0.024
21295,4.281,4.643,11.32,3.325,4.281,4.643,11.32,3.325,4.281,4.643,11.32,3.325,4.281,4.643,11.32,3.325,7.688
21296,4.281,4.643,11.32,3.325,4.281,4.643,11.32,3.325,4.281,4.643,11.32,3.325,4.281,4.643,11.32,3.325,6.894
21297,4.281,4.643,11.32,3.325,4.281,4.643,11.32,3.325,4.281,4.643,11.32,3.325,4.281,4.643,11.32,3.325,16.142
21298,4.281,4.643,11.32,3.325,4.281,4.643,11.32,3.325,4.281,4.643,11.32,3.325,4.281,4.643,11.32,3.325,7.484
21299,4.281,4.643,11.32,3.325,4.281,4.643,11.32,3.325,4.281,4.643,11.32,3.325,4.281,4.643,11.32,3.325,0.028
21300,4.281,4.643,11.32,3.325,4.281,4.643,11.32,3.325,4.281,4.643,11.32,3.325,4.281,4.643,11.32,3.325,7.423
21301,4.281,4.643,11.32,3.325,4.281,4.643,11.32,3.325,4.281,4.643,11.32,3.325,4.281,4.643,11.32,3.325,7.214
21302,4.281,4.643,11.32,3.326,4.281,4.643,11.32,3.326,4.281,4.643,11.32,3.326,4.281,4.643,11.32,3.326,8.299
21303,4.281,4.643,11.32,3.326,4.281,4.643,11.32,3.326,4.281,4.643,11.32,3.326,4.281,4.643,11.32,3.326,6.833
21304,4.28,4.643,11.32,3.326,4.28,4.643,11.32,3.326,4.28,4.643,11.32,3.326,4.28,4.643,11.32,3.326,7.582
21305,4.28,4.643,11.32,3.326,4.28,4.643,11.32,3.326,4.28,4.643,11.32,3.326,4.28,4.643,11.32,3.326,6.114
21306,4.28,4.643,11.32,3.324,4.28,4.643,11.32,3.324,4.28,4.643,11.32,3.324,4.28,4.643,11.32,3.324,5.901
21307,4.28,4.643,11.32,3.324,4.28,4.643,11.32,3.324,4.28,4.643,11.32,3.324,4.28,4.643,11.32,3.324,6.332
21308,4.28,4.644,11.32,3.324,4.28,4.644,11.32,3.324,4.28,4.644,11.32,3.324,4.28,4.644,11.32,3.324,12.581
21309,4.28,4.644,11.32,3.324,4.28,4.644,11.32,3.324,4.28,4.644,11.32,3.324,4.28,4.644,11.32,3.324,8.179
21310,4.28,4.644,11.32,3.323,4.28,4.644,11.32,3.323,4.28,4.644,11.32,3.323,4.28,4.644,11.32,3.323,5.891
21311,4.279,4.644,11.32,3.323,4.279,4.644,11.32,3.323,4.279,4.644,11.32,3.323,4.279,4.644,11.32,3.323,9.028
21312,4.279,4.643,11.32,3.323,4.279,4.643,11.32,3.323,4.279,4.643,11.32,3.323,4.279,4.643,11.32,3.323,8.135
21316,4.279,4.642,11.32,3.321,4.279,4.642,11.32,3.321,4.279,4.642,11.32,3.321,4.279,4.642,11.32,3.321,5.432
21317,4.279,4.642,11.32,3.322,4.279,4.642,11.32,3.322,4.279,4.642,11.32,3.322,4.279,4.642,11.32,3.322,8.836
21318,4.279,4.642,11.32,3.322,4.279,4.642,11.32,3.322,4.279,4.642,11.32,3.322,4.279,4.642,11.32,3.322,5.642
21319,4.28,4.643,11.32,3.322,4.28,4.643,11.32,3.322,4.28,4.643,11.32,3.322,4.28,4.643,11.32,3.322,6.893
21320,4.28,4.643,11.32,3.322,4.28,4.643,11.32,3.322,4.28,4.643,11.32,3.322,4.28,4.643,11.32,3.322,8.653
21321,4.28,4.643,11.32,3.324,4.28,4.643,11.32,3.324,4.28,4.643,11.32,3.324,4.28,4.643,11.32,3.324,7.013
21322,4.28,4.643,11.32,3.324,4.28,4.643,11.32,3.324,4.28,4.643,11.32,3.324,4.28,4.643,11.32,3.324,5.824
21323,4.28,4.644,11.32,3.324,4.28,4.644,11.32,3.324,4.28,4.644,11.32,3.324,4.28,4.644,11.32,3.324,6.915
21324,4.28,4.644,11.32,3.324,4.28,4.644,11.32,3.324,4.28,4.644,11.32,3.324,4.28,4.644,11.32,3.324,7.446
21325,4.281,4.644,11.32,3.325,4.281,4.644,11.32,3.325,4.281,4.644,11.32,3.325,4.281,4.644,11.32,3.325,11.502
21326,4.281,4.643,11.32,3.325,4.281,4.643,11.32,3.325,4.281,4.643,11.32,3.325,4.281,4.643,11.32,3.325,9.245
21327,4.281,4.643,11.32,3.325,4.281,4.643,11.32,3.325,4.281,4.643,11.32,3.325,4.281,4.643,11.32,3.325,7.681
21328,4.281,4.643,11.32,3.327,4.281,4.643,11.32,3.327,4.281,4.643,11.32,3.327,4.281,4.643,11.32,3.327,4.294
21329,4.282,4.643,11.32,3.327,4.282,4.643,11.32,3.327,4.282,4.643,11.32,3.327,4.282,4.643,11.32,3.327,6.705
21330,4.282,4.643,11.32,3.327,4.282,4.643,11.32,3.327,4.282,4.643,11.32,3.327,4.282,4.643,11.32,3.327,41.28
21331,4.282,4.643,11.32,3.327,4.282,4.643,11.32,3.327,4.282,4.643,11.32,3.327,4.282,4.643,11.32,3.327,9.5
21332,4.282,4.643,11.32,3.328,4.282,4.643,11.32,3.328,4.282,4.643,11.32,3.328,4.282,4.643,11.32,3.328,0.026
21333,4.282,4.643,11.32,3.328,4.282,4.643,11.32,3.328,4.282,4.643,11.32,3.328,4.282,4.643,11.32,3.328,0.004
21334,4.282,4.643,11.32,3.328,4.282,4.643,11.32,3.328,4.282,4.643,11.32,3.328,4.282,4.643,11.32,3.328,0.002
21335,4.282,4.644,11.32,3.328,4.282,4.644,11.32,3.328,4.282,4.644,11.32,3.328,4.282,4.644,11.32,3.328,0.002
21336,4.282,4.644,11.32,3.325,4.282,4.644,11.32,3.325,4.282,4.644,11.32,3.325,4.282,4.644,11.32,3.325,0.002
21337,4.282,4.644,11.32,3.325,4.282,4.644,11.32,3.325,4.282,4.644,11.32,3.325,4.282,4.644,11.32,3.325,0.002
21338,4.281,4.644,11.32,3.325,4.281,4.644,11.32,3.325,4.281,4.644,11.32,3.325,4.281,4.644,11.32,3.325,5.554
21339,4.281,4.643,11.32,3.325,4.281,4.643,11.32,3.325,4.281,4.643,11.32,3.325,4.281,4.643,11.32,3.325,8.634
21340,4.281,4.643,11.32,3.323,4.281,4.643,11.32,3.323,4.281,4.643,11.32,3.323,4.281,4.643,11.32,3.323,5.731
21341,4.281,4.643,11.32,3.323,4.281,4.643,11.32,3.323,4.281,4.643,11.32,3.323,4.281,4.643,11.32,3.323,10.492
21342,4.28,4.643,11.32,3.323,4.28,4.643,11.32,3.323,4.28,4.643,11.32,3.323,4.28,4.643,11.32,3.323,7.651
21343,4.28,4.643,11.32,3.323,4.28,4.643,11.32,3.323,4.28,4.643,11.32,3.323,4.28,4.643,11.32,3.323,8.394
21344,4.28,4.643,11.32,3.323,4.28,4.643,11.32,3.323,4.28,4.643,11.32,3.323,4.28,4.643,11.32,3.323,9.395
21345,4.28,4.643,11.32,3.323,4.28,4.643,11.32,3.323,4.28,4.643,11.32,3.323,4.28,4.643,11.32,3.323,7.519
21346,4.28,4.643,11.32,3.323,4.28,4.643,11.32,3.323,4.28,4.643,11.32,3.323,4.28,4.643,11.32,3.323,5.024
21347,4.28,4.643,11.32,3.323,4.28,4.643,11.32,3.323,4.28,4.643,11.32,3.323,4.28,4.643,11.32,3.323,10.088
21348,4.28,4.643,11.32,3.323,4.28,4.643,11.32,3.323,4.28,4.643,11.32,3.323,4.28,4.643,11.32,3.323,0.029
21349,4.28,4.643,11.32,3.323,4.28,4.643,11.32,3.323,4.28,4.643,11.32,3.323,4.28,4.643,11.32,3.323,4.777
21350,4.28,4.643,11.32,3.323,4.28,4.643,11.32,3.323,4.28,4.643,11.32,3.323,4.28,4.643,11.32,3.323,8.017
21351,4.28,4.643,11.32,3.323,4.28,4.643,11.32,3.323,4.28,4.643,11.32,3.323,4.28,4.643,11.32,3.323,6.212
21352,4.28,4.643,11.32,3.323,4.28,4.643,11.32,3.323,4.28,4.643,11.32,3.323,4.28,4.643,11.32,3.323,7.059
21353,4.28,4.643,11.32,3.323,4.28,4.643,11.32,3.323,4.28,4.643,11.32,3.323,4.28,4.643,11.32,3.323,6.88
21354,4.28,4.643,11.32,3.323,4.28,4.643,11.32,3.323,4.28,4.643,11.32,3.323,4.28,4.643,11.32,3.323,12.384
21355,4.28,4.643,11.32,3.323,4.28,4.643,11.32,3.323,4.28,4.643,11.32,3.323,4.28,4.643,11.32,3.323,6.075
21356,4.28,4.643,11.32,3.324,4.28,4.643,11.32,3.324,4.28,4.643,11.32,3.324,4.28,4.643,11.32,3.324,8.785
21357,4.28,4.643,11.32,3.324,4.28,4.643,11.32,3.324,4.28,4.643,11.32,3.324,4.28,4.643,11.32,3.324,6.322
21358,4.28,4.643,11.32,3.324,4.28,4.643,11.32,3.324,4.28,4.643,11.32,3.324,4.28,4.643,11.32,3.324,6.899
21359,4.28,4.643,11.32,3.324,4.28,4.643,11.32,3.324,4.28,4.643,11.32,3.324,4.28,4.643,11.32,3.324,8.202
21360,4.28,4.643,11.32,3.326,4.28,4.643,11.32,3.326,4.28,4.643,11.32,3.326,4.28,4.643,11.32,3.326,12.883
21361,4.28,4.643,11.32,3.326,4.28,4.643,11.32,3.326,4.28,4.643,11.32,3.326,4.28,4.643,11.32,3.326,5.578
21362,4.28,4.643,11.32,3.326,4.28,4.643,11.32,3.326,4.28,4.643,11.32,3.326,4.28,4.643,11.32,3.326,0.025
21367,4.279,4.643,11.32,3.325,4.279,4.643,11.32,3.325,4.279,4.643,11.32,3.325,4.279,4.643,11.32,3.325,7.628
21368,4.279,4.643,11.32,3.325,4.279,4.643,11.32,3.325,4.279,4.643,11.32,3.325,4.279,4.643,11.32,3.325,6.766
21369,4.28,4.643,11.32,3.325,4.28,4.643,11.32,3.325,4.28,4.643,11.32,3.325,4.28,4.643,11.32,3.325,10.148
21370,4.28,4.643,11.32,3.325,4.28,4.643,11.32,3.325,4.28,4.643,11.32,3.325,4.28,4.643,11.32,3.325,5.545
21371,4.28,4.643,11.32,3.325,4.28,4.643,11.32,3.325,4.28,4.643,11.32,3.325,4.28,4.643,11.32,3.325,5.665
21372,4.28,4.643,11.32,3.325,4.28,4.643,11.32,3.325,4.28,4.643,11.32,3.325,4.28,4.643,11.32,3.325,6.128
21373,4.28,4.643,11.32,3.325,4.28,4.643,11.32,3.325,4.28,4.643,11.32,3.325,4.28,4.643,11.32,3.325,7.165
21374,4.28,4.643,11.32,3.325,4.28,4.643,11.32,3.325,4.28,4.643,11.32,3.325,4.28,4.643,11.32,3.325,8.509
21375,4.28,4.643,11.32,3.326,4.28,4.643,11.32,3.326,4.28,4.643,11.32,3.326,4.28,4.643,11.32,3.326,5.869
21376,4.281,4.643,11.32,3.326,4.281,4.643,11.32,3.326,4.281,4.643,11.32,3.326,4.281,4.643,11.32,3.326,7.352
21377,4.281,4.644,11.32,3.326,4.281,4.644,11.32,3.326,4.281,4.644,11.32,3.326,4.281,4.644,11.32,3.326,7.211
21378,4.281,4.644,11.32,3.326,4.281,4.644,11.32,3.326,4.281,4.644,11.32,3.326,4.281,4.644,11.32,3.326,6.706
21379,4.281,4.644,11.32,3.324,4.281,4.644,11.32,3.324,4.281,4.644,11.32,3.324,4.281,4.644,11.32,3.324,6.826
21380,4.282,4.644,11.32,3.324,4.282,4.644,11.32,3.324,4.282,4.644,11.32,3.324,4.282,4.644,11.32,3.324,8.234
21381,4.282,4.644,11.32,3.324,4.282,4.644,11.32,3.324,4.282,4.644,11.32,3.324,4.282,4.644,11.32,3.324,6.188
21382,4.282,4.644,11.32,3.324,4.282,4.644,11.32,3.324,4.282,4.644,11.32,3.324,4.282,4.644,11.32,3.324,6.94
21383,4.282,4.644,11.32,3.325,4.282,4.644,11.32,3.325,4.282,4.644,11.32,3.325,4.282,4.644,11.32,3.325,11.25
21384,4.281,4.644,11.32,3.325,4.281,4.644,11.32,3.325,4.281,4.644,11.32,3.325,4.281,4.644,11.32,3.325,8.706
21385,4.281,4.643,11.32,3.325,4.281,4.643,11.32,3.325,4.281,4.643,11.32,3.325,4.281,4.643,11.32,3.325,6.412
21386,4.281,4.643,11.32,3.325,4.281,4.643,11.32,3.325,4.281,4.643,11.32,3.325,4.281,4.643,11.32,3.325,7.101
21387,4.281,4.643,11.32,3.322,4.281,4.643,11.32,3.322,4.281,4.643,11.32,3.322,4.281,4.643,11.32,3.322,4.344
21388,4.28,4.643,11.32,3.322,4.28,4.643,11.32,3.322,4.28,4.643,11.32,3.322,4.28,4.643,11.32,3.322,5.367
21389,4.28,4.643,11.32,3.322,4.28,4.643,11.32,3.322,4.28,4.643,11.32,3.322,4.28,4.643,11.32,3.322,6.762
21390,4.28,4.643,11.32,3.324,4.28,4.643,11.32,3.324,4.28,4.643,11.32,3.324,4.28,4.643,11.32,3.324,7.07
21391,4.28,4.643,11.32,3.324,4.28,4.643,11.32,3.324,4.28,4.643,11.32,3.324,4.28,4.643,11.32,3.324,8.26
21392,4.28,4.643,11.32,3.324,4.28,4.643,11.32,3.324,4.28,4.643,11.32,3.324,4.28,4.643,11.32,3.324,6.083
21393,4.28,4.643,11.32,3.324,4.28,4.643,11.32,3.324,4.28,4.643,11.32,3.324,4.28,4.643,11.32,3.324,7.19
21394,4.28,4.643,11.32,3.327,4.28,4.643,11.32,3.327,4.28,4.643,11.32,3.327,4.28,4.643,11.32,3.327,7.397
21395,4.281,4.643,11.32,3.327,4.281,4.643,11.32,3.327,4.281,4.643,11.32,3.327,4.281,4.643,11.32,3.327,8.269
21396,4.281,4.644,11.32,3.327,4.281,4.644,11.32,3.327,4.281,4.644,11.32,3.327,4.281,4.644,11.32,3.327,8.95
21397,4.281,4.644,11.32,3.327,4.281,4.644,11.32,3.327,4.281,4.644,11.32,3.327,4.281,4.644,11.32,3.327,15.609
21398,4.281,4.644,11.32,3.327,4.281,4.644,11.32,3.327,4.281,4.644,11.32,3.327,4.281,4.644,11.32,3.327,4.675
21399,4.281,4.644,11.32,3.327,4.281,4.644,11.32,3.327,4.281,4.644,11.32,3.327,4.281,4.644,11.32,3.327,0.025
21400,4.281,4.643,11.32,3.327,4.281,4.643,11.32,3.327,4.281,4.643,11.32,3.327,4.281,4.643,11.32,3.327,11.709
21401,4.281,4.643,11.32,3.327,4.281,4.643,11.32,3.327,4.281,4.643,11.32,3.327,4.281,4.643,11.32,3.327,5.613
21402,4.281,4.643,11.32,3.326,4.281,4.643,11.32,3.326,4.281,4.643,11.32,3.326,4.281,4.643,11.32,3.326,9.18
21403,4.281,4.643,11.32,3.326,4.281,4.643,11.32,3.326,4.281,4.643,11.32,3.326,4.281,4.643,11.32,3.326,0.029
21404,4.281,4.644,11.32,3.326,4.281,4.644,11.32,3.326,4.281,4.644,11.32,3.326,4.281,4.644,11.32,3.326,5.573
21405,4.281,4.644,11.32,3.326,4.281,4.644,11.32,3.326,4.281,4.644,11.32,3.326,4.281,4.644,11.32,3.326,6.52
21406,4.281,4.644,11.32,3.325,4.281,4.644,11.32,3.325,4.281,4.644,11.32,3.325,4.281,4.644,11.32,3.325,11.042
21407,4.281,4.644,11.32,3.325,4.281,4.644,11.32,3.325,4.281,4.644,11.32,3.325,4.281,4.644,11.32,3.325,4.5
21408,4.281,4.643,11.32,3.325,4.281,4.643,11.32,3.325,4.281,4.643,11.32,3.325,4.281,4.643,11.32,3.325,5.39
21409,4.281,4.643,11.32,3.324,4.281,4.643,11.32,3.324,4.281,4.643,11.32,3.324,4.281,4.643,11.32,3.324,7.08
21410,4.281,4.643,11.32,3.324,4.281,4.643,11.32,3.324,4.281,4.643,11.32,3.324,4.281,4.643,11.32,3.324,13.763
21411,4.281,4.643,11.32,3.324,4.281,4.643,11.32,3.324,4.281,4.643,11.32,3.324,4.281,4.643,11.32,3.324,4.477
21412,4.281,4.644,11.32,3.324,4.281,4.644,11.32,3.324,4.281,4.644,11.32,3.324,4.281,4.644,11.32,3.324,13.294
21413,4.281,4.644,11.32,3.324,4.281,4.644,11.32,3.324,4.281,4.644,11.32,3.324,4.281,4.644,11.32,3.324,4.344
21414,4.281,4.644,11.32,3.324,4.281,4.644,11.32,3.324,4.281,4.644,11.32,3.324,4.281,4.644,11.32,3.324,0.025
21415,4.281,4.644,11.32,3.324,4.281,4.644,11.32,3.324,4.281,4.644,11.32,3.324,4.281,4.644,11.32,3.324,6.96
21416,4.281,4.643,11.32,3.324,4.281,4.643,11.32,3.324,4.281,4.643,11.32,3.324,4.281,4.643,11.32,3.324,5.877
21417,4.281,4.643,11.32,3.324,4.281,4.643,11.32,3.324,4.281,4.643,11.32,3.324,4.281,4.643,11.32,3.324,6.98
21418,4.281,4.643,11.32,3.324,4.281,4.643,11.32,3.324,4.281,4.643,11.32,3.324,4.281,4.643,11.32,3.324,6.832
21419,4.281,4.643,11.32,3.324,4.281,4.643,11.32,3.324,4.281,4.643,11.32,3.324,4.281,4.643,11.32,3.324,7.304
21420,4.281,4.643,11.32,3.324,4.281,4.643,11.32,3.324,4.281,4.643,11.32,3.324,4.281,4.643,11.32,3.324,9.631
21421,4.281,4.643,11.32,3.325,4.281,4.643,11.32,3.325,4.281,4.643,11.32,3.325,4.281,4.643,11.32,3.325,4.606
21422,4.281,4.643,11.32,3.325,4.281,4.643,11.32,3.325,4.281,4.643,11.32,3.325,4.281,4.643,11.32,3.325,7.153
21423,4.281,4.643,11.32,3.325,4.281,4.643,11.32,3.325,4.281,4.643,11.32,3.325,4.281,4.643,11.32,3.325,16.944
21424,4.281,4.643,11.32,3.325,4.281,4.643,11.32,3.325,4.281,4.643,11.32,3.325,4.281,4.643,11.32,3.325,8.995
21425,4.281,4.643,11.32,3.325,4.281,4.643,11.32,3.325,4.281,4.643,11.32,3.325,4.281,4.643,11.32,3.325,0.03
21426,4.281,4.643,11.32,3.325,4.281,4.643,11.32,3.325,4.281,4.643,11.32,3.325,4.281,4.643,11.32,3.325,14.011
21427,4.281,4.643,11.32,3.325,4.281,4.643,11.32,3.325,4.281,4.643,11.32,3.325,4.281,4.643,11.32,3.325,5.577
21428,4.281,4.643,11.32,3.325,4.281,4.643,11.32,3.325,4.281,4.643,11.32,3.325,4.281,4.643,11.32,3.325,0.029
21429,4.281,4.643,11.32,3.326,4.281,4.643,11.32,3.326,4.281,4.643,11.32,3.326,4.281,4.643,11.32,3.326,4.334
21430,4.281,4.643,11.32,3.326,4.281,4.643,11.32,3.326,4.281,4.643,11.32,3.326,4.281,4.643,11.32,3.326,5.209
21431,4.281,4.643,11.32,3.326,4.281,4.643,11.32,3.326,4.281,4.643,11.32,3.326,4.281,4.643,11.32,3.326,7.13
21432,4.281,4.643,11.32,3.326,4.281,4.643,11.32,3.326,4.281,4.643,11.32,3.326,4.281,4.643,11.32,3.326,7.401
21433,4.281,4.643,11.32,3.326,4.281,4.643,11.32,3.326,4.281,4.643,11.32,3.326,4.281,4.643,11.32,3.326,9.858
21434,4.281,4.643,11.32,3.326,4.281,4.643,11.32,3.326,4.281,4.643,11.32,3.326,4.281,4.643,11.32,3.326,7.736
21435,4.281,4.643,11.32,3.326,4.281,4.643,11.32,3.326,4.281,4.643,11.32,3.326,4.281,4.643,11.32,3.326,53.088
21436,4.281,4.643,11.32,3.326,4.281,4.643,11.32,3.326,4.281,4.643,11.32,3.326,4.281,4.643,11.32,3.326,0.032
21437,4.281,4.643,11.32,3.325,4.281,4.643,11.32,3.325,4.281,4.643,11.32,3.325,4.281,4.643,11.32,3.325,0.005
21438,4.281,4.643,11.32,3.325,4.281,4.643,11.32,3.325,4.281,4.643,11.32,3.325,4.281,4.643,11.32,3.325,0.01
21439,4.281,4.643,11.32,3.325,4.281,4.643,11.32,3.325,4.281,4.643,11.32,3.325,4.281,4.643,11.32,3.325,0.002
21440,4.281,4.644,11.32,3.325,4.281,4.644,11.32,3.325,4.281,4.644,11.32,3.325,4.281,4.644,11.32,3.325,0.002
21441,4.281,4.644,11.32,3.325,4.281,4.644,11.32,3.325,4.281,4.644,11.32,3.325,4.281,4.644,11.32,3.325,8.271
21442,4.281,4.644,11.32,3.325,4.281,4.644,11.32,3.325,4.281,4.644,11.32,3.325,4.281,4.644,11.32,3.325,0.015
21443,4.281,4.644,11.32,3.325,4.281,4.644,11.32,3.325,4.281,4.644,11.32,3.325,4.281,4.644,11.32,3.325,0.003
21444,4.281,4.643,11.32,3.325,4.281,4.643,11.32,3.325,4.281,4.643,11.32,3.325,4.281,4.643,11.32,3.325,0.002
21449,4.281,4.643,11.32,3.325,4.281,4.643,11.32,3.325,4.281,4.643,11.32,3.325,4.281,4.643,11.32,3.325,7.253
21450,4.281,4.643,11.32,3.325,4.281,4.643,11.32,3.325,4.281,4.643,11.32,3.325,4.281,4.643,11.32,3.325,8.383
21451,4.281,4.643,11.32,3.325,4.281,4.643,11.32,3.325,4.281,4.643,11.32,3.325,4.281,4.643,11.32,3.325,5.542
21452,4.281,4.643,11.32,3.325,4.281,4.643,11.32,3.325,4.281,4.643,11.32,3.325,4.281,4.643,11.32,3.325,7.507
21453,4.281,4.643,11.32,3.326,4.281,4.643,11.32,3.326,4.281,4.643,11.32,3.326,4.281,4.643,11.32,3.326,6.652
21454,4.281,4.643,11.32,3.326,4.281,4.643,11.32,3.326,4.281,4.643,11.32,3.326,4.281,4.643,11.32,3.326,7.367
21455,4.281,4.643,11.32,3.326,4.281,4.643,11.32,3.326,4.281,4.643,11.32,3.326,4.281,4.643,11.32,3.326,7.39
21456,4.281,4.643,11.32,3.326,4.281,4.643,11.32,3.326,4.281,4.643,11.32,3.326,4.281,4.643,11.32,3.326,6.699
21457,4.281,4.643,11.32,3.326,4.281,4.643,11.32,3.326,4.281,4.643,11.32,3.326,4.281,4.643,11.32,3.326,7.65
21458,4.281,4.643,11.32,3.326,4.281,4.643,11.32,3.326,4.281,4.643,11.32,3.326,4.281,4.643,11.32,3.326,7.376
21459,4.281,4.643,11.32,3.326,4.281,4.643,11.32,3.326,4.281,4.643,11.32,3.326,4.281,4.643,11.32,3.326,8.769
21460,4.281,4.643,11.32,3.326,4.281,4.643,11.32,3.326,4.281,4.643,11.32,3.326,4.281,4.643,11.32,3.326,5.182
21461,4.281,4.643,11.32,3.324,4.281,4.643,11.32,3.324,4.281,4.643,11.32,3.324,4.281,4.643,11.32,3.324,9.666
21462,4.281,4.643,11.32,3.324,4.281,4.643,11.32,3.324,4.281,4.643,11.32,3.324,4.281,4.643,11.32,3.324,4.605
21463,4.281,4.643,11.32,3.324,4.281,4.643,11.32,3.324,4.281,4.643,11.32,3.324,4.281,4.643,11.32,3.324,7.352
21464,4.281,4.643,11.32,3.324,4.281,4.643,11.32,3.324,4.281,4.643,11.32,3.324,4.281,4.643,11.32,3.324,6.827
21465,4.281,4.643,11.32,3.324,4.281,4.643,11.32,3.324,4.281,4.643,11.32,3.324,4.281,4.643,11.32,3.324,7.899
21466,4.281,4.643,11.32,3.324,4.281,4.643,11.32,3.324,4.281,4.643,11.32,3.324,4.281,4.643,11.32,3.324,7.368
21467,4.281,4.643,11.32,3.324,4.281,4.643,11.32,3.324,4.281,4.643,11.32,3.324,4.281,4.643,11.32,3.324,7.945
21471,4.281,4.643,11.32,3.325,4.281,4.643,11.32,3.325,4.281,4.643,11.32,3.325,4.281,4.643,11.32,3.325,7.164
21472,4.281,4.643,11.32,3.325,4.281,4.643,11.32,3.325,4.281,4.643,11.32,3.325,4.281,4.643,11.32,3.325,11.311
21473,4.281,4.643,11.32,3.325,4.281,4.643,11.32,3.325,4.281,4.643,11.32,3.325,4.281,4.643,11.32,3.325,7.087
21474,4.281,4.643,11.32,3.325,4.281,4.643,11.32,3.325,4.281,4.643,11.32,3.325,4.281,4.643,11.32,3.325,5.937
21479,4.281,4.643,11.32,3.325,4.281,4.643,11.32,3.325,4.281,4.643,11.32,3.325,4.281,4.643,11.32,3.325,6.533
21480,4.281,4.643,11.32,3.325,4.281,4.643,11.32,3.325,4.281,4.643,11.32,3.325,4.281,4.643,11.32,3.325,7.508
21481,4.281,4.643,11.32,3.325,4.281,4.643,11.32,3.325,4.281,4.643,11.32,3.325,4.281,4.643,11.32,3.325,7.175
21482,4.281,4.643,11.32,3.325,4.281,4.643,11.32,3.325,4.281,4.643,11.32,3.325,4.281,4.643,11.32,3.325,11.981
21483,4.281,4.643,11.32,3.325,4.281,4.643,11.32,3.325,4.281,4.643,11.32,3.325,4.281,4.643,11.32,3.325,5.584
21484,4.281,4.643,11.32,3.325,4.281,4.643,11.32,3.325,4.281,4.643,11.32,3.325,4.281,4.643,11.32,3.325,5.954
21485,4.281,4.643,11.32,3.325,4.281,4.643,11.32,3.325,4.281,4.643,11.32,3.325,4.281,4.643,11.32,3.325,4.782
21486,4.281,4.643,11.32,3.325,4.281,4.643,11.32,3.325,4.281,4.643,11.32,3.325,4.281,4.643,11.32,3.325,8.536
21487,4.281,4.643,11.32,3.325,4.281,4.643,11.32,3.325,4.281,4.643,11.32,3.325,4.281,4.643,11.32,3.325,5.807
21488,4.281,4.643,11.32,3.325,4.281,4.643,11.32,3.325,4.281,4.643,11.32,3.325,4.281,4.643,11.32,3.325,8.784
21489,4.281,4.643,11.32,3.325,4.281,4.643,11.32,3.325,4.281,4.643,11.32,3.325,4.281,4.643,11.32,3.325,7.159
21490,4.281,4.643,11.32,3.325,4.281,4.643,11.32,3.325,4.281,4.643,11.32,3.325,4.281,4.643,11.32,3.325,6.843
21491,4.281,4.643,11.32,3.325,4.281,4.643,11.32,3.325,4.281,4.643,11.32,3.325,4.281,4.643,11.32,3.325,10.473
21492,4.281,4.643,11.32,3.325,4.281,4.643,11.32,3.325,4.281,4.643,11.32,3.325,4.281,4.643,11.32,3.325,9.036
21493,4.281,4.643,11.32,3.325,4.281,4.643,11.32,3.325,4.281,4.643,11.32,3.325,4.281,4.643,11.32,3.325,6.134
21494,4.281,4.643,11.32,3.325,4.281,4.643,11.32,3.325,4.281,4.643,11.32,3.325,4.281,4.643,11.32,3.325,4.49
21495,4.281,4.643,11.32,3.325,4.281,4.643,11.32,3.325,4.281,4.643,11.32,3.325,4.281,4.643,11.32,3.325,8.505
21496,4.281,4.643,11.32,3.325,4.281,4.643,11.32,3.325,4.281,4.643,11.32,3.325,4.281,4.643,11.32,3.325,4.816
21497,4.281,4.643,11.32,3.325,4.281,4.643,11.32,3.325,4.281,4.643,11.32,3.325,4.281,4.643,11.32,3.325,5.444
21498,4.281,4.643,11.32,3.325,4.281,4.643,11.32,3.325,4.281,4.643,11.32,3.325,4.281,4.643,11.32,3.325,6.316
21499,4.281,4.643,11.32,3.325,4.281,4.643,11.32,3.325,4.281,4.643,11.32,3.325,4.281,4.643,11.32,3.325,12.153
21500,4.281,4.643,11.32,3.325,4.281,4.643,11.32,3.325,4.281,4.643,11.32,3.325,4.281,4.643,11.32,3.325,4.283
21501,4.281,4.643,11.32,3.325,4.281,4.643,11.32,3.325,4.281,4.643,11.32,3.325,4.281,4.643,11.32,3.325,8.069
21502,4.281,4.643,11.32,3.325,4.281,4.643,11.32,3.325,4.281,4.643,11.32,3.325,4.281,4.643,11.32,3.325,4.258
21503,4.281,4.643,11.32,3.325,4.281,4.643,11.32,3.325,4.281,4.643,11.32,3.325,4.281,4.643,11.32,3.325,9.495
21504,4.281,4.643,11.32,3.325,4.281,4.643,11.32,3.325,4.281,4.643,11.32,3.325,4.281,4.643,11.32,3.325,36.828
21505,4.281,4.643,11.32,3.325,4.281,4.643,11.32,3.325,4.281,4.643,11.32,3.325,4.281,4.643,11.32,3.325,18.097
21506,4.281,4.643,11.32,3.325,4.281,4.643,11.32,3.325,4.281,4.643,11.32,3.325,4.281,4.643,11.32,3.325,0.022
21507,4.281,4.643,11.32,3.325,4.281,4.643,11.32,3.325,4.281,4.643,11.32,3.325,4.281,4.643,11.32,3.325,0.004
21508,4.281,4.643,11.32,3.325,4.281,4.643,11.32,3.325,4.281,4.643,11.32,3.325,4.281,4.643,11.32,3.325,0.002
21509,4.281,4.643,11.32,3.325,4.281,4.643,11.32,3.325,4.281,4.643,11.32,3.325,4.281,4.643,11.32,3.325,0.002
21510,4.281,4.643,11.32,3.325,4.281,4.643,11.32,3.325,4.281,4.643,11.32,3.325,4.281,4.643,11.32,3.325,0.002
21511,4.281,4.643,11.32,3.325,4.281,4.643,11.32,3.325,4.281,4.643,11.32,3.325,4.281,4.643,11.32,3.325,7.107
21512,4.281,4.643,11.32,3.325,4.281,4.643,11.32,3.325,4.281,4.643,11.32,3.325,4.281,4.643,11.32,3.325,0.031
21513,4.281,4.643,11.32,3.325,4.281,4.643,11.32,3.325,4.281,4.643,11.32,3.325,4.281,4.643,11.32,3.325,0.003
21514,4.281,4.643,11.32,3.325,4.281,4.643,11.32,3.325,4.281,4.643,11.32,3.325,4.281,4.643,11.32,3.325,5.51
21515,4.281,4.643,11.32,3.325,4.281,4.643,11.32,3.325,4.281,4.643,11.32,3.325,4.281,4.643,11.32,3.325,5.681
21516,4.281,4.643,11.32,3.325,4.281,4.643,11.32,3.325,4.281,4.643,11.32,3.325,4.281,4.643,11.32,3.325,6.916
21517,4.281,4.643,11.32,3.325,4.281,4.643,11.32,3.325,4.281,4.643,11.32,3.325,4.281,4.643,11.32,3.325,7.147
21522,4.281,4.643,11.32,3.325,4.281,4.643,11.32,3.325,4.281,4.643,11.32,3.325,4.281,4.643,11.32,3.325,6.606
21523,4.281,4.643,11.32,3.325,4.281,4.643,11.32,3.325,4.281,4.643,11.32,3.325,4.281,4.643,11.32,3.325,8.019
21524,4.281,4.643,11.32,3.325,4.281,4.643,11.32,3.325,4.281,4.643,11.32,3.325,4.281,4.643,11.32,3.325,6.89
21525,4.281,4.643,11.32,3.325,4.281,4.643,11.32,3.325,4.281,4.643,11.32,3.325,4.281,4.643,11.32,3.325,7.091
21526,4.281,4.643,11.32,3.325,4.281,4.643,11.32,3.325,4.281,4.643,11.32,3.325,4.281,4.643,11.32,3.325,7.673
21527,4.281,4.643,11.32,3.325,4.281,4.643,11.32,3.325,4.281,4.643,11.32,3.325,4.281,4.643,11.32,3.325,6.394
21528,4.281,4.643,11.32,3.325,4.281,4.643,11.32,3.325,4.281,4.643,11.32,3.325,4.281,4.643,11.32,3.325,6.664
21529,4.281,4.643,11.32,3.325,4.281,4.643,11.32,3.325,4.281,4.643,11.32,3.325,4.281,4.643,11.32,3.325,7.036
21530,4.281,4.643,11.32,3.325,4.281,4.643,11.32,3.325,4.281,4.643,11.32,3.325,4.281,4.643,11.32,3.325,8.644
21531,4.281,4.643,11.32,3.325,4.281,4.643,11.32,3.325,4.281,4.643,11.32,3.325,4.281,4.643,11.32,3.325,6.348
21532,4.281,4.643,11.32,3.325,4.281,4.643,11.32,3.325,4.281,4.643,11.32,3.325,4.281,4.643,11.32,3.325,6.407
21533,4.281,4.643,11.32,3.325,4.281,4.643,11.32,3.325,4.281,4.643,11.32,3.325,4.281,4.643,11.32,3.325,8.694
21534,4.281,4.643,11.32,3.325,4.281,4.643,11.32,3.325,4.281,4.643,11.32,3.325,4.281,4.643,11.32,3.325,5.375
21535,4.281,4.643,11.32,3.325,4.281,4.643,11.32,3.325,4.281,4.643,11.32,3.325,4.281,4.643,11.32,3.325,9.737
21536,4.281,4.643,11.32,3.325,4.281,4.643,11.32,3.325,4.281,4.643,11.32,3.325,4.281,4.643,11.32,3.325,7.442
21537,4.281,4.643,11.32,3.325,4.281,4.643,11.32,3.325,4.281,4.643,11.32,3.325,4.281,4.643,11.32,3.325,42.044
21538,4.281,4.643,11.32,3.325,4.281,4.643,11.32,3.325,4.281,4.643,11.32,3.325,4.281,4.643,11.32,3.325,0.028
21539,4.281,4.643,11.32,3.325,4.281,4.643,11.32,3.325,4.281,4.643,11.32,3.325,4.281,4.643,11.32,3.325,0.004
21540,4.281,4.643,11.32,3.325,4.281,4.643,11.32,3.325,4.281,4.643,11.32,3.325,4.281,4.643,11.32,3.325,0.002
21541,4.281,4.643,11.32,3.325,4.281,4.643,11.32,3.325,4.281,4.643,11.32,3.325,4.281,4.643,11.32,3.325,0.002
21542,4.281,4.643,11.32,3.325,4.281,4.643,11.32,3.325,4.281,4.643,11.32,3.325,4.281,4.643,11.32,3.325,0.002
21543,4.281,4.643,11.32,3.325,4.281,4.643,11.32,3.325,4.281,4.643,11.32,3.325,4.281,4.643,11.32,3.325,5.48
21544,4.281,4.643,11.32,3.325,4.281,4.643,11.32,3.325,4.281,4.643,11.32,3.325,4.281,4.643,11.32,3.325,0.015
21545,4.281,4.643,11.32,3.325,4.281,4.643,11.32,3.325,4.281,4.643,11.32,3.325,4.281,4.643,11.32,3.325,6.564
21550,4.281,4.643,11.32,3.325,4.281,4.643,11.32,3.325,4.281,4.643,11.32,3.325,4.281,4.643,11.32,3.325,4.316
21551,4.281,4.643,11.32,3.325,4.281,4.643,11.32,3.325,4.281,4.643,11.32,3.325,4.281,4.643,11.32,3.325,8.702
21552,4.281,4.643,11.32,3.325,4.281,4.643,11.32,3.325,4.281,4.643,11.32,3.325,4.281,4.643,11.32,3.325,5.845
21553,4.281,4.643,11.32,3.325,4.281,4.643,11.32,3.325,4.281,4.643,11.32,3.325,4.281,4.643,11.32,3.325,6.994
21554,4.281,4.643,11.32,3.325,4.281,4.643,11.32,3.325,4.281,4.643,11.32,3.325,4.281,4.643,11.32,3.325,7.16
21555,4.281,4.643,11.32,3.325,4.281,4.643,11.32,3.325,4.281,4.643,11.32,3.325,4.281,4.643,11.32,3.325,7.155
21556,4.281,4.643,11.32,3.325,4.281,4.643,11.32,3.325,4.281,4.643,11.32,3.325,4.281,4.643,11.32,3.325,7.703
21557,4.281,4.643,11.32,3.325,4.281,4.643,11.32,3.325,4.281,4.643,11.32,3.325,4.281,4.643,11.32,3.325,6.736
21558,4.281,4.643,11.32,3.325,4.281,4.643,11.32,3.325,4.281,4.643,11.32,3.325,4.281,4.643,11.32,3.325,7.137
21559,4.281,4.643,11.32,3.325,4.281,4.643,11.32,3.325,4.281,4.643,11.32,3.325,4.281,4.643,11.32,3.325,7.19
21560,4.281,4.643,11.32,3.325,4.281,4.643,11.32,3.325,4.281,4.643,11.32,3.325,4.281,4.643,11.32,3.325,7.082
21561,4.281,4.643,11.32,3.325,4.281,4.643,11.32,3.325,4.281,4.643,11.32,3.325,4.281,4.643,11.32,3.325,7.147
21562,4.281,4.643,11.32,3.325,4.281,4.643,11.32,3.325,4.281,4.643,11.32,3.325,4.281,4.643,11.32,3.325,7.214
21563,4.281,4.643,11.32,3.325,4.281,4.643,11.32,3.325,4.281,4.643,11.32,3.325,4.281,4.643,11.32,3.325,9.463
21564,4.281,4.643,11.32,3.325,4.281,4.643,11.32,3.325,4.281,4.643,11.32,3.325,4.281,4.643,11.32,3.325,4.402
21569,4.281,4.643,11.32,3.325,4.281,4.643,11.32,3.325,4.281,4.643,11.32,3.325,4.281,4.643,11.32,3.325,7.42
21570,4.281,4.643,11.32,3.325,4.281,4.643,11.32,3.325,4.281,4.643,11.32,3.325,4.281,4.643,11.32,3.325,7.17
21571,4.281,4.643,11.32,3.325,4.281,4.643,11.32,3.325,4.281,4.643,11.32,3.325,4.281,4.643,11.32,3.325,7.172
21572,4.281,4.643,11.32,3.325,4.281,4.643,11.32,3.325,4.281,4.643,11.32,3.325,4.281,4.643,11.32,3.325,8.078
21573,4.281,4.643,11.32,3.325,4.281,4.643,11.32,3.325,4.281,4.643,11.32,3.325,4.281,4.643,11.32,3.325,6.019
21574,4.281,4.643,11.32,3.325,4.281,4.643,11.32,3.325,4.281,4.643,11.32,3.325,4.281,4.643,11.32,3.325,7.137
21575,4.281,4.643,11.32,3.325,4.281,4.643,11.32,3.325,4.281,4.643,11.32,3.325,4.281,4.643,11.32,3.325,9.506
21576,4.281,4.643,11.32,3.325,4.281,4.643,11.32,3.325,4.281,4.643,11.32,3.325,4.281,4.643,11.32,3.325,4.833
21577,4.281,4.643,11.32,3.325,4.281,4.643,11.32,3.325,4.281,4.643,11.32,3.325,4.281,4.643,11.32,3.325,7.429
21578,4.281,4.643,11.32,3.325,4.281,4.643,11.32,3.325,4.281,4.643,11.32,3.325,4.281,4.643,11.32,3.325,7.426
21579,4.281,4.643,11.32,3.325,4.281,4.643,11.32,3.325,4.281,4.643,11.32,3.325,4.281,4.643,11.32,3.325,6.539
21580,4.281,4.643,11.32,3.325,4.281,4.643,11.32,3.325,4.281,4.643,11.32,3.325,4.281,4.643,11.32,3.325,11.298
21581,4.281,4.643,11.32,3.325,4.281,4.643,11.32,3.325,4.281,4.643,11.32,3.325,4.281,4.643,11.32,3.325,4.488
21582,4.281,4.643,11.32,3.325,4.281,4.643,11.32,3.325,4.281,4.643,11.32,3.325,4.281,4.643,11.32,3.325,5.799
21583,4.281,4.643,11.32,3.325,4.281,4.643,11.32,3.325,4.281,4.643,11.32,3.325,4.281,4.643,11.32,3.325,6.693
21584,4.281,4.643,11.32,3.325,4.281,4.643,11.32,3.325,4.281,4.643,11.32,3.325,4.281,4.643,11.32,3.325,7.773
21585,4.281,4.643,11.32,3.325,4.281,4.643,11.32,3.325,4.281,4.643,11.32,3.325,4.281,4.643,11.32,3.325,6.872
21586,4.281,4.643,11.32,3.325,4.281,4.643,11.32,3.325,4.281,4.643,11.32,3.325,4.281,4.643,11.32,3.325,11.033
21587,4.281,4.643,11.32,3.325,4.281,4.643,11.32,3.325,4.281,4.643,11.32,3.325,4.281,4.643,11.32,3.325,4.757
21595,4.281,4.643,11.32,3.325,4.281,4.643,11.32,3.325,4.281,4.643,11.32,3.325,4.281,4.643,11.32,3.325,7.906
21596,4.281,4.643,11.32,3.325,4.281,4.643,11.32,3.325,4.281,4.643,11.32,3.325,4.281,4.643,11.32,3.325,4.311
21597,4.281,4.643,11.32,3.325,4.281,4.643,11.32,3.325,4.281,4.643,11.32,3.325,4.281,4.643,11.32,3.325,6.398
21598,4.281,4.643,11.32,3.325,4.281,4.643,11.32,3.325,4.281,4.643,11.32,3.325,4.281,4.643,11.32,3.325,8.099
21603,4.281,4.643,11.32,3.325,4.281,4.643,11.32,3.325,4.281,4.643,11.32,3.325,4.281,4.643,11.32,3.325,10.298
21604,4.281,4.643,11.32,3.325,4.281,4.643,11.32,3.325,4.281,4.643,11.32,3.325,4.281,4.643,11.32,3.325,0.03
21605,4.281,4.643,11.32,3.325,4.281,4.643,11.32,3.325,4.281,4.643,11.32,3.325,4.281,4.643,11.32,3.325,18.14
21606,4.281,4.643,11.32,3.325,4.281,4.643,11.32,3.325,4.281,4.643,11.32,3.325,4.281,4.643,11.32,3.325,8.904
21607,4.281,4.643,11.32,3.325,4.281,4.643,11.32,3.325,4.281,4.643,11.32,3.325,4.281,4.643,11.32,3.325,0.025
21608,4.281,4.643,11.32,3.325,4.281,4.643,11.32,3.325,4.281,4.643,11.32,3.325,4.281,4.643,11.32,3.325,0.002
21609,4.281,4.643,11.32,3.325,4.281,4.643,11.32,3.325,4.281,4.643,11.32,3.325,4.281,4.643,11.32,3.325,10.469
21610,4.281,4.643,11.32,3.325,4.281,4.643,11.32,3.325,4.281,4.643,11.32,3.325,4.281,4.643,11.32,3.325,12.699
21611,4.281,4.643,11.32,3.325,4.281,4.643,11.32,3.325,4.281,4.643,11.32,3.325,4.281,4.643,11.32,3.325,0.03
21612,4.281,4.643,11.32,3.325,4.281,4.643,11.32,3.325,4.281,4.643,11.32,3.325,4.281,4.643,11.32,3.325,24.456
21613,4.281,4.643,11.32,3.325,4.281,4.643,11.32,3.325,4.281,4.643,11.32,3.325,4.281,4.643,11.32,3.325,5.31
21614,4.281,4.643,11.32,3.325,4.281,4.643,11.32,3.325,4.281,4.643,11.32,3.325,4.281,4.643,11.32,3.325,0.016
21615,4.281,4.643,11.32,3.326,4.281,4.643,11.32,3.326,4.281,4.643,11.32,3.326,4.281,4.643,11.32,3.326,0.003
21616,4.281,4.643,11.32,3.326,4.281,4.643,11.32,3.326,4.281,4.643,11.32,3.326,4.281,4.643,11.32,3.326,0.002
21617,4.281,4.643,11.32,3.326,4.281,4.643,11.32,3.326,4.281,4.643,11.32,3.326,4.281,4.643,11.32,3.326,6.628
21618,4.281,4.644,11.32,3.326,4.281,4.644,11.32,3.326,4.281,4.644,11.32,3.326,4.281,4.644,11.32,3.326,4.954
21619,4.281,4.644,11.32,3.326,4.281,4.644,11.32,3.326,4.281,4.644,11.32,3.326,4.281,4.644,11.32,3.326,7.088
21620,4.281,4.644,11.32,3.326,4.281,4.644,11.32,3.326,4.281,4.644,11.32,3.326,4.281,4.644,11.32,3.326,7.173
21621,4.281,4.643,11.32,3.326,4.281,4.643,11.32,3.326,4.281,4.643,11.32,3.326,4.281,4.643,11.32,3.326,7.302
21622,4.281,4.643,11.32,3.326,4.281,4.643,11.32,3.326,4.281,4.643,11.32,3.326,4.281,4.643,11.32,3.326,9.608
21623,4.281,4.643,11.32,3.325,4.281,4.643,11.32,3.325,4.281,4.643,11.32,3.325,4.281,4.643,11.32,3.325,4.384
21624,4.281,4.643,11.32,3.325,4.281,4.643,11.32,3.325,4.281,4.643,11.32,3.325,4.281,4.643,11.32,3.325,7.15
21625,4.281,4.644,11.32,3.325,4.281,4.644,11.32,3.325,4.281,4.644,11.32,3.325,4.281,4.644,11.32,3.325,6.883
21626,4.281,4.644,11.32,3.325,4.281,4.644,11.32,3.325,4.281,4.644,11.32,3.325,4.281,4.644,11.32,3.325,7.422
21627,4.281,4.644,11.32,3.325,4.281,4.644,11.32,3.325,4.281,4.644,11.32,3.325,4.281,4.644,11.32,3.325,9.985
21628,4.281,4.644,11.32,3.325,4.281,4.644,11.32,3.325,4.281,4.644,11.32,3.325,4.281,4.644,11.32,3.325,6.129
21629,4.281,4.643,11.32,3.325,4.281,4.643,11.32,3.325,4.281,4.643,11.32,3.325,4.281,4.643,11.32,3.325,5.392
21630,4.281,4.643,11.32,3.326,4.281,4.643,11.32,3.326,4.281,4.643,11.32,3.326,4.281,4.643,11.32,3.326,6.889
21631,4.281,4.643,11.32,3.326,4.281,4.643,11.32,3.326,4.281,4.643,11.32,3.326,4.281,4.643,11.32,3.326,7.182
21632,4.281,4.643,11.32,3.326,4.281,4.643,11.32,3.326,4.281,4.643,11.32,3.326,4.281,4.643,11.32,3.326,7.177
21633,4.281,4.644,11.32,3.326,4.281,4.644,11.32,3.326,4.281,4.644,11.32,3.326,4.281,4.644,11.32,3.326,7.225
21634,4.281,4.644,11.32,3.325,4.281,4.644,11.32,3.325,4.281,4.644,11.32,3.325,4.281,4.644,11.32,3.325,7.092
21635,4.281,4.644,11.32,3.325,4.281,4.644,11.32,3.325,4.281,4.644,11.32,3.325,4.281,4.644,11.32,3.325,8.591
21636,4.281,4.644,11.32,3.325,4.281,4.644,11.32,3.325,4.281,4.644,11.32,3.325,4.281,4.644,11.32,3.325,7.789
21637,4.281,4.643,11.32,3.325,4.281,4.643,11.32,3.325,4.281,4.643,11.32,3.325,4.281,4.643,11.32,3.325,35.656
21638,4.281,4.643,11.32,3.325,4.281,4.643,11.32,3.325,4.281,4.643,11.32,3.325,4.281,4.643,11.32,3.325,0.029
21639,4.281,4.643,11.32,3.325,4.281,4.643,11.32,3.325,4.281,4.643,11.32,3.325,4.281,4.643,11.32,3.325,0.003
21640,4.281,4.643,11.32,3.325,4.281,4.643,11.32,3.325,4.281,4.643,11.32,3.325,4.281,4.643,11.32,3.325,0.007
21641,4.281,4.644,11.32,3.325,4.281,4.644,11.32,3.325,4.281,4.644,11.32,3.325,4.281,4.644,11.32,3.325,0.002
21646,4.281,4.644,11.32,3.326,4.281,4.644,11.32,3.326,4.281,4.644,11.32,3.326,4.281,4.644,11.32,3.326,8.134
21647,4.281,4.644,11.32,3.326,4.281,4.644,11.32,3.326,4.281,4.644,11.32,3.326,4.281,4.644,11.32,3.326,5.815
21648,4.281,4.644,11.32,3.326,4.281,4.644,11.32,3.326,4.281,4.644,11.32,3.326,4.281,4.644,11.32,3.326,7.179
21649,4.281,4.643,11.32,3.326,4.281,4.643,11.32,3.326,4.281,4.643,11.32,3.326,4.281,4.643,11.32,3.326,7.488
21650,4.281,4.643,11.32,3.325,4.281,4.643,11.32,3.325,4.281,4.643,11.32,3.325,4.281,4.643,11.32,3.325,26.716
21651,4.281,4.643,11.32,3.325,4.281,4.643,11.32,3.325,4.281,4.643,11.32,3.325,4.281,4.643,11.32,3.325,4.941
21652,4.281,4.643,11.32,3.325,4.281,4.643,11.32,3.325,4.281,4.643,11.32,3.325,4.281,4.643,11.32,3.325,0.017
21653,4.281,4.643,11.32,3.325,4.281,4.643,11.32,3.325,4.281,4.643,11.32,3.325,4.281,4.643,11.32,3.325,0.004
21654,4.281,4.643,11.32,3.325,4.281,4.643,11.32,3.325,4.281,4.643,11.32,3.325,4.281,4.643,11.32,3.325,4.779
21655,4.281,4.643,11.32,3.326,4.281,4.643,11.32,3.326,4.281,4.643,11.32,3.326,4.281,4.643,11.32,3.326,7.751
21656,4.281,4.643,11.32,3.326,4.281,4.643,11.32,3.326,4.281,4.643,11.32,3.326,4.281,4.643,11.32,3.326,8.22
21657,4.281,4.643,11.32,3.326,4.281,4.643,11.32,3.326,4.281,4.643,11.32,3.326,4.281,4.643,11.32,3.326,8.427
21658,4.281,4.643,11.32,3.325,4.281,4.643,11.32,3.325,4.281,4.643,11.32,3.325,4.281,4.643,11.32,3.325,10.003
21659,4.281,4.643,11.32,3.325,4.281,4.643,11.32,3.325,4.281,4.643,11.32,3.325,4.281,4.643,11.32,3.325,4.88
21660,4.281,4.643,11.32,3.325,4.281,4.643,11.32,3.325,4.281,4.643,11.32,3.325,4.281,4.643,11.32,3.325,0.023
21661,4.281,4.643,11.32,3.325,4.281,4.643,11.32,3.325,4.281,4.643,11.32,3.325,4.281,4.643,11.32,3.325,6.143
21662,4.281,4.643,11.32,3.325,4.281,4.643,11.32,3.325,4.281,4.643,11.32,3.325,4.281,4.643,11.32,3.325,8.988
21663,4.281,4.643,11.32,3.325,4.281,4.643,11.32,3.325,4.281,4.643,11.32,3.325,4.281,4.643,11.32,3.325,5.162
21664,4.281,4.644,11.32,3.325,4.281,4.644,11.32,3.325,4.281,4.644,11.32,3.325,4.281,4.644,11.32,3.325,7.134
21665,4.281,4.644,11.32,3.325,4.281,4.644,11.32,3.325,4.281,4.644,11.32,3.325,4.281,4.644,11.32,3.325,7.079
21666,4.281,4.644,11.32,3.325,4.281,4.644,11.32,3.325,4.281,4.644,11.32,3.325,4.281,4.644,11.32,3.325,7.273
21667,4.281,4.644,11.32,3.325,4.281,4.644,11.32,3.325,4.281,4.644,11.32,3.325,4.281,4.644,11.32,3.325,9.201
21668,4.281,4.644,11.32,3.325,4.281,4.644,11.32,3.325,4.281,4.644,11.32,3.325,4.281,4.644,11.32,3.325,4.991
21669,4.281,4.644,11.32,3.325,4.281,4.644,11.32,3.325,4.281,4.644,11.32,3.325,4.281,4.644,11.32,3.325,6.793
21670,4.281,4.644,11.32,3.325,4.281,4.644,11.32,3.325,4.281,4.644,11.32,3.325,4.281,4.644,11.32,3.325,7.409
21671,4.281,4.644,11.32,3.325,4.281,4.644,11.32,3.325,4.281,4.644,11.32,3.325,4.281,4.644,11.32,3.325,7.069
21672,4.281,4.644,11.32,3.325,4.281,4.644,11.32,3.325,4.281,4.644,11.32,3.325,4.281,4.644,11.32,3.325,8.941
21673,4.281,4.644,11.32,3.325,4.281,4.644,11.32,3.325,4.281,4.644,11.32,3.325,4.281,4.644,11.32,3.325,5.684
21674,4.281,4.644,11.32,3.325,4.281,4.644,11.32,3.325,4.281,4.644,11.32,3.325,4.281,4.644,11.32,3.325,7.148
21675,4.281,4.644,11.32,3.325,4.281,4.644,11.32,3.325,4.281,4.644,11.32,3.325,4.281,4.644,11.32,3.325,10.006
21676,4.281,4.643,11.32,3.325,4.281,4.643,11.32,3.325,4.281,4.643,11.32,3.325,4.281,4.643,11.32,3.325,4.442
21680,4.281,4.643,11.32,3.325,4.281,4.643,11.32,3.325,4.281,4.643,11.32,3.325,4.281,4.643,11.32,3.325,9.437
21681,4.281,4.643,11.32,3.325,4.281,4.643,11.32,3.325,4.281,4.643,11.32,3.325,4.281,4.643,11.32,3.325,4.461
21682,4.281,4.643,11.32,3.325,4.281,4.643,11.32,3.325,4.281,4.643,11.32,3.325,4.281,4.643,11.32,3.325,9.675
21683,4.281,4.643,11.32,3.325,4.281,4.643,11.32,3.325,4.281,4.643,11.32,3.325,4.281,4.643,11.32,3.325,7.612
21684,4.281,4.643,11.32,3.325,4.281,4.643,11.32,3.325,4.281,4.643,11.32,3.325,4.281,4.643,11.32,3.325,14.356
21685,4.281,4.643,11.32,3.325,4.281,4.643,11.32,3.325,4.281,4.643,11.32,3.325,4.281,4.643,11.32,3.325,4.368
21686,4.281,4.643,11.32,3.325,4.281,4.643,11.32,3.325,4.281,4.643,11.32,3.325,4.281,4.643,11.32,3.325,0.034
21687,4.281,4.643,11.32,3.325,4.281,4.643,11.32,3.325,4.281,4.643,11.32,3.325,4.281,4.643,11.32,3.325,6.854
21688,4.281,4.643,11.32,3.325,4.281,4.643,11.32,3.325,4.281,4.643,11.32,3.325,4.281,4.643,11.32,3.325,5.116
21689,4.281,4.643,11.32,3.325,4.281,4.643,11.32,3.325,4.281,4.643,11.32,3.325,4.281,4.643,11.32,3.325,7.966
21690,4.281,4.643,11.32,3.325,4.281,4.643,11.32,3.325,4.281,4.643,11.32,3.325,4.281,4.643,11.32,3.325,6.361
21691,4.281,4.644,11.32,3.325,4.281,4.644,11.32,3.325,4.281,4.644,11.32,3.325,4.281,4.644,11.32,3.325,9.994
21692,4.281,4.644,11.32,3.325,4.281,4.644,11.32,3.325,4.281,4.644,11.32,3.325,4.281,4.644,11.32,3.325,4.626
21693,4.281,4.644,11.32,3.325,4.281,4.644,11.32,3.325,4.281,4.644,11.32,3.325,4.281,4.644,11.32,3.325,7.656
21694,4.281,4.644,11.32,3.325,4.281,4.644,11.32,3.325,4.281,4.644,11.32,3.325,4.281,4.644,11.32,3.325,5.979
21695,4.281,4.643,11.32,3.325,4.281,4.643,11.32,3.325,4.281,4.643,11.32,3.325,4.281,4.643,11.32,3.325,8.553
21696,4.281,4.643,11.32,3.325,4.281,4.643,11.32,3.325,4.281,4.643,11.32,3.325,4.281,4.643,11.32,3.325,5.683
21697,4.281,4.643,11.32,3.325,4.281,4.643,11.32,3.325,4.281,4.643,11.32,3.325,4.281,4.643,11.32,3.325,7.418
21698,4.281,4.643,11.32,3.325,4.281,4.643,11.32,3.325,4.281,4.643,11.32,3.325,4.281,4.643,11.32,3.325,12.071
21699,4.281,4.643,11.32,3.325,4.281,4.643,11.32,3.325,4.281,4.643,11.32,3.325,4.281,4.643,11.32,3.325,5.336
21700,4.281,4.643,11.32,3.325,4.281,4.643,11.32,3.325,4.281,4.643,11.32,3.325,4.281,4.643,11.32,3.325,4.379
21701,4.281,4.643,11.32,3.325,4.281,4.643,11.32,3.325,4.281,4.643,11.32,3.325,4.281,4.643,11.32,3.325,9.029
21702,4.281,4.644,11.32,3.325,4.281,4.644,11.32,3.325,4.281,4.644,11.32,3.325,4.281,4.644,11.32,3.325,4.773
21707,4.281,4.644,11.32,3.325,4.281,4.644,11.32,3.325,4.281,4.644,11.32,3.325,4.281,4.644,11.32,3.325,7.515
21708,4.281,4.644,11.32,3.325,4.281,4.644,11.32,3.325,4.281,4.644,11.32,3.325,4.281,4.644,11.32,3.325,5.661
21709,4.281,4.644,11.32,3.325,4.281,4.644,11.32,3.325,4.281,4.644,11.32,3.325,4.281,4.644,11.32,3.325,8.708
21710,4.281,4.644,11.32,3.325,4.281,4.644,11.32,3.325,4.281,4.644,11.32,3.325,4.281,4.644,11.32,3.325,5.733
21711,4.281,4.644,11.32,3.325,4.281,4.644,11.32,3.325,4.281,4.644,11.32,3.325,4.281,4.644,11.32,3.325,6.875
21712,4.281,4.644,11.32,3.325,4.281,4.644,11.32,3.325,4.281,4.644,11.32,3.325,4.281,4.644,11.32,3.325,8.053
21713,4.281,4.644,11.32,3.325,4.281,4.644,11.32,3.325,4.281,4.644,11.32,3.325,4.281,4.644,11.32,3.325,8.849
21714,4.281,4.643,11.32,3.325,4.281,4.643,11.32,3.325,4.281,4.643,11.32,3.325,4.281,4.643,11.32,3.325,5.112
21715,4.281,4.643,11.32,3.325,4.281,4.643,11.32,3.325,4.281,4.643,11.32,3.325,4.281,4.643,11.32,3.325,6.723
21716,4.281,4.643,11.32,3.325,4.281,4.643,11.32,3.325,4.281,4.643,11.32,3.325,4.281,4.643,11.32,3.325,7.606
21717,4.281,4.643,11.32,3.325,4.281,4.643,11.32,3.325,4.281,4.643,11.32,3.325,4.281,4.643,11.32,3.325,6.508
21718,4.281,4.643,11.32,3.325,4.281,4.643,11.32,3.325,4.281,4.643,11.32,3.325,4.281,4.643,11.32,3.325,7.549
21719,4.281,4.643,11.32,3.325,4.281,4.643,11.32,3.325,4.281,4.643,11.32,3.325,4.281,4.643,11.32,3.325,7.749
21720,4.281,4.643,11.32,3.325,4.281,4.643,11.32,3.325,4.281,4.643,11.32,3.325,4.281,4.643,11.32,3.325,5.563
21721,4.281,4.643,11.32,3.325,4.281,4.643,11.32,3.325,4.281,4.643,11.32,3.325,4.281,4.643,11.32,3.325,11.056
21722,4.281,4.643,11.32,3.325,4.281,4.643,11.32,3.325,4.281,4.643,11.32,3.325,4.281,4.643,11.32,3.325,22.542
21723,4.281,4.643,11.32,3.325,4.281,4.643,11.32,3.325,4.281,4.643,11.32,3.325,4.281,4.643,11.32,3.325,17.179
21724,4.281,4.643,11.32,3.325,4.281,4.643,11.32,3.325,4.281,4.643,11.32,3.325,4.281,4.643,11.32,3.325,0.029
21725,4.281,4.643,11.32,3.325,4.281,4.643,11.32,3.325,4.281,4.643,11.32,3.325,4.281,4.643,11.32,3.325,0.002
21726,4.281,4.643,11.32,3.325,4.281,4.643,11.32,3.325,4.281,4.643,11.32,3.325,4.281,4.643,11.32,3.325,10.491
21727,4.281,4.643,11.32,3.325,4.281,4.643,11.32,3.325,4.281,4.643,11.32,3.325,4.281,4.643,11.32,3.325,0.03
21728,4.281,4.643,11.32,3.325,4.281,4.643,11.32,3.325,4.281,4.643,11.32,3.325,4.281,4.643,11.32,3.325,0.003
21729,4.281,4.643,11.32,3.325,4.281,4.643,11.32,3.325,4.281,4.643,11.32,3.325,4.281,4.643,11.32,3.325,28.874
21735,4.281,4.643,11.32,3.325,4.281,4.643,11.32,3.325,4.281,4.643,11.32,3.325,4.281,4.643,11.32,3.325,0.003
21736,4.281,4.643,11.32,3.325,4.281,4.643,11.32,3.325,4.281,4.643,11.32,3.325,4.281,4.643,11.32,3.325,39.289
21737,4.281,4.643,11.32,3.325,4.281,4.643,11.32,3.325,4.281,4.643,11.32,3.325,4.281,4.643,11.32,3.325,15.413
21738,4.281,4.643,11.32,3.325,4.281,4.643,11.32,3.325,4.281,4.643,11.32,3.325,4.281,4.643,11.32,3.325,0.031
21739,4.281,4.643,11.32,3.325,4.281,4.643,11.32,3.325,4.281,4.643,11.32,3.325,4.281,4.643,11.32,3.325,0.003
21740,4.281,4.643,11.32,3.325,4.281,4.643,11.32,3.325,4.281,4.643,11.32,3.325,4.281,4.643,11.32,3.325,0.002
21741,4.281,4.643,11.32,3.325,4.281,4.643,11.32,3.325,4.281,4.643,11.32,3.325,4.281,4.643,11.32,3.325,0.002
21742,4.281,4.643,11.32,3.325,4.281,4.643,11.32,3.325,4.281,4.643,11.32,3.325,4.281,4.643,11.32,3.325,0.002
21743,4.281,4.644,11.32,3.325,4.281,4.644,11.32,3.325,4.281,4.644,11.32,3.325,4.281,4.644,11.32,3.325,0.002
21744,4.281,4.644,11.32,3.324,4.281,4.644,11.32,3.324,4.281,4.644,11.32,3.324,4.281,4.644,11.32,3.324,7.85
21745,4.281,4.644,11.32,3.324,4.281,4.644,11.32,3.324,4.281,4.644,11.32,3.324,4.281,4.644,11.32,3.324,0.032
21746,4.281,4.644,11.32,3.324,4.281,4.644,11.32,3.324,4.281,4.644,11.32,3.324,4.281,4.644,11.32,3.324,9.686
21747,4.281,4.643,11.32,3.324,4.281,4.643,11.32,3.324,4.281,4.643,11.32,3.324,4.281,4.643,11.32,3.324,9.625
21748,4.281,4.643,11.32,3.324,4.281,4.643,11.32,3.324,4.281,4.643,11.32,3.324,4.281,4.643,11.32,3.324,9.661
21749,4.281,4.643,11.32,3.324,4.281,4.643,11.32,3.324,4.281,4.643,11.32,3.324,4.281,4.643,11.32,3.324,0.029
21750,4.281,4.643,11.32,3.324,4.281,4.643,11.32,3.324,4.281,4.643,11.32,3.324,4.281,4.643,11.32,3.324,10.688
21751,4.281,4.643,11.32,3.324,4.281,4.643,11.32,3.324,4.281,4.643,11.32,3.324,4.281,4.643,11.32,3.324,17.95
21752,4.281,4.643,11.32,3.325,4.281,4.643,11.32,3.325,4.281,4.643,11.32,3.325,4.281,4.643,11.32,3.325,0.035
21753,4.281,4.643,11.32,3.325,4.281,4.643,11.32,3.325,4.281,4.643,11.32,3.325,4.281,4.643,11.32,3.325,9.433
21754,4.281,4.643,11.32,3.325,4.281,4.643,11.32,3.325,4.281,4.643,11.32,3.325,4.281,4.643,11.32,3.325,0.038
21755,4.281,4.643,11.32,3.325,4.281,4.643,11.32,3.325,4.281,4.643,11.32,3.325,4.281,4.643,11.32,3.325,0.005
21756,4.281,4.643,11.32,3.325,4.281,4.643,11.32,3.325,4.281,4.643,11.32,3.325,4.281,4.643,11.32,3.325,8.776
21757,4.281,4.643,11.32,3.325,4.281,4.643,11.32,3.325,4.281,4.643,11.32,3.325,4.281,4.643,11.32,3.325,10.131
21758,4.281,4.643,11.32,3.325,4.281,4.643,11.32,3.325,4.281,4.643,11.32,3.325,4.281,4.643,11.32,3.325,15.3
21759,4.281,4.643,11.32,3.325,4.281,4.643,11.32,3.325,4.281,4.643,11.32,3.325,4.281,4.643,11.32,3.325,0.029
21760,4.281,4.643,11.32,3.324,4.281,4.643,11.32,3.324,4.281,4.643,11.32,3.324,4.281,4.643,11.32,3.324,15.508
21761,4.281,4.643,11.32,3.324,4.281,4.643,11.32,3.324,4.281,4.643,11.32,3.324,4.281,4.643,11.32,3.324,0.029
21762,4.28,4.643,11.32,3.324,4.28,4.643,11.32,3.324,4.28,4.643,11.32,3.324,4.28,4.643,11.32,3.324,0.003
21763,4.28,4.643,11.32,3.324,4.28,4.643,11.32,3.324,4.28,4.643,11.32,3.324,4.28,4.643,11.32,3.324,12.147
21764,4.28,4.643,11.32,3.324,4.28,4.643,11.32,3.324,4.28,4.643,11.32,3.324,4.28,4.643,11.32,3.324,0.021
21765,4.28,4.643,11.32,3.324,4.28,4.643,11.32,3.324,4.28,4.643,11.32,3.324,4.28,4.643,11.32,3.324,12.873
21766,4.281,4.643,11.32,3.324,4.281,4.643,11.32,3.324,4.281,4.643,11.32,3.324,4.281,4.643,11.32,3.324,0.028
21767,4.281,4.643,11.32,3.324,4.281,4.643,11.32,3.324,4.281,4.643,11.32,3.324,4.281,4.643,11.32,3.324,9.269
21768,4.281,4.643,11.32,3.325,4.281,4.643,11.32,3.325,4.281,4.643,11.32,3.325,4.281,4.643,11.32,3.325,11.787
21769,4.281,4.643,11.32,3.325,4.281,4.643,11.32,3.325,4.281,4.643,11.32,3.325,4.281,4.643,11.32,3.325,6.506
21770,4.281,4.643,11.32,3.325,4.281,4.643,11.32,3.325,4.281,4.643,11.32,3.325,4.281,4.643,11.32,3.325,0.028
21771,4.281,4.643,11.32,3.325,4.281,4.643,11.32,3.325,4.281,4.643,11.32,3.325,4.281,4.643,11.32,3.325,11.295
21772,4.281,4.643,11.32,3.325,4.281,4.643,11.32,3.325,4.281,4.643,11.32,3.325,4.281,4.643,11.32,3.325,0.028
21773,4.281,4.643,11.32,3.325,4.281,4.643,11.32,3.325,4.281,4.643,11.32,3.325,4.281,4.643,11.32,3.325,7.013
21774,4.281,4.643,11.32,3.325,4.281,4.643,11.32,3.325,4.281,4.643,11.32,3.325,4.281,4.643,11.32,3.325,15.664
21775,4.281,4.643,11.32,3.325,4.281,4.643,11.32,3.325,4.281,4.643,11.32,3.325,4.281,4.643,11.32,3.325,29.956
21776,4.281,4.643,11.32,3.325,4.281,4.643,11.32,3.325,4.281,4.643,11.32,3.325,4.281,4.643,11.32,3.325,0.028
21777,4.281,4.643,11.32,3.325,4.281,4.643,11.32,3.325,4.281,4.643,11.32,3.325,4.281,4.643,11.32,3.325,0.003
21778,4.281,4.643,11.32,3.325,4.281,4.643,11.32,3.325,4.281,4.643,11.32,3.325,4.281,4.643,11.32,3.325,0.002
21779,4.281,4.643,11.32,3.325,4.281,4.643,11.32,3.325,4.281,4.643,11.32,3.325,4.281,4.643,11.32,3.325,0.002
21780,4.281,4.643,11.32,3.325,4.281,4.643,11.32,3.325,4.281,4.643,11.32,3.325,4.281,4.643,11.32,3.325,6.176
21781,4.281,4.643,11.32,3.324,4.281,4.643,11.32,3.324,4.281,4.643,11.32,3.324,4.281,4.643,11.32,3.324,0.016
21782,4.281,4.643,11.32,3.324,4.281,4.643,11.32,3.324,4.281,4.643,11.32,3.324,4.281,4.643,11.32,3.324,5.875
21783,4.281,4.643,11.32,3.324,4.281,4.643,11.32,3.324,4.281,4.643,11.32,3.324,4.281,4.643,11.32,3.324,6.154
21784,4.281,4.643,11.32,3.325,4.281,4.643,11.32,3.325,4.281,4.643,11.32,3.325,4.281,4.643,11.32,3.325,9.704
21785,4.281,4.643,11.32,3.325,4.281,4.643,11.32,3.325,4.281,4.643,11.32,3.325,4.281,4.643,11.32,3.325,7.177
21786,4.281,4.643,11.32,3.325,4.281,4.643,11.32,3.325,4.281,4.643,11.32,3.325,4.281,4.643,11.32,3.325,10.171
21787,4.281,4.643,11.32,3.325,4.281,4.643,11.32,3.325,4.281,4.643,11.32,3.325,4.281,4.643,11.32,3.325,6.798
21788,4.281,4.643,11.32,3.325,4.281,4.643,11.32,3.325,4.281,4.643,11.32,3.325,4.281,4.643,11.32,3.325,5.559
21789,4.281,4.643,11.32,3.325,4.281,4.643,11.32,3.325,4.281,4.643,11.32,3.325,4.281,4.643,11.32,3.325,7.187
21790,4.281,4.643,11.32,3.325,4.281,4.643,11.32,3.325,4.281,4.643,11.32,3.325,4.281,4.643,11.32,3.325,17.999
21791,4.281,4.643,11.32,3.325,4.281,4.643,11.32,3.325,4.281,4.643,11.32,3.325,4.281,4.643,11.32,3.325,0.031
21792,4.281,4.643,11.32,3.325,4.281,4.643,11.32,3.325,4.281,4.643,11.32,3.325,4.281,4.643,11.32,3.325,7.074
21793,4.281,4.643,11.32,3.325,4.281,4.643,11.32,3.325,4.281,4.643,11.32,3.325,4.281,4.643,11.32,3.325,0.037
21794,4.281,4.643,11.32,3.325,4.281,4.643,11.32,3.325,4.281,4.643,11.32,3.325,4.281,4.643,11.32,3.325,6.883
21795,4.281,4.643,11.32,3.325,4.281,4.643,11.32,3.325,4.281,4.643,11.32,3.325,4.281,4.643,11.32,3.325,5.865
21796,4.281,4.643,11.32,3.325,4.281,4.643,11.32,3.325,4.281,4.643,11.32,3.325,4.281,4.643,11.32,3.325,6.899
21797,4.281,4.643,11.32,3.325,4.281,4.643,11.32,3.325,4.281,4.643,11.32,3.325,4.281,4.643,11.32,3.325,8.722
21798,4.281,4.644,11.32,3.325,4.281,4.644,11.32,3.325,4.281,4.644,11.32,3.325,4.281,4.644,11.32,3.325,6.891
21799,4.281,4.644,11.32,3.325,4.281,4.644,11.32,3.325,4.281,4.644,11.32,3.325,4.281,4.644,11.32,3.325,7.955
21800,4.281,4.644,11.32,3.326,4.281,4.644,11.32,3.326,4.281,4.644,11.32,3.326,4.281,4.644,11.32,3.326,7.231
21801,4.281,4.644,11.32,3.326,4.281,4.644,11.32,3.326,4.281,4.644,11.32,3.326,4.281,4.644,11.32,3.326,7.091
21802,4.281,4.643,11.32,3.326,4.281,4.643,11.32,3.326,4.281,4.643,11.32,3.326,4.281,4.643,11.32,3.326,16.17
21803,4.281,4.643,11.32,3.326,4.281,4.643,11.32,3.326,4.281,4.643,11.32,3.326,4.281,4.643,11.32,3.326,12.517
21804,4.281,4.643,11.32,3.326,4.281,4.643,11.32,3.326,4.281,4.643,11.32,3.326,4.281,4.643,11.32,3.326,0.026
21805,4.281,4.643,11.32,3.326,4.281,4.643,11.32,3.326,4.281,4.643,11.32,3.326,4.281,4.643,11.32,3.326,10.226
21806,4.281,4.643,11.32,3.326,4.281,4.643,11.32,3.326,4.281,4.643,11.32,3.326,4.281,4.643,11.32,3.326,0.03
21807,4.281,4.643,11.32,3.326,4.281,4.643,11.32,3.326,4.281,4.643,11.32,3.326,4.281,4.643,11.32,3.326,7.174
21808,4.281,4.643,11.32,3.326,4.281,4.643,11.32,3.326,4.281,4.643,11.32,3.326,4.281,4.643,11.32,3.326,5.684
21809,4.281,4.643,11.32,3.326,4.281,4.643,11.32,3.326,4.281,4.643,11.32,3.326,4.281,4.643,11.32,3.326,5.376
21810,4.281,4.643,11.32,3.326,4.281,4.643,11.32,3.326,4.281,4.643,11.32,3.326,4.281,4.643,11.32,3.326,5.122
21811,4.281,4.643,11.32,3.326,4.281,4.643,11.32,3.326,4.281,4.643,11.32,3.326,4.281,4.643,11.32,3.326,6.343
21812,4.281,4.643,11.32,3.326,4.281,4.643,11.32,3.326,4.281,4.643,11.32,3.326,4.281,4.643,11.32,3.326,4.648
21813,4.281,4.643,11.32,3.326,4.281,4.643,11.32,3.326,4.281,4.643,11.32,3.326,4.281,4.643,11.32,3.326,7.145
21814,4.281,4.643,11.32,3.326,4.281,4.643,11.32,3.326,4.281,4.643,11.32,3.326,4.281,4.643,11.32,3.326,7.825
21815,4.281,4.643,11.32,3.326,4.281,4.643,11.32,3.326,4.281,4.643,11.32,3.326,4.281,4.643,11.32,3.326,6.753
21816,4.281,4.643,11.32,3.326,4.281,4.643,11.32,3.326,4.281,4.643,11.32,3.326,4.281,4.643,11.32,3.326,7.257
21817,4.281,4.643,11.32,3.326,4.281,4.643,11.32,3.326,4.281,4.643,11.32,3.326,4.281,4.643,11.32,3.326,6.235
21818,4.281,4.643,11.32,3.326,4.281,4.643,11.32,3.326,4.281,4.643,11.32,3.326,4.281,4.643,11.32,3.326,7.768
21819,4.281,4.643,11.32,3.325,4.281,4.643,11.32,3.325,4.281,4.643,11.32,3.325,4.281,4.643,11.32,3.325,6.476
21820,4.281,4.643,11.32,3.325,4.281,4.643,11.32,3.325,4.281,4.643,11.32,3.325,4.281,4.643,11.32,3.325,8.438
21821,4.281,4.644,11.32,3.325,4.281,4.644,11.32,3.325,4.281,4.644,11.32,3.325,4.281,4.644,11.32,3.325,5.914
21826,4.281,4.643,11.32,3.325,4.281,4.643,11.32,3.325,4.281,4.643,11.32,3.325,4.281,4.643,11.32,3.325,6.044
21827,4.281,4.643,11.32,3.325,4.281,4.643,11.32,3.325,4.281,4.643,11.32,3.325,4.281,4.643,11.32,3.325,5.827
21828,4.281,4.643,11.32,3.325,4.281,4.643,11.32,3.325,4.281,4.643,11.32,3.325,4.281,4.643,11.32,3.325,16.915
21829,4.281,4.643,11.32,3.325,4.281,4.643,11.32,3.325,4.281,4.643,11.32,3.325,4.281,4.643,11.32,3.325,4.546
21830,4.281,4.643,11.32,3.325,4.281,4.643,11.32,3.325,4.281,4.643,11.32,3.325,4.281,4.643,11.32,3.325,0.021
21831,4.281,4.643,11.32,3.325,4.281,4.643,11.32,3.325,4.281,4.643,11.32,3.325,4.281,4.643,11.32,3.325,6.022
21832,4.281,4.643,11.32,3.325,4.281,4.643,11.32,3.325,4.281,4.643,11.32,3.325,4.281,4.643,11.32,3.325,7.627
21833,4.281,4.643,11.32,3.325,4.281,4.643,11.32,3.325,4.281,4.643,11.32,3.325,4.281,4.643,11.32,3.325,7.36
21834,4.281,4.643,11.32,3.325,4.281,4.643,11.32,3.325,4.281,4.643,11.32,3.325,4.281,4.643,11.32,3.325,5.429
21835,4.281,4.643,11.32,3.325,4.281,4.643,11.32,3.325,4.281,4.643,11.32,3.325,4.281,4.643,11.32,3.325,10.501
21836,4.281,4.643,11.32,3.325,4.281,4.643,11.32,3.325,4.281,4.643,11.32,3.325,4.281,4.643,11.32,3.325,6.068
21837,4.281,4.643,11.32,3.325,4.281,4.643,11.32,3.325,4.281,4.643,11.32,3.325,4.281,4.643,11.32,3.325,5.087
21838,4.281,4.643,11.32,3.325,4.281,4.643,11.32,3.325,4.281,4.643,11.32,3.325,4.281,4.643,11.32,3.325,9.545
21839,4.281,4.643,11.32,3.325,4.281,4.643,11.32,3.325,4.281,4.643,11.32,3.325,4.281,4.643,11.32,3.325,38.588
21840,4.281,4.643,11.32,3.325,4.281,4.643,11.32,3.325,4.281,4.643,11.32,3.325,4.281,4.643,11.32,3.325,6.644
21841,4.281,4.643,11.32,3.325,4.281,4.643,11.32,3.325,4.281,4.643,11.32,3.325,4.281,4.643,11.32,3.325,0.013
21842,4.281,4.643,11.32,3.326,4.281,4.643,11.32,3.326,4.281,4.643,11.32,3.326,4.281,4.643,11.32,3.326,0.003
21843,4.281,4.643,11.32,3.326,4.281,4.643,11.32,3.326,4.281,4.643,11.32,3.326,4.281,4.643,11.32,3.326,0.002
21844,4.281,4.643,11.32,3.326,4.281,4.643,11.32,3.326,4.281,4.643,11.32,3.326,4.281,4.643,11.32,3.326,0.002
21845,4.281,4.643,11.32,3.326,4.281,4.643,11.32,3.326,4.281,4.643,11.32,3.326,4.281,4.643,11.32,3.326,0.002
21846,4.281,4.643,11.32,3.326,4.281,4.643,11.32,3.326,4.281,4.643,11.32,3.326,4.281,4.643,11.32,3.326,10.732
21847,4.281,4.643,11.32,3.324,4.281,4.643,11.32,3.324,4.281,4.643,11.32,3.324,4.281,4.643,11.32,3.324,7.208
21848,4.281,4.643,11.32,3.324,4.281,4.643,11.32,3.324,4.281,4.643,11.32,3.324,4.281,4.643,11.32,3.324,5.848
21849,4.281,4.644,11.32,3.324,4.281,4.644,11.32,3.324,4.281,4.644,11.32,3.324,4.281,4.644,11.32,3.324,7.255
21850,4.281,4.644,11.32,3.326,4.281,4.644,11.32,3.326,4.281,4.644,11.32,3.326,4.281,4.644,11.32,3.326,9.961
21851,4.281,4.644,11.32,3.326,4.281,4.644,11.32,3.326,4.281,4.644,11.32,3.326,4.281,4.644,11.32,3.326,9.512
21852,4.281,4.644,11.32,3.326,4.281,4.644,11.32,3.326,4.281,4.644,11.32,3.326,4.281,4.644,11.32,3.326,6.577
21853,4.281,4.643,11.32,3.326,4.281,4.643,11.32,3.326,4.281,4.643,11.32,3.326,4.281,4.643,11.32,3.326,0.023
21854,4.281,4.643,11.32,3.326,4.281,4.643,11.32,3.326,4.281,4.643,11.32,3.326,4.281,4.643,11.32,3.326,6.593
21855,4.281,4.643,11.32,3.326,4.281,4.643,11.32,3.326,4.281,4.643,11.32,3.326,4.281,4.643,11.32,3.326,5.758
21856,4.281,4.643,11.32,3.326,4.281,4.643,11.32,3.326,4.281,4.643,11.32,3.326,4.281,4.643,11.32,3.326,7.225
21857,4.281,4.643,11.32,3.326,4.281,4.643,11.32,3.326,4.281,4.643,11.32,3.326,4.281,4.643,11.32,3.326,7.097
21858,4.281,4.643,11.32,3.325,4.281,4.643,11.32,3.325,4.281,4.643,11.32,3.325,4.281,4.643,11.32,3.325,7.664
21859,4.281,4.643,11.32,3.325,4.281,4.643,11.32,3.325,4.281,4.643,11.32,3.325,4.281,4.643,11.32,3.325,6.485
21860,4.281,4.643,11.32,3.325,4.281,4.643,11.32,3.325,4.281,4.643,11.32,3.325,4.281,4.643,11.32,3.325,6.014
21861,4.281,4.643,11.32,3.325,4.281,4.643,11.32,3.325,4.281,4.643,11.32,3.325,4.281,4.643,11.32,3.325,7.139
21862,4.281,4.643,11.32,3.325,4.281,4.643,11.32,3.325,4.281,4.643,11.32,3.325,4.281,4.643,11.32,3.325,12.475
21863,4.281,4.643,11.32,3.325,4.281,4.643,11.32,3.325,4.281,4.643,11.32,3.325,4.281,4.643,11.32,3.325,6.688
21864,4.281,4.643,11.32,3.325,4.281,4.643,11.32,3.325,4.281,4.643,11.32,3.325,4.281,4.643,11.32,3.325,8.074
21865,4.281,4.643,11.32,3.326,4.281,4.643,11.32,3.326,4.281,4.643,11.32,3.326,4.281,4.643,11.32,3.326,10.394
21866,4.281,4.643,11.32,3.326,4.281,4.643,11.32,3.326,4.281,4.643,11.32,3.326,4.281,4.643,11.32,3.326,5.893
21867,4.281,4.643,11.32,3.326,4.281,4.643,11.32,3.326,4.281,4.643,11.32,3.326,4.281,4.643,11.32,3.326,5.76
21868,4.281,4.643,11.32,3.326,4.281,4.643,11.32,3.326,4.281,4.643,11.32,3.326,4.281,4.643,11.32,3.326,5.732
21869,4.281,4.643,11.32,3.325,4.281,4.643,11.32,3.325,4.281,4.643,11.32,3.325,4.281,4.643,11.32,3.325,5.813
21870,4.281,4.643,11.32,3.325,4.281,4.643,11.32,3.325,4.281,4.643,11.32,3.325,4.281,4.643,11.32,3.325,8.972
21871,4.281,4.643,11.32,3.325,4.281,4.643,11.32,3.325,4.281,4.643,11.32,3.325,4.281,4.643,11.32,3.325,6.492
21872,4.281,4.643,11.32,3.325,4.281,4.643,11.32,3.325,4.281,4.643,11.32,3.325,4.281,4.643,11.32,3.325,9.231
21873,4.281,4.643,11.32,3.326,4.281,4.643,11.32,3.326,4.281,4.643,11.32,3.326,4.281,4.643,11.32,3.326,6.066
21874,4.281,4.643,11.32,3.326,4.281,4.643,11.32,3.326,4.281,4.643,11.32,3.326,4.281,4.643,11.32,3.326,8.005
21875,4.281,4.643,11.32,3.326,4.281,4.643,11.32,3.326,4.281,4.643,11.32,3.326,4.281,4.643,11.32,3.326,9.112
21880,4.281,4.643,11.32,3.326,4.281,4.643,11.32,3.326,4.281,4.643,11.32,3.326,4.281,4.643,11.32,3.326,6.015
21881,4.281,4.643,11.32,3.326,4.281,4.643,11.32,3.326,4.281,4.643,11.32,3.326,4.281,4.643,11.32,3.326,0.026
21882,4.281,4.643,11.32,3.326,4.281,4.643,11.32,3.326,4.281,4.643,11.32,3.326,4.281,4.643,11.32,3.326,0.003
21883,4.281,4.644,11.32,3.326,4.281,4.644,11.32,3.326,4.281,4.644,11.32,3.326,4.281,4.644,11.32,3.326,6.766
21884,4.281,4.644,11.32,3.326,4.281,4.644,11.32,3.326,4.281,4.644,11.32,3.326,4.281,4.644,11.32,3.326,5.913
21885,4.281,4.644,11.32,3.326,4.281,4.644,11.32,3.326,4.281,4.644,11.32,3.326,4.281,4.644,11.32,3.326,7.938
21886,4.281,4.643,11.32,3.326,4.281,4.643,11.32,3.326,4.281,4.643,11.32,3.326,4.281,4.643,11.32,3.326,6.639
21887,4.281,4.643,11.32,3.326,4.281,4.643,11.32,3.326,4.281,4.643,11.32,3.326,4.281,4.643,11.32,3.326,10.569
21888,4.281,4.643,11.32,3.324,4.281,4.643,11.32,3.324,4.281,4.643,11.32,3.324,4.281,4.643,11.32,3.324,4.684
21889,4.281,4.643,11.32,3.324,4.281,4.643,11.32,3.324,4.281,4.643,11.32,3.324,4.281,4.643,11.32,3.324,4.592
21890,4.281,4.643,11.32,3.324,4.281,4.643,11.32,3.324,4.281,4.643,11.32,3.324,4.281,4.643,11.32,3.324,6.287
21895,4.281,4.643,11.32,3.325,4.281,4.643,11.32,3.325,4.281,4.643,11.32,3.325,4.281,4.643,11.32,3.325,14.088
21896,4.281,4.643,11.32,3.325,4.281,4.643,11.32,3.325,4.281,4.643,11.32,3.325,4.281,4.643,11.32,3.325,6.181
21897,4.281,4.643,11.32,3.325,4.281,4.643,11.32,3.325,4.281,4.643,11.32,3.325,4.281,4.643,11.32,3.325,5.084
21898,4.281,4.644,11.32,3.325,4.281,4.644,11.32,3.325,4.281,4.644,11.32,3.325,4.281,4.644,11.32,3.325,4.361
21899,4.281,4.644,11.32,3.325,4.281,4.644,11.32,3.325,4.281,4.644,11.32,3.325,4.281,4.644,11.32,3.325,5.358
21900,4.281,4.644,11.32,3.325,4.281,4.644,11.32,3.325,4.281,4.644,11.32,3.325,4.281,4.644,11.32,3.325,7.183
21901,4.281,4.643,11.32,3.325,4.281,4.643,11.32,3.325,4.281,4.643,11.32,3.325,4.281,4.643,11.32,3.325,10.73
21909,4.28,4.643,11.32,3.324,4.28,4.643,11.32,3.324,4.28,4.643,11.32,3.324,4.28,4.643,11.32,3.324,6.617
21910,4.28,4.643,11.32,3.326,4.28,4.643,11.32,3.326,4.28,4.643,11.32,3.326,4.28,4.643,11.32,3.326,9.449
21911,4.28,4.643,11.32,3.326,4.28,4.643,11.32,3.326,4.28,4.643,11.32,3.326,4.28,4.643,11.32,3.326,5.807
21912,4.281,4.643,11.32,3.326,4.281,4.643,11.32,3.326,4.281,4.643,11.32,3.326,4.281,4.643,11.32,3.326,6.389
21913,4.281,4.643,11.32,3.326,4.281,4.643,11.32,3.326,4.281,4.643,11.32,3.326,4.281,4.643,11.32,3.326,7.752
21914,4.281,4.643,11.32,3.325,4.281,4.643,11.32,3.325,4.281,4.643,11.32,3.325,4.281,4.643,11.32,3.325,6.474
21915,4.281,4.643,11.32,3.325,4.281,4.643,11.32,3.325,4.281,4.643,11.32,3.325,4.281,4.643,11.32,3.325,8.826
21916,4.281,4.643,11.32,3.325,4.281,4.643,11.32,3.325,4.281,4.643,11.32,3.325,4.281,4.643,11.32,3.325,5.631
21917,4.281,4.643,11.32,3.325,4.281,4.643,11.32,3.325,4.281,4.643,11.32,3.325,4.281,4.643,11.32,3.325,6.89
21918,4.281,4.643,11.32,3.325,4.281,4.643,11.32,3.325,4.281,4.643,11.32,3.325,4.281,4.643,11.32,3.325,7.192
21919,4.281,4.643,11.32,3.325,4.281,4.643,11.32,3.325,4.281,4.643,11.32,3.325,4.281,4.643,11.32,3.325,7.124
21920,4.281,4.643,11.32,3.325,4.281,4.643,11.32,3.325,4.281,4.643,11.32,3.325,4.281,4.643,11.32,3.325,7.193
21921,4.281,4.643,11.32,3.326,4.281,4.643,11.32,3.326,4.281,4.643,11.32,3.326,4.281,4.643,11.32,3.326,8.798
21922,4.281,4.643,11.32,3.326,4.281,4.643,11.32,3.326,4.281,4.643,11.32,3.326,4.281,4.643,11.32,3.326,6.835
21923,4.281,4.643,11.32,3.326,4.281,4.643,11.32,3.326,4.281,4.643,11.32,3.326,4.281,4.643,11.32,3.326,7.18
21924,4.281,4.643,11.32,3.326,4.281,4.643,11.32,3.326,4.281,4.643,11.32,3.326,4.281,4.643,11.32,3.326,5.609
21925,4.281,4.643,11.32,3.324,4.281,4.643,11.32,3.324,4.281,4.643,11.32,3.324,4.281,4.643,11.32,3.324,10.856
21926,4.281,4.643,11.32,3.324,4.281,4.643,11.32,3.324,4.281,4.643,11.32,3.324,4.281,4.643,11.32,3.324,5.515
21927,4.28,4.643,11.32,3.324,4.28,4.643,11.32,3.324,4.28,4.643,11.32,3.324,4.28,4.643,11.32,3.324,6.224
21928,4.28,4.643,11.32,3.324,4.28,4.643,11.32,3.324,4.28,4.643,11.32,3.324,4.28,4.643,11.32,3.324,11.715
21929,4.28,4.643,11.32,3.325,4.28,4.643,11.32,3.325,4.28,4.643,11.32,3.325,4.28,4.643,11.32,3.325,5.816
21930,4.28,4.643,11.32,3.325,4.28,4.643,11.32,3.325,4.28,4.643,11.32,3.325,4.28,4.643,11.32,3.325,6.882
21931,4.281,4.643,11.32,3.325,4.281,4.643,11.32,3.325,4.281,4.643,11.32,3.325,4.281,4.643,11.32,3.325,6.523
21932,4.281,4.643,11.32,3.325,4.281,4.643,11.32,3.325,4.281,4.643,11.32,3.325,4.281,4.643,11.32,3.325,8.425
21933,4.281,4.643,11.32,3.326,4.281,4.643,11.32,3.326,4.281,4.643,11.32,3.326,4.281,4.643,11.32,3.326,8.196
21934,4.281,4.643,11.32,3.326,4.281,4.643,11.32,3.326,4.281,4.643,11.32,3.326,4.281,4.643,11.32,3.326,35.914
21935,4.281,4.644,11.32,3.326,4.281,4.644,11.32,3.326,4.281,4.644,11.32,3.326,4.281,4.644,11.32,3.326,7.675
21936,4.281,4.644,11.32,3.326,4.281,4.644,11.32,3.326,4.281,4.644,11.32,3.326,4.281,4.644,11.32,3.326,0.019
21937,4.281,4.644,11.32,3.324,4.281,4.644,11.32,3.324,4.281,4.644,11.32,3.324,4.281,4.644,11.32,3.324,0.003
21938,4.28,4.644,11.32,3.324,4.28,4.644,11.32,3.324,4.28,4.644,11.32,3.324,4.28,4.644,11.32,3.324,0.002
21939,4.28,4.643,11.32,3.324,4.28,4.643,11.32,3.324,4.28,4.643,11.32,3.324,4.28,4.643,11.32,3.324,0.001
21940,4.28,4.643,11.32,3.324,4.28,4.643,11.32,3.324,4.28,4.643,11.32,3.324,4.28,4.643,11.32,3.324,0.002
21941,4.28,4.643,11.32,3.326,4.28,4.643,11.32,3.326,4.28,4.643,11.32,3.326,4.28,4.643,11.32,3.326,8.888
21942,4.28,4.643,11.32,3.326,4.28,4.643,11.32,3.326,4.28,4.643,11.32,3.326,4.28,4.643,11.32,3.326,4.656
21943,4.281,4.643,11.32,3.326,4.281,4.643,11.32,3.326,4.281,4.643,11.32,3.326,4.281,4.643,11.32,3.326,4.284
21944,4.281,4.643,11.32,3.326,4.281,4.643,11.32,3.326,4.281,4.643,11.32,3.326,4.281,4.643,11.32,3.326,6.126
21945,4.281,4.643,11.32,3.324,4.281,4.643,11.32,3.324,4.281,4.643,11.32,3.324,4.281,4.643,11.32,3.324,6.428
21946,4.281,4.643,11.32,3.324,4.281,4.643,11.32,3.324,4.281,4.643,11.32,3.324,4.281,4.643,11.32,3.324,21.083
21947,4.281,4.643,11.32,3.324,4.281,4.643,11.32,3.324,4.281,4.643,11.32,3.324,4.281,4.643,11.32,3.324,9.651
21948,4.281,4.643,11.32,3.324,4.281,4.643,11.32,3.324,4.281,4.643,11.32,3.324,4.281,4.643,11.32,3.324,0.025
21949,4.281,4.643,11.32,3.326,4.281,4.643,11.32,3.326,4.281,4.643,11.32,3.326,4.281,4.643,11.32,3.326,0.003
21950,4.281,4.643,11.32,3.326,4.281,4.643,11.32,3.326,4.281,4.643,11.32,3.326,4.281,4.643,11.32,3.326,7.652
21951,4.281,4.643,11.32,3.326,4.281,4.643,11.32,3.326,4.281,4.643,11.32,3.326,4.281,4.643,11.32,3.326,9.633
21952,4.281,4.643,11.32,3.326,4.281,4.643,11.32,3.326,4.281,4.643,11.32,3.326,4.281,4.643,11.32,3.326,6.991
21953,4.281,4.643,11.32,3.325,4.281,4.643,11.32,3.325,4.281,4.643,11.32,3.325,4.281,4.643,11.32,3.325,7.186
21954,4.28,4.643,11.32,3.325,4.28,4.643,11.32,3.325,4.28,4.643,11.32,3.325,4.28,4.643,11.32,3.325,5.845
21955,4.28,4.643,11.32,3.325,4.28,4.643,11.32,3.325,4.28,4.643,11.32,3.325,4.28,4.643,11.32,3.325,11.085
21956,4.28,4.643,11.32,3.325,4.28,4.643,11.32,3.325,4.28,4.643,11.32,3.325,4.28,4.643,11.32,3.325,0.03
21957,4.28,4.643,11.32,3.325,4.28,4.643,11.32,3.325,4.28,4.643,11.32,3.325,4.28,4.643,11.32,3.325,9.128
21958,4.281,4.643,11.32,3.325,4.281,4.643,11.32,3.325,4.281,4.643,11.32,3.325,4.281,4.643,11.32,3.325,9.845
21959,4.281,4.643,11.32,3.325,4.281,4.643,11.32,3.325,4.281,4.643,11.32,3.325,4.281,4.643,11.32,3.325,6.054
21960,4.281,4.643,11.32,3.325,4.281,4.643,11.32,3.325,4.281,4.643,11.32,3.325,4.281,4.643,11.32,3.325,8.85
21961,4.281,4.643,11.32,3.325,4.281,4.643,11.32,3.325,4.281,4.643,11.32,3.325,4.281,4.643,11.32,3.325,8.584
21962,4.281,4.643,11.32,3.325,4.281,4.643,11.32,3.325,4.281,4.643,11.32,3.325,4.281,4.643,11.32,3.325,0.026
21963,4.281,4.643,11.32,3.325,4.281,4.643,11.32,3.325,4.281,4.643,11.32,3.325,4.281,4.643,11.32,3.325,5.799
21964,4.281,4.643,11.32,3.324,4.281,4.643,11.32,3.324,4.281,4.643,11.32,3.324,4.281,4.643,11.32,3.324,6.744
21965,4.281,4.643,11.32,3.324,4.281,4.643,11.32,3.324,4.281,4.643,11.32,3.324,4.281,4.643,11.32,3.324,9.412
21966,4.281,4.643,11.32,3.324,4.281,4.643,11.32,3.324,4.281,4.643,11.32,3.324,4.281,4.643,11.32,3.324,8.902
21967,4.281,4.643,11.32,3.324,4.281,4.643,11.32,3.324,4.281,4.643,11.32,3.324,4.281,4.643,11.32,3.324,4.661
21968,4.281,4.643,11.32,3.327,4.281,4.643,11.32,3.327,4.281,4.643,11.32,3.327,4.281,4.643,11.32,3.327,8.179
21969,4.281,4.643,11.32,3.327,4.281,4.643,11.32,3.327,4.281,4.643,11.32,3.327,4.281,4.643,11.32,3.327,8.452
21970,4.281,4.644,11.32,3.327,4.281,4.644,11.32,3.327,4.281,4.644,11.32,3.327,4.281,4.644,11.32,3.327,8.271
21971,4.281,4.644,11.32,3.327,4.281,4.644,11.32,3.327,4.281,4.644,11.32,3.327,4.281,4.644,11.32,3.327,8.386
21972,4.281,4.644,11.32,3.324,4.281,4.644,11.32,3.324,4.281,4.644,11.32,3.324,4.281,4.644,11.32,3.324,0.016
21973,4.281,4.644,11.32,3.324,4.281,4.644,11.32,3.324,4.281,4.644,11.32,3.324,4.281,4.644,11.32,3.324,5.377
21974,4.281,4.643,11.32,3.324,4.281,4.643,11.32,3.324,4.281,4.643,11.32,3.324,4.281,4.643,11.32,3.324,7.16
21975,4.281,4.643,11.32,3.324,4.281,4.643,11.32,3.324,4.281,4.643,11.32,3.324,4.281,4.643,11.32,3.324,9.542
21976,4.281,4.643,11.32,3.326,4.281,4.643,11.32,3.326,4.281,4.643,11.32,3.326,4.281,4.643,11.32,3.326,14.983
21977,4.281,4.643,11.32,3.326,4.281,4.643,11.32,3.326,4.281,4.643,11.32,3.326,4.281,4.643,11.32,3.326,8.746
21978,4.281,4.644,11.32,3.326,4.281,4.644,11.32,3.326,4.281,4.644,11.32,3.326,4.281,4.644,11.32,3.326,0.021
21979,4.281,4.644,11.32,3.326,4.281,4.644,11.32,3.326,4.281,4.644,11.32,3.326,4.281,4.644,11.32,3.326,8.94
21980,4.281,4.644,11.32,3.325,4.281,4.644,11.32,3.325,4.281,4.644,11.32,3.325,4.281,4.644,11.32,3.325,7.693
21981,4.281,4.644,11.32,3.325,4.281,4.644,11.32,3.325,4.281,4.644,11.32,3.325,4.281,4.644,11.32,3.325,14.258
21982,4.281,4.643,11.32,3.325,4.281,4.643,11.32,3.325,4.281,4.643,11.32,3.325,4.281,4.643,11.32,3.325,0.034
21983,4.281,4.643,11.32,3.325,4.281,4.643,11.32,3.325,4.281,4.643,11.32,3.325,4.281,4.643,11.32,3.325,6.305
21984,4.281,4.643,11.32,3.326,4.281,4.643,11.32,3.326,4.281,4.643,11.32,3.326,4.281,4.643,11.32,3.326,0.036
21985,4.28,4.643,11.32,3.326,4.28,4.643,11.32,3.326,4.28,4.643,11.32,3.326,4.28,4.643,11.32,3.326,7.637
21986,4.28,4.643,11.32,3.326,4.28,4.643,11.32,3.326,4.28,4.643,11.32,3.326,4.28,4.643,11.32,3.326,5.883
21987,4.28,4.643,11.32,3.326,4.28,4.643,11.32,3.326,4.28,4.643,11.32,3.326,4.28,4.643,11.32,3.326,11.216
21988,4.28,4.643,11.32,3.323,4.28,4.643,11.32,3.323,4.28,4.643,11.32,3.323,4.28,4.643,11.32,3.323,4.55
21989,4.28,4.643,11.32,3.323,4.28,4.643,11.32,3.323,4.28,4.643,11.32,3.323,4.28,4.643,11.32,3.323,4.354
21990,4.28,4.643,11.32,3.323,4.28,4.643,11.32,3.323,4.28,4.643,11.32,3.323,4.28,4.643,11.32,3.323,6.632
21991,4.28,4.643,11.32,3.326,4.28,4.643,11.32,3.326,4.28,4.643,11.32,3.326,4.28,4.643,11.32,3.326,8.477
21992,4.28,4.643,11.32,3.326,4.28,4.643,11.32,3.326,4.28,4.643,11.32,3.326,4.28,4.643,11.32,3.326,6.402
21993,4.281,4.643,11.32,3.326,4.281,4.643,11.32,3.326,4.281,4.643,11.32,3.326,4.281,4.643,11.32,3.326,6.395
21994,4.281,4.643,11.32,3.326,4.281,4.643,11.32,3.326,4.281,4.643,11.32,3.326,4.281,4.643,11.32,3.326,7.145
21995,4.281,4.643,11.32,3.325,4.281,4.643,11.32,3.325,4.281,4.643,11.32,3.325,4.281,4.643,11.32,3.325,7.065
21996,4.281,4.643,11.32,3.325,4.281,4.643,11.32,3.325,4.281,4.643,11.32,3.325,4.281,4.643,11.32,3.325,6.752
21997,4.281,4.643,11.32,3.325,4.281,4.643,11.32,3.325,4.281,4.643,11.32,3.325,4.281,4.643,11.32,3.325,7.196
22002,4.281,4.643,11.32,3.324,4.281,4.643,11.32,3.324,4.281,4.643,11.32,3.324,4.281,4.643,11.32,3.324,8.216
22003,4.281,4.643,11.32,3.326,4.281,4.643,11.32,3.326,4.281,4.643,11.32,3.326,4.281,4.643,11.32,3.326,4.48
22004,4.281,4.643,11.32,3.326,4.281,4.643,11.32,3.326,4.281,4.643,11.32,3.326,4.281,4.643,11.32,3.326,6.481
22005,4.281,4.644,11.32,3.326,4.281,4.644,11.32,3.326,4.281,4.644,11.32,3.326,4.281,4.644,11.32,3.326,7.201
22006,4.281,4.644,11.32,3.326,4.281,4.644,11.32,3.326,4.281,4.644,11.32,3.326,4.281,4.644,11.32,3.326,9.929
22007,4.281,4.644,11.32,3.326,4.281,4.644,11.32,3.326,4.281,4.644,11.32,3.326,4.281,4.644,11.32,3.326,4.691
22008,4.281,4.644,11.32,3.326,4.281,4.644,11.32,3.326,4.281,4.644,11.32,3.326,4.281,4.644,11.32,3.326,7.608
22009,4.281,4.643,11.32,3.326,4.281,4.643,11.32,3.326,4.281,4.643,11.32,3.326,4.281,4.643,11.32,3.326,6.84
22010,4.281,4.643,11.32,3.324,4.281,4.643,11.32,3.324,4.281,4.643,11.32,3.324,4.281,4.643,11.32,3.324,6.92
22011,4.281,4.643,11.32,3.324,4.281,4.643,11.32,3.324,4.281,4.643,11.32,3.324,4.281,4.643,11.32,3.324,8.279
22012,4.28,4.643,11.32,3.324,4.28,4.643,11.32,3.324,4.28,4.643,11.32,3.324,4.28,4.643,11.32,3.324,5.805
22018,4.281,4.644,11.32,3.325,4.281,4.644,11.32,3.325,4.281,4.644,11.32,3.325,4.281,4.644,11.32,3.325,11.334
22019,4.281,4.644,11.32,3.325,4.281,4.644,11.32,3.325,4.281,4.644,11.32,3.325,4.281,4.644,11.32,3.325,10.222
22020,4.281,4.644,11.32,3.325,4.281,4.644,11.32,3.325,4.281,4.644,11.32,3.325,4.281,4.644,11.32,3.325,0.029
22021,4.281,4.643,11.32,3.325,4.281,4.643,11.32,3.325,4.281,4.643,11.32,3.325,4.281,4.643,11.32,3.325,12.292
22022,4.281,4.643,11.32,3.325,4.281,4.643,11.32,3.325,4.281,4.643,11.32,3.325,4.281,4.643,11.32,3.325,4.796
22023,4.281,4.643,11.32,3.325,4.281,4.643,11.32,3.325,4.281,4.643,11.32,3.325,4.281,4.643,11.32,3.325,0.028
22024,4.281,4.643,11.32,3.325,4.281,4.643,11.32,3.325,4.281,4.643,11.32,3.325,4.281,4.643,11.32,3.325,6.087
22025,4.281,4.644,11.32,3.325,4.281,4.644,11.32,3.325,4.281,4.644,11.32,3.325,4.281,4.644,11.32,3.325,8.77
22030,4.281,4.644,11.32,3.326,4.281,4.644,11.32,3.326,4.281,4.644,11.32,3.326,4.281,4.644,11.32,3.326,0.028
22031,4.281,4.644,11.32,3.326,4.281,4.644,11.32,3.326,4.281,4.644,11.32,3.326,4.281,4.644,11.32,3.326,10.913
22032,4.281,4.644,11.32,3.326,4.281,4.644,11.32,3.326,4.281,4.644,11.32,3.326,4.281,4.644,11.32,3.326,13.92
22033,4.281,4.643,11.32,3.326,4.281,4.643,11.32,3.326,4.281,4.643,11.32,3.326,4.281,4.643,11.32,3.326,0.026
22034,4.281,4.643,11.32,3.326,4.281,4.643,11.32,3.326,4.281,4.643,11.32,3.326,4.281,4.643,11.32,3.326,0.003
22035,4.281,4.643,11.32,3.325,4.281,4.643,11.32,3.325,4.281,4.643,11.32,3.325,4.281,4.643,11.32,3.325,5.073
22036,4.281,4.643,11.32,3.325,4.281,4.643,11.32,3.325,4.281,4.643,11.32,3.325,4.281,4.643,11.32,3.325,8.815
22037,4.281,4.643,11.32,3.325,4.281,4.643,11.32,3.325,4.281,4.643,11.32,3.325,4.281,4.643,11.32,3.325,7.725
22041,4.28,4.644,11.32,3.324,4.28,4.644,11.32,3.324,4.28,4.644,11.32,3.324,4.28,4.644,11.32,3.324,38.431
22042,4.28,4.644,11.32,3.325,4.28,4.644,11.32,3.325,4.28,4.644,11.32,3.325,4.28,4.644,11.32,3.325,0.031
22043,4.28,4.644,11.32,3.325,4.28,4.644,11.32,3.325,4.28,4.644,11.32,3.325,4.28,4.644,11.32,3.325,0.003
22044,4.281,4.644,11.32,3.325,4.281,4.644,11.32,3.325,4.281,4.644,11.32,3.325,4.281,4.644,11.32,3.325,0.002
22045,4.281,4.643,11.32,3.325,4.281,4.643,11.32,3.325,4.281,4.643,11.32,3.325,4.281,4.643,11.32,3.325,0.002
22046,4.281,4.643,11.32,3.325,4.281,4.643,11.32,3.325,4.281,4.643,11.32,3.325,4.281,4.643,11.32,3.325,0.002
22047,4.281,4.643,11.32,3.325,4.281,4.643,11.32,3.325,4.281,4.643,11.32,3.325,4.281,4.643,11.32,3.325,5.825
22048,4.281,4.643,11.32,3.325,4.281,4.643,11.32,3.325,4.281,4.643,11.32,3.325,4.281,4.643,11.32,3.325,5.889
22049,4.281,4.643,11.32,3.325,4.281,4.643,11.32,3.325,4.281,4.643,11.32,3.325,4.281,4.643,11.32,3.325,7.952
22050,4.281,4.643,11.32,3.325,4.281,4.643,11.32,3.325,4.281,4.643,11.32,3.325,4.281,4.643,11.32,3.325,8.335
22051,4.281,4.643,11.32,3.326,4.281,4.643,11.32,3.326,4.281,4.643,11.32,3.326,4.281,4.643,11.32,3.326,7.68
22052,4.281,4.643,11.32,3.326,4.281,4.643,11.32,3.326,4.281,4.643,11.32,3.326,4.281,4.643,11.32,3.326,4.927
22053,4.281,4.644,11.32,3.326,4.281,4.644,11.32,3.326,4.281,4.644,11.32,3.326,4.281,4.644,11.32,3.326,7.337
22054,4.281,4.644,11.32,3.325,4.281,4.644,11.32,3.325,4.281,4.644,11.32,3.325,4.281,4.644,11.32,3.325,7.135
22055,4.281,4.644,11.32,3.325,4.281,4.644,11.32,3.325,4.281,4.644,11.32,3.325,4.281,4.644,11.32,3.325,16.439
22056,4.281,4.644,11.32,3.325,4.281,4.644,11.32,3.325,4.281,4.644,11.32,3.325,4.281,4.644,11.32,3.325,6.858
22057,4.281,4.644,11.32,3.325,4.281,4.644,11.32,3.325,4.281,4.644,11.32,3.325,4.281,4.644,11.32,3.325,0.032
22058,4.281,4.644,11.32,3.325,4.281,4.644,11.32,3.325,4.281,4.644,11.32,3.325,4.281,4.644,11.32,3.325,4.824
22059,4.281,4.644,11.32,3.325,4.281,4.644,11.32,3.325,4.281,4.644,11.32,3.325,4.281,4.644,11.32,3.325,6.983
22060,4.281,4.644,11.32,3.325,4.281,4.644,11.32,3.325,4.281,4.644,11.32,3.325,4.281,4.644,11.32,3.325,6.313
22061,4.281,4.643,11.32,3.325,4.281,4.643,11.32,3.325,4.281,4.643,11.32,3.325,4.281,4.643,11.32,3.325,10.544
22062,4.281,4.643,11.32,3.325,4.281,4.643,11.32,3.325,4.281,4.643,11.32,3.325,4.281,4.643,11.32,3.325,5.869
22063,4.281,4.643,11.32,3.325,4.281,4.643,11.32,3.325,4.281,4.643,11.32,3.325,4.281,4.643,11.32,3.325,4.683
22064,4.281,4.643,11.32,3.325,4.281,4.643,11.32,3.325,4.281,4.643,11.32,3.325,4.281,4.643,11.32,3.325,10.571
22065,4.281,4.643,11.32,3.325,4.281,4.643,11.32,3.325,4.281,4.643,11.32,3.325,4.281,4.643,11.32,3.325,5.996
22066,4.281,4.643,11.32,3.325,4.281,4.643,11.32,3.325,4.281,4.643,11.32,3.325,4.281,4.643,11.32,3.325,5.377
22067,4.281,4.643,11.32,3.325,4.281,4.643,11.32,3.325,4.281,4.643,11.32,3.325,4.281,4.643,11.32,3.325,6.983
22068,4.281,4.644,11.32,3.325,4.281,4.644,11.32,3.325,4.281,4.644,11.32,3.325,4.281,4.644,11.32,3.325,7.669
22069,4.281,4.644,11.32,3.325,4.281,4.644,11.32,3.325,4.281,4.644,11.32,3.325,4.281,4.644,11.32,3.325,7.147
22070,4.281,4.644,11.32,3.325,4.281,4.644,11.32,3.325,4.281,4.644,11.32,3.325,4.281,4.644,11.32,3.325,9.264
22071,4.281,4.644,11.32,3.325,4.281,4.644,11.32,3.325,4.281,4.644,11.32,3.325,4.281,4.644,11.32,3.325,5.101
22072,4.281,4.644,11.32,3.325,4.281,4.644,11.32,3.325,4.281,4.644,11.32,3.325,4.281,4.644,11.32,3.325,7.419
22073,4.281,4.644,11.32,3.325,4.281,4.644,11.32,3.325,4.281,4.644,11.32,3.325,4.281,4.644,11.32,3.325,6.459
22074,4.281,4.644,11.32,3.325,4.281,4.644,11.32,3.325,4.281,4.644,11.32,3.325,4.281,4.644,11.32,3.325,7.292
22075,4.281,4.644,11.32,3.325,4.281,4.644,11.32,3.325,4.281,4.644,11.32,3.325,4.281,4.644,11.32,3.325,7.085
22084,4.281,4.644,11.32,3.325,4.281,4.644,11.32,3.325,4.281,4.644,11.32,3.325,4.281,4.644,11.32,3.325,5.66
22085,4.281,4.644,11.32,3.325,4.281,4.644,11.32,3.325,4.281,4.644,11.32,3.325,4.281,4.644,11.32,3.325,12.214
22086,4.281,4.644,11.32,3.325,4.281,4.644,11.32,3.325,4.281,4.644,11.32,3.325,4.281,4.644,11.32,3.325,4.34
22087,4.281,4.644,11.32,3.325,4.281,4.644,11.32,3.325,4.281,4.644,11.32,3.325,4.281,4.644,11.32,3.325,4.438
22088,4.281,4.644,11.32,3.325,4.281,4.644,11.32,3.325,4.281,4.644,11.32,3.325,4.281,4.644,11.32,3.325,6.515
22089,4.281,4.644,11.32,3.325,4.281,4.644,11.32,3.325,4.281,4.644,11.32,3.325,4.281,4.644,11.32,3.325,7.596
22090,4.281,4.644,11.32,3.325,4.281,4.644,11.32,3.325,4.281,4.644,11.32,3.325,4.281,4.644,11.32,3.325,5.874
22091,4.281,4.644,11.32,3.325,4.281,4.644,11.32,3.325,4.281,4.644,11.32,3.325,4.281,4.644,11.32,3.325,7.179
22096,4.281,4.644,11.32,3.325,4.281,4.644,11.32,3.325,4.281,4.644,11.32,3.325,4.281,4.644,11.32,3.325,5.845
22097,4.281,4.644,11.32,3.325,4.281,4.644,11.32,3.325,4.281,4.644,11.32,3.325,4.281,4.644,11.32,3.325,7.278
22098,4.281,4.644,11.32,3.325,4.281,4.644,11.32,3.325,4.281,4.644,11.32,3.325,4.281,4.644,11.32,3.325,7.645
22099,4.281,4.643,11.32,3.325,4.281,4.643,11.32,3.325,4.281,4.643,11.32,3.325,4.281,4.643,11.32,3.325,6.593
22100,4.281,4.643,11.32,3.325,4.281,4.643,11.32,3.325,4.281,4.643,11.32,3.325,4.281,4.643,11.32,3.325,6.895
22101,4.281,4.643,11.32,3.325,4.281,4.643,11.32,3.325,4.281,4.643,11.32,3.325,4.281,4.643,11.32,3.325,7.275
22102,4.281,4.643,11.32,3.325,4.281,4.643,11.32,3.325,4.281,4.643,11.32,3.325,4.281,4.643,11.32,3.325,7.161
22103,4.281,4.644,11.32,3.325,4.281,4.644,11.32,3.325,4.281,4.644,11.32,3.325,4.281,4.644,11.32,3.325,11.475
22104,4.281,4.644,11.32,3.325,4.281,4.644,11.32,3.325,4.281,4.644,11.32,3.325,4.281,4.644,11.32,3.325,4.259
22105,4.281,4.644,11.32,3.325,4.281,4.644,11.32,3.325,4.281,4.644,11.32,3.325,4.281,4.644,11.32,3.325,7.115
22106,4.281,4.644,11.32,3.325,4.281,4.644,11.32,3.325,4.281,4.644,11.32,3.325,4.281,4.644,11.32,3.325,7.096
22107,4.281,4.643,11.32,3.325,4.281,4.643,11.32,3.325,4.281,4.643,11.32,3.325,4.281,4.643,11.32,3.325,5.834
22108,4.281,4.643,11.32,3.325,4.281,4.643,11.32,3.325,4.281,4.643,11.32,3.325,4.281,4.643,11.32,3.325,9.435
22109,4.281,4.643,11.32,3.325,4.281,4.643,11.32,3.325,4.281,4.643,11.32,3.325,4.281,4.643,11.32,3.325,4.901
22110,4.281,4.643,11.32,3.325,4.281,4.643,11.32,3.325,4.281,4.643,11.32,3.325,4.281,4.643,11.32,3.325,8.254
22111,4.281,4.644,11.32,3.325,4.281,4.644,11.32,3.325,4.281,4.644,11.32,3.325,4.281,4.644,11.32,3.325,7.934
22112,4.281,4.644,11.32,3.325,4.281,4.644,11.32,3.325,4.281,4.644,11.32,3.325,4.281,4.644,11.32,3.325,5.029
22113,4.281,4.644,11.32,3.325,4.281,4.644,11.32,3.325,4.281,4.644,11.32,3.325,4.281,4.644,11.32,3.325,6.665
22114,4.281,4.643,11.32,3.325,4.281,4.643,11.32,3.325,4.281,4.643,11.32,3.325,4.281,4.643,11.32,3.325,7.627
22115,4.281,4.643,11.32,3.325,4.281,4.643,11.32,3.325,4.281,4.643,11.32,3.325,4.281,4.643,11.32,3.325,6.721
22116,4.281,4.643,11.32,3.325,4.281,4.643,11.32,3.325,4.281,4.643,11.32,3.325,4.281,4.643,11.32,3.325,8.538
22117,4.281,4.643,11.32,3.325,4.281,4.643,11.32,3.325,4.281,4.643,11.32,3.325,4.281,4.643,11.32,3.325,7.969
22118,4.281,4.643,11.32,3.325,4.281,4.643,11.32,3.325,4.281,4.643,11.32,3.325,4.281,4.643,11.32,3.325,6.642
22119,4.281,4.643,11.32,3.325,4.281,4.643,11.32,3.325,4.281,4.643,11.32,3.325,4.281,4.643,11.32,3.325,8.328
22120,4.281,4.643,11.32,3.325,4.281,4.643,11.32,3.325,4.281,4.643,11.32,3.325,4.281,4.643,11.32,3.325,12.14
22121,4.281,4.643,11.32,3.325,4.281,4.643,11.32,3.325,4.281,4.643,11.32,3.325,4.281,4.643,11.32,3.325,0.03
22122,4.281,4.644,11.32,3.325,4.281,4.644,11.32,3.325,4.281,4.644,11.32,3.325,4.281,4.644,11.32,3.325,39.008
22127,4.281,4.643,11.32,3.325,4.281,4.643,11.32,3.325,4.281,4.643,11.32,3.325,4.281,4.643,11.32,3.325,0.002
22128,4.281,4.643,11.32,3.325,4.281,4.643,11.32,3.325,4.281,4.643,11.32,3.325,4.281,4.643,11.32,3.325,0.001
22129,4.281,4.643,11.32,3.325,4.281,4.643,11.32,3.325,4.281,4.643,11.32,3.325,4.281,4.643,11.32,3.325,6.386
22130,4.281,4.643,11.32,3.325,4.281,4.643,11.32,3.325,4.281,4.643,11.32,3.325,4.281,4.643,11.32,3.325,7.581
22135,4.281,4.644,11.32,3.325,4.281,4.644,11.32,3.325,4.281,4.644,11.32,3.325,4.281,4.644,11.32,3.325,11.097
22136,4.281,4.644,11.32,3.325,4.281,4.644,11.32,3.325,4.281,4.644,11.32,3.325,4.281,4.644,11.32,3.325,9.323
22137,4.281,4.644,11.32,3.325,4.281,4.644,11.32,3.325,4.281,4.644,11.32,3.325,4.281,4.644,11.32,3.325,14.333
22138,4.281,4.643,11.32,3.325,4.281,4.643,11.32,3.325,4.281,4.643,11.32,3.325,4.281,4.643,11.32,3.325,0.025
22139,4.281,4.643,11.32,3.325,4.281,4.643,11.32,3.325,4.281,4.643,11.32,3.325,4.281,4.643,11.32,3.325,0.003
22140,4.281,4.643,11.32,3.325,4.281,4.643,11.32,3.325,4.281,4.643,11.32,3.325,4.281,4.643,11.32,3.325,8.038
22141,4.281,4.643,11.32,3.325,4.281,4.643,11.32,3.325,4.281,4.643,11.32,3.325,4.281,4.643,11.32,3.325,7.391
22142,4.281,4.644,11.32,3.325,4.281,4.644,11.32,3.325,4.281,4.644,11.32,3.325,4.281,4.644,11.32,3.325,5.546
22143,4.281,4.644,11.32,3.325,4.281,4.644,11.32,3.325,4.281,4.644,11.32,3.325,4.281,4.644,11.32,3.325,10.458
22144,4.281,4.644,11.32,3.325,4.281,4.644,11.32,3.325,4.281,4.644,11.32,3.325,4.281,4.644,11.32,3.325,4.595
22145,4.28,4.644,11.32,3.325,4.28,4.644,11.32,3.325,4.28,4.644,11.32,3.325,4.28,4.644,11.32,3.325,6.573
22146,4.28,4.643,11.32,3.325,4.28,4.643,11.32,3.325,4.28,4.643,11.32,3.325,4.28,4.643,11.32,3.325,6.266
22147,4.28,4.643,11.32,3.325,4.28,4.643,11.32,3.325,4.28,4.643,11.32,3.325,4.28,4.643,11.32,3.325,5.41
22148,4.28,4.643,11.32,3.325,4.28,4.643,11.32,3.325,4.28,4.643,11.32,3.325,4.28,4.643,11.32,3.325,10.215
22149,4.281,4.643,11.32,3.325,4.281,4.643,11.32,3.325,4.281,4.643,11.32,3.325,4.281,4.643,11.32,3.325,13.853
22150,4.281,4.644,11.32,3.325,4.281,4.644,11.32,3.325,4.281,4.644,11.32,3.325,4.281,4.644,11.32,3.325,10.469
22151,4.281,4.644,11.32,3.325,4.281,4.644,11.32,3.325,4.281,4.644,11.32,3.325,4.281,4.644,11.32,3.325,0.032
22152,4.281,4.644,11.32,3.325,4.281,4.644,11.32,3.325,4.281,4.644,11.32,3.325,4.281,4.644,11.32,3.325,4.302
22153,4.281,4.644,11.32,3.325,4.281,4.644,11.32,3.325,4.281,4.644,11.32,3.325,4.281,4.644,11.32,3.325,11.339
22154,4.281,4.644,11.32,3.325,4.281,4.644,11.32,3.325,4.281,4.644,11.32,3.325,4.281,4.644,11.32,3.325,5.881
22155,4.281,4.644,11.32,3.325,4.281,4.644,11.32,3.325,4.281,4.644,11.32,3.325,4.281,4.644,11.32,3.325,4.81
22156,4.281,4.644,11.32,3.325,4.281,4.644,11.32,3.325,4.281,4.644,11.32,3.325,4.281,4.644,11.32,3.325,4.586
22157,4.281,4.643,11.32,3.325,4.281,4.643,11.32,3.325,4.281,4.643,11.32,3.325,4.281,4.643,11.32,3.325,8.242
22158,4.281,4.643,11.32,3.325,4.281,4.643,11.32,3.325,4.281,4.643,11.32,3.325,4.281,4.643,11.32,3.325,5.83
22159,4.281,4.643,11.32,3.325,4.281,4.643,11.32,3.325,4.281,4.643,11.32,3.325,4.281,4.643,11.32,3.325,6.662
22160,4.281,4.643,11.32,3.325,4.281,4.643,11.32,3.325,4.281,4.643,11.32,3.325,4.281,4.643,11.32,3.325,7.482
22161,4.281,4.643,11.32,3.325,4.281,4.643,11.32,3.325,4.281,4.643,11.32,3.325,4.281,4.643,11.32,3.325,6.843
22162,4.281,4.643,11.32,3.325,4.281,4.643,11.32,3.325,4.281,4.643,11.32,3.325,4.281,4.643,11.32,3.325,7.18
22163,4.281,4.643,11.32,3.325,4.281,4.643,11.32,3.325,4.281,4.643,11.32,3.325,4.281,4.643,11.32,3.325,6.928
22164,4.281,4.643,11.32,3.325,4.281,4.643,11.32,3.325,4.281,4.643,11.32,3.325,4.281,4.643,11.32,3.325,10.49
22165,4.281,4.643,11.32,3.325,4.281,4.643,11.32,3.325,4.281,4.643,11.32,3.325,4.281,4.643,11.32,3.325,15.135
22166,4.281,4.643,11.32,3.325,4.281,4.643,11.32,3.325,4.281,4.643,11.32,3.325,4.281,4.643,11.32,3.325,0.031
22167,4.281,4.643,11.32,3.325,4.281,4.643,11.32,3.325,4.281,4.643,11.32,3.325,4.281,4.643,11.32,3.325,4.313
22168,4.281,4.643,11.32,3.325,4.281,4.643,11.32,3.325,4.281,4.643,11.32,3.325,4.281,4.643,11.32,3.325,7.982
22169,4.281,4.644,11.32,3.325,4.281,4.644,11.32,3.325,4.281,4.644,11.32,3.325,4.281,4.644,11.32,3.325,5.321
22170,4.281,4.644,11.32,3.325,4.281,4.644,11.32,3.325,4.281,4.644,11.32,3.325,4.281,4.644,11.32,3.325,6.084
22171,4.281,4.644,11.32,3.325,4.281,4.644,11.32,3.325,4.281,4.644,11.32,3.325,4.281,4.644,11.32,3.325,6.726
22172,4.281,4.644,11.32,3.325,4.281,4.644,11.32,3.325,4.281,4.644,11.32,3.325,4.281,4.644,11.32,3.325,7.181
22173,4.281,4.644,11.32,3.325,4.281,4.644,11.32,3.325,4.281,4.644,11.32,3.325,4.281,4.644,11.32,3.325,7.132
22174,4.281,4.644,11.32,3.325,4.281,4.644,11.32,3.325,4.281,4.644,11.32,3.325,4.281,4.644,11.32,3.325,7.443
22175,4.281,4.644,11.32,3.325,4.281,4.644,11.32,3.325,4.281,4.644,11.32,3.325,4.281,4.644,11.32,3.325,6.957
22176,4.281,4.644,11.32,3.325,4.281,4.644,11.32,3.325,4.281,4.644,11.32,3.325,4.281,4.644,11.32,3.325,7.28
22177,4.281,4.643,11.32,3.325,4.281,4.643,11.32,3.325,4.281,4.643,11.32,3.325,4.281,4.643,11.32,3.325,7.035
22178,4.281,4.643,11.32,3.325,4.281,4.643,11.32,3.325,4.281,4.643,11.32,3.325,4.281,4.643,11.32,3.325,9.986
22179,4.281,4.643,11.32,3.325,4.281,4.643,11.32,3.325,4.281,4.643,11.32,3.325,4.281,4.643,11.32,3.325,4.313
22180,4.281,4.643,11.32,3.325,4.281,4.643,11.32,3.325,4.281,4.643,11.32,3.325,4.281,4.643,11.32,3.325,6.978
22181,4.281,4.643,11.32,3.325,4.281,4.643,11.32,3.325,4.281,4.643,11.32,3.325,4.281,4.643,11.32,3.325,7.318
22182,4.281,4.643,11.32,3.325,4.281,4.643,11.32,3.325,4.281,4.643,11.32,3.325,4.281,4.643,11.32,3.325,6.714
22183,4.281,4.643,11.32,3.325,4.281,4.643,11.32,3.325,4.281,4.643,11.32,3.325,4.281,4.643,11.32,3.325,8.43
22184,4.281,4.643,11.32,3.325,4.281,4.643,11.32,3.325,4.281,4.643,11.32,3.325,4.281,4.643,11.32,3.325,6.908
22185,4.281,4.643,11.32,3.325,4.281,4.643,11.32,3.325,4.281,4.643,11.32,3.325,4.281,4.643,11.32,3.325,6.192
22186,4.281,4.643,11.32,3.325,4.281,4.643,11.32,3.325,4.281,4.643,11.32,3.325,4.281,4.643,11.32,3.325,7.445
22187,4.281,4.643,11.32,3.325,4.281,4.643,11.32,3.325,4.281,4.643,11.32,3.325,4.281,4.643,11.32,3.325,7.263
22188,4.281,4.643,11.32,3.325,4.281,4.643,11.32,3.325,4.281,4.643,11.32,3.325,4.281,4.643,11.32,3.325,10.934
22189,4.281,4.643,11.32,3.325,4.281,4.643,11.32,3.325,4.281,4.643,11.32,3.325,4.281,4.643,11.32,3.325,7.565
22190,4.281,4.643,11.32,3.325,4.281,4.643,11.32,3.325,4.281,4.643,11.32,3.325,4.281,4.643,11.32,3.325,7.995
22191,4.281,4.643,11.32,3.325,4.281,4.643,11.32,3.325,4.281,4.643,11.32,3.325,4.281,4.643,11.32,3.325,6.139
22192,4.281,4.643,11.32,3.325,4.281,4.643,11.32,3.325,4.281,4.643,11.32,3.325,4.281,4.643,11.32,3.325,7.158
22193,4.281,4.643,11.32,3.325,4.281,4.643,11.32,3.325,4.281,4.643,11.32,3.325,4.281,4.643,11.32,3.325,8.71
22194,4.281,4.643,11.32,3.325,4.281,4.643,11.32,3.325,4.281,4.643,11.32,3.325,4.281,4.643,11.32,3.325,7.436
22195,4.281,4.643,11.32,3.325,4.281,4.643,11.32,3.325,4.281,4.643,11.32,3.325,4.281,4.643,11.32,3.325,5.384
22196,4.281,4.643,11.32,3.325,4.281,4.643,11.32,3.325,4.281,4.643,11.32,3.325,4.281,4.643,11.32,3.325,7.128
22197,4.281,4.643,11.32,3.325,4.281,4.643,11.32,3.325,4.281,4.643,11.32,3.325,4.281,4.643,11.32,3.325,7.466
22198,4.281,4.643,11.32,3.325,4.281,4.643,11.32,3.325,4.281,4.643,11.32,3.325,4.281,4.643,11.32,3.325,7.142
22199,4.281,4.644,11.32,3.325,4.281,4.644,11.32,3.325,4.281,4.644,11.32,3.325,4.281,4.644,11.32,3.325,9.737
22200,4.281,4.644,11.32,3.325,4.281,4.644,11.32,3.325,4.281,4.644,11.32,3.325,4.281,4.644,11.32,3.325,7.988
22201,4.281,4.644,11.32,3.325,4.281,4.644,11.32,3.325,4.281,4.644,11.32,3.325,4.281,4.644,11.32,3.325,5.103
22202,4.281,4.643,11.32,3.325,4.281,4.643,11.32,3.325,4.281,4.643,11.32,3.325,4.281,4.643,11.32,3.325,5.348
22203,4.281,4.643,11.32,3.325,4.281,4.643,11.32,3.325,4.281,4.643,11.32,3.325,4.281,4.643,11.32,3.325,7.95
22204,4.281,4.643,11.32,3.325,4.281,4.643,11.32,3.325,4.281,4.643,11.32,3.325,4.281,4.643,11.32,3.325,6.698
22205,4.281,4.643,11.32,3.325,4.281,4.643,11.32,3.325,4.281,4.643,11.32,3.325,4.281,4.643,11.32,3.325,6.768
22206,4.281,4.644,11.32,3.325,4.281,4.644,11.32,3.325,4.281,4.644,11.32,3.325,4.281,4.644,11.32,3.325,6.984
22215,4.281,4.643,11.32,3.325,4.281,4.643,11.32,3.325,4.281,4.643,11.32,3.325,4.281,4.643,11.32,3.325,0.004
22216,4.281,4.643,11.32,3.325,4.281,4.643,11.32,3.325,4.281,4.643,11.32,3.325,4.281,4.643,11.32,3.325,0.002
22217,4.281,4.643,11.32,3.325,4.281,4.643,11.32,3.325,4.281,4.643,11.32,3.325,4.281,4.643,11.32,3.325,0.002
22218,4.281,4.643,11.32,3.325,4.281,4.643,11.32,3.325,4.281,4.643,11.32,3.325,4.281,4.643,11.32,3.325,0.002
22219,4.281,4.644,11.32,3.325,4.281,4.644,11.32,3.325,4.281,4.644,11.32,3.325,4.281,4.644,11.32,3.325,4.329
22220,4.281,4.644,11.32,3.325,4.281,4.644,11.32,3.325,4.281,4.644,11.32,3.325,4.281,4.644,11.32,3.325,4.629
22221,4.281,4.644,11.32,3.325,4.281,4.644,11.32,3.325,4.281,4.644,11.32,3.325,4.281,4.644,11.32,3.325,8.72
22222,4.281,4.644,11.32,3.325,4.281,4.644,11.32,3.325,4.281,4.644,11.32,3.325,4.281,4.644,11.32,3.325,9.487
22227,4.28,4.644,11.32,3.325,4.28,4.644,11.32,3.325,4.28,4.644,11.32,3.325,4.28,4.644,11.32,3.325,0.03
22228,4.28,4.644,11.32,3.325,4.28,4.644,11.32,3.325,4.28,4.644,11.32,3.325,4.28,4.644,11.32,3.325,5.456
22229,4.281,4.644,11.32,3.325,4.281,4.644,11.32,3.325,4.281,4.644,11.32,3.325,4.281,4.644,11.32,3.325,7.713
22230,4.281,4.644,11.32,3.325,4.281,4.644,11.32,3.325,4.281,4.644,11.32,3.325,4.281,4.644,11.32,3.325,7.257
22231,4.281,4.644,11.32,3.325,4.281,4.644,11.32,3.325,4.281,4.644,11.32,3.325,4.281,4.644,11.32,3.325,8.06
22232,4.281,4.644,11.32,3.325,4.281,4.644,11.32,3.325,4.281,4.644,11.32,3.325,4.281,4.644,11.32,3.325,5.806
22233,4.281,4.644,11.32,3.325,4.281,4.644,11.32,3.325,4.281,4.644,11.32,3.325,4.281,4.644,11.32,3.325,7.151
22234,4.281,4.644,11.32,3.325,4.281,4.644,11.32,3.325,4.281,4.644,11.32,3.325,4.281,4.644,11.32,3.325,5.876
22235,4.281,4.644,11.32,3.325,4.281,4.644,11.32,3.325,4.281,4.644,11.32,3.325,4.281,4.644,11.32,3.325,7.16
22236,4.281,4.644,11.32,3.325,4.281,4.644,11.32,3.325,4.281,4.644,11.32,3.325,4.281,4.644,11.32,3.325,6.729
22237,4.281,4.644,11.32,3.325,4.281,4.644,11.32,3.325,4.281,4.644,11.32,3.325,4.281,4.644,11.32,3.325,7.196
22238,4.281,4.644,11.32,3.325,4.281,4.644,11.32,3.325,4.281,4.644,11.32,3.325,4.281,4.644,11.32,3.325,7.24
22239,4.281,4.644,11.32,3.325,4.281,4.644,11.32,3.325,4.281,4.644,11.32,3.325,4.281,4.644,11.32,3.325,6.802
22240,4.281,4.644,11.32,3.325,4.281,4.644,11.32,3.325,4.281,4.644,11.32,3.325,4.281,4.644,11.32,3.325,9.496
22241,4.281,4.644,11.32,3.325,4.281,4.644,11.32,3.325,4.281,4.644,11.32,3.325,4.281,4.644,11.32,3.325,19.489
22242,4.281,4.643,11.32,3.325,4.281,4.643,11.32,3.325,4.281,4.643,11.32,3.325,4.281,4.643,11.32,3.325,0.031
22243,4.281,4.643,11.32,3.325,4.281,4.643,11.32,3.325,4.281,4.643,11.32,3.325,4.281,4.643,11.32,3.325,5.969
22244,4.281,4.643,11.32,3.325,4.281,4.643,11.32,3.325,4.281,4.643,11.32,3.325,4.281,4.643,11.32,3.325,5.396
22245,4.28,4.643,11.32,3.325,4.28,4.643,11.32,3.325,4.28,4.643,11.32,3.325,4.28,4.643,11.32,3.325,4.422
22250,4.28,4.643,11.32,3.325,4.28,4.643,11.32,3.325,4.28,4.643,11.32,3.325,4.28,4.643,11.32,3.325,4.884
22251,4.28,4.643,11.32,3.324,4.28,4.643,11.32,3.324,4.28,4.643,11.32,3.324,4.28,4.643,11.32,3.324,7.21
22252,4.28,4.643,11.32,3.324,4.28,4.643,11.32,3.324,4.28,4.643,11.32,3.324,4.28,4.643,11.32,3.324,7.034
22253,4.28,4.644,11.32,3.324,4.28,4.644,11.32,3.324,4.28,4.644,11.32,3.324,4.28,4.644,11.32,3.324,7.216
22254,4.28,4.644,11.32,3.324,4.28,4.644,11.32,3.324,4.28,4.644,11.32,3.324,4.28,4.644,11.32,3.324,7.118
22255,4.28,4.644,11.32,3.324,4.28,4.644,11.32,3.324,4.28,4.644,11.32,3.324,4.28,4.644,11.32,3.324,9.014
22256,4.28,4.644,11.32,3.324,4.28,4.644,11.32,3.324,4.28,4.644,11.32,3.324,4.28,4.644,11.32,3.324,12.321
22257,4.28,4.643,11.32,3.324,4.28,4.643,11.32,3.324,4.28,4.643,11.32,3.324,4.28,4.643,11.32,3.324,4.544
22258,4.28,4.643,11.32,3.324,4.28,4.643,11.32,3.324,4.28,4.643,11.32,3.324,4.28,4.643,11.32,3.324,21.491
22259,4.28,4.643,11.32,3.325,4.28,4.643,11.32,3.325,4.28,4.643,11.32,3.325,4.28,4.643,11.32,3.325,0.025
22260,4.281,4.643,11.32,3.325,4.281,4.643,11.32,3.325,4.281,4.643,11.32,3.325,4.281,4.643,11.32,3.325,0.002
22261,4.281,4.644,11.32,3.325,4.281,4.644,11.32,3.325,4.281,4.644,11.32,3.325,4.281,4.644,11.32,3.325,8.423
22262,4.281,4.644,11.32,3.325,4.281,4.644,11.32,3.325,4.281,4.644,11.32,3.325,4.281,4.644,11.32,3.325,7.635
22263,4.281,4.644,11.32,3.325,4.281,4.644,11.32,3.325,4.281,4.644,11.32,3.325,4.281,4.644,11.32,3.325,0.028
22264,4.281,4.644,11.32,3.325,4.281,4.644,11.32,3.325,4.281,4.644,11.32,3.325,4.281,4.644,11.32,3.325,4.709
22265,4.281,4.644,11.32,3.325,4.281,4.644,11.32,3.325,4.281,4.644,11.32,3.325,4.281,4.644,11.32,3.325,6.909
22269,4.28,4.643,11.32,3.325,4.28,4.643,11.32,3.325,4.28,4.643,11.32,3.325,4.28,4.643,11.32,3.325,6.668
22270,4.28,4.643,11.32,3.325,4.28,4.643,11.32,3.325,4.28,4.643,11.32,3.325,4.28,4.643,11.32,3.325,6.908
22271,4.28,4.643,11.32,3.325,4.28,4.643,11.32,3.325,4.28,4.643,11.32,3.325,4.28,4.643,11.32,3.325,7.189
22272,4.281,4.643,11.32,3.325,4.281,4.643,11.32,3.325,4.281,4.643,11.32,3.325,4.281,4.643,11.32,3.325,10.152
22273,4.281,4.643,11.32,3.325,4.281,4.643,11.32,3.325,4.281,4.643,11.32,3.325,4.281,4.643,11.32,3.325,23.526
22274,4.281,4.643,11.32,3.325,4.281,4.643,11.32,3.325,4.281,4.643,11.32,3.325,4.281,4.643,11.32,3.325,4.547
22275,4.281,4.643,11.32,3.325,4.281,4.643,11.32,3.325,4.281,4.643,11.32,3.325,4.281,4.643,11.32,3.325,0.026
22276,4.28,4.643,11.32,3.325,4.28,4.643,11.32,3.325,4.28,4.643,11.32,3.325,4.28,4.643,11.32,3.325,0.005
22277,4.28,4.644,11.32,3.325,4.28,4.644,11.32,3.325,4.28,4.644,11.32,3.325,4.28,4.644,11.32,3.325,4.81
22278,4.28,4.644,11.32,3.325,4.28,4.644,11.32,3.325,4.28,4.644,11.32,3.325,4.28,4.644,11.32,3.325,7.059
22279,4.28,4.644,11.32,3.325,4.28,4.644,11.32,3.325,4.28,4.644,11.32,3.325,4.28,4.644,11.32,3.325,7.579
22280,4.281,4.643,11.32,3.325,4.281,4.643,11.32,3.325,4.281,4.643,11.32,3.325,4.281,4.643,11.32,3.325,5.156
22281,4.281,4.643,11.32,3.325,4.281,4.643,11.32,3.325,4.281,4.643,11.32,3.325,4.281,4.643,11.32,3.325,5.853
22282,4.281,4.643,11.32,3.325,4.281,4.643,11.32,3.325,4.281,4.643,11.32,3.325,4.281,4.643,11.32,3.325,7.952
22283,4.281,4.643,11.32,3.325,4.281,4.643,11.32,3.325,4.281,4.643,11.32,3.325,4.281,4.643,11.32,3.325,6.878
22284,4.281,4.643,11.32,3.325,4.281,4.643,11.32,3.325,4.281,4.643,11.32,3.325,4.281,4.643,11.32,3.325,7.036
22285,4.281,4.643,11.32,3.325,4.281,4.643,11.32,3.325,4.281,4.643,11.32,3.325,4.281,4.643,11.32,3.325,8.88
22286,4.281,4.643,11.32,3.325,4.281,4.643,11.32,3.325,4.281,4.643,11.32,3.325,4.281,4.643,11.32,3.325,12.075
22287,4.28,4.643,11.32,3.325,4.28,4.643,11.32,3.325,4.28,4.643,11.32,3.325,4.28,4.643,11.32,3.325,5.828
22288,4.28,4.644,11.32,3.325,4.28,4.644,11.32,3.325,4.28,4.644,11.32,3.325,4.28,4.644,11.32,3.325,4.619
22289,4.28,4.644,11.32,3.325,4.28,4.644,11.32,3.325,4.28,4.644,11.32,3.325,4.28,4.644,11.32,3.325,6.12
22290,4.28,4.644,11.32,3.325,4.28,4.644,11.32,3.325,4.28,4.644,11.32,3.325,4.28,4.644,11.32,3.325,7.455
22291,4.281,4.644,11.32,3.325,4.281,4.644,11.32,3.325,4.281,4.644,11.32,3.325,4.281,4.644,11.32,3.325,8.701
22292,4.281,4.643,11.32,3.325,4.281,4.643,11.32,3.325,4.281,4.643,11.32,3.325,4.281,4.643,11.32,3.325,6.31
22293,4.281,4.643,11.32,3.325,4.281,4.643,11.32,3.325,4.281,4.643,11.32,3.325,4.281,4.643,11.32,3.325,9.18
22294,4.281,4.643,11.32,3.325,4.281,4.643,11.32,3.325,4.281,4.643,11.32,3.325,4.281,4.643,11.32,3.325,37.588
22295,4.281,4.643,11.32,3.325,4.281,4.643,11.32,3.325,4.281,4.643,11.32,3.325,4.281,4.643,11.32,3.325,8.674
22296,4.281,4.643,11.32,3.325,4.281,4.643,11.32,3.325,4.281,4.643,11.32,3.325,4.281,4.643,11.32,3.325,0.017
22297,4.281,4.643,11.32,3.324,4.281,4.643,11.32,3.324,4.281,4.643,11.32,3.324,4.281,4.643,11.32,3.324,0.003
22298,4.281,4.643,11.32,3.324,4.281,4.643,11.32,3.324,4.281,4.643,11.32,3.324,4.281,4.643,11.32,3.324,0.002
22299,4.281,4.643,11.32,3.324,4.281,4.643,11.32,3.324,4.281,4.643,11.32,3.324,4.281,4.643,11.32,3.324,0.002
22300,4.281,4.643,11.32,3.324,4.281,4.643,11.32,3.324,4.281,4.643,11.32,3.324,4.281,4.643,11.32,3.324,0.001
22301,4.281,4.643,11.32,3.324,4.281,4.643,11.32,3.324,4.281,4.643,11.32,3.324,4.281,4.643,11.32,3.324,9.664
22302,4.281,4.643,11.32,3.325,4.281,4.643,11.32,3.325,4.281,4.643,11.32,3.325,4.281,4.643,11.32,3.325,0.029
22303,4.281,4.643,11.32,3.325,4.281,4.643,11.32,3.325,4.281,4.643,11.32,3.325,4.281,4.643,11.32,3.325,7.394
22304,4.281,4.643,11.32,3.325,4.281,4.643,11.32,3.325,4.281,4.643,11.32,3.325,4.281,4.643,11.32,3.325,7.06
22305,4.281,4.643,11.32,3.325,4.281,4.643,11.32,3.325,4.281,4.643,11.32,3.325,4.281,4.643,11.32,3.325,5.759
22306,4.281,4.643,11.32,3.325,4.281,4.643,11.32,3.325,4.281,4.643,11.32,3.325,4.281,4.643,11.32,3.325,7.199
22307,4.281,4.643,11.32,3.325,4.281,4.643,11.32,3.325,4.281,4.643,11.32,3.325,4.281,4.643,11.32,3.325,5.835
22308,4.281,4.643,11.32,3.325,4.281,4.643,11.32,3.325,4.281,4.643,11.32,3.325,4.281,4.643,11.32,3.325,21.981
22309,4.281,4.643,11.32,3.326,4.281,4.643,11.32,3.326,4.281,4.643,11.32,3.326,4.281,4.643,11.32,3.326,6.002
22310,4.281,4.643,11.32,3.326,4.281,4.643,11.32,3.326,4.281,4.643,11.32,3.326,4.281,4.643,11.32,3.326,0.028
22311,4.281,4.643,11.32,3.326,4.281,4.643,11.32,3.326,4.281,4.643,11.32,3.326,4.281,4.643,11.32,3.326,0.003
22312,4.281,4.643,11.32,3.326,4.281,4.643,11.32,3.326,4.281,4.643,11.32,3.326,4.281,4.643,11.32,3.326,6.146
22313,4.281,4.643,11.32,3.323,4.281,4.643,11.32,3.323,4.281,4.643,11.32,3.323,4.281,4.643,11.32,3.323,6.834
22314,4.281,4.643,11.32,3.323,4.281,4.643,11.32,3.323,4.281,4.643,11.32,3.323,4.281,4.643,11.32,3.323,14.569
22315,4.28,4.643,11.32,3.323,4.28,4.643,11.32,3.323,4.28,4.643,11.32,3.323,4.28,4.643,11.32,3.323,10.805
22316,4.28,4.643,11.32,3.323,4.28,4.643,11.32,3.323,4.28,4.643,11.32,3.323,4.28,4.643,11.32,3.323,6.225
22317,4.28,4.643,11.32,3.324,4.28,4.643,11.32,3.324,4.28,4.643,11.32,3.324,4.28,4.643,11.32,3.324,0.018
22318,4.28,4.643,11.32,3.324,4.28,4.643,11.32,3.324,4.28,4.643,11.32,3.324,4.28,4.643,11.32,3.324,6.983
22319,4.281,4.643,11.32,3.324,4.281,4.643,11.32,3.324,4.281,4.643,11.32,3.324,4.281,4.643,11.32,3.324,14.115
22320,4.281,4.643,11.32,3.324,4.281,4.643,11.32,3.324,4.281,4.643,11.32,3.324,4.281,4.643,11.32,3.324,0.029
22321,4.281,4.643,11.32,3.326,4.281,4.643,11.32,3.326,4.281,4.643,11.32,3.326,4.281,4.643,11.32,3.326,11.007
22322,4.281,4.643,11.32,3.326,4.281,4.643,11.32,3.326,4.281,4.643,11.32,3.326,4.281,4.643,11.32,3.326,0.031
22323,4.281,4.643,11.32,3.326,4.281,4.643,11.32,3.326,4.281,4.643,11.32,3.326,4.281,4.643,11.32,3.326,6.072
22324,4.281,4.644,11.32,3.326,4.281,4.644,11.32,3.326,4.281,4.644,11.32,3.326,4.281,4.644,11.32,3.326,34.581
22325,4.281,4.644,11.32,3.325,4.281,4.644,11.32,3.325,4.281,4.644,11.32,3.325,4.281,4.644,11.32,3.325,0.03
22326,4.281,4.644,11.32,3.325,4.281,4.644,11.32,3.325,4.281,4.644,11.32,3.325,4.281,4.644,11.32,3.325,0.003
22327,4.281,4.644,11.32,3.325,4.281,4.644,11.32,3.325,4.281,4.644,11.32,3.325,4.281,4.644,11.32,3.325,0.002
22328,4.281,4.644,11.32,3.325,4.281,4.644,11.32,3.325,4.281,4.644,11.32,3.325,4.281,4.644,11.32,3.325,12.488
22329,4.281,4.644,11.32,3.325,4.281,4.644,11.32,3.325,4.281,4.644,11.32,3.325,4.281,4.644,11.32,3.325,0.023
22330,4.281,4.644,11.32,3.324,4.281,4.644,11.32,3.324,4.281,4.644,11.32,3.324,4.281,4.644,11.32,3.324,0.002
22331,4.28,4.644,11.32,3.324,4.28,4.644,11.32,3.324,4.28,4.644,11.32,3.324,4.28,4.644,11.32,3.324,5.876
22332,4.28,4.644,11.32,3.324,4.28,4.644,11.32,3.324,4.28,4.644,11.32,3.324,4.28,4.644,11.32,3.324,12.873
22333,4.28,4.644,11.32,3.324,4.28,4.644,11.32,3.324,4.28,4.644,11.32,3.324,4.28,4.644,11.32,3.324,7.12
22334,4.28,4.644,11.32,3.323,4.28,4.644,11.32,3.323,4.28,4.644,11.32,3.323,4.28,4.644,11.32,3.323,0.029
22335,4.28,4.644,11.32,3.323,4.28,4.644,11.32,3.323,4.28,4.644,11.32,3.323,4.28,4.644,11.32,3.323,4.301
22336,4.28,4.644,11.32,3.323,4.28,4.644,11.32,3.323,4.28,4.644,11.32,3.323,4.28,4.644,11.32,3.323,6.905
22337,4.28,4.644,11.32,3.322,4.28,4.644,11.32,3.322,4.28,4.644,11.32,3.322,4.28,4.644,11.32,3.322,6.137
22338,4.28,4.644,11.32,3.322,4.28,4.644,11.32,3.322,4.28,4.644,11.32,3.322,4.28,4.644,11.32,3.322,8.723
22339,4.28,4.644,11.32,3.322,4.28,4.644,11.32,3.322,4.28,4.644,11.32,3.322,4.28,4.644,11.32,3.322,14.361
22340,4.28,4.643,11.32,3.322,4.28,4.643,11.32,3.322,4.28,4.643,11.32,3.322,4.28,4.643,11.32,3.322,4.781
22341,4.28,4.643,11.32,3.322,4.28,4.643,11.32,3.322,4.28,4.643,11.32,3.322,4.28,4.643,11.32,3.322,0.033
22342,4.28,4.643,11.32,3.322,4.28,4.643,11.32,3.322,4.28,4.643,11.32,3.322,4.28,4.643,11.32,3.322,6.147
22343,4.279,4.643,11.32,3.322,4.279,4.643,11.32,3.322,4.279,4.643,11.32,3.322,4.279,4.643,11.32,3.322,10.017
22344,4.279,4.643,11.32,3.322,4.279,4.643,11.32,3.322,4.279,4.643,11.32,3.322,4.279,4.643,11.32,3.322,4.639
22345,4.279,4.643,11.32,3.323,4.279,4.643,11.32,3.323,4.279,4.643,11.32,3.323,4.279,4.643,11.32,3.323,6.073
22346,4.279,4.643,11.32,3.323,4.279,4.643,11.32,3.323,4.279,4.643,11.32,3.323,4.279,4.643,11.32,3.323,7.243
22347,4.279,4.643,11.32,3.323,4.279,4.643,11.32,3.323,4.279,4.643,11.32,3.323,4.279,4.643,11.32,3.323,7.412
22348,4.279,4.643,11.32,3.323,4.279,4.643,11.32,3.323,4.279,4.643,11.32,3.323,4.279,4.643,11.32,3.323,10.286
22349,4.279,4.643,11.32,3.324,4.279,4.643,11.32,3.324,4.279,4.643,11.32,3.324,4.279,4.643,11.32,3.324,30.41
22350,4.279,4.643,11.32,3.324,4.279,4.643,11.32,3.324,4.279,4.643,11.32,3.324,4.279,4.643,11.32,3.324,0.032
22351,4.278,4.643,11.32,3.324,4.278,4.643,11.32,3.324,4.278,4.643,11.32,3.324,4.278,4.643,11.32,3.324,0.003
22352,4.278,4.644,11.32,3.324,4.278,4.644,11.32,3.324,4.278,4.644,11.32,3.324,4.278,4.644,11.32,3.324,0.002
22353,4.278,4.644,11.32,3.324,4.278,4.644,11.32,3.324,4.278,4.644,11.32,3.324,4.278,4.644,11.32,3.324,11.889
22354,4.278,4.644,11.32,3.324,4.278,4.644,11.32,3.324,4.278,4.644,11.32,3.324,4.278,4.644,11.32,3.324,0.031
22355,4.279,4.644,11.32,3.324,4.279,4.644,11.32,3.324,4.279,4.644,11.32,3.324,4.279,4.644,11.32,3.324,0.003
22356,4.279,4.644,11.32,3.324,4.279,4.644,11.32,3.324,4.279,4.644,11.32,3.324,4.279,4.644,11.32,3.324,5.153
22357,4.279,4.644,11.32,3.324,4.279,4.644,11.32,3.324,4.279,4.644,11.32,3.324,4.279,4.644,11.32,3.324,8.205
22358,4.279,4.644,11.32,3.324,4.279,4.644,11.32,3.324,4.279,4.644,11.32,3.324,4.279,4.644,11.32,3.324,5.595
22359,4.28,4.644,11.32,3.324,4.28,4.644,11.32,3.324,4.28,4.644,11.32,3.324,4.28,4.644,11.32,3.324,7.02
22360,4.28,4.643,11.32,3.324,4.28,4.643,11.32,3.324,4.28,4.643,11.32,3.324,4.28,4.643,11.32,3.324,83.657
22361,4.28,4.643,11.32,3.322,4.28,4.643,11.32,3.322,4.28,4.643,11.32,3.322,4.28,4.643,11.32,3.322,8.446
22362,4.28,4.643,11.32,3.322,4.28,4.643,11.32,3.322,4.28,4.643,11.32,3.322,4.28,4.643,11.32,3.322,0.027
22363,4.279,4.643,11.32,3.322,4.279,4.643,11.32,3.322,4.279,4.643,11.32,3.322,4.279,4.643,11.32,3.322,0.003
22364,4.279,4.643,11.32,3.322,4.279,4.643,11.32,3.322,4.279,4.643,11.32,3.322,4.279,4.643,11.32,3.322,0.002
22365,4.279,4.643,11.32,3.322,4.279,4.643,11.32,3.322,4.279,4.643,11.32,3.322,4.279,4.643,11.32,3.322,0.002
22366,4.279,4.643,11.32,3.322,4.279,4.643,11.32,3.322,4.279,4.643,11.32,3.322,4.279,4.643,11.32,3.322,0.002
22367,4.279,4.643,11.32,3.322,4.279,4.643,11.32,3.322,4.279,4.643,11.32,3.322,4.279,4.643,11.32,3.322,0.001
22368,4.279,4.643,11.32,3.322,4.279,4.643,11.32,3.322,4.279,4.643,11.32,3.322,4.279,4.643,11.32,3.322,0.002
22369,4.279,4.643,11.32,3.322,4.279,4.643,11.32,3.322,4.279,4.643,11.32,3.322,4.279,4.643,11.32,3.322,0.002
22370,4.279,4.643,11.32,3.322,4.279,4.643,11.32,3.322,4.279,4.643,11.32,3.322,4.279,4.643,11.32,3.322,0.002
22371,4.279,4.643,11.32,3.322,4.279,4.643,11.32,3.322,4.279,4.643,11.32,3.322,4.279,4.643,11.32,3.322,0.002
22372,4.279,4.643,11.32,3.322,4.279,4.643,11.32,3.322,4.279,4.643,11.32,3.322,4.279,4.643,11.32,3.322,0.002
22373,4.279,4.643,11.32,3.322,4.279,4.643,11.32,3.322,4.279,4.643,11.32,3.322,4.279,4.643,11.32,3.322,5.641
22374,4.279,4.643,11.32,3.322,4.279,4.643,11.32,3.322,4.279,4.643,11.32,3.322,4.279,4.643,11.32,3.322,0.023
22375,4.279,4.643,11.32,3.322,4.279,4.643,11.32,3.322,4.279,4.643,11.32,3.322,4.279,4.643,11.32,3.322,7.599
22376,4.279,4.643,11.32,3.322,4.279,4.643,11.32,3.322,4.279,4.643,11.32,3.322,4.279,4.643,11.32,3.322,93.664
22377,4.279,4.643,11.32,3.322,4.279,4.643,11.32,3.322,4.279,4.643,11.32,3.322,4.279,4.643,11.32,3.322,2.571
22378,4.279,4.643,11.32,3.322,4.279,4.643,11.32,3.322,4.279,4.643,11.32,3.322,4.279,4.643,11.32,3.322,0.015
22379,4.279,4.643,11.32,3.323,4.279,4.643,11.32,3.323,4.279,4.643,11.32,3.323,4.279,4.643,11.32,3.323,0.004
22380,4.279,4.643,11.32,3.323,4.279,4.643,11.32,3.323,4.279,4.643,11.32,3.323,4.279,4.643,11.32,3.323,0.002
22381,4.279,4.643,11.32,3.323,4.279,4.643,11.32,3.323,4.279,4.643,11.32,3.323,4.279,4.643,11.32,3.323,0.002
22382,4.279,4.643,11.32,3.323,4.279,4.643,11.32,3.323,4.279,4.643,11.32,3.323,4.279,4.643,11.32,3.323,0.002
22383,4.279,4.643,11.32,3.323,4.279,4.643,11.32,3.323,4.279,4.643,11.32,3.323,4.279,4.643,11.32,3.323,0.002
22384,4.279,4.643,11.32,3.324,4.279,4.643,11.32,3.324,4.279,4.643,11.32,3.324,4.279,4.643,11.32,3.324,0.002
22385,4.28,4.643,11.32,3.324,4.28,4.643,11.32,3.324,4.28,4.643,11.32,3.324,4.28,4.643,11.32,3.324,0.002
22386,4.28,4.643,11.32,3.324,4.28,4.643,11.32,3.324,4.28,4.643,11.32,3.324,4.28,4.643,11.32,3.324,0.002
22387,4.28,4.643,11.32,3.324,4.28,4.643,11.32,3.324,4.28,4.643,11.32,3.324,4.28,4.643,11.32,3.324,0.002
22388,4.28,4.643,11.32,3.324,4.28,4.643,11.32,3.324,4.28,4.643,11.32,3.324,4.28,4.643,11.32,3.324,0.002
22389,4.28,4.643,11.32,3.324,4.28,4.643,11.32,3.324,4.28,4.643,11.32,3.324,4.28,4.643,11.32,3.324,57.131
22390,4.279,4.643,11.32,3.324,4.279,4.643,11.32,3.324,4.279,4.643,11.32,3.324,4.279,4.643,11.32,3.324,0.029
22391,4.279,4.643,11.32,3.324,4.279,4.643,11.32,3.324,4.279,4.643,11.32,3.324,4.279,4.643,11.32,3.324,0.003
22392,4.279,4.643,11.32,3.324,4.279,4.643,11.32,3.324,4.279,4.643,11.32,3.324,4.279,4.643,11.32,3.324,0.002
22393,4.279,4.643,11.32,3.325,4.279,4.643,11.32,3.325,4.279,4.643,11.32,3.325,4.279,4.643,11.32,3.325,0.002
22394,4.278,4.643,11.32,3.325,4.278,4.643,11.32,3.325,4.278,4.643,11.32,3.325,4.278,4.643,11.32,3.325,16.432
22395,4.278,4.642,11.32,3.325,4.278,4.642,11.32,3.325,4.278,4.642,11.32,3.325,4.278,4.642,11.32,3.325,0.026
22396,4.278,4.642,11.32,3.325,4.278,4.642,11.32,3.325,4.278,4.642,11.32,3.325,4.278,4.642,11.32,3.325,0.003
22397,4.278,4.642,11.32,3.333,4.278,4.642,11.32,3.333,4.278,4.642,11.32,3.333,4.278,4.642,11.32,3.333,0.002
22398,4.278,4.642,11.32,3.333,4.278,4.642,11.32,3.333,4.278,4.642,11.32,3.333,4.278,4.642,11.32,3.333,0.001
22399,4.279,4.642,11.32,3.333,4.279,4.642,11.32,3.333,4.279,4.642,11.32,3.333,4.279,4.642,11.32,3.333,0.001
22400,4.279,4.647,11.32,3.333,4.279,4.647,11.32,3.333,4.279,4.647,11.32,3.333,4.279,4.647,11.32,3.333,0.001
22401,4.279,4.647,11.32,3.342,4.279,4.647,11.32,3.342,4.279,4.647,11.32,3.342,4.279,4.647,11.32,3.342,0.001
22402,4.279,4.647,11.32,3.342,4.279,4.647,11.32,3.342,4.279,4.647,11.32,3.342,4.279,4.647,11.32,3.342,0.001
22403,4.279,4.647,11.32,3.342,4.279,4.647,11.32,3.342,4.279,4.647,11.32,3.342,4.279,4.647,11.32,3.342,6.679
22404,4.279,4.645,11.32,3.342,4.279,4.645,11.32,3.342,4.279,4.645,11.32,3.342,4.279,4.645,11.32,3.342,0.021
22405,4.279,4.645,11.32,3.342,4.279,4.645,11.32,3.342,4.279,4.645,11.32,3.342,4.279,4.645,11.32,3.342,31.305
22406,4.279,4.645,11.32,3.332,4.279,4.645,11.32,3.332,4.279,4.645,11.32,3.332,4.279,4.645,11.32,3.332,11.518
22407,4.277,4.645,11.32,3.332,4.277,4.645,11.32,3.332,4.277,4.645,11.32,3.332,4.277,4.645,11.32,3.332,0.02
22408,4.277,4.644,11.32,3.332,4.277,4.644,11.32,3.332,4.277,4.644,11.32,3.332,4.277,4.644,11.32,3.332,0.003
22409,4.277,4.644,11.32,3.332,4.277,4.644,11.32,3.332,4.277,4.644,11.32,3.332,4.277,4.644,11.32,3.332,0.003
22410,4.277,4.644,11.32,3.321,4.277,4.644,11.32,3.321,4.277,4.644,11.32,3.321,4.277,4.644,11.32,3.321,0.002
22411,4.277,4.644,11.32,3.321,4.277,4.644,11.32,3.321,4.277,4.644,11.32,3.321,4.277,4.644,11.32,3.321,0.002
22412,4.285,4.644,11.32,3.321,4.285,4.644,11.32,3.321,4.285,4.644,11.32,3.321,4.285,4.644,11.32,3.321,12.055
22413,4.285,4.643,11.32,3.321,4.285,4.643,11.32,3.321,4.285,4.643,11.32,3.321,4.285,4.643,11.32,3.321,26.048
22414,4.285,4.643,11.32,3.326,4.285,4.643,11.32,3.326,4.285,4.643,11.32,3.326,4.285,4.643,11.32,3.326,0.035
22415,4.285,4.643,11.32,3.326,4.285,4.643,11.32,3.326,4.285,4.643,11.32,3.326,4.285,4.643,11.32,3.326,4.595
22416,4.286,4.643,11.32,3.326,4.286,4.643,11.32,3.326,4.286,4.643,11.32,3.326,4.286,4.643,11.32,3.326,0.022
22417,4.286,4.643,11.32,3.326,4.286,4.643,11.32,3.326,4.286,4.643,11.32,3.326,4.286,4.643,11.32,3.326,0.003
22418,4.286,4.643,11.32,3.326,4.286,4.643,11.32,3.326,4.286,4.643,11.32,3.326,4.286,4.643,11.32,3.326,0.002
22419,4.286,4.643,11.32,3.33,4.286,4.643,11.32,3.33,4.286,4.643,11.32,3.33,4.286,4.643,11.32,3.33,5.83
22420,4.285,4.643,11.32,3.33,4.285,4.643,11.32,3.33,4.285,4.643,11.32,3.33,4.285,4.643,11.32,3.33,6.498
22421,4.285,4.643,11.32,3.33,4.285,4.643,11.32,3.33,4.285,4.643,11.32,3.33,4.285,4.643,11.32,3.33,8.278
22422,4.285,4.643,11.32,3.346,4.285,4.643,11.32,3.346,4.285,4.643,11.32,3.346,4.285,4.643,11.32,3.346,7.395
22423,4.285,4.643,11.32,3.346,4.285,4.643,11.32,3.346,4.285,4.643,11.32,3.346,4.285,4.643,11.32,3.346,8.55
22424,4.285,4.643,11.32,3.346,4.285,4.643,11.32,3.346,4.285,4.643,11.32,3.346,4.285,4.643,11.32,3.346,12.291
22425,4.285,4.644,11.32,3.346,4.285,4.644,11.32,3.346,4.285,4.644,11.32,3.346,4.285,4.644,11.32,3.346,14.1
22426,4.285,4.644,11.32,3.35,4.285,4.644,11.32,3.35,4.285,4.644,11.32,3.35,4.285,4.644,11.32,3.35,0.029
22427,4.285,4.644,11.32,3.35,4.285,4.644,11.32,3.35,4.285,4.644,11.32,3.35,4.285,4.644,11.32,3.35,0.003
22428,4.284,4.644,11.32,3.35,4.284,4.644,11.32,3.35,4.284,4.644,11.32,3.35,4.284,4.644,11.32,3.35,4.305
22429,4.284,4.644,11.32,3.35,4.284,4.644,11.32,3.35,4.284,4.644,11.32,3.35,4.284,4.644,11.32,3.35,10.091
22430,4.284,4.644,11.32,3.339,4.284,4.644,11.32,3.339,4.284,4.644,11.32,3.339,4.284,4.644,11.32,3.339,4.503
22431,4.284,4.644,11.32,3.339,4.284,4.644,11.32,3.339,4.284,4.644,11.32,3.339,4.284,4.644,11.32,3.339,47.515
22432,4.282,4.643,11.32,3.339,4.282,4.643,11.32,3.339,4.282,4.643,11.32,3.339,4.282,4.643,11.32,3.339,10.854
22433,4.282,4.643,11.32,3.339,4.282,4.643,11.32,3.339,4.282,4.643,11.32,3.339,4.282,4.643,11.32,3.339,0.016
22434,4.282,4.643,11.32,3.329,4.282,4.643,11.32,3.329,4.282,4.643,11.32,3.329,4.282,4.643,11.32,3.329,0.003
22435,4.282,4.643,11.32,3.329,4.282,4.643,11.32,3.329,4.282,4.643,11.32,3.329,4.282,4.643,11.32,3.329,0.002
22436,4.28,4.643,11.32,3.329,4.28,4.643,11.32,3.329,4.28,4.643,11.32,3.329,4.28,4.643,11.32,3.329,0.001
22437,4.28,4.643,11.32,3.329,4.28,4.643,11.32,3.329,4.28,4.643,11.32,3.329,4.28,4.643,11.32,3.329,0.002
22438,4.28,4.643,11.32,3.329,4.28,4.643,11.32,3.329,4.28,4.643,11.32,3.329,4.28,4.643,11.32,3.329,0.001
22439,4.28,4.643,11.32,3.325,4.28,4.643,11.32,3.325,4.28,4.643,11.32,3.325,4.28,4.643,11.32,3.325,5.853
22440,4.28,4.643,11.32,3.325,4.28,4.643,11.32,3.325,4.28,4.643,11.32,3.325,4.28,4.643,11.32,3.325,0.021
22441,4.28,4.643,11.32,3.325,4.28,4.643,11.32,3.325,4.28,4.643,11.32,3.325,4.28,4.643,11.32,3.325,6.826
22442,4.28,4.644,11.32,3.325,4.28,4.644,11.32,3.325,4.28,4.644,11.32,3.325,4.28,4.644,11.32,3.325,9.125
22443,4.28,4.644,11.32,3.324,4.28,4.644,11.32,3.324,4.28,4.644,11.32,3.324,4.28,4.644,11.32,3.324,4.944
22444,4.28,4.644,11.32,3.324,4.28,4.644,11.32,3.324,4.28,4.644,11.32,3.324,4.28,4.644,11.32,3.324,5.717
22445,4.279,4.644,11.32,3.324,4.279,4.644,11.32,3.324,4.279,4.644,11.32,3.324,4.279,4.644,11.32,3.324,12.37
22446,4.279,4.644,11.32,3.324,4.279,4.644,11.32,3.324,4.279,4.644,11.32,3.324,4.279,4.644,11.32,3.324,8.366
22447,4.279,4.644,11.32,3.323,4.279,4.644,11.32,3.323,4.279,4.644,11.32,3.323,4.279,4.644,11.32,3.323,0.028
22448,4.278,4.644,11.32,3.323,4.278,4.644,11.32,3.323,4.278,4.644,11.32,3.323,4.278,4.644,11.32,3.323,20.466
22449,4.278,4.643,11.32,3.323,4.278,4.643,11.32,3.323,4.278,4.643,11.32,3.323,4.278,4.643,11.32,3.323,13.488
22450,4.278,4.643,11.32,3.323,4.278,4.643,11.32,3.323,4.278,4.643,11.32,3.323,4.278,4.643,11.32,3.323,0.031
22451,4.278,4.643,11.32,3.321,4.278,4.643,11.32,3.321,4.278,4.643,11.32,3.321,4.278,4.643,11.32,3.321,0.003
22452,4.278,4.643,11.32,3.321,4.278,4.643,11.32,3.321,4.278,4.643,11.32,3.321,4.278,4.643,11.32,3.321,0.002
22453,4.28,4.643,11.32,3.321,4.28,4.643,11.32,3.321,4.28,4.643,11.32,3.321,4.28,4.643,11.32,3.321,8.468
22454,4.28,4.643,11.32,3.321,4.28,4.643,11.32,3.321,4.28,4.643,11.32,3.321,4.28,4.643,11.32,3.321,127.029
22455,4.28,4.643,11.32,3.324,4.28,4.643,11.32,3.324,4.28,4.643,11.32,3.324,4.28,4.643,11.32,3.324,0.051
22456,4.28,4.643,11.32,3.324,4.28,4.643,11.32,3.324,4.28,4.643,11.32,3.324,4.28,4.643,11.32,3.324,0.004
22457,4.286,4.643,11.32,3.324,4.286,4.643,11.32,3.324,4.286,4.643,11.32,3.324,4.286,4.643,11.32,3.324,0.002
22458,4.286,4.643,11.32,3.324,4.286,4.643,11.32,3.324,4.286,4.643,11.32,3.324,4.286,4.643,11.32,3.324,0.002
22459,4.286,4.643,11.32,3.324,4.286,4.643,11.32,3.324,4.286,4.643,11.32,3.324,4.286,4.643,11.32,3.324,0.002
22460,4.286,4.643,11.32,3.327,4.286,4.643,11.32,3.327,4.286,4.643,11.32,3.327,4.286,4.643,11.32,3.327,0.002
22461,4.281,4.643,11.32,3.327,4.281,4.643,11.32,3.327,4.281,4.643,11.32,3.327,4.281,4.643,11.32,3.327,0.002
22462,4.281,4.643,11.32,3.327,4.281,4.643,11.32,3.327,4.281,4.643,11.32,3.327,4.281,4.643,11.32,3.327,0.002
22463,4.281,4.643,11.32,3.327,4.281,4.643,11.32,3.327,4.281,4.643,11.32,3.327,4.281,4.643,11.32,3.327,0.002
22464,4.281,4.643,11.32,3.329,4.281,4.643,11.32,3.329,4.281,4.643,11.32,3.329,4.281,4.643,11.32,3.329,0.002
22465,4.281,4.643,11.32,3.329,4.281,4.643,11.32,3.329,4.281,4.643,11.32,3.329,4.281,4.643,11.32,3.329,0.002
22466,4.28,4.643,11.32,3.329,4.28,4.643,11.32,3.329,4.28,4.643,11.32,3.329,4.28,4.643,11.32,3.329,0.002
22467,4.28,4.643,11.32,3.329,4.28,4.643,11.32,3.329,4.28,4.643,11.32,3.329,4.28,4.643,11.32,3.329,9.612
22468,4.28,4.643,11.32,3.329,4.28,4.643,11.32,3.329,4.28,4.643,11.32,3.329,4.28,4.643,11.32,3.329,0.017
22469,4.28,4.643,11.32,3.331,4.28,4.643,11.32,3.331,4.28,4.643,11.32,3.331,4.28,4.643,11.32,3.331,0.003
22470,4.28,4.643,11.32,3.331,4.28,4.643,11.32,3.331,4.28,4.643,11.32,3.331,4.28,4.643,11.32,3.331,0.002
22471,4.282,4.643,11.32,3.331,4.282,4.643,11.32,3.331,4.282,4.643,11.32,3.331,4.282,4.643,11.32,3.331,0.002
22472,4.282,4.644,11.32,3.331,4.282,4.644,11.32,3.331,4.282,4.644,11.32,3.331,4.282,4.644,11.32,3.331,0.002
22473,4.282,4.644,11.32,3.33,4.282,4.644,11.32,3.33,4.282,4.644,11.32,3.33,4.282,4.644,11.32,3.33,0.002
22474,4.282,4.644,11.32,3.33,4.282,4.644,11.32,3.33,4.282,4.644,11.32,3.33,4.282,4.644,11.32,3.33,0.001
22475,4.281,4.644,11.32,3.33,4.281,4.644,11.32,3.33,4.281,4.644,11.32,3.33,4.281,4.644,11.32,3.33,0.002
22476,4.281,4.643,11.32,3.33,4.281,4.643,11.32,3.33,4.281,4.643,11.32,3.33,4.281,4.643,11.32,3.33,0.001
22485,4.281,4.643,11.32,3.325,4.281,4.643,11.32,3.325,4.281,4.643,11.32,3.325,4.281,4.643,11.32,3.325,13.002
22486,4.281,4.643,11.32,3.327,4.281,4.643,11.32,3.327,4.281,4.643,11.32,3.327,4.281,4.643,11.32,3.327,0.026
22487,4.281,4.643,11.32,3.327,4.281,4.643,11.32,3.327,4.281,4.643,11.32,3.327,4.281,4.643,11.32,3.327,71.168
22488,4.281,4.643,11.32,3.327,4.281,4.643,11.32,3.327,4.281,4.643,11.32,3.327,4.281,4.643,11.32,3.327,11.01
22492,4.283,4.644,11.32,3.327,4.283,4.644,11.32,3.327,4.283,4.644,11.32,3.327,4.283,4.644,11.32,3.327,0.002
22493,4.283,4.644,11.32,3.334,4.283,4.644,11.32,3.334,4.283,4.644,11.32,3.334,4.283,4.644,11.32,3.334,0.001
22494,4.283,4.644,11.32,3.334,4.283,4.644,11.32,3.334,4.283,4.644,11.32,3.334,4.283,4.644,11.32,3.334,0.002
22495,4.285,4.644,11.32,3.334,4.285,4.644,11.32,3.334,4.285,4.644,11.32,3.334,4.285,4.644,11.32,3.334,0.002
22496,4.285,4.644,11.32,3.334,4.285,4.644,11.32,3.334,4.285,4.644,11.32,3.334,4.285,4.644,11.32,3.334,0.001
22497,4.285,4.644,11.32,3.334,4.285,4.644,11.32,3.334,4.285,4.644,11.32,3.334,4.285,4.644,11.32,3.334,0.002
22498,4.285,4.644,11.32,3.336,4.285,4.644,11.32,3.336,4.285,4.644,11.32,3.336,4.285,4.644,11.32,3.336,0.002
22499,4.285,4.644,11.32,3.336,4.285,4.644,11.32,3.336,4.285,4.644,11.32,3.336,4.285,4.644,11.32,3.336,0.001
22500,4.286,4.644,11.32,3.336,4.286,4.644,11.32,3.336,4.286,4.644,11.32,3.336,4.286,4.644,11.32,3.336,7.636
22501,4.286,4.644,11.32,3.336,4.286,4.644,11.32,3.336,4.286,4.644,11.32,3.336,4.286,4.644,11.32,3.336,5.984
22502,4.286,4.644,11.32,3.339,4.286,4.644,11.32,3.339,4.286,4.644,11.32,3.339,4.286,4.644,11.32,3.339,7.004
22503,4.286,4.644,11.32,3.339,4.286,4.644,11.32,3.339,4.286,4.644,11.32,3.339,4.286,4.644,11.32,3.339,6.048
22504,4.287,4.643,11.32,3.339,4.287,4.643,11.32,3.339,4.287,4.643,11.32,3.339,4.287,4.643,11.32,3.339,7.191
22509,4.286,4.644,11.32,3.338,4.286,4.644,11.32,3.338,4.286,4.644,11.32,3.338,4.286,4.644,11.32,3.338,0.031
22510,4.286,4.644,11.32,3.33,4.286,4.644,11.32,3.33,4.286,4.644,11.32,3.33,4.286,4.644,11.32,3.33,8.066
22511,4.286,4.644,11.32,3.33,4.286,4.644,11.32,3.33,4.286,4.644,11.32,3.33,4.286,4.644,11.32,3.33,6.985
22512,4.286,4.643,11.32,3.33,4.286,4.643,11.32,3.33,4.286,4.643,11.32,3.33,4.286,4.643,11.32,3.33,6.358
22513,4.286,4.643,11.32,3.33,4.286,4.643,11.32,3.33,4.286,4.643,11.32,3.33,4.286,4.643,11.32,3.33,6.406
22514,4.286,4.643,11.32,3.322,4.286,4.643,11.32,3.322,4.286,4.643,11.32,3.322,4.286,4.643,11.32,3.322,4.597
22515,4.278,4.643,11.32,3.322,4.278,4.643,11.32,3.322,4.278,4.643,11.32,3.322,4.278,4.643,11.32,3.322,7.155
22516,4.278,4.642,11.32,3.322,4.278,4.642,11.32,3.322,4.278,4.642,11.32,3.322,4.278,4.642,11.32,3.322,10.953
22520,4.272,4.639,11.32,3.316,4.272,4.639,11.32,3.316,4.272,4.639,11.32,3.316,4.272,4.639,11.32,3.316,6.381
22521,4.272,4.639,11.32,3.319,4.272,4.639,11.32,3.319,4.272,4.639,11.32,3.319,4.272,4.639,11.32,3.319,23.95
22522,4.272,4.639,11.32,3.319,4.272,4.639,11.32,3.319,4.272,4.639,11.32,3.319,4.272,4.639,11.32,3.319,10.98
22523,4.276,4.639,11.32,3.319,4.276,4.639,11.32,3.319,4.276,4.639,11.32,3.319,4.276,4.639,11.32,3.319,0.027
22524,4.276,4.641,11.32,3.319,4.276,4.641,11.32,3.319,4.276,4.641,11.32,3.319,4.276,4.641,11.32,3.319,0.003
22525,4.276,4.641,11.32,3.322,4.276,4.641,11.32,3.322,4.276,4.641,11.32,3.322,4.276,4.641,11.32,3.322,16.596
22526,4.276,4.641,11.32,3.322,4.276,4.641,11.32,3.322,4.276,4.641,11.32,3.322,4.276,4.641,11.32,3.322,0.029
22527,4.278,4.641,11.32,3.322,4.278,4.641,11.32,3.322,4.278,4.641,11.32,3.322,4.278,4.641,11.32,3.322,24.852
22528,4.278,4.643,11.32,3.322,4.278,4.643,11.32,3.322,4.278,4.643,11.32,3.322,4.278,4.643,11.32,3.322,0.031
22529,4.278,4.643,11.32,3.322,4.278,4.643,11.32,3.322,4.278,4.643,11.32,3.322,4.278,4.643,11.32,3.322,4.431
22530,4.278,4.643,11.32,3.324,4.278,4.643,11.32,3.324,4.278,4.643,11.32,3.324,4.278,4.643,11.32,3.324,0.021
22531,4.278,4.643,11.32,3.324,4.278,4.643,11.32,3.324,4.278,4.643,11.32,3.324,4.278,4.643,11.32,3.324,0.002
22532,4.278,4.642,11.32,3.324,4.278,4.642,11.32,3.324,4.278,4.642,11.32,3.324,4.278,4.642,11.32,3.324,0.001
22533,4.278,4.642,11.32,3.324,4.278,4.642,11.32,3.324,4.278,4.642,11.32,3.324,4.278,4.642,11.32,3.324,7.403
22534,4.278,4.642,11.32,3.328,4.278,4.642,11.32,3.328,4.278,4.642,11.32,3.328,4.278,4.642,11.32,3.328,96.172
22535,4.28,4.642,11.32,3.328,4.28,4.642,11.32,3.328,4.28,4.642,11.32,3.328,4.28,4.642,11.32,3.328,0.031
22536,4.28,4.643,11.32,3.328,4.28,4.643,11.32,3.328,4.28,4.643,11.32,3.328,4.28,4.643,11.32,3.328,0.03
22537,4.28,4.643,11.32,3.328,4.28,4.643,11.32,3.328,4.28,4.643,11.32,3.328,4.28,4.643,11.32,3.328,0.003
22538,4.28,4.643,11.32,3.33,4.28,4.643,11.32,3.33,4.28,4.643,11.32,3.33,4.28,4.643,11.32,3.33,0.002
22539,4.28,4.643,11.32,3.33,4.28,4.643,11.32,3.33,4.28,4.643,11.32,3.33,4.28,4.643,11.32,3.33,0.002
22540,4.281,4.643,11.32,3.33,4.281,4.643,11.32,3.33,4.281,4.643,11.32,3.33,4.281,4.643,11.32,3.33,0.002
22541,4.281,4.644,11.32,3.33,4.281,4.644,11.32,3.33,4.281,4.644,11.32,3.33,4.281,4.644,11.32,3.33,0.002
22542,4.281,4.644,11.32,3.33,4.281,4.644,11.32,3.33,4.281,4.644,11.32,3.33,4.281,4.644,11.32,3.33,0.002
22543,4.281,4.644,11.32,3.332,4.281,4.644,11.32,3.332,4.281,4.644,11.32,3.332,4.281,4.644,11.32,3.332,0.001
22544,4.278,4.644,11.32,3.332,4.278,4.644,11.32,3.332,4.278,4.644,11.32,3.332,4.278,4.644,11.32,3.332,0.002
22545,4.278,4.642,11.32,3.332,4.278,4.642,11.32,3.332,4.278,4.642,11.32,3.332,4.278,4.642,11.32,3.332,0.001
22546,4.278,4.642,11.32,3.332,4.278,4.642,11.32,3.332,4.278,4.642,11.32,3.332,4.278,4.642,11.32,3.332,0.002
22547,4.278,4.642,11.32,3.332,4.278,4.642,11.32,3.332,4.278,4.642,11.32,3.332,4.278,4.642,11.32,3.332,0.002
22548,4.278,4.642,11.32,3.332,4.278,4.642,11.32,3.332,4.278,4.642,11.32,3.332,4.278,4.642,11.32,3.332,5.456
22549,4.278,4.642,11.32,3.332,4.278,4.642,11.32,3.332,4.278,4.642,11.32,3.332,4.278,4.642,11.32,3.332,0.017
22550,4.278,4.644,11.32,3.332,4.278,4.644,11.32,3.332,4.278,4.644,11.32,3.332,4.278,4.644,11.32,3.332,0.005
22551,4.278,4.644,11.32,3.332,4.278,4.644,11.32,3.332,4.278,4.644,11.32,3.332,4.278,4.644,11.32,3.332,5.982
22552,4.278,4.644,11.32,3.342,4.278,4.644,11.32,3.342,4.278,4.644,11.32,3.342,4.278,4.644,11.32,3.342,53.152
22553,4.278,4.644,11.32,3.342,4.278,4.644,11.32,3.342,4.278,4.644,11.32,3.342,4.278,4.644,11.32,3.342,4.916
22554,4.278,4.646,11.32,3.342,4.278,4.646,11.32,3.342,4.278,4.646,11.32,3.342,4.278,4.646,11.32,3.342,0.015
22555,4.278,4.646,11.32,3.342,4.278,4.646,11.32,3.342,4.278,4.646,11.32,3.342,4.278,4.646,11.32,3.342,0.003
22556,4.278,4.646,11.32,3.328,4.278,4.646,11.32,3.328,4.278,4.646,11.32,3.328,4.278,4.646,11.32,3.328,0.002
22557,4.28,4.646,11.32,3.328,4.28,4.646,11.32,3.328,4.28,4.646,11.32,3.328,4.28,4.646,11.32,3.328,0.002
22558,4.28,4.644,11.32,3.328,4.28,4.644,11.32,3.328,4.28,4.644,11.32,3.328,4.28,4.644,11.32,3.328,0.002
22559,4.28,4.644,11.32,3.328,4.28,4.644,11.32,3.328,4.28,4.644,11.32,3.328,4.28,4.644,11.32,3.328,0.001
22560,4.28,4.644,11.32,3.322,4.28,4.644,11.32,3.322,4.28,4.644,11.32,3.322,4.28,4.644,11.32,3.322,0.001
22561,4.28,4.644,11.32,3.322,4.28,4.644,11.32,3.322,4.28,4.644,11.32,3.322,4.28,4.644,11.32,3.322,0.001
22562,4.283,4.644,11.32,3.322,4.283,4.644,11.32,3.322,4.283,4.644,11.32,3.322,4.283,4.644,11.32,3.322,6.767
22563,4.283,4.643,11.32,3.322,4.283,4.643,11.32,3.322,4.283,4.643,11.32,3.322,4.283,4.643,11.32,3.322,7.402
22564,4.283,4.643,11.32,3.322,4.283,4.643,11.32,3.322,4.283,4.643,11.32,3.322,4.283,4.643,11.32,3.322,6.924
22565,4.283,4.643,11.32,3.322,4.283,4.643,11.32,3.322,4.283,4.643,11.32,3.322,4.283,4.643,11.32,3.322,6.9
22566,4.284,4.642,11.32,3.322,4.284,4.642,11.32,3.322,4.284,4.642,11.32,3.322,4.284,4.642,11.32,3.322,7.162
22567,4.284,4.642,11.32,3.322,4.284,4.642,11.32,3.322,4.284,4.642,11.32,3.322,4.284,4.642,11.32,3.322,7.692
22568,4.284,4.642,11.32,3.324,4.284,4.642,11.32,3.324,4.284,4.642,11.32,3.324,4.284,4.642,11.32,3.324,9.281
22569,4.284,4.642,11.32,3.324,4.284,4.642,11.32,3.324,4.284,4.642,11.32,3.324,4.284,4.642,11.32,3.324,7.243
22570,4.284,4.643,11.32,3.324,4.284,4.643,11.32,3.324,4.284,4.643,11.32,3.324,4.284,4.643,11.32,3.324,5.377
22571,4.284,4.643,11.32,3.324,4.284,4.643,11.32,3.324,4.284,4.643,11.32,3.324,4.284,4.643,11.32,3.324,7.039
22572,4.284,4.643,11.32,3.33,4.284,4.643,11.32,3.33,4.284,4.643,11.32,3.33,4.284,4.643,11.32,3.33,7.954
22573,4.285,4.643,11.32,3.33,4.285,4.643,11.32,3.33,4.285,4.643,11.32,3.33,4.285,4.643,11.32,3.33,16.282
22574,4.285,4.642,11.32,3.33,4.285,4.642,11.32,3.33,4.285,4.642,11.32,3.33,4.285,4.642,11.32,3.33,4.795
22575,4.285,4.642,11.32,3.33,4.285,4.642,11.32,3.33,4.285,4.642,11.32,3.33,4.285,4.642,11.32,3.33,0.024
22576,4.285,4.642,11.32,3.332,4.285,4.642,11.32,3.332,4.285,4.642,11.32,3.332,4.285,4.642,11.32,3.332,10.182
22577,4.29,4.642,11.32,3.332,4.29,4.642,11.32,3.332,4.29,4.642,11.32,3.332,4.29,4.642,11.32,3.332,4.547
22578,4.29,4.644,11.32,3.332,4.29,4.644,11.32,3.332,4.29,4.644,11.32,3.332,4.29,4.644,11.32,3.332,11.837
22579,4.29,4.644,11.32,3.332,4.29,4.644,11.32,3.332,4.29,4.644,11.32,3.332,4.29,4.644,11.32,3.332,4.575
22580,4.29,4.644,11.32,3.332,4.29,4.644,11.32,3.332,4.29,4.644,11.32,3.332,4.29,4.644,11.32,3.332,22.254
22581,4.278,4.644,11.32,3.332,4.278,4.644,11.32,3.332,4.278,4.644,11.32,3.332,4.278,4.644,11.32,3.332,0.039
22582,4.278,4.641,11.32,3.332,4.278,4.641,11.32,3.332,4.278,4.641,11.32,3.332,4.278,4.641,11.32,3.332,7.626
22587,4.278,4.641,11.32,3.324,4.278,4.641,11.32,3.324,4.278,4.641,11.32,3.324,4.278,4.641,11.32,3.324,0.025
22588,4.278,4.641,11.32,3.324,4.278,4.641,11.32,3.324,4.278,4.641,11.32,3.324,4.278,4.641,11.32,3.324,22.568
22589,4.279,4.641,11.32,3.324,4.279,4.641,11.32,3.324,4.279,4.641,11.32,3.324,4.279,4.641,11.32,3.324,4.763
22590,4.279,4.642,11.32,3.324,4.279,4.642,11.32,3.324,4.279,4.642,11.32,3.324,4.279,4.642,11.32,3.324,0.016
22591,4.279,4.642,11.32,3.324,4.279,4.642,11.32,3.324,4.279,4.642,11.32,3.324,4.279,4.642,11.32,3.324,0.003
22592,4.279,4.642,11.32,3.321,4.279,4.642,11.32,3.321,4.279,4.642,11.32,3.321,4.279,4.642,11.32,3.321,6.956
22593,4.278,4.642,11.32,3.321,4.278,4.642,11.32,3.321,4.278,4.642,11.32,3.321,4.278,4.642,11.32,3.321,17.183
22594,4.278,4.642,11.32,3.321,4.278,4.642,11.32,3.321,4.278,4.642,11.32,3.321,4.278,4.642,11.32,3.321,8.118
22595,4.278,4.642,11.32,3.321,4.278,4.642,11.32,3.321,4.278,4.642,11.32,3.321,4.278,4.642,11.32,3.321,0.023
22596,4.278,4.642,11.32,3.319,4.278,4.642,11.32,3.319,4.278,4.642,11.32,3.319,4.278,4.642,11.32,3.319,7.471
22597,4.278,4.642,11.32,3.319,4.278,4.642,11.32,3.319,4.278,4.642,11.32,3.319,4.278,4.642,11.32,3.319,9.157
22598,4.278,4.642,11.32,3.319,4.278,4.642,11.32,3.319,4.278,4.642,11.32,3.319,4.278,4.642,11.32,3.319,4.578
22599,4.278,4.642,11.32,3.32,4.278,4.642,11.32,3.32,4.278,4.642,11.32,3.32,4.278,4.642,11.32,3.32,0.017
22600,4.278,4.642,11.32,3.32,4.278,4.642,11.32,3.32,4.278,4.642,11.32,3.32,4.278,4.642,11.32,3.32,31.858
22601,4.28,4.642,11.32,3.32,4.28,4.642,11.32,3.32,4.28,4.642,11.32,3.32,4.28,4.642,11.32,3.32,5.756
22602,4.28,4.642,11.32,3.32,4.28,4.642,11.32,3.32,4.28,4.642,11.32,3.32,4.28,4.642,11.32,3.32,0.014
22603,4.28,4.642,11.32,3.32,4.28,4.642,11.32,3.32,4.28,4.642,11.32,3.32,4.28,4.642,11.32,3.32,0.003
22604,4.28,4.642,11.32,3.323,4.28,4.642,11.32,3.323,4.28,4.642,11.32,3.323,4.28,4.642,11.32,3.323,0.002
22605,4.281,4.642,11.32,3.323,4.281,4.642,11.32,3.323,4.281,4.642,11.32,3.323,4.281,4.642,11.32,3.323,0.002
22606,4.281,4.643,11.32,3.323,4.281,4.643,11.32,3.323,4.281,4.643,11.32,3.323,4.281,4.643,11.32,3.323,6.663
22611,4.279,4.643,11.32,3.327,4.279,4.643,11.32,3.327,4.279,4.643,11.32,3.327,4.279,4.643,11.32,3.327,11.569
22612,4.279,4.643,11.32,3.331,4.279,4.643,11.32,3.331,4.279,4.643,11.32,3.331,4.279,4.643,11.32,3.331,4.546
22613,4.28,4.643,11.32,3.331,4.28,4.643,11.32,3.331,4.28,4.643,11.32,3.331,4.28,4.643,11.32,3.331,6.66
22614,4.28,4.644,11.32,3.331,4.28,4.644,11.32,3.331,4.28,4.644,11.32,3.331,4.28,4.644,11.32,3.331,9.963
22618,4.28,4.644,11.32,3.333,4.28,4.644,11.32,3.333,4.28,4.644,11.32,3.333,4.28,4.644,11.32,3.333,5.259
22619,4.28,4.644,11.32,3.331,4.28,4.644,11.32,3.331,4.28,4.644,11.32,3.331,4.28,4.644,11.32,3.331,0.018
22620,4.28,4.644,11.32,3.331,4.28,4.644,11.32,3.331,4.28,4.644,11.32,3.331,4.28,4.644,11.32,3.331,9.312
22621,4.284,4.644,11.32,3.331,4.284,4.644,11.32,3.331,4.284,4.644,11.32,3.331,4.284,4.644,11.32,3.331,4.521
22622,4.284,4.645,11.32,3.331,4.284,4.645,11.32,3.331,4.284,4.645,11.32,3.331,4.284,4.645,11.32,3.331,5.698
22623,4.284,4.645,11.32,3.339,4.284,4.645,11.32,3.339,4.284,4.645,11.32,3.339,4.284,4.645,11.32,3.339,7.993
22624,4.284,4.645,11.32,3.339,4.284,4.645,11.32,3.339,4.284,4.645,11.32,3.339,4.284,4.645,11.32,3.339,19.307
22625,4.286,4.645,11.32,3.339,4.286,4.645,11.32,3.339,4.286,4.645,11.32,3.339,4.286,4.645,11.32,3.339,5.62
22626,4.286,4.646,11.32,3.339,4.286,4.646,11.32,3.339,4.286,4.646,11.32,3.339,4.286,4.646,11.32,3.339,0.024
22627,4.286,4.646,11.32,3.336,4.286,4.646,11.32,3.336,4.286,4.646,11.32,3.336,4.286,4.646,11.32,3.336,10.503
22628,4.286,4.646,11.32,3.336,4.286,4.646,11.32,3.336,4.286,4.646,11.32,3.336,4.286,4.646,11.32,3.336,8.53
22629,4.285,4.646,11.32,3.336,4.285,4.646,11.32,3.336,4.285,4.646,11.32,3.336,4.285,4.646,11.32,3.336,0.033
22630,4.285,4.642,11.32,3.336,4.285,4.642,11.32,3.336,4.285,4.642,11.32,3.336,4.285,4.642,11.32,3.336,6.8
22631,4.285,4.642,11.32,3.325,4.285,4.642,11.32,3.325,4.285,4.642,11.32,3.325,4.285,4.642,11.32,3.325,4.86
22632,4.285,4.642,11.32,3.325,4.285,4.642,11.32,3.325,4.285,4.642,11.32,3.325,4.285,4.642,11.32,3.325,9.208
22633,4.283,4.642,11.32,3.325,4.283,4.642,11.32,3.325,4.283,4.642,11.32,3.325,4.283,4.642,11.32,3.325,7.397
22634,4.283,4.642,11.32,3.325,4.283,4.642,11.32,3.325,4.283,4.642,11.32,3.325,4.283,4.642,11.32,3.325,5.915
22635,4.283,4.642,11.32,3.328,4.283,4.642,11.32,3.328,4.283,4.642,11.32,3.328,4.283,4.642,11.32,3.328,6.668
22636,4.281,4.642,11.32,3.328,4.281,4.642,11.32,3.328,4.281,4.642,11.32,3.328,4.281,4.642,11.32,3.328,5.454
22637,4.281,4.641,11.32,3.328,4.281,4.641,11.32,3.328,4.281,4.641,11.32,3.328,4.281,4.641,11.32,3.328,6.308
22638,4.281,4.641,11.32,3.328,4.281,4.641,11.32,3.328,4.281,4.641,11.32,3.328,4.281,4.641,11.32,3.328,8.52
22639,4.281,4.641,11.32,3.331,4.281,4.641,11.32,3.331,4.281,4.641,11.32,3.331,4.281,4.641,11.32,3.331,6.084
22640,4.28,4.641,11.32,3.331,4.28,4.641,11.32,3.331,4.28,4.641,11.32,3.331,4.28,4.641,11.32,3.331,7.227
22641,4.28,4.642,11.32,3.331,4.28,4.642,11.32,3.331,4.28,4.642,11.32,3.331,4.28,4.642,11.32,3.331,25.023
22642,4.28,4.642,11.32,3.331,4.28,4.642,11.32,3.331,4.28,4.642,11.32,3.331,4.28,4.642,11.32,3.331,17.702
22643,4.28,4.642,11.32,3.331,4.28,4.642,11.32,3.331,4.28,4.642,11.32,3.331,4.28,4.642,11.32,3.331,0.03
22644,4.29,4.642,11.32,3.331,4.29,4.642,11.32,3.331,4.29,4.642,11.32,3.331,4.29,4.642,11.32,3.331,0.004
22645,4.29,4.643,11.32,3.331,4.29,4.643,11.32,3.331,4.29,4.643,11.32,3.331,4.29,4.643,11.32,3.331,20.838
22646,4.29,4.643,11.32,3.331,4.29,4.643,11.32,3.331,4.29,4.643,11.32,3.331,4.29,4.643,11.32,3.331,0.028
22647,4.29,4.643,11.32,3.348,4.29,4.643,11.32,3.348,4.29,4.643,11.32,3.348,4.29,4.643,11.32,3.348,0.004
22648,4.29,4.643,11.32,3.348,4.29,4.643,11.32,3.348,4.29,4.643,11.32,3.348,4.29,4.643,11.32,3.348,33.221
22649,4.279,4.642,11.32,3.348,4.279,4.642,11.32,3.348,4.279,4.642,11.32,3.348,4.279,4.642,11.32,3.348,0.034
22655,4.276,4.641,11.32,3.342,4.276,4.641,11.32,3.342,4.276,4.641,11.32,3.342,4.276,4.641,11.32,3.342,0.002
22656,4.276,4.641,11.32,3.324,4.276,4.641,11.32,3.324,4.276,4.641,11.32,3.324,4.276,4.641,11.32,3.324,0.002
22657,4.278,4.641,11.32,3.324,4.278,4.641,11.32,3.324,4.278,4.641,11.32,3.324,4.278,4.641,11.32,3.324,0.002
22658,4.278,4.642,11.32,3.324,4.278,4.642,11.32,3.324,4.278,4.642,11.32,3.324,4.278,4.642,11.32,3.324,0.002
22659,4.278,4.642,11.32,3.324,4.278,4.642,11.32,3.324,4.278,4.642,11.32,3.324,4.278,4.642,11.32,3.324,20.8
22660,4.278,4.642,11.32,3.326,4.278,4.642,11.32,3.326,4.278,4.642,11.32,3.326,4.278,4.642,11.32,3.326,0.03
22661,4.278,4.642,11.32,3.326,4.278,4.642,11.32,3.326,4.278,4.642,11.32,3.326,4.278,4.642,11.32,3.326,0.004
22662,4.279,4.642,11.32,3.326,4.279,4.642,11.32,3.326,4.279,4.642,11.32,3.326,4.279,4.642,11.32,3.326,0.002
22663,4.279,4.643,11.32,3.326,4.279,4.643,11.32,3.326,4.279,4.643,11.32,3.326,4.279,4.643,11.32,3.326,0.002
22669,4.28,4.643,11.32,3.326,4.28,4.643,11.32,3.326,4.28,4.643,11.32,3.326,4.28,4.643,11.32,3.326,0.002
22670,4.28,4.643,11.32,3.326,4.28,4.643,11.32,3.326,4.28,4.643,11.32,3.326,4.28,4.643,11.32,3.326,0.002
22671,4.278,4.643,11.32,3.326,4.278,4.643,11.32,3.326,4.278,4.643,11.32,3.326,4.278,4.643,11.32,3.326,5.806
22672,4.278,4.642,11.32,3.326,4.278,4.642,11.32,3.326,4.278,4.642,11.32,3.326,4.278,4.642,11.32,3.326,0.021
22673,4.278,4.642,11.32,3.326,4.278,4.642,11.32,3.326,4.278,4.642,11.32,3.326,4.278,4.642,11.32,3.326,6.701
22674,4.278,4.642,11.32,3.32,4.278,4.642,11.32,3.32,4.278,4.642,11.32,3.32,4.278,4.642,11.32,3.32,9.733
22675,4.278,4.642,11.32,3.32,4.278,4.642,11.32,3.32,4.278,4.642,11.32,3.32,4.278,4.642,11.32,3.32,8.469
22676,4.278,4.641,11.32,3.32,4.278,4.641,11.32,3.32,4.278,4.641,11.32,3.32,4.278,4.641,11.32,3.32,7.597
22677,4.278,4.641,11.32,3.323,4.278,4.641,11.32,3.323,4.278,4.641,11.32,3.323,4.278,4.641,11.32,3.323,8.433
22678,4.278,4.641,11.32,3.323,4.278,4.641,11.32,3.323,4.278,4.641,11.32,3.323,4.278,4.641,11.32,3.323,8.439
22679,4.279,4.641,11.32,3.323,4.279,4.641,11.32,3.323,4.279,4.641,11.32,3.323,4.279,4.641,11.32,3.323,10.939
22680,4.279,4.642,11.32,3.323,4.279,4.642,11.32,3.323,4.279,4.642,11.32,3.323,4.279,4.642,11.32,3.323,9.814
22681,4.279,4.642,11.32,3.329,4.279,4.642,11.32,3.329,4.279,4.642,11.32,3.329,4.279,4.642,11.32,3.329,0.025
22682,4.279,4.642,11.32,3.329,4.279,4.642,11.32,3.329,4.279,4.642,11.32,3.329,4.279,4.642,11.32,3.329,6.632
22683,4.28,4.643,11.32,3.329,4.28,4.643,11.32,3.329,4.28,4.643,11.32,3.329,4.28,4.643,11.32,3.329,17.679
22684,4.28,4.643,11.32,3.329,4.28,4.643,11.32,3.329,4.28,4.643,11.32,3.329,4.28,4.643,11.32,3.329,0.029
22685,4.28,4.643,11.32,3.329,4.28,4.643,11.32,3.329,4.28,4.643,11.32,3.329,4.28,4.643,11.32,3.329,7.71
22686,4.28,4.643,11.32,3.329,4.28,4.643,11.32,3.329,4.28,4.643,11.32,3.329,4.28,4.643,11.32,3.329,0.053
22687,4.28,4.643,11.32,3.329,4.28,4.643,11.32,3.329,4.28,4.643,11.32,3.329,4.28,4.643,11.32,3.329,12.44
22688,4.28,4.643,11.32,3.329,4.28,4.643,11.32,3.329,4.28,4.643,11.32,3.329,4.28,4.643,11.32,3.329,15.847
22689,4.28,4.643,11.32,3.327,4.28,4.643,11.32,3.327,4.28,4.643,11.32,3.327,4.28,4.643,11.32,3.327,0.032
22690,4.28,4.643,11.32,3.327,4.28,4.643,11.32,3.327,4.28,4.643,11.32,3.327,4.28,4.643,11.32,3.327,12.785
22691,4.28,4.643,11.32,3.327,4.28,4.643,11.32,3.327,4.28,4.643,11.32,3.327,4.28,4.643,11.32,3.327,0.026
22692,4.28,4.643,11.32,3.327,4.28,4.643,11.32,3.327,4.28,4.643,11.32,3.327,4.28,4.643,11.32,3.327,7.482
22693,4.28,4.643,11.32,3.329,4.28,4.643,11.32,3.329,4.28,4.643,11.32,3.329,4.28,4.643,11.32,3.329,0.03
22694,4.28,4.643,11.32,3.329,4.28,4.643,11.32,3.329,4.28,4.643,11.32,3.329,4.28,4.643,11.32,3.329,6.36
22695,4.279,4.642,11.32,3.329,4.279,4.642,11.32,3.329,4.279,4.642,11.32,3.329,4.279,4.642,11.32,3.329,10.25
22696,4.279,4.642,11.32,3.329,4.279,4.642,11.32,3.329,4.279,4.642,11.32,3.329,4.279,4.642,11.32,3.329,10.996
22697,4.279,4.642,11.32,3.33,4.279,4.642,11.32,3.33,4.279,4.642,11.32,3.33,4.279,4.642,11.32,3.33,0.027
22698,4.279,4.642,11.32,3.33,4.279,4.642,11.32,3.33,4.279,4.642,11.32,3.33,4.279,4.642,11.32,3.33,11.389
22699,4.279,4.643,11.32,3.33,4.279,4.643,11.32,3.33,4.279,4.643,11.32,3.33,4.279,4.643,11.32,3.33,45.44
22700,4.279,4.643,11.32,3.33,4.279,4.643,11.32,3.33,4.279,4.643,11.32,3.33,4.279,4.643,11.32,3.33,0.031
22701,4.279,4.643,11.32,3.328,4.279,4.643,11.32,3.328,4.279,4.643,11.32,3.328,4.279,4.643,11.32,3.328,0.004
22702,4.279,4.643,11.32,3.328,4.279,4.643,11.32,3.328,4.279,4.643,11.32,3.328,4.279,4.643,11.32,3.328,0.002
22703,4.276,4.643,11.32,3.328,4.276,4.643,11.32,3.328,4.276,4.643,11.32,3.328,4.276,4.643,11.32,3.328,0.002
22704,4.276,4.644,11.32,3.328,4.276,4.644,11.32,3.328,4.276,4.644,11.32,3.328,4.276,4.644,11.32,3.328,0.002
22705,4.276,4.644,11.32,3.328,4.276,4.644,11.32,3.328,4.276,4.644,11.32,3.328,4.276,4.644,11.32,3.328,0.002
22706,4.276,4.644,11.32,3.324,4.276,4.644,11.32,3.324,4.276,4.644,11.32,3.324,4.276,4.644,11.32,3.324,0.002
22707,4.273,4.644,11.32,3.324,4.273,4.644,11.32,3.324,4.273,4.644,11.32,3.324,4.273,4.644,11.32,3.324,9.584
22708,4.273,4.643,11.32,3.324,4.273,4.643,11.32,3.324,4.273,4.643,11.32,3.324,4.273,4.643,11.32,3.324,0.027
22709,4.273,4.643,11.32,3.324,4.273,4.643,11.32,3.324,4.273,4.643,11.32,3.324,4.273,4.643,11.32,3.324,5.866
22710,4.273,4.643,11.32,3.319,4.273,4.643,11.32,3.319,4.273,4.643,11.32,3.319,4.273,4.643,11.32,3.319,5.642
22711,4.276,4.643,11.32,3.319,4.276,4.643,11.32,3.319,4.276,4.643,11.32,3.319,4.276,4.643,11.32,3.319,5.98
22712,4.276,4.642,11.32,3.319,4.276,4.642,11.32,3.319,4.276,4.642,11.32,3.319,4.276,4.642,11.32,3.319,11.53
22713,4.276,4.642,11.32,3.319,4.276,4.642,11.32,3.319,4.276,4.642,11.32,3.319,4.276,4.642,11.32,3.319,6.799
22714,4.276,4.642,11.32,3.319,4.276,4.642,11.32,3.319,4.276,4.642,11.32,3.319,4.276,4.642,11.32,3.319,5.929
22715,4.279,4.642,11.32,3.319,4.279,4.642,11.32,3.319,4.279,4.642,11.32,3.319,4.279,4.642,11.32,3.319,7.956
22716,4.279,4.644,11.32,3.319,4.279,4.644,11.32,3.319,4.279,4.644,11.32,3.319,4.279,4.644,11.32,3.319,4.625
22721,4.282,4.643,11.32,3.327,4.282,4.643,11.32,3.327,4.282,4.643,11.32,3.327,4.282,4.643,11.32,3.327,4.83
22722,4.282,4.643,11.32,3.324,4.282,4.643,11.32,3.324,4.282,4.643,11.32,3.324,4.282,4.643,11.32,3.324,0.026
22723,4.283,4.643,11.32,3.324,4.283,4.643,11.32,3.324,4.283,4.643,11.32,3.324,4.283,4.643,11.32,3.324,7.015
22724,4.283,4.64,11.32,3.324,4.283,4.64,11.32,3.324,4.283,4.64,11.32,3.324,4.283,4.64,11.32,3.324,5.277
22725,4.283,4.64,11.32,3.319,4.283,4.64,11.32,3.319,4.283,4.64,11.32,3.319,4.283,4.64,11.32,3.319,4.339
22726,4.283,4.64,11.32,3.319,4.283,4.64,11.32,3.319,4.283,4.64,11.32,3.319,4.283,4.64,11.32,3.319,7.629
22727,4.287,4.64,11.32,3.319,4.287,4.64,11.32,3.319,4.287,4.64,11.32,3.319,4.287,4.64,11.32,3.319,7.842
22728,4.287,4.644,11.32,3.319,4.287,4.644,11.32,3.319,4.287,4.644,11.32,3.319,4.287,4.644,11.32,3.319,5.263
22729,4.287,4.644,11.32,3.334,4.287,4.644,11.32,3.334,4.287,4.644,11.32,3.334,4.287,4.644,11.32,3.334,23.868
22730,4.287,4.644,11.32,3.334,4.287,4.644,11.32,3.334,4.287,4.644,11.32,3.334,4.287,4.644,11.32,3.334,0.03
22731,4.281,4.644,11.32,3.334,4.281,4.644,11.32,3.334,4.281,4.644,11.32,3.334,4.281,4.644,11.32,3.334,0.002
22732,4.281,4.642,11.32,3.334,4.281,4.642,11.32,3.334,4.281,4.642,11.32,3.334,4.281,4.642,11.32,3.334,16.298
22733,4.281,4.642,11.32,3.334,4.281,4.642,11.32,3.334,4.281,4.642,11.32,3.334,4.281,4.642,11.32,3.334,0.025
22734,4.281,4.642,11.32,3.341,4.281,4.642,11.32,3.341,4.281,4.642,11.32,3.341,4.281,4.642,11.32,3.341,9.189
22735,4.281,4.642,11.32,3.341,4.281,4.642,11.32,3.341,4.281,4.642,11.32,3.341,4.281,4.642,11.32,3.341,0.026
22736,4.281,4.643,11.32,3.341,4.281,4.643,11.32,3.341,4.281,4.643,11.32,3.341,4.281,4.643,11.32,3.341,8.236
22737,4.281,4.643,11.32,3.341,4.281,4.643,11.32,3.341,4.281,4.643,11.32,3.341,4.281,4.643,11.32,3.341,9.128
22738,4.281,4.643,11.32,3.321,4.281,4.643,11.32,3.321,4.281,4.643,11.32,3.321,4.281,4.643,11.32,3.321,6.151
22739,4.28,4.643,11.32,3.321,4.28,4.643,11.32,3.321,4.28,4.643,11.32,3.321,4.28,4.643,11.32,3.321,7.03
22740,4.28,4.642,11.32,3.321,4.28,4.642,11.32,3.321,4.28,4.642,11.32,3.321,4.28,4.642,11.32,3.321,7.496
22741,4.28,4.642,11.32,3.32,4.28,4.642,11.32,3.32,4.28,4.642,11.32,3.32,4.28,4.642,11.32,3.32,6.455
22742,4.28,4.642,11.32,3.32,4.28,4.642,11.32,3.32,4.28,4.642,11.32,3.32,4.28,4.642,11.32,3.32,6.111
22743,4.28,4.642,11.32,3.32,4.28,4.642,11.32,3.32,4.28,4.642,11.32,3.32,4.28,4.642,11.32,3.32,10.823
22744,4.28,4.643,11.32,3.32,4.28,4.643,11.32,3.32,4.28,4.643,11.32,3.32,4.28,4.643,11.32,3.32,7.019
22745,4.28,4.643,11.32,3.328,4.28,4.643,11.32,3.328,4.28,4.643,11.32,3.328,4.28,4.643,11.32,3.328,5.839
22746,4.28,4.643,11.32,3.328,4.28,4.643,11.32,3.328,4.28,4.643,11.32,3.328,4.28,4.643,11.32,3.328,12.383
22747,4.28,4.643,11.32,3.328,4.28,4.643,11.32,3.328,4.28,4.643,11.32,3.328,4.28,4.643,11.32,3.328,8.285
22748,4.28,4.643,11.32,3.328,4.28,4.643,11.32,3.328,4.28,4.643,11.32,3.328,4.28,4.643,11.32,3.328,0.024
22749,4.28,4.643,11.32,3.326,4.28,4.643,11.32,3.326,4.28,4.643,11.32,3.326,4.28,4.643,11.32,3.326,6.749
22750,4.28,4.643,11.32,3.326,4.28,4.643,11.32,3.326,4.28,4.643,11.32,3.326,4.28,4.643,11.32,3.326,8.994
22751,4.28,4.643,11.32,3.326,4.28,4.643,11.32,3.326,4.28,4.643,11.32,3.326,4.28,4.643,11.32,3.326,31.098
22752,4.28,4.643,11.32,3.326,4.28,4.643,11.32,3.326,4.28,4.643,11.32,3.326,4.28,4.643,11.32,3.326,6.633
22753,4.28,4.643,11.32,3.322,4.28,4.643,11.32,3.322,4.28,4.643,11.32,3.322,4.28,4.643,11.32,3.322,0.02
22754,4.28,4.643,11.32,3.322,4.28,4.643,11.32,3.322,4.28,4.643,11.32,3.322,4.28,4.643,11.32,3.322,0.003
22755,4.28,4.643,11.32,3.322,4.28,4.643,11.32,3.322,4.28,4.643,11.32,3.322,4.28,4.643,11.32,3.322,0.002
22756,4.28,4.643,11.32,3.322,4.28,4.643,11.32,3.322,4.28,4.643,11.32,3.322,4.28,4.643,11.32,3.322,0.002
22757,4.28,4.643,11.32,3.324,4.28,4.643,11.32,3.324,4.28,4.643,11.32,3.324,4.28,4.643,11.32,3.324,5.869
22758,4.28,4.643,11.32,3.324,4.28,4.643,11.32,3.324,4.28,4.643,11.32,3.324,4.28,4.643,11.32,3.324,11.79
22759,4.281,4.644,11.32,3.324,4.281,4.644,11.32,3.324,4.281,4.644,11.32,3.324,4.281,4.644,11.32,3.324,0.026
22760,4.281,4.644,11.32,3.324,4.281,4.644,11.32,3.324,4.281,4.644,11.32,3.324,4.281,4.644,11.32,3.324,5.854
22761,4.281,4.644,11.32,3.326,4.281,4.644,11.32,3.326,4.281,4.644,11.32,3.326,4.281,4.644,11.32,3.326,8.288
22762,4.283,4.644,11.32,3.326,4.283,4.644,11.32,3.326,4.283,4.644,11.32,3.326,4.283,4.644,11.32,3.326,6.975
22763,4.283,4.644,11.32,3.326,4.283,4.644,11.32,3.326,4.283,4.644,11.32,3.326,4.283,4.644,11.32,3.326,6.162
22764,4.283,4.644,11.32,3.326,4.283,4.644,11.32,3.326,4.283,4.644,11.32,3.326,4.283,4.644,11.32,3.326,7.269
22765,4.283,4.644,11.32,3.324,4.283,4.644,11.32,3.324,4.283,4.644,11.32,3.324,4.283,4.644,11.32,3.324,6.718
22766,4.281,4.644,11.32,3.324,4.281,4.644,11.32,3.324,4.281,4.644,11.32,3.324,4.281,4.644,11.32,3.324,8.167
22767,4.281,4.643,11.32,3.324,4.281,4.643,11.32,3.324,4.281,4.643,11.32,3.324,4.281,4.643,11.32,3.324,6.159
22768,4.281,4.643,11.32,3.321,4.281,4.643,11.32,3.321,4.281,4.643,11.32,3.321,4.281,4.643,11.32,3.321,14.036
22769,4.281,4.643,11.32,3.321,4.281,4.643,11.32,3.321,4.281,4.643,11.32,3.321,4.281,4.643,11.32,3.321,4.527
22770,4.279,4.643,11.32,3.321,4.279,4.643,11.32,3.321,4.279,4.643,11.32,3.321,4.279,4.643,11.32,3.321,5.43
22771,4.279,4.644,11.32,3.321,4.279,4.644,11.32,3.321,4.279,4.644,11.32,3.321,4.279,4.644,11.32,3.321,6.035
22772,4.279,4.644,11.32,3.323,4.279,4.644,11.32,3.323,4.279,4.644,11.32,3.323,4.279,4.644,11.32,3.323,5.532
22773,4.279,4.644,11.32,3.323,4.279,4.644,11.32,3.323,4.279,4.644,11.32,3.323,4.279,4.644,11.32,3.323,5.549
22774,4.279,4.642,11.32,3.323,4.279,4.642,11.32,3.323,4.279,4.642,11.32,3.323,4.279,4.642,11.32,3.323,8.987
22775,4.279,4.642,11.32,3.323,4.279,4.642,11.32,3.323,4.279,4.642,11.32,3.323,4.279,4.642,11.32,3.323,7.196
22776,4.279,4.642,11.32,3.321,4.279,4.642,11.32,3.321,4.279,4.642,11.32,3.321,4.279,4.642,11.32,3.321,22.001
22777,4.279,4.642,11.32,3.321,4.279,4.642,11.32,3.321,4.279,4.642,11.32,3.321,4.279,4.642,11.32,3.321,21.986
22778,4.279,4.642,11.32,3.321,4.279,4.642,11.32,3.321,4.279,4.642,11.32,3.321,4.279,4.642,11.32,3.321,0.033
22779,4.279,4.642,11.32,3.321,4.279,4.642,11.32,3.321,4.279,4.642,11.32,3.321,4.279,4.642,11.32,3.321,0.003
22780,4.279,4.642,11.32,3.324,4.279,4.642,11.32,3.324,4.279,4.642,11.32,3.324,4.279,4.642,11.32,3.324,10.622
22781,4.279,4.642,11.32,3.324,4.279,4.642,11.32,3.324,4.279,4.642,11.32,3.324,4.279,4.642,11.32,3.324,0.029
22782,4.283,4.642,11.32,3.324,4.283,4.642,11.32,3.324,4.283,4.642,11.32,3.324,4.283,4.642,11.32,3.324,0.003
22783,4.283,4.644,11.32,3.324,4.283,4.644,11.32,3.324,4.283,4.644,11.32,3.324,4.283,4.644,11.32,3.324,5.984
22784,4.283,4.644,11.32,3.33,4.283,4.644,11.32,3.33,4.283,4.644,11.32,3.33,4.283,4.644,11.32,3.33,0.014
22785,4.283,4.644,11.32,3.33,4.283,4.644,11.32,3.33,4.283,4.644,11.32,3.33,4.283,4.644,11.32,3.33,10.639
22786,4.284,4.644,11.32,3.33,4.284,4.644,11.32,3.33,4.284,4.644,11.32,3.33,4.284,4.644,11.32,3.33,7.009
22787,4.284,4.642,11.32,3.33,4.284,4.642,11.32,3.33,4.284,4.642,11.32,3.33,4.284,4.642,11.32,3.33,4.329
22788,4.284,4.642,11.32,3.326,4.284,4.642,11.32,3.326,4.284,4.642,11.32,3.326,4.284,4.642,11.32,3.326,6.463
22789,4.279,4.642,11.32,3.326,4.279,4.642,11.32,3.326,4.279,4.642,11.32,3.326,4.279,4.642,11.32,3.326,8.213
22790,4.279,4.643,11.32,3.326,4.279,4.643,11.32,3.326,4.279,4.643,11.32,3.326,4.279,4.643,11.32,3.326,9.994
22791,4.279,4.643,11.32,3.314,4.279,4.643,11.32,3.314,4.279,4.643,11.32,3.314,4.279,4.643,11.32,3.314,5.379
22792,4.279,4.643,11.32,3.314,4.279,4.643,11.32,3.314,4.279,4.643,11.32,3.314,4.279,4.643,11.32,3.314,4.679
22793,4.277,4.643,11.32,3.314,4.277,4.643,11.32,3.314,4.277,4.643,11.32,3.314,4.277,4.643,11.32,3.314,7.691
22794,4.277,4.643,11.32,3.314,4.277,4.643,11.32,3.314,4.277,4.643,11.32,3.314,4.277,4.643,11.32,3.314,6.237
22795,4.277,4.643,11.32,3.32,4.277,4.643,11.32,3.32,4.277,4.643,11.32,3.32,4.277,4.643,11.32,3.32,9.447
22796,4.277,4.643,11.32,3.32,4.277,4.643,11.32,3.32,4.277,4.643,11.32,3.32,4.277,4.643,11.32,3.32,4.625
22797,4.28,4.643,11.32,3.32,4.28,4.643,11.32,3.32,4.28,4.643,11.32,3.32,4.28,4.643,11.32,3.32,7.928
22798,4.28,4.642,11.32,3.32,4.28,4.642,11.32,3.32,4.28,4.642,11.32,3.32,4.28,4.642,11.32,3.32,6.034
22799,4.28,4.642,11.32,3.322,4.28,4.642,11.32,3.322,4.28,4.642,11.32,3.322,4.28,4.642,11.32,3.322,33.294
22800,4.28,4.642,11.32,3.322,4.28,4.642,11.32,3.322,4.28,4.642,11.32,3.322,4.28,4.642,11.32,3.322,0.032
22801,4.282,4.642,11.32,3.322,4.282,4.642,11.32,3.322,4.282,4.642,11.32,3.322,4.282,4.642,11.32,3.322,0.003
22802,4.282,4.643,11.32,3.322,4.282,4.643,11.32,3.322,4.282,4.643,11.32,3.322,4.282,4.643,11.32,3.322,0.002
22807,4.282,4.642,11.32,3.325,4.282,4.642,11.32,3.325,4.282,4.642,11.32,3.325,4.282,4.642,11.32,3.325,10.183
22808,4.282,4.642,11.32,3.325,4.282,4.642,11.32,3.325,4.282,4.642,11.32,3.325,4.282,4.642,11.32,3.325,4.339
22809,4.282,4.642,11.32,3.325,4.282,4.642,11.32,3.325,4.282,4.642,11.32,3.325,4.282,4.642,11.32,3.325,12.87
22810,4.282,4.643,11.32,3.325,4.282,4.643,11.32,3.325,4.282,4.643,11.32,3.325,4.282,4.643,11.32,3.325,9.146
22811,4.282,4.643,11.32,3.326,4.282,4.643,11.32,3.326,4.282,4.643,11.32,3.326,4.282,4.643,11.32,3.326,8.033
22812,4.282,4.643,11.32,3.326,4.282,4.643,11.32,3.326,4.282,4.643,11.32,3.326,4.282,4.643,11.32,3.326,0.025
22813,4.282,4.643,11.32,3.326,4.282,4.643,11.32,3.326,4.282,4.643,11.32,3.326,4.282,4.643,11.32,3.326,6.303
22814,4.282,4.643,11.32,3.326,4.282,4.643,11.32,3.326,4.282,4.643,11.32,3.326,4.282,4.643,11.32,3.326,7.729
22815,4.282,4.643,11.32,3.327,4.282,4.643,11.32,3.327,4.282,4.643,11.32,3.327,4.282,4.643,11.32,3.327,7.148
22816,4.282,4.643,11.32,3.327,4.282,4.643,11.32,3.327,4.282,4.643,11.32,3.327,4.282,4.643,11.32,3.327,7.138
22817,4.282,4.643,11.32,3.327,4.282,4.643,11.32,3.327,4.282,4.643,11.32,3.327,4.282,4.643,11.32,3.327,9.474
22818,4.282,4.643,11.32,3.327,4.282,4.643,11.32,3.327,4.282,4.643,11.32,3.327,4.282,4.643,11.32,3.327,7.151
22819,4.282,4.643,11.32,3.325,4.282,4.643,11.32,3.325,4.282,4.643,11.32,3.325,4.282,4.643,11.32,3.325,10.546
22820,4.28,4.643,11.32,3.325,4.28,4.643,11.32,3.325,4.28,4.643,11.32,3.325,4.28,4.643,11.32,3.325,6.359
22821,4.28,4.642,11.32,3.325,4.28,4.642,11.32,3.325,4.28,4.642,11.32,3.325,4.28,4.642,11.32,3.325,7.486
22822,4.28,4.642,11.32,3.317,4.28,4.642,11.32,3.317,4.28,4.642,11.32,3.317,4.28,4.642,11.32,3.317,5.807
22823,4.28,4.642,11.32,3.317,4.28,4.642,11.32,3.317,4.28,4.642,11.32,3.317,4.28,4.642,11.32,3.317,10.957
22824,4.279,4.642,11.32,3.317,4.279,4.642,11.32,3.317,4.279,4.642,11.32,3.317,4.279,4.642,11.32,3.317,9.289
22825,4.279,4.643,11.32,3.317,4.279,4.643,11.32,3.317,4.279,4.643,11.32,3.317,4.279,4.643,11.32,3.317,0.031
22826,4.279,4.643,11.32,3.316,4.279,4.643,11.32,3.316,4.279,4.643,11.32,3.316,4.279,4.643,11.32,3.316,10.201
22827,4.279,4.643,11.32,3.316,4.279,4.643,11.32,3.316,4.279,4.643,11.32,3.316,4.279,4.643,11.32,3.316,8.449
22828,4.277,4.643,11.32,3.316,4.277,4.643,11.32,3.316,4.277,4.643,11.32,3.316,4.277,4.643,11.32,3.316,6.747
22829,4.277,4.642,11.32,3.316,4.277,4.642,11.32,3.316,4.277,4.642,11.32,3.316,4.277,4.642,11.32,3.316,5.797
22830,4.277,4.642,11.32,3.318,4.277,4.642,11.32,3.318,4.277,4.642,11.32,3.318,4.277,4.642,11.32,3.318,6.728
22831,4.277,4.642,11.32,3.318,4.277,4.642,11.32,3.318,4.277,4.642,11.32,3.318,4.277,4.642,11.32,3.318,6.821
22832,4.278,4.643,11.32,3.318,4.278,4.643,11.32,3.318,4.278,4.643,11.32,3.318,4.278,4.643,11.32,3.318,8.484
22833,4.278,4.643,11.32,3.318,4.278,4.643,11.32,3.318,4.278,4.643,11.32,3.318,4.278,4.643,11.32,3.318,11.978
22834,4.278,4.643,11.32,3.32,4.278,4.643,11.32,3.32,4.278,4.643,11.32,3.32,4.278,4.643,11.32,3.32,6.826
22835,4.279,4.643,11.32,3.32,4.279,4.643,11.32,3.32,4.279,4.643,11.32,3.32,4.279,4.643,11.32,3.32,0.028
22836,4.279,4.643,11.32,3.32,4.279,4.643,11.32,3.32,4.279,4.643,11.32,3.32,4.279,4.643,11.32,3.32,15.791
22837,4.279,4.643,11.32,3.32,4.279,4.643,11.32,3.32,4.279,4.643,11.32,3.32,4.279,4.643,11.32,3.32,10.947
22838,4.279,4.643,11.32,3.323,4.279,4.643,11.32,3.323,4.279,4.643,11.32,3.323,4.279,4.643,11.32,3.323,0.027
22839,4.281,4.643,11.32,3.323,4.281,4.643,11.32,3.323,4.281,4.643,11.32,3.323,4.281,4.643,11.32,3.323,8.028
22840,4.281,4.643,11.32,3.323,4.281,4.643,11.32,3.323,4.281,4.643,11.32,3.323,4.281,4.643,11.32,3.323,0.025
22841,4.281,4.643,11.32,3.323,4.281,4.643,11.32,3.323,4.281,4.643,11.32,3.323,4.281,4.643,11.32,3.323,7.519
22842,4.281,4.643,11.32,3.326,4.281,4.643,11.32,3.326,4.281,4.643,11.32,3.326,4.281,4.643,11.32,3.326,19.218
22843,4.282,4.643,11.32,3.326,4.282,4.643,11.32,3.326,4.282,4.643,11.32,3.326,4.282,4.643,11.32,3.326,9.347
22844,4.282,4.644,11.32,3.326,4.282,4.644,11.32,3.326,4.282,4.644,11.32,3.326,4.282,4.644,11.32,3.326,0.03
22845,4.282,4.644,11.32,3.326,4.282,4.644,11.32,3.326,4.282,4.644,11.32,3.326,4.282,4.644,11.32,3.326,0.003
22846,4.282,4.644,11.32,3.328,4.282,4.644,11.32,3.328,4.282,4.644,11.32,3.328,4.282,4.644,11.32,3.328,5
22847,4.282,4.644,11.32,3.328,4.282,4.644,11.32,3.328,4.282,4.644,11.32,3.328,4.282,4.644,11.32,3.328,5.373
22848,4.282,4.643,11.32,3.328,4.282,4.643,11.32,3.328,4.282,4.643,11.32,3.328,4.282,4.643,11.32,3.328,5.849
22849,4.282,4.643,11.32,3.328,4.282,4.643,11.32,3.328,4.282,4.643,11.32,3.328,4.282,4.643,11.32,3.328,8.417
22850,4.282,4.643,11.32,3.33,4.282,4.643,11.32,3.33,4.282,4.643,11.32,3.33,4.282,4.643,11.32,3.33,4.888
22851,4.283,4.643,11.32,3.33,4.283,4.643,11.32,3.33,4.283,4.643,11.32,3.33,4.283,4.643,11.32,3.33,5.367
22852,4.283,4.644,11.32,3.33,4.283,4.644,11.32,3.33,4.283,4.644,11.32,3.33,4.283,4.644,11.32,3.33,7.014
22853,4.283,4.644,11.32,3.336,4.283,4.644,11.32,3.336,4.283,4.644,11.32,3.336,4.283,4.644,11.32,3.336,6.884
22854,4.283,4.644,11.32,3.336,4.283,4.644,11.32,3.336,4.283,4.644,11.32,3.336,4.283,4.644,11.32,3.336,7.178
22855,4.285,4.644,11.32,3.336,4.285,4.644,11.32,3.336,4.285,4.644,11.32,3.336,4.285,4.644,11.32,3.336,7.15
22856,4.285,4.645,11.32,3.336,4.285,4.645,11.32,3.336,4.285,4.645,11.32,3.336,4.285,4.645,11.32,3.336,7.341
22857,4.285,4.645,11.32,3.34,4.285,4.645,11.32,3.34,4.285,4.645,11.32,3.34,4.285,4.645,11.32,3.34,7.547
22858,4.285,4.645,11.32,3.34,4.285,4.645,11.32,3.34,4.285,4.645,11.32,3.34,4.285,4.645,11.32,3.34,6.344
22859,4.283,4.646,11.32,3.34,4.283,4.646,11.32,3.34,4.283,4.646,11.32,3.34,4.283,4.646,11.32,3.34,14.111
22860,4.283,4.646,11.32,3.34,4.283,4.646,11.32,3.34,4.283,4.646,11.32,3.34,4.283,4.646,11.32,3.34,4.332
22861,4.283,4.646,11.32,3.347,4.283,4.646,11.32,3.347,4.283,4.646,11.32,3.347,4.283,4.646,11.32,3.347,6.039
22862,4.283,4.646,11.32,3.347,4.283,4.646,11.32,3.347,4.283,4.646,11.32,3.347,4.283,4.646,11.32,3.347,4.359
22863,4.282,4.645,11.32,3.347,4.282,4.645,11.32,3.347,4.282,4.645,11.32,3.347,4.282,4.645,11.32,3.347,7.781
22864,4.282,4.645,11.32,3.347,4.282,4.645,11.32,3.347,4.282,4.645,11.32,3.347,4.282,4.645,11.32,3.347,11.025
22865,4.282,4.645,11.32,3.342,4.282,4.645,11.32,3.342,4.282,4.645,11.32,3.342,4.282,4.645,11.32,3.342,4.551
22866,4.28,4.645,11.32,3.342,4.28,4.645,11.32,3.342,4.28,4.645,11.32,3.342,4.28,4.645,11.32,3.342,6.818
22867,4.28,4.644,11.32,3.342,4.28,4.644,11.32,3.342,4.28,4.644,11.32,3.342,4.28,4.644,11.32,3.342,11.642
22872,4.28,4.643,11.32,3.325,4.28,4.643,11.32,3.325,4.28,4.643,11.32,3.325,4.28,4.643,11.32,3.325,7.005
22873,4.28,4.643,11.32,3.325,4.28,4.643,11.32,3.325,4.28,4.643,11.32,3.325,4.28,4.643,11.32,3.325,7.322
22874,4.28,4.643,11.32,3.325,4.28,4.643,11.32,3.325,4.28,4.643,11.32,3.325,4.28,4.643,11.32,3.325,6.672
22875,4.28,4.643,11.32,3.325,4.28,4.643,11.32,3.325,4.28,4.643,11.32,3.325,4.28,4.643,11.32,3.325,7.219
22876,4.28,4.643,11.32,3.332,4.28,4.643,11.32,3.332,4.28,4.643,11.32,3.332,4.28,4.643,11.32,3.332,7.073
22877,4.28,4.643,11.32,3.332,4.28,4.643,11.32,3.332,4.28,4.643,11.32,3.332,4.28,4.643,11.32,3.332,10.126
22878,4.282,4.643,11.32,3.332,4.282,4.643,11.32,3.332,4.282,4.643,11.32,3.332,4.282,4.643,11.32,3.332,4.463
22879,4.282,4.643,11.32,3.332,4.282,4.643,11.32,3.332,4.282,4.643,11.32,3.332,4.282,4.643,11.32,3.332,7.271
22880,4.282,4.643,11.32,3.326,4.282,4.643,11.32,3.326,4.282,4.643,11.32,3.326,4.282,4.643,11.32,3.326,9.385
22881,4.28,4.643,11.32,3.326,4.28,4.643,11.32,3.326,4.28,4.643,11.32,3.326,4.28,4.643,11.32,3.326,5.141
22882,4.28,4.642,11.32,3.326,4.28,4.642,11.32,3.326,4.28,4.642,11.32,3.326,4.28,4.642,11.32,3.326,16.404
22883,4.28,4.642,11.32,3.326,4.28,4.642,11.32,3.326,4.28,4.642,11.32,3.326,4.28,4.642,11.32,3.326,8.422
22884,4.28,4.642,11.32,3.326,4.28,4.642,11.32,3.326,4.28,4.642,11.32,3.326,4.28,4.642,11.32,3.326,0.035
22885,4.279,4.642,11.32,3.326,4.279,4.642,11.32,3.326,4.279,4.642,11.32,3.326,4.279,4.642,11.32,3.326,7.119
22886,4.279,4.643,11.32,3.326,4.279,4.643,11.32,3.326,4.279,4.643,11.32,3.326,4.279,4.643,11.32,3.326,8.824
22887,4.279,4.643,11.32,3.326,4.279,4.643,11.32,3.326,4.279,4.643,11.32,3.326,4.279,4.643,11.32,3.326,64.729
22888,4.279,4.643,11.32,3.327,4.279,4.643,11.32,3.327,4.279,4.643,11.32,3.327,4.279,4.643,11.32,3.327,25.408
22889,4.279,4.643,11.32,3.327,4.279,4.643,11.32,3.327,4.279,4.643,11.32,3.327,4.279,4.643,11.32,3.327,0.031
22890,4.279,4.644,11.32,3.327,4.279,4.644,11.32,3.327,4.279,4.644,11.32,3.327,4.279,4.644,11.32,3.327,0.003
22896,4.281,4.644,11.32,3.328,4.281,4.644,11.32,3.328,4.281,4.644,11.32,3.328,4.281,4.644,11.32,3.328,0.002
22897,4.281,4.644,11.32,3.33,4.281,4.644,11.32,3.33,4.281,4.644,11.32,3.33,4.281,4.644,11.32,3.33,0.002
22898,4.281,4.644,11.32,3.33,4.281,4.644,11.32,3.33,4.281,4.644,11.32,3.33,4.281,4.644,11.32,3.33,0.002
22899,4.281,4.644,11.32,3.33,4.281,4.644,11.32,3.33,4.281,4.644,11.32,3.33,4.281,4.644,11.32,3.33,5.963
22900,4.281,4.644,11.32,3.33,4.281,4.644,11.32,3.33,4.281,4.644,11.32,3.33,4.281,4.644,11.32,3.33,0.015
22901,4.281,4.644,11.32,3.326,4.281,4.644,11.32,3.326,4.281,4.644,11.32,3.326,4.281,4.644,11.32,3.326,0.003
22902,4.28,4.644,11.32,3.326,4.28,4.644,11.32,3.326,4.28,4.644,11.32,3.326,4.28,4.644,11.32,3.326,0.002
22903,4.28,4.643,11.32,3.326,4.28,4.643,11.32,3.326,4.28,4.643,11.32,3.326,4.28,4.643,11.32,3.326,11.882
22904,4.28,4.643,11.32,3.326,4.28,4.643,11.32,3.326,4.28,4.643,11.32,3.326,4.28,4.643,11.32,3.326,5.85
22905,4.28,4.643,11.32,3.326,4.28,4.643,11.32,3.326,4.28,4.643,11.32,3.326,4.28,4.643,11.32,3.326,6.726
22906,4.28,4.643,11.32,3.326,4.28,4.643,11.32,3.326,4.28,4.643,11.32,3.326,4.28,4.643,11.32,3.326,5.999
22907,4.28,4.643,11.32,3.326,4.28,4.643,11.32,3.326,4.28,4.643,11.32,3.326,4.28,4.643,11.32,3.326,12.748
22908,4.28,4.643,11.32,3.326,4.28,4.643,11.32,3.326,4.28,4.643,11.32,3.326,4.28,4.643,11.32,3.326,4.701
22909,4.28,4.643,11.32,3.326,4.28,4.643,11.32,3.326,4.28,4.643,11.32,3.326,4.28,4.643,11.32,3.326,0.02
22910,4.28,4.643,11.32,3.326,4.28,4.643,11.32,3.326,4.28,4.643,11.32,3.326,4.28,4.643,11.32,3.326,13.38
22911,4.28,4.644,11.32,3.326,4.28,4.644,11.32,3.326,4.28,4.644,11.32,3.326,4.28,4.644,11.32,3.326,9.156
22912,4.28,4.644,11.32,3.326,4.28,4.644,11.32,3.326,4.28,4.644,11.32,3.326,4.28,4.644,11.32,3.326,9.336
22913,4.28,4.644,11.32,3.332,4.28,4.644,11.32,3.332,4.28,4.644,11.32,3.332,4.28,4.644,11.32,3.332,0.028
22914,4.278,4.644,11.32,3.332,4.278,4.644,11.32,3.332,4.278,4.644,11.32,3.332,4.278,4.644,11.32,3.332,10.41
22915,4.278,4.643,11.32,3.332,4.278,4.643,11.32,3.332,4.278,4.643,11.32,3.332,4.278,4.643,11.32,3.332,8.082
22916,4.278,4.643,11.32,3.332,4.278,4.643,11.32,3.332,4.278,4.643,11.32,3.332,4.278,4.643,11.32,3.332,0.028
22917,4.278,4.643,11.32,3.326,4.278,4.643,11.32,3.326,4.278,4.643,11.32,3.326,4.278,4.643,11.32,3.326,5.906
22918,4.28,4.643,11.32,3.326,4.28,4.643,11.32,3.326,4.28,4.643,11.32,3.326,4.28,4.643,11.32,3.326,25.978
22919,4.28,4.643,11.32,3.326,4.28,4.643,11.32,3.326,4.28,4.643,11.32,3.326,4.28,4.643,11.32,3.326,21.421
22920,4.28,4.643,11.32,3.321,4.28,4.643,11.32,3.321,4.28,4.643,11.32,3.321,4.28,4.643,11.32,3.321,0.026
22921,4.28,4.643,11.32,3.321,4.28,4.643,11.32,3.321,4.28,4.643,11.32,3.321,4.28,4.643,11.32,3.321,0.002
22922,4.279,4.643,11.32,3.321,4.279,4.643,11.32,3.321,4.279,4.643,11.32,3.321,4.279,4.643,11.32,3.321,0.002
22923,4.279,4.642,11.32,3.321,4.279,4.642,11.32,3.321,4.279,4.642,11.32,3.321,4.279,4.642,11.32,3.321,10.346
22924,4.279,4.642,11.32,3.321,4.279,4.642,11.32,3.321,4.279,4.642,11.32,3.321,4.279,4.642,11.32,3.321,0.033
22925,4.279,4.642,11.32,3.326,4.279,4.642,11.32,3.326,4.279,4.642,11.32,3.326,4.279,4.642,11.32,3.326,0.003
22926,4.279,4.642,11.32,3.326,4.279,4.642,11.32,3.326,4.279,4.642,11.32,3.326,4.279,4.642,11.32,3.326,0.002
22927,4.282,4.642,11.32,3.326,4.282,4.642,11.32,3.326,4.282,4.642,11.32,3.326,4.282,4.642,11.32,3.326,6.639
22928,4.282,4.642,11.32,3.326,4.282,4.642,11.32,3.326,4.282,4.642,11.32,3.326,4.282,4.642,11.32,3.326,7.003
22929,4.282,4.642,11.32,3.332,4.282,4.642,11.32,3.332,4.282,4.642,11.32,3.332,4.282,4.642,11.32,3.332,11.192
22930,4.28,4.642,11.32,3.332,4.28,4.642,11.32,3.332,4.28,4.642,11.32,3.332,4.28,4.642,11.32,3.332,7.767
22931,4.28,4.642,11.32,3.332,4.28,4.642,11.32,3.332,4.28,4.642,11.32,3.332,4.28,4.642,11.32,3.332,6.276
22932,4.28,4.642,11.32,3.332,4.28,4.642,11.32,3.332,4.28,4.642,11.32,3.332,4.28,4.642,11.32,3.332,6.956
22933,4.28,4.642,11.32,3.337,4.28,4.642,11.32,3.337,4.28,4.642,11.32,3.337,4.28,4.642,11.32,3.337,8.443
22934,4.282,4.642,11.32,3.337,4.282,4.642,11.32,3.337,4.282,4.642,11.32,3.337,4.282,4.642,11.32,3.337,6.166
22935,4.282,4.644,11.32,3.337,4.282,4.644,11.32,3.337,4.282,4.644,11.32,3.337,4.282,4.644,11.32,3.337,6.407
22936,4.282,4.644,11.32,3.333,4.282,4.644,11.32,3.333,4.282,4.644,11.32,3.333,4.282,4.644,11.32,3.333,7.653
22937,4.282,4.644,11.32,3.333,4.282,4.644,11.32,3.333,4.282,4.644,11.32,3.333,4.282,4.644,11.32,3.333,8.184
22938,4.276,4.644,11.32,3.333,4.276,4.644,11.32,3.333,4.276,4.644,11.32,3.333,4.276,4.644,11.32,3.333,7.486
22939,4.276,4.644,11.32,3.333,4.276,4.644,11.32,3.333,4.276,4.644,11.32,3.333,4.276,4.644,11.32,3.333,9.986
22940,4.276,4.644,11.32,3.327,4.276,4.644,11.32,3.327,4.276,4.644,11.32,3.327,4.276,4.644,11.32,3.327,10.512
22941,4.28,4.644,11.32,3.327,4.28,4.644,11.32,3.327,4.28,4.644,11.32,3.327,4.28,4.644,11.32,3.327,0.029
22942,4.28,4.644,11.32,3.327,4.28,4.644,11.32,3.327,4.28,4.644,11.32,3.327,4.28,4.644,11.32,3.327,15.019
22943,4.28,4.644,11.32,3.327,4.28,4.644,11.32,3.327,4.28,4.644,11.32,3.327,4.28,4.644,11.32,3.327,8.746
22944,4.28,4.644,11.32,3.323,4.28,4.644,11.32,3.323,4.28,4.644,11.32,3.323,4.28,4.644,11.32,3.323,0.026
22945,4.28,4.644,11.32,3.323,4.28,4.644,11.32,3.323,4.28,4.644,11.32,3.323,4.28,4.644,11.32,3.323,4.53
22946,4.282,4.643,11.32,3.323,4.282,4.643,11.32,3.323,4.282,4.643,11.32,3.323,4.282,4.643,11.32,3.323,0.023
22947,4.282,4.643,11.32,3.323,4.282,4.643,11.32,3.323,4.282,4.643,11.32,3.323,4.282,4.643,11.32,3.323,6.842
22948,4.282,4.643,11.32,3.322,4.282,4.643,11.32,3.322,4.282,4.643,11.32,3.322,4.282,4.643,11.32,3.322,20.441
22949,4.28,4.643,11.32,3.322,4.28,4.643,11.32,3.322,4.28,4.643,11.32,3.322,4.28,4.643,11.32,3.322,4.414
22950,4.28,4.643,11.32,3.322,4.28,4.643,11.32,3.322,4.28,4.643,11.32,3.322,4.28,4.643,11.32,3.322,0.022
22951,4.28,4.643,11.32,3.322,4.28,4.643,11.32,3.322,4.28,4.643,11.32,3.322,4.28,4.643,11.32,3.322,9.191
22952,4.28,4.643,11.32,3.325,4.28,4.643,11.32,3.325,4.28,4.643,11.32,3.325,4.28,4.643,11.32,3.325,4.581
22953,4.28,4.643,11.32,3.325,4.28,4.643,11.32,3.325,4.28,4.643,11.32,3.325,4.28,4.643,11.32,3.325,7.232
22954,4.283,4.644,11.32,3.325,4.283,4.644,11.32,3.325,4.283,4.644,11.32,3.325,4.283,4.644,11.32,3.325,6.449
22955,4.283,4.644,11.32,3.325,4.283,4.644,11.32,3.325,4.283,4.644,11.32,3.325,4.283,4.644,11.32,3.325,7.438
22956,4.283,4.644,11.32,3.328,4.283,4.644,11.32,3.328,4.283,4.644,11.32,3.328,4.283,4.644,11.32,3.328,6.664
22957,4.278,4.644,11.32,3.328,4.278,4.644,11.32,3.328,4.278,4.644,11.32,3.328,4.278,4.644,11.32,3.328,7.356
22958,4.278,4.643,11.32,3.328,4.278,4.643,11.32,3.328,4.278,4.643,11.32,3.328,4.278,4.643,11.32,3.328,5.384
22959,4.278,4.643,11.32,3.328,4.278,4.643,11.32,3.328,4.278,4.643,11.32,3.328,4.278,4.643,11.32,3.328,16.356
22960,4.278,4.643,11.32,3.328,4.278,4.643,11.32,3.328,4.278,4.643,11.32,3.328,4.278,4.643,11.32,3.328,4.616
22961,4.276,4.643,11.32,3.328,4.276,4.643,11.32,3.328,4.276,4.643,11.32,3.328,4.276,4.643,11.32,3.328,0.017
22962,4.276,4.645,11.32,3.328,4.276,4.645,11.32,3.328,4.276,4.645,11.32,3.328,4.276,4.645,11.32,3.328,4.447
22963,4.276,4.645,11.32,3.332,4.276,4.645,11.32,3.332,4.276,4.645,11.32,3.332,4.276,4.645,11.32,3.332,6.302
22964,4.276,4.645,11.32,3.332,4.276,4.645,11.32,3.332,4.276,4.645,11.32,3.332,4.276,4.645,11.32,3.332,6.894
22965,4.286,4.645,11.32,3.332,4.286,4.645,11.32,3.332,4.286,4.645,11.32,3.332,4.286,4.645,11.32,3.332,7.186
22966,4.286,4.645,11.32,3.332,4.286,4.645,11.32,3.332,4.286,4.645,11.32,3.332,4.286,4.645,11.32,3.332,7.423
22967,4.286,4.645,11.32,3.337,4.286,4.645,11.32,3.337,4.286,4.645,11.32,3.337,4.286,4.645,11.32,3.337,6.916
22968,4.286,4.645,11.32,3.337,4.286,4.645,11.32,3.337,4.286,4.645,11.32,3.337,4.286,4.645,11.32,3.337,7.558
22969,4.277,4.645,11.32,3.337,4.277,4.645,11.32,3.337,4.277,4.645,11.32,3.337,4.277,4.645,11.32,3.337,10.464
22970,4.277,4.64,11.32,3.337,4.277,4.64,11.32,3.337,4.277,4.64,11.32,3.337,4.277,4.64,11.32,3.337,6.918
22971,4.277,4.64,11.32,3.318,4.277,4.64,11.32,3.318,4.277,4.64,11.32,3.318,4.277,4.64,11.32,3.318,22.689
22972,4.277,4.64,11.32,3.318,4.277,4.64,11.32,3.318,4.277,4.64,11.32,3.318,4.277,4.64,11.32,3.318,7.172
22973,4.279,4.64,11.32,3.318,4.279,4.64,11.32,3.318,4.279,4.64,11.32,3.318,4.279,4.64,11.32,3.318,0.022
22974,4.279,4.642,11.32,3.318,4.279,4.642,11.32,3.318,4.279,4.642,11.32,3.318,4.279,4.642,11.32,3.318,0.002
22975,4.279,4.642,11.32,3.316,4.279,4.642,11.32,3.316,4.279,4.642,11.32,3.316,4.279,4.642,11.32,3.316,16.612
22976,4.279,4.642,11.32,3.316,4.279,4.642,11.32,3.316,4.279,4.642,11.32,3.316,4.279,4.642,11.32,3.316,7.066
22977,4.279,4.642,11.32,3.316,4.279,4.642,11.32,3.316,4.279,4.642,11.32,3.316,4.279,4.642,11.32,3.316,0.037
22978,4.279,4.642,11.32,3.316,4.279,4.642,11.32,3.316,4.279,4.642,11.32,3.316,4.279,4.642,11.32,3.316,0.007
22979,4.279,4.642,11.32,3.326,4.279,4.642,11.32,3.326,4.279,4.642,11.32,3.326,4.279,4.642,11.32,3.326,6.181
22980,4.279,4.642,11.32,3.326,4.279,4.642,11.32,3.326,4.279,4.642,11.32,3.326,4.279,4.642,11.32,3.326,13.298
22981,4.28,4.642,11.32,3.326,4.28,4.642,11.32,3.326,4.28,4.642,11.32,3.326,4.28,4.642,11.32,3.326,8.985
22982,4.28,4.644,11.32,3.326,4.28,4.644,11.32,3.326,4.28,4.644,11.32,3.326,4.28,4.644,11.32,3.326,0.027
22983,4.28,4.644,11.32,3.328,4.28,4.644,11.32,3.328,4.28,4.644,11.32,3.328,4.28,4.644,11.32,3.328,7.978
22984,4.28,4.644,11.32,3.328,4.28,4.644,11.32,3.328,4.28,4.644,11.32,3.328,4.28,4.644,11.32,3.328,43.73
22985,4.28,4.644,11.32,3.328,4.28,4.644,11.32,3.328,4.28,4.644,11.32,3.328,4.28,4.644,11.32,3.328,0.03
22986,4.28,4.645,11.32,3.328,4.28,4.645,11.32,3.328,4.28,4.645,11.32,3.328,4.28,4.645,11.32,3.328,0.003
22987,4.28,4.645,11.32,3.328,4.28,4.645,11.32,3.328,4.28,4.645,11.32,3.328,4.28,4.645,11.32,3.328,0.002
22988,4.28,4.645,11.32,3.328,4.28,4.645,11.32,3.328,4.28,4.645,11.32,3.328,4.28,4.645,11.32,3.328,0.001
22989,4.28,4.645,11.32,3.328,4.28,4.645,11.32,3.328,4.28,4.645,11.32,3.328,4.28,4.645,11.32,3.328,0.002
22990,4.28,4.645,11.32,3.328,4.28,4.645,11.32,3.328,4.28,4.645,11.32,3.328,4.28,4.645,11.32,3.328,6.303
22991,4.28,4.645,11.32,3.328,4.28,4.645,11.32,3.328,4.28,4.645,11.32,3.328,4.28,4.645,11.32,3.328,0.016
22992,4.28,4.645,11.32,3.327,4.28,4.645,11.32,3.327,4.28,4.645,11.32,3.327,4.28,4.645,11.32,3.327,9.93
22993,4.28,4.645,11.32,3.327,4.28,4.645,11.32,3.327,4.28,4.645,11.32,3.327,4.28,4.645,11.32,3.327,11.161
22994,4.28,4.644,11.32,3.327,4.28,4.644,11.32,3.327,4.28,4.644,11.32,3.327,4.28,4.644,11.32,3.327,0.026
22995,4.28,4.644,11.32,3.327,4.28,4.644,11.32,3.327,4.28,4.644,11.32,3.327,4.28,4.644,11.32,3.327,8.885
22996,4.28,4.644,11.32,3.327,4.28,4.644,11.32,3.327,4.28,4.644,11.32,3.327,4.28,4.644,11.32,3.327,13.538
22997,4.281,4.644,11.32,3.327,4.281,4.644,11.32,3.327,4.281,4.644,11.32,3.327,4.281,4.644,11.32,3.327,0.03
22998,4.281,4.644,11.32,3.327,4.281,4.644,11.32,3.327,4.281,4.644,11.32,3.327,4.281,4.644,11.32,3.327,11.498
22999,4.281,4.644,11.32,3.327,4.281,4.644,11.32,3.327,4.281,4.644,11.32,3.327,4.281,4.644,11.32,3.327,0.033
23000,4.281,4.644,11.32,3.329,4.281,4.644,11.32,3.329,4.281,4.644,11.32,3.329,4.281,4.644,11.32,3.329,12.505
23001,4.281,4.644,11.32,3.329,4.281,4.644,11.32,3.329,4.281,4.644,11.32,3.329,4.281,4.644,11.32,3.329,0.03
23002,4.281,4.644,11.32,3.329,4.281,4.644,11.32,3.329,4.281,4.644,11.32,3.329,4.281,4.644,11.32,3.329,7.996
23003,4.281,4.644,11.32,3.329,4.281,4.644,11.32,3.329,4.281,4.644,11.32,3.329,4.281,4.644,11.32,3.329,6.592
23004,4.281,4.644,11.32,3.328,4.281,4.644,11.32,3.328,4.281,4.644,11.32,3.328,4.281,4.644,11.32,3.328,7.705
23005,4.28,4.644,11.32,3.328,4.28,4.644,11.32,3.328,4.28,4.644,11.32,3.328,4.28,4.644,11.32,3.328,6.15
23006,4.28,4.644,11.32,3.328,4.28,4.644,11.32,3.328,4.28,4.644,11.32,3.328,4.28,4.644,11.32,3.328,6.553
23011,4.279,4.644,11.32,3.324,4.279,4.644,11.32,3.324,4.279,4.644,11.32,3.324,4.279,4.644,11.32,3.324,5.709
23012,4.279,4.644,11.32,3.324,4.279,4.644,11.32,3.324,4.279,4.644,11.32,3.324,4.279,4.644,11.32,3.324,12.418
23013,4.279,4.644,11.32,3.324,4.279,4.644,11.32,3.324,4.279,4.644,11.32,3.324,4.279,4.644,11.32,3.324,10.639
23014,4.279,4.644,11.32,3.324,4.279,4.644,11.32,3.324,4.279,4.644,11.32,3.324,4.279,4.644,11.32,3.324,0.036
23015,4.279,4.644,11.32,3.326,4.279,4.644,11.32,3.326,4.279,4.644,11.32,3.326,4.279,4.644,11.32,3.326,5.85
23016,4.279,4.644,11.32,3.326,4.279,4.644,11.32,3.326,4.279,4.644,11.32,3.326,4.279,4.644,11.32,3.326,10.123
23017,4.28,4.644,11.32,3.326,4.28,4.644,11.32,3.326,4.28,4.644,11.32,3.326,4.28,4.644,11.32,3.326,7.607
23018,4.28,4.644,11.32,3.326,4.28,4.644,11.32,3.326,4.28,4.644,11.32,3.326,4.28,4.644,11.32,3.326,0.024
23019,4.28,4.644,11.32,3.331,4.28,4.644,11.32,3.331,4.28,4.644,11.32,3.331,4.28,4.644,11.32,3.331,5.782
23020,4.28,4.644,11.32,3.331,4.28,4.644,11.32,3.331,4.28,4.644,11.32,3.331,4.28,4.644,11.32,3.331,6.375
23021,4.274,4.642,11.32,3.331,4.274,4.642,11.32,3.331,4.274,4.642,11.32,3.331,4.274,4.642,11.32,3.331,5.737
23022,4.274,4.642,11.32,3.331,4.274,4.642,11.32,3.331,4.274,4.642,11.32,3.331,4.274,4.642,11.32,3.331,7.361
23023,4.274,4.642,11.32,3.317,4.274,4.642,11.32,3.317,4.274,4.642,11.32,3.317,4.274,4.642,11.32,3.317,6.94
23024,4.276,4.642,11.32,3.317,4.276,4.642,11.32,3.317,4.276,4.642,11.32,3.317,4.276,4.642,11.32,3.317,7.787
23025,4.276,4.641,11.32,3.317,4.276,4.641,11.32,3.317,4.276,4.641,11.32,3.317,4.276,4.641,11.32,3.317,6.381
23026,4.276,4.641,11.32,3.317,4.276,4.641,11.32,3.317,4.276,4.641,11.32,3.317,4.276,4.641,11.32,3.317,7.061
23027,4.276,4.641,11.32,3.327,4.276,4.641,11.32,3.327,4.276,4.641,11.32,3.327,4.276,4.641,11.32,3.327,11.656
23028,4.277,4.641,11.32,3.327,4.277,4.641,11.32,3.327,4.277,4.641,11.32,3.327,4.277,4.641,11.32,3.327,4.657
23029,4.277,4.642,11.32,3.327,4.277,4.642,11.32,3.327,4.277,4.642,11.32,3.327,4.277,4.642,11.32,3.327,7.348
23034,4.286,4.643,11.32,3.326,4.286,4.643,11.32,3.326,4.286,4.643,11.32,3.326,4.286,4.643,11.32,3.326,7.621
23035,4.286,4.643,11.32,3.326,4.286,4.643,11.32,3.326,4.286,4.643,11.32,3.326,4.286,4.643,11.32,3.326,14.185
23036,4.285,4.643,11.32,3.326,4.285,4.643,11.32,3.326,4.285,4.643,11.32,3.326,4.285,4.643,11.32,3.326,6.343
23037,4.285,4.641,11.32,3.326,4.285,4.641,11.32,3.326,4.285,4.641,11.32,3.326,4.285,4.641,11.32,3.326,0.041
23038,4.285,4.641,11.32,3.328,4.285,4.641,11.32,3.328,4.285,4.641,11.32,3.328,4.285,4.641,11.32,3.328,7.504
23039,4.285,4.641,11.32,3.328,4.285,4.641,11.32,3.328,4.285,4.641,11.32,3.328,4.285,4.641,11.32,3.328,14.5
23040,4.279,4.641,11.32,3.328,4.279,4.641,11.32,3.328,4.279,4.641,11.32,3.328,4.279,4.641,11.32,3.328,0.032
23041,4.279,4.643,11.32,3.328,4.279,4.643,11.32,3.328,4.279,4.643,11.32,3.328,4.279,4.643,11.32,3.328,8.009
23042,4.279,4.643,11.32,3.332,4.279,4.643,11.32,3.332,4.279,4.643,11.32,3.332,4.279,4.643,11.32,3.332,6.872
23043,4.279,4.643,11.32,3.332,4.279,4.643,11.32,3.332,4.279,4.643,11.32,3.332,4.279,4.643,11.32,3.332,0.028
23044,4.278,4.643,11.32,3.332,4.278,4.643,11.32,3.332,4.278,4.643,11.32,3.332,4.278,4.643,11.32,3.332,5.72
23049,4.283,4.645,11.32,3.331,4.283,4.645,11.32,3.331,4.283,4.645,11.32,3.331,4.283,4.645,11.32,3.331,4.486
23050,4.283,4.645,11.32,3.329,4.283,4.645,11.32,3.329,4.283,4.645,11.32,3.329,4.283,4.645,11.32,3.329,5.661
23051,4.281,4.645,11.32,3.329,4.281,4.645,11.32,3.329,4.281,4.645,11.32,3.329,4.281,4.645,11.32,3.329,8.44
23052,4.281,4.643,11.32,3.329,4.281,4.643,11.32,3.329,4.281,4.643,11.32,3.329,4.281,4.643,11.32,3.329,5.872
23053,4.281,4.643,11.32,3.329,4.281,4.643,11.32,3.329,4.281,4.643,11.32,3.329,4.281,4.643,11.32,3.329,25.901
23054,4.281,4.643,11.32,3.329,4.281,4.643,11.32,3.329,4.281,4.643,11.32,3.329,4.281,4.643,11.32,3.329,10.877
23055,4.282,4.643,11.32,3.329,4.282,4.643,11.32,3.329,4.282,4.643,11.32,3.329,4.282,4.643,11.32,3.329,0.029
23056,4.282,4.644,11.32,3.329,4.282,4.644,11.32,3.329,4.282,4.644,11.32,3.329,4.282,4.644,11.32,3.329,0.002
23057,4.282,4.644,11.32,3.329,4.282,4.644,11.32,3.329,4.282,4.644,11.32,3.329,4.282,4.644,11.32,3.329,7.14
23058,4.282,4.644,11.32,3.332,4.282,4.644,11.32,3.332,4.282,4.644,11.32,3.332,4.282,4.644,11.32,3.332,0.026
23059,4.282,4.644,11.32,3.332,4.282,4.644,11.32,3.332,4.282,4.644,11.32,3.332,4.282,4.644,11.32,3.332,6.339
23060,4.284,4.645,11.32,3.332,4.284,4.645,11.32,3.332,4.284,4.645,11.32,3.332,4.284,4.645,11.32,3.332,17.198
23061,4.284,4.645,11.32,3.332,4.284,4.645,11.32,3.332,4.284,4.645,11.32,3.332,4.284,4.645,11.32,3.332,6.739
23062,4.284,4.645,11.32,3.337,4.284,4.645,11.32,3.337,4.284,4.645,11.32,3.337,4.284,4.645,11.32,3.337,0.028
23063,4.284,4.645,11.32,3.337,4.284,4.645,11.32,3.337,4.284,4.645,11.32,3.337,4.284,4.645,11.32,3.337,7.38
23064,4.292,4.645,11.32,3.337,4.292,4.645,11.32,3.337,4.292,4.645,11.32,3.337,4.292,4.645,11.32,3.337,8.197
23069,4.292,4.643,11.32,3.331,4.292,4.643,11.32,3.331,4.292,4.643,11.32,3.331,4.292,4.643,11.32,3.331,0.003
23070,4.292,4.643,11.32,3.326,4.292,4.643,11.32,3.326,4.292,4.643,11.32,3.326,4.292,4.643,11.32,3.326,7.232
23071,4.287,4.643,11.32,3.326,4.287,4.643,11.32,3.326,4.287,4.643,11.32,3.326,4.287,4.643,11.32,3.326,6.828
23072,4.287,4.642,11.32,3.326,4.287,4.642,11.32,3.326,4.287,4.642,11.32,3.326,4.287,4.642,11.32,3.326,5.872
23073,4.287,4.642,11.32,3.326,4.287,4.642,11.32,3.326,4.287,4.642,11.32,3.326,4.287,4.642,11.32,3.326,5.939
23074,4.287,4.642,11.32,3.326,4.287,4.642,11.32,3.326,4.287,4.642,11.32,3.326,4.287,4.642,11.32,3.326,7.145
23075,4.278,4.642,11.32,3.326,4.278,4.642,11.32,3.326,4.278,4.642,11.32,3.326,4.278,4.642,11.32,3.326,26.041
23076,4.278,4.642,11.32,3.326,4.278,4.642,11.32,3.326,4.278,4.642,11.32,3.326,4.278,4.642,11.32,3.326,37.256
23077,4.278,4.642,11.32,3.333,4.278,4.642,11.32,3.333,4.278,4.642,11.32,3.333,4.278,4.642,11.32,3.333,0.029
23078,4.279,4.642,11.32,3.333,4.279,4.642,11.32,3.333,4.279,4.642,11.32,3.333,4.279,4.642,11.32,3.333,0.004
23079,4.279,4.643,11.32,3.333,4.279,4.643,11.32,3.333,4.279,4.643,11.32,3.333,4.279,4.643,11.32,3.333,9.915
23080,4.279,4.643,11.32,3.333,4.279,4.643,11.32,3.333,4.279,4.643,11.32,3.333,4.279,4.643,11.32,3.333,0.023
23081,4.279,4.643,11.32,3.328,4.279,4.643,11.32,3.328,4.279,4.643,11.32,3.328,4.279,4.643,11.32,3.328,0.004
23082,4.283,4.643,11.32,3.328,4.283,4.643,11.32,3.328,4.283,4.643,11.32,3.328,4.283,4.643,11.32,3.328,0.003
23083,4.283,4.644,11.32,3.328,4.283,4.644,11.32,3.328,4.283,4.644,11.32,3.328,4.283,4.644,11.32,3.328,0.002
23084,4.283,4.644,11.32,3.328,4.283,4.644,11.32,3.328,4.283,4.644,11.32,3.328,4.283,4.644,11.32,3.328,0.002
23085,4.283,4.644,11.32,3.332,4.283,4.644,11.32,3.332,4.283,4.644,11.32,3.332,4.283,4.644,11.32,3.332,6.608
23086,4.283,4.644,11.32,3.332,4.283,4.644,11.32,3.332,4.283,4.644,11.32,3.332,4.283,4.644,11.32,3.332,6.493
23087,4.282,4.644,11.32,3.332,4.282,4.644,11.32,3.332,4.282,4.644,11.32,3.332,4.282,4.644,11.32,3.332,6.665
23088,4.282,4.644,11.32,3.332,4.282,4.644,11.32,3.332,4.282,4.644,11.32,3.332,4.282,4.644,11.32,3.332,5.738
23089,4.282,4.644,11.32,3.335,4.282,4.644,11.32,3.335,4.282,4.644,11.32,3.335,4.282,4.644,11.32,3.335,6.197
23090,4.281,4.644,11.32,3.335,4.281,4.644,11.32,3.335,4.281,4.644,11.32,3.335,4.281,4.644,11.32,3.335,22.54
23091,4.281,4.644,11.32,3.335,4.281,4.644,11.32,3.335,4.281,4.644,11.32,3.335,4.281,4.644,11.32,3.335,8.177
23092,4.281,4.644,11.32,3.335,4.281,4.644,11.32,3.335,4.281,4.644,11.32,3.335,4.281,4.644,11.32,3.335,0.024
23093,4.281,4.644,11.32,3.329,4.281,4.644,11.32,3.329,4.281,4.644,11.32,3.329,4.281,4.644,11.32,3.329,0.002
23094,4.281,4.644,11.32,3.329,4.281,4.644,11.32,3.329,4.281,4.644,11.32,3.329,4.281,4.644,11.32,3.329,5.992
23095,4.281,4.644,11.32,3.329,4.281,4.644,11.32,3.329,4.281,4.644,11.32,3.329,4.281,4.644,11.32,3.329,4.699
23100,4.282,4.645,11.32,3.331,4.282,4.645,11.32,3.331,4.282,4.645,11.32,3.331,4.282,4.645,11.32,3.331,4.789
23101,4.282,4.645,11.32,3.331,4.282,4.645,11.32,3.331,4.282,4.645,11.32,3.331,4.282,4.645,11.32,3.331,6.897
23102,4.282,4.645,11.32,3.331,4.282,4.645,11.32,3.331,4.282,4.645,11.32,3.331,4.282,4.645,11.32,3.331,7.165
23103,4.282,4.644,11.32,3.331,4.282,4.644,11.32,3.331,4.282,4.644,11.32,3.331,4.282,4.644,11.32,3.331,7.111
23104,4.282,4.644,11.32,3.325,4.282,4.644,11.32,3.325,4.282,4.644,11.32,3.325,4.282,4.644,11.32,3.325,7.478
23105,4.282,4.644,11.32,3.325,4.282,4.644,11.32,3.325,4.282,4.644,11.32,3.325,4.282,4.644,11.32,3.325,33.819
23106,4.281,4.645,11.32,3.325,4.281,4.645,11.32,3.325,4.281,4.645,11.32,3.325,4.281,4.645,11.32,3.325,18.45
23107,4.281,4.645,11.32,3.325,4.281,4.645,11.32,3.325,4.281,4.645,11.32,3.325,4.281,4.645,11.32,3.325,0.026
23108,4.281,4.645,11.32,3.327,4.281,4.645,11.32,3.327,4.281,4.645,11.32,3.327,4.281,4.645,11.32,3.327,0.003
23109,4.281,4.645,11.32,3.327,4.281,4.645,11.32,3.327,4.281,4.645,11.32,3.327,4.281,4.645,11.32,3.327,0.002
23110,4.28,4.645,11.32,3.327,4.28,4.645,11.32,3.327,4.28,4.645,11.32,3.327,4.28,4.645,11.32,3.327,0.001
23111,4.28,4.645,11.32,3.327,4.28,4.645,11.32,3.327,4.28,4.645,11.32,3.327,4.28,4.645,11.32,3.327,5.211
23112,4.28,4.645,11.32,3.327,4.28,4.645,11.32,3.327,4.28,4.645,11.32,3.327,4.28,4.645,11.32,3.327,0.017
23113,4.28,4.645,11.32,3.327,4.28,4.645,11.32,3.327,4.28,4.645,11.32,3.327,4.28,4.645,11.32,3.327,0.003
23114,4.281,4.645,11.32,3.327,4.281,4.645,11.32,3.327,4.281,4.645,11.32,3.327,4.281,4.645,11.32,3.327,18.365
23115,4.281,4.645,11.32,3.327,4.281,4.645,11.32,3.327,4.281,4.645,11.32,3.327,4.281,4.645,11.32,3.327,10.401
23116,4.281,4.645,11.32,3.327,4.281,4.645,11.32,3.327,4.281,4.645,11.32,3.327,4.281,4.645,11.32,3.327,0.026
23117,4.281,4.645,11.32,3.326,4.281,4.645,11.32,3.326,4.281,4.645,11.32,3.326,4.281,4.645,11.32,3.326,4.696
23118,4.28,4.645,11.32,3.326,4.28,4.645,11.32,3.326,4.28,4.645,11.32,3.326,4.28,4.645,11.32,3.326,0.023
23119,4.28,4.644,11.32,3.326,4.28,4.644,11.32,3.326,4.28,4.644,11.32,3.326,4.28,4.644,11.32,3.326,4.689
23120,4.28,4.644,11.32,3.326,4.28,4.644,11.32,3.326,4.28,4.644,11.32,3.326,4.28,4.644,11.32,3.326,7.385
23121,4.28,4.644,11.32,3.324,4.28,4.644,11.32,3.324,4.28,4.644,11.32,3.324,4.28,4.644,11.32,3.324,6.984
23122,4.279,4.644,11.32,3.324,4.279,4.644,11.32,3.324,4.279,4.644,11.32,3.324,4.279,4.644,11.32,3.324,11.312
23123,4.279,4.644,11.32,3.324,4.279,4.644,11.32,3.324,4.279,4.644,11.32,3.324,4.279,4.644,11.32,3.324,4.463
23124,4.279,4.644,11.32,3.324,4.279,4.644,11.32,3.324,4.279,4.644,11.32,3.324,4.279,4.644,11.32,3.324,6.418
23125,4.279,4.644,11.32,3.324,4.279,4.644,11.32,3.324,4.279,4.644,11.32,3.324,4.279,4.644,11.32,3.324,6.3
23126,4.28,4.644,11.32,3.324,4.28,4.644,11.32,3.324,4.28,4.644,11.32,3.324,4.28,4.644,11.32,3.324,7.083
23127,4.28,4.644,11.32,3.324,4.28,4.644,11.32,3.324,4.28,4.644,11.32,3.324,4.28,4.644,11.32,3.324,11.066
23128,4.28,4.644,11.32,3.327,4.28,4.644,11.32,3.327,4.28,4.644,11.32,3.327,4.28,4.644,11.32,3.327,7.792
23129,4.28,4.644,11.32,3.327,4.28,4.644,11.32,3.327,4.28,4.644,11.32,3.327,4.28,4.644,11.32,3.327,17.516
23130,4.28,4.644,11.32,3.327,4.28,4.644,11.32,3.327,4.28,4.644,11.32,3.327,4.28,4.644,11.32,3.327,5.896
23131,4.28,4.644,11.32,3.327,4.28,4.644,11.32,3.327,4.28,4.644,11.32,3.327,4.28,4.644,11.32,3.327,0.032
23132,4.28,4.644,11.32,3.327,4.28,4.644,11.32,3.327,4.28,4.644,11.32,3.327,4.28,4.644,11.32,3.327,0.003
23133,4.28,4.644,11.32,3.325,4.28,4.644,11.32,3.325,4.28,4.644,11.32,3.325,4.28,4.644,11.32,3.325,6.443
23134,4.28,4.644,11.32,3.325,4.28,4.644,11.32,3.325,4.28,4.644,11.32,3.325,4.28,4.644,11.32,3.325,7.008
23135,4.28,4.643,11.32,3.325,4.28,4.643,11.32,3.325,4.28,4.643,11.32,3.325,4.28,4.643,11.32,3.325,12.34
23139,4.273,4.642,11.32,3.327,4.273,4.642,11.32,3.327,4.273,4.642,11.32,3.327,4.273,4.642,11.32,3.327,8.357
23140,4.273,4.642,11.32,3.323,4.273,4.642,11.32,3.323,4.273,4.642,11.32,3.323,4.273,4.642,11.32,3.323,6.049
23141,4.273,4.642,11.32,3.323,4.273,4.642,11.32,3.323,4.273,4.642,11.32,3.323,4.273,4.642,11.32,3.323,7.593
23142,4.283,4.642,11.32,3.323,4.283,4.642,11.32,3.323,4.283,4.642,11.32,3.323,4.283,4.642,11.32,3.323,6.649
23143,4.283,4.642,11.32,3.323,4.283,4.642,11.32,3.323,4.283,4.642,11.32,3.323,4.283,4.642,11.32,3.323,8.883
23144,4.283,4.642,11.32,3.332,4.283,4.642,11.32,3.332,4.283,4.642,11.32,3.332,4.283,4.642,11.32,3.332,9.692
23145,4.279,4.642,11.32,3.332,4.279,4.642,11.32,3.332,4.279,4.642,11.32,3.332,4.279,4.642,11.32,3.332,7.911
23146,4.279,4.642,11.32,3.332,4.279,4.642,11.32,3.332,4.279,4.642,11.32,3.332,4.279,4.642,11.32,3.332,19.722
23147,4.279,4.642,11.32,3.332,4.279,4.642,11.32,3.332,4.279,4.642,11.32,3.332,4.279,4.642,11.32,3.332,7.876
23148,4.279,4.642,11.32,3.328,4.279,4.642,11.32,3.328,4.279,4.642,11.32,3.328,4.279,4.642,11.32,3.328,0.024
23149,4.286,4.642,11.32,3.328,4.286,4.642,11.32,3.328,4.286,4.642,11.32,3.328,4.286,4.642,11.32,3.328,0.003
23150,4.286,4.644,11.32,3.328,4.286,4.644,11.32,3.328,4.286,4.644,11.32,3.328,4.286,4.644,11.32,3.328,16.143
23159,4.282,4.642,11.32,3.325,4.282,4.642,11.32,3.325,4.282,4.642,11.32,3.325,4.282,4.642,11.32,3.325,8.483
23160,4.282,4.642,11.32,3.326,4.282,4.642,11.32,3.326,4.282,4.642,11.32,3.326,4.282,4.642,11.32,3.326,7.061
23161,4.28,4.642,11.32,3.326,4.28,4.642,11.32,3.326,4.28,4.642,11.32,3.326,4.28,4.642,11.32,3.326,20.351
23162,4.28,4.643,11.32,3.326,4.28,4.643,11.32,3.326,4.28,4.643,11.32,3.326,4.28,4.643,11.32,3.326,14.247
23163,4.28,4.643,11.32,3.326,4.28,4.643,11.32,3.326,4.28,4.643,11.32,3.326,4.28,4.643,11.32,3.326,0.028
23164,4.28,4.643,11.32,3.33,4.28,4.643,11.32,3.33,4.28,4.643,11.32,3.33,4.28,4.643,11.32,3.33,0.003
23165,4.282,4.643,11.32,3.33,4.282,4.643,11.32,3.33,4.282,4.643,11.32,3.33,4.282,4.643,11.32,3.33,20.146
23166,4.282,4.644,11.32,3.33,4.282,4.644,11.32,3.33,4.282,4.644,11.32,3.33,4.282,4.644,11.32,3.33,0.027
23171,4.281,4.643,11.32,3.328,4.281,4.643,11.32,3.328,4.281,4.643,11.32,3.328,4.281,4.643,11.32,3.328,0.025
23172,4.281,4.643,11.32,3.327,4.281,4.643,11.32,3.327,4.281,4.643,11.32,3.327,4.281,4.643,11.32,3.327,0.003
23173,4.281,4.643,11.32,3.327,4.281,4.643,11.32,3.327,4.281,4.643,11.32,3.327,4.281,4.643,11.32,3.327,4.543
23174,4.281,4.643,11.32,3.327,4.281,4.643,11.32,3.327,4.281,4.643,11.32,3.327,4.281,4.643,11.32,3.327,4.798
23175,4.281,4.643,11.32,3.327,4.281,4.643,11.32,3.327,4.281,4.643,11.32,3.327,4.281,4.643,11.32,3.327,8.386
23176,4.281,4.643,11.32,3.327,4.281,4.643,11.32,3.327,4.281,4.643,11.32,3.327,4.281,4.643,11.32,3.327,5.648
23177,4.281,4.643,11.32,3.327,4.281,4.643,11.32,3.327,4.281,4.643,11.32,3.327,4.281,4.643,11.32,3.327,8.483
23178,4.281,4.643,11.32,3.327,4.281,4.643,11.32,3.327,4.281,4.643,11.32,3.327,4.281,4.643,11.32,3.327,5.587
23179,4.281,4.643,11.32,3.327,4.281,4.643,11.32,3.327,4.281,4.643,11.32,3.327,4.281,4.643,11.32,3.327,7.128
23180,4.281,4.643,11.32,3.329,4.281,4.643,11.32,3.329,4.281,4.643,11.32,3.329,4.281,4.643,11.32,3.329,8.497
23181,4.291,4.643,11.32,3.329,4.291,4.643,11.32,3.329,4.291,4.643,11.32,3.329,4.291,4.643,11.32,3.329,13.116
23182,4.291,4.644,11.32,3.329,4.291,4.644,11.32,3.329,4.291,4.644,11.32,3.329,4.291,4.644,11.32,3.329,8.93
23183,4.291,4.644,11.32,3.329,4.291,4.644,11.32,3.329,4.291,4.644,11.32,3.329,4.291,4.644,11.32,3.329,0.028
23184,4.291,4.644,11.32,3.329,4.291,4.644,11.32,3.329,4.291,4.644,11.32,3.329,4.291,4.644,11.32,3.329,11.269
23185,4.28,4.644,11.32,3.329,4.28,4.644,11.32,3.329,4.28,4.644,11.32,3.329,4.28,4.644,11.32,3.329,0.029
23186,4.28,4.643,11.32,3.329,4.28,4.643,11.32,3.329,4.28,4.643,11.32,3.329,4.28,4.643,11.32,3.329,31.576
23187,4.28,4.643,11.32,3.329,4.28,4.643,11.32,3.329,4.28,4.643,11.32,3.329,4.28,4.643,11.32,3.329,0.031
23188,4.28,4.643,11.32,3.333,4.28,4.643,11.32,3.333,4.28,4.643,11.32,3.333,4.28,4.643,11.32,3.333,0.004
23189,4.28,4.643,11.32,3.333,4.28,4.643,11.32,3.333,4.28,4.643,11.32,3.333,4.28,4.643,11.32,3.333,0.002
23190,4.276,4.643,11.32,3.333,4.276,4.643,11.32,3.333,4.276,4.643,11.32,3.333,4.276,4.643,11.32,3.333,0.002
23200,4.285,4.643,11.32,3.339,4.285,4.643,11.32,3.339,4.285,4.643,11.32,3.339,4.285,4.643,11.32,3.339,0.001
23201,4.285,4.643,11.32,3.339,4.285,4.643,11.32,3.339,4.285,4.643,11.32,3.339,4.285,4.643,11.32,3.339,0.001
23202,4.284,4.643,11.32,3.339,4.284,4.643,11.32,3.339,4.284,4.643,11.32,3.339,4.284,4.643,11.32,3.339,6.884
23203,4.284,4.643,11.32,3.339,4.284,4.643,11.32,3.339,4.284,4.643,11.32,3.339,4.284,4.643,11.32,3.339,0.026
23204,4.284,4.643,11.32,3.339,4.284,4.643,11.32,3.339,4.284,4.643,11.32,3.339,4.284,4.643,11.32,3.339,0.003
23205,4.284,4.643,11.32,3.335,4.284,4.643,11.32,3.335,4.284,4.643,11.32,3.335,4.284,4.643,11.32,3.335,0.002
23206,4.284,4.643,11.32,3.335,4.284,4.643,11.32,3.335,4.284,4.643,11.32,3.335,4.284,4.643,11.32,3.335,11.581
23207,4.284,4.643,11.32,3.335,4.284,4.643,11.32,3.335,4.284,4.643,11.32,3.335,4.284,4.643,11.32,3.335,0.034
23208,4.284,4.643,11.32,3.335,4.284,4.643,11.32,3.335,4.284,4.643,11.32,3.335,4.284,4.643,11.32,3.335,6.354
23209,4.284,4.643,11.32,3.334,4.284,4.643,11.32,3.334,4.284,4.643,11.32,3.334,4.284,4.643,11.32,3.334,6.059
23210,4.283,4.643,11.32,3.334,4.283,4.643,11.32,3.334,4.283,4.643,11.32,3.334,4.283,4.643,11.32,3.334,7.219
23211,4.283,4.644,11.32,3.334,4.283,4.644,11.32,3.334,4.283,4.644,11.32,3.334,4.283,4.644,11.32,3.334,7.52
23212,4.283,4.644,11.32,3.334,4.283,4.644,11.32,3.334,4.283,4.644,11.32,3.334,4.283,4.644,11.32,3.334,7.101
23213,4.283,4.644,11.32,3.329,4.283,4.644,11.32,3.329,4.283,4.644,11.32,3.329,4.283,4.644,11.32,3.329,18.358
23214,4.281,4.644,11.32,3.329,4.281,4.644,11.32,3.329,4.281,4.644,11.32,3.329,4.281,4.644,11.32,3.329,10.582
23215,4.281,4.644,11.32,3.329,4.281,4.644,11.32,3.329,4.281,4.644,11.32,3.329,4.281,4.644,11.32,3.329,0.043
23216,4.281,4.644,11.32,3.329,4.281,4.644,11.32,3.329,4.281,4.644,11.32,3.329,4.281,4.644,11.32,3.329,4.963
23217,4.281,4.644,11.32,3.327,4.281,4.644,11.32,3.327,4.281,4.644,11.32,3.327,4.281,4.644,11.32,3.327,0.021
23218,4.282,4.644,11.32,3.327,4.282,4.644,11.32,3.327,4.282,4.644,11.32,3.327,4.282,4.644,11.32,3.327,19.913
23219,4.282,4.644,11.32,3.327,4.282,4.644,11.32,3.327,4.282,4.644,11.32,3.327,4.282,4.644,11.32,3.327,4.398
23220,4.282,4.644,11.32,3.327,4.282,4.644,11.32,3.327,4.282,4.644,11.32,3.327,4.282,4.644,11.32,3.327,0.029
23221,4.282,4.644,11.32,3.328,4.282,4.644,11.32,3.328,4.282,4.644,11.32,3.328,4.282,4.644,11.32,3.328,4.326
23222,4.282,4.644,11.32,3.328,4.282,4.644,11.32,3.328,4.282,4.644,11.32,3.328,4.282,4.644,11.32,3.328,7.492
23223,4.282,4.644,11.32,3.328,4.282,4.644,11.32,3.328,4.282,4.644,11.32,3.328,4.282,4.644,11.32,3.328,13.789
23224,4.282,4.644,11.32,3.328,4.282,4.644,11.32,3.328,4.282,4.644,11.32,3.328,4.282,4.644,11.32,3.328,4.884
23225,4.282,4.644,11.32,3.327,4.282,4.644,11.32,3.327,4.282,4.644,11.32,3.327,4.282,4.644,11.32,3.327,0.027
23226,4.282,4.644,11.32,3.327,4.282,4.644,11.32,3.327,4.282,4.644,11.32,3.327,4.282,4.644,11.32,3.327,6.329
23227,4.282,4.644,11.32,3.327,4.282,4.644,11.32,3.327,4.282,4.644,11.32,3.327,4.282,4.644,11.32,3.327,9.987
23228,4.282,4.644,11.32,3.327,4.282,4.644,11.32,3.327,4.282,4.644,11.32,3.327,4.282,4.644,11.32,3.327,10.056
23229,4.282,4.644,11.32,3.329,4.282,4.644,11.32,3.329,4.282,4.644,11.32,3.329,4.282,4.644,11.32,3.329,5.305
23230,4.282,4.644,11.32,3.329,4.282,4.644,11.32,3.329,4.282,4.644,11.32,3.329,4.282,4.644,11.32,3.329,6.01
23231,4.282,4.644,11.32,3.329,4.282,4.644,11.32,3.329,4.282,4.644,11.32,3.329,4.282,4.644,11.32,3.329,6.691
23232,4.282,4.644,11.32,3.328,4.282,4.644,11.32,3.328,4.282,4.644,11.32,3.328,4.282,4.644,11.32,3.328,5.177
23233,4.282,4.644,11.32,3.328,4.282,4.644,11.32,3.328,4.282,4.644,11.32,3.328,4.282,4.644,11.32,3.328,7.02
23234,4.282,4.644,11.32,3.328,4.282,4.644,11.32,3.328,4.282,4.644,11.32,3.328,4.282,4.644,11.32,3.328,9.368
23235,4.282,4.644,11.32,3.328,4.282,4.644,11.32,3.328,4.282,4.644,11.32,3.328,4.282,4.644,11.32,3.328,4.997
23236,4.282,4.644,11.32,3.327,4.282,4.644,11.32,3.327,4.282,4.644,11.32,3.327,4.282,4.644,11.32,3.327,7.206
23237,4.282,4.644,11.32,3.327,4.282,4.644,11.32,3.327,4.282,4.644,11.32,3.327,4.282,4.644,11.32,3.327,7.619
23238,4.281,4.644,11.32,3.327,4.281,4.644,11.32,3.327,4.281,4.644,11.32,3.327,4.281,4.644,11.32,3.327,15.825
23239,4.281,4.644,11.32,3.327,4.281,4.644,11.32,3.327,4.281,4.644,11.32,3.327,4.281,4.644,11.32,3.327,18.737
23240,4.281,4.644,11.32,3.327,4.281,4.644,11.32,3.327,4.281,4.644,11.32,3.327,4.281,4.644,11.32,3.327,0.031
23241,4.281,4.644,11.32,3.327,4.281,4.644,11.32,3.327,4.281,4.644,11.32,3.327,4.281,4.644,11.32,3.327,7.858
23242,4.281,4.644,11.32,3.327,4.281,4.644,11.32,3.327,4.281,4.644,11.32,3.327,4.281,4.644,11.32,3.327,0.032
23247,4.281,4.644,11.32,3.326,4.281,4.644,11.32,3.326,4.281,4.644,11.32,3.326,4.281,4.644,11.32,3.326,5.935
23248,4.281,4.644,11.32,3.327,4.281,4.644,11.32,3.327,4.281,4.644,11.32,3.327,4.281,4.644,11.32,3.327,15.839
23249,4.283,4.644,11.32,3.327,4.283,4.644,11.32,3.327,4.283,4.644,11.32,3.327,4.283,4.644,11.32,3.327,11.895
23250,4.283,4.643,11.32,3.327,4.283,4.643,11.32,3.327,4.283,4.643,11.32,3.327,4.283,4.643,11.32,3.327,0.028
23251,4.283,4.643,11.32,3.327,4.283,4.643,11.32,3.327,4.283,4.643,11.32,3.327,4.283,4.643,11.32,3.327,17.77
23252,4.283,4.643,11.32,3.333,4.283,4.643,11.32,3.333,4.283,4.643,11.32,3.333,4.283,4.643,11.32,3.333,0.025
23253,4.285,4.643,11.32,3.333,4.285,4.643,11.32,3.333,4.285,4.643,11.32,3.333,4.285,4.643,11.32,3.333,20.779
23254,4.285,4.644,11.32,3.333,4.285,4.644,11.32,3.333,4.285,4.644,11.32,3.333,4.285,4.644,11.32,3.333,0.029
23255,4.285,4.644,11.32,3.333,4.285,4.644,11.32,3.333,4.285,4.644,11.32,3.333,4.285,4.644,11.32,3.333,0.003
23256,4.285,4.644,11.32,3.349,4.285,4.644,11.32,3.349,4.285,4.644,11.32,3.349,4.285,4.644,11.32,3.349,8.447
23257,4.285,4.644,11.32,3.349,4.285,4.644,11.32,3.349,4.285,4.644,11.32,3.349,4.285,4.644,11.32,3.349,0.029
23258,4.281,4.644,11.32,3.349,4.281,4.644,11.32,3.349,4.281,4.644,11.32,3.349,4.281,4.644,11.32,3.349,0.003
23259,4.281,4.644,11.32,3.349,4.281,4.644,11.32,3.349,4.281,4.644,11.32,3.349,4.281,4.644,11.32,3.349,40.557
23260,4.281,4.644,11.32,3.324,4.281,4.644,11.32,3.324,4.281,4.644,11.32,3.324,4.281,4.644,11.32,3.324,0.03
23261,4.281,4.644,11.32,3.324,4.281,4.644,11.32,3.324,4.281,4.644,11.32,3.324,4.281,4.644,11.32,3.324,40.212
23262,4.278,4.644,11.32,3.324,4.278,4.644,11.32,3.324,4.278,4.644,11.32,3.324,4.278,4.644,11.32,3.324,0.032
23263,4.278,4.644,11.32,3.324,4.278,4.644,11.32,3.324,4.278,4.644,11.32,3.324,4.278,4.644,11.32,3.324,0.003
23264,4.278,4.644,11.32,3.324,4.278,4.644,11.32,3.324,4.278,4.644,11.32,3.324,4.278,4.644,11.32,3.324,0.002
23265,4.278,4.644,11.32,3.312,4.278,4.644,11.32,3.312,4.278,4.644,11.32,3.312,4.278,4.644,11.32,3.312,0.002
23266,4.277,4.644,11.32,3.312,4.277,4.644,11.32,3.312,4.277,4.644,11.32,3.312,4.277,4.644,11.32,3.312,0.002
23267,4.277,4.643,11.32,3.312,4.277,4.643,11.32,3.312,4.277,4.643,11.32,3.312,4.277,4.643,11.32,3.312,11.007
23268,4.277,4.643,11.32,3.312,4.277,4.643,11.32,3.312,4.277,4.643,11.32,3.312,4.277,4.643,11.32,3.312,0.021
23269,4.277,4.643,11.32,3.318,4.277,4.643,11.32,3.318,4.277,4.643,11.32,3.318,4.277,4.643,11.32,3.318,0.003
23270,4.277,4.643,11.32,3.318,4.277,4.643,11.32,3.318,4.277,4.643,11.32,3.318,4.277,4.643,11.32,3.318,0.002
23271,4.277,4.643,11.32,3.318,4.277,4.643,11.32,3.318,4.277,4.643,11.32,3.318,4.277,4.643,11.32,3.318,0.002
23272,4.277,4.645,11.32,3.318,4.277,4.645,11.32,3.318,4.277,4.645,11.32,3.318,4.277,4.645,11.32,3.318,0.001
23273,4.277,4.645,11.32,3.318,4.277,4.645,11.32,3.318,4.277,4.645,11.32,3.318,4.277,4.645,11.32,3.318,0.001
23274,4.277,4.645,11.32,3.325,4.277,4.645,11.32,3.325,4.277,4.645,11.32,3.325,4.277,4.645,11.32,3.325,8.676
23275,4.28,4.645,11.32,3.325,4.28,4.645,11.32,3.325,4.28,4.645,11.32,3.325,4.28,4.645,11.32,3.325,10.23
23276,4.28,4.643,11.32,3.325,4.28,4.643,11.32,3.325,4.28,4.643,11.32,3.325,4.28,4.643,11.32,3.325,6.075
23277,4.28,4.643,11.32,3.331,4.28,4.643,11.32,3.331,4.28,4.643,11.32,3.331,4.28,4.643,11.32,3.331,0.038
23278,4.28,4.643,11.32,3.331,4.28,4.643,11.32,3.331,4.28,4.643,11.32,3.331,4.28,4.643,11.32,3.331,6.987
23279,4.282,4.643,11.32,3.331,4.282,4.643,11.32,3.331,4.282,4.643,11.32,3.331,4.282,4.643,11.32,3.331,6.81
23280,4.282,4.644,11.32,3.331,4.282,4.644,11.32,3.331,4.282,4.644,11.32,3.331,4.282,4.644,11.32,3.331,12.606
23281,4.282,4.644,11.32,3.331,4.282,4.644,11.32,3.331,4.282,4.644,11.32,3.331,4.282,4.644,11.32,3.331,17.362
23282,4.282,4.644,11.32,3.331,4.282,4.644,11.32,3.331,4.282,4.644,11.32,3.331,4.282,4.644,11.32,3.331,19.454
23283,4.283,4.644,11.32,3.331,4.283,4.644,11.32,3.331,4.283,4.644,11.32,3.331,4.283,4.644,11.32,3.331,0.028
23284,4.283,4.643,11.32,3.331,4.283,4.643,11.32,3.331,4.283,4.643,11.32,3.331,4.283,4.643,11.32,3.331,0.003
23285,4.283,4.643,11.32,3.328,4.283,4.643,11.32,3.328,4.283,4.643,11.32,3.328,4.283,4.643,11.32,3.328,23.312
23286,4.283,4.643,11.32,3.328,4.283,4.643,11.32,3.328,4.283,4.643,11.32,3.328,4.283,4.643,11.32,3.328,0.03
23287,4.283,4.643,11.32,3.328,4.283,4.643,11.32,3.328,4.283,4.643,11.32,3.328,4.283,4.643,11.32,3.328,0.003
23288,4.283,4.643,11.32,3.328,4.283,4.643,11.32,3.328,4.283,4.643,11.32,3.328,4.283,4.643,11.32,3.328,31.418
23293,4.282,4.644,11.32,3.33,4.282,4.644,11.32,3.33,4.282,4.644,11.32,3.33,4.282,4.644,11.32,3.33,36.559
23294,4.282,4.644,11.32,3.333,4.282,4.644,11.32,3.333,4.282,4.644,11.32,3.333,4.282,4.644,11.32,3.333,0.027
23295,4.282,4.644,11.32,3.333,4.282,4.644,11.32,3.333,4.282,4.644,11.32,3.333,4.282,4.644,11.32,3.333,0.002
23296,4.281,4.644,11.32,3.333,4.281,4.644,11.32,3.333,4.281,4.644,11.32,3.333,4.281,4.644,11.32,3.333,0.001
23297,4.281,4.644,11.32,3.333,4.281,4.644,11.32,3.333,4.281,4.644,11.32,3.333,4.281,4.644,11.32,3.333,17.767
23298,4.281,4.644,11.32,3.332,4.281,4.644,11.32,3.332,4.281,4.644,11.32,3.332,4.281,4.644,11.32,3.332,0.032
23299,4.281,4.644,11.32,3.332,4.281,4.644,11.32,3.332,4.281,4.644,11.32,3.332,4.281,4.644,11.32,3.332,0.004
23300,4.281,4.644,11.32,3.332,4.281,4.644,11.32,3.332,4.281,4.644,11.32,3.332,4.281,4.644,11.32,3.332,0.002
23301,4.281,4.644,11.32,3.332,4.281,4.644,11.32,3.332,4.281,4.644,11.32,3.332,4.281,4.644,11.32,3.332,0.002
23302,4.281,4.644,11.32,3.332,4.281,4.644,11.32,3.332,4.281,4.644,11.32,3.332,4.281,4.644,11.32,3.332,0.002
23303,4.281,4.644,11.32,3.326,4.281,4.644,11.32,3.326,4.281,4.644,11.32,3.326,4.281,4.644,11.32,3.326,16.471
23304,4.281,4.644,11.32,3.326,4.281,4.644,11.32,3.326,4.281,4.644,11.32,3.326,4.281,4.644,11.32,3.326,0.029
23305,4.281,4.644,11.32,3.326,4.281,4.644,11.32,3.326,4.281,4.644,11.32,3.326,4.281,4.644,11.32,3.326,0.003
23306,4.281,4.644,11.32,3.326,4.281,4.644,11.32,3.326,4.281,4.644,11.32,3.326,4.281,4.644,11.32,3.326,15.266
23307,4.281,4.644,11.32,3.322,4.281,4.644,11.32,3.322,4.281,4.644,11.32,3.322,4.281,4.644,11.32,3.322,0.031
23308,4.281,4.644,11.32,3.322,4.281,4.644,11.32,3.322,4.281,4.644,11.32,3.322,4.281,4.644,11.32,3.322,24.94
23309,4.279,4.643,11.32,3.322,4.279,4.643,11.32,3.322,4.279,4.643,11.32,3.322,4.279,4.643,11.32,3.322,0.029
23315,4.279,4.644,11.32,3.323,4.279,4.644,11.32,3.323,4.279,4.644,11.32,3.323,4.279,4.644,11.32,3.323,35.138
23316,4.279,4.644,11.32,3.322,4.279,4.644,11.32,3.322,4.279,4.644,11.32,3.322,4.279,4.644,11.32,3.322,0.026
23317,4.279,4.644,11.32,3.322,4.279,4.644,11.32,3.322,4.279,4.644,11.32,3.322,4.279,4.644,11.32,3.322,0.002
23318,4.279,4.644,11.32,3.322,4.279,4.644,11.32,3.322,4.279,4.644,11.32,3.322,4.279,4.644,11.32,3.322,4.662
23319,4.279,4.644,11.32,3.322,4.279,4.644,11.32,3.322,4.279,4.644,11.32,3.322,4.279,4.644,11.32,3.322,0.012
23320,4.279,4.644,11.32,3.323,4.279,4.644,11.32,3.323,4.279,4.644,11.32,3.323,4.279,4.644,11.32,3.323,0.002
23321,4.279,4.644,11.32,3.323,4.279,4.644,11.32,3.323,4.279,4.644,11.32,3.323,4.279,4.644,11.32,3.323,0.001
23322,4.28,4.644,11.32,3.323,4.28,4.644,11.32,3.323,4.28,4.644,11.32,3.323,4.28,4.644,11.32,3.323,0.001
23323,4.28,4.644,11.32,3.323,4.28,4.644,11.32,3.323,4.28,4.644,11.32,3.323,4.28,4.644,11.32,3.323,0.001
23324,4.28,4.644,11.32,3.325,4.28,4.644,11.32,3.325,4.28,4.644,11.32,3.325,4.28,4.644,11.32,3.325,18.923
23325,4.28,4.644,11.32,3.325,4.28,4.644,11.32,3.325,4.28,4.644,11.32,3.325,4.28,4.644,11.32,3.325,31.103
23326,4.281,4.644,11.32,3.325,4.281,4.644,11.32,3.325,4.281,4.644,11.32,3.325,4.281,4.644,11.32,3.325,0.032
23327,4.281,4.644,11.32,3.325,4.281,4.644,11.32,3.325,4.281,4.644,11.32,3.325,4.281,4.644,11.32,3.325,27.341
23332,4.281,4.644,11.32,3.327,4.281,4.644,11.32,3.327,4.281,4.644,11.32,3.327,4.281,4.644,11.32,3.327,0.002
23333,4.281,4.644,11.32,3.326,4.281,4.644,11.32,3.326,4.281,4.644,11.32,3.326,4.281,4.644,11.32,3.326,24.729
23334,4.281,4.644,11.32,3.326,4.281,4.644,11.32,3.326,4.281,4.644,11.32,3.326,4.281,4.644,11.32,3.326,0.031
23335,4.281,4.644,11.32,3.326,4.281,4.644,11.32,3.326,4.281,4.644,11.32,3.326,4.281,4.644,11.32,3.326,0.003
23336,4.281,4.644,11.32,3.326,4.281,4.644,11.32,3.326,4.281,4.644,11.32,3.326,4.281,4.644,11.32,3.326,0.002
23337,4.281,4.644,11.32,3.326,4.281,4.644,11.32,3.326,4.281,4.644,11.32,3.326,4.281,4.644,11.32,3.326,43.856
23338,4.281,4.644,11.32,3.326,4.281,4.644,11.32,3.326,4.281,4.644,11.32,3.326,4.281,4.644,11.32,3.326,0.03
23339,4.28,4.644,11.32,3.326,4.28,4.644,11.32,3.326,4.28,4.644,11.32,3.326,4.28,4.644,11.32,3.326,0.003
23340,4.28,4.644,11.32,3.326,4.28,4.644,11.32,3.326,4.28,4.644,11.32,3.326,4.28,4.644,11.32,3.326,0.002
23341,4.28,4.644,11.32,3.324,4.28,4.644,11.32,3.324,4.28,4.644,11.32,3.324,4.28,4.644,11.32,3.324,19.9
23342,4.28,4.644,11.32,3.324,4.28,4.644,11.32,3.324,4.28,4.644,11.32,3.324,4.28,4.644,11.32,3.324,0.032
23343,4.28,4.644,11.32,3.324,4.28,4.644,11.32,3.324,4.28,4.644,11.32,3.324,4.28,4.644,11.32,3.324,0.003
23344,4.28,4.644,11.32,3.324,4.28,4.644,11.32,3.324,4.28,4.644,11.32,3.324,4.28,4.644,11.32,3.324,0.002
23345,4.28,4.644,11.32,3.324,4.28,4.644,11.32,3.324,4.28,4.644,11.32,3.324,4.28,4.644,11.32,3.324,0.002
23346,4.28,4.644,11.32,3.324,4.28,4.644,11.32,3.324,4.28,4.644,11.32,3.324,4.28,4.644,11.32,3.324,0.002
23347,4.28,4.644,11.32,3.324,4.28,4.644,11.32,3.324,4.28,4.644,11.32,3.324,4.28,4.644,11.32,3.324,0.002
23348,4.28,4.644,11.32,3.324,4.28,4.644,11.32,3.324,4.28,4.644,11.32,3.324,4.28,4.644,11.32,3.324,12.996
23349,4.28,4.644,11.32,3.324,4.28,4.644,11.32,3.324,4.28,4.644,11.32,3.324,4.28,4.644,11.32,3.324,0.032
23350,4.28,4.644,11.32,3.324,4.28,4.644,11.32,3.324,4.28,4.644,11.32,3.324,4.28,4.644,11.32,3.324,0.003
23351,4.28,4.644,11.32,3.324,4.28,4.644,11.32,3.324,4.28,4.644,11.32,3.324,4.28,4.644,11.32,3.324,8.883
23352,4.281,4.644,11.32,3.324,4.281,4.644,11.32,3.324,4.281,4.644,11.32,3.324,4.281,4.644,11.32,3.324,0.027
23353,4.281,4.644,11.32,3.324,4.281,4.644,11.32,3.324,4.281,4.644,11.32,3.324,4.281,4.644,11.32,3.324,0.004
23354,4.281,4.644,11.32,3.324,4.281,4.644,11.32,3.324,4.281,4.644,11.32,3.324,4.281,4.644,11.32,3.324,49.948
23355,4.281,4.644,11.32,3.325,4.281,4.644,11.32,3.325,4.281,4.644,11.32,3.325,4.281,4.644,11.32,3.325,16.338
23356,4.281,4.644,11.32,3.325,4.281,4.644,11.32,3.325,4.281,4.644,11.32,3.325,4.281,4.644,11.32,3.325,0.03
23357,4.281,4.644,11.32,3.325,4.281,4.644,11.32,3.325,4.281,4.644,11.32,3.325,4.281,4.644,11.32,3.325,0.004
23358,4.281,4.644,11.32,3.325,4.281,4.644,11.32,3.325,4.281,4.644,11.32,3.325,4.281,4.644,11.32,3.325,0.003
23359,4.281,4.644,11.32,3.325,4.281,4.644,11.32,3.325,4.281,4.644,11.32,3.325,4.281,4.644,11.32,3.325,0.002
23360,4.281,4.644,11.32,3.325,4.281,4.644,11.32,3.325,4.281,4.644,11.32,3.325,4.281,4.644,11.32,3.325,0.002
23361,4.281,4.644,11.32,3.325,4.281,4.644,11.32,3.325,4.281,4.644,11.32,3.325,4.281,4.644,11.32,3.325,0.002
23362,4.281,4.644,11.32,3.325,4.281,4.644,11.32,3.325,4.281,4.644,11.32,3.325,4.281,4.644,11.32,3.325,0.002
23363,4.281,4.644,11.32,3.325,4.281,4.644,11.32,3.325,4.281,4.644,11.32,3.325,4.281,4.644,11.32,3.325,0.002
23364,4.281,4.644,11.32,3.325,4.281,4.644,11.32,3.325,4.281,4.644,11.32,3.325,4.281,4.644,11.32,3.325,0.002
23365,4.281,4.644,11.32,3.325,4.281,4.644,11.32,3.325,4.281,4.644,11.32,3.325,4.281,4.644,11.32,3.325,41.488
23366,4.281,4.644,11.32,3.325,4.281,4.644,11.32,3.325,4.281,4.644,11.32,3.325,4.281,4.644,11.32,3.325,26.562
23367,4.281,4.644,11.32,3.325,4.281,4.644,11.32,3.325,4.281,4.644,11.32,3.325,4.281,4.644,11.32,3.325,0.03
23368,4.281,4.644,11.32,3.324,4.281,4.644,11.32,3.324,4.281,4.644,11.32,3.324,4.281,4.644,11.32,3.324,0.003
23369,4.281,4.644,11.32,3.324,4.281,4.644,11.32,3.324,4.281,4.644,11.32,3.324,4.281,4.644,11.32,3.324,0.002
23370,4.28,4.644,11.32,3.324,4.28,4.644,11.32,3.324,4.28,4.644,11.32,3.324,4.28,4.644,11.32,3.324,0.002
23376,4.281,4.644,11.32,3.324,4.281,4.644,11.32,3.324,4.281,4.644,11.32,3.324,4.281,4.644,11.32,3.324,0.002
23377,4.281,4.644,11.32,3.324,4.281,4.644,11.32,3.324,4.281,4.644,11.32,3.324,4.281,4.644,11.32,3.324,0.002
23378,4.281,4.644,11.32,3.324,4.281,4.644,11.32,3.324,4.281,4.644,11.32,3.324,4.281,4.644,11.32,3.324,0.002
23379,4.281,4.644,11.32,3.324,4.281,4.644,11.32,3.324,4.281,4.644,11.32,3.324,4.281,4.644,11.32,3.324,0.002
23380,4.281,4.644,11.32,3.324,4.281,4.644,11.32,3.324,4.281,4.644,11.32,3.324,4.281,4.644,11.32,3.324,0.002
23381,4.281,4.644,11.32,3.325,4.281,4.644,11.32,3.325,4.281,4.644,11.32,3.325,4.281,4.644,11.32,3.325,6.772
23382,4.281,4.644,11.32,3.325,4.281,4.644,11.32,3.325,4.281,4.644,11.32,3.325,4.281,4.644,11.32,3.325,0.022
23383,4.281,4.644,11.32,3.325,4.281,4.644,11.32,3.325,4.281,4.644,11.32,3.325,4.281,4.644,11.32,3.325,27.611
23384,4.281,4.644,11.32,3.325,4.281,4.644,11.32,3.325,4.281,4.644,11.32,3.325,4.281,4.644,11.32,3.325,0.049
23385,4.281,4.644,11.32,3.325,4.281,4.644,11.32,3.325,4.281,4.644,11.32,3.325,4.281,4.644,11.32,3.325,18.482
23386,4.281,4.644,11.32,3.325,4.281,4.644,11.32,3.325,4.281,4.644,11.32,3.325,4.281,4.644,11.32,3.325,0.026
23387,4.281,4.644,11.32,3.325,4.281,4.644,11.32,3.325,4.281,4.644,11.32,3.325,4.281,4.644,11.32,3.325,0.003
23388,4.281,4.644,11.32,3.325,4.281,4.644,11.32,3.325,4.281,4.644,11.32,3.325,4.281,4.644,11.32,3.325,0.002
23389,4.281,4.644,11.32,3.325,4.281,4.644,11.32,3.325,4.281,4.644,11.32,3.325,4.281,4.644,11.32,3.325,9.218
23390,4.281,4.644,11.32,3.325,4.281,4.644,11.32,3.325,4.281,4.644,11.32,3.325,4.281,4.644,11.32,3.325,0.029
23391,4.281,4.644,11.32,3.325,4.281,4.644,11.32,3.325,4.281,4.644,11.32,3.325,4.281,4.644,11.32,3.325,0.003
23392,4.281,4.644,11.32,3.325,4.281,4.644,11.32,3.325,4.281,4.644,11.32,3.325,4.281,4.644,11.32,3.325,13.751
23393,4.281,4.644,11.32,3.325,4.281,4.644,11.32,3.325,4.281,4.644,11.32,3.325,4.281,4.644,11.32,3.325,4.83
23394,4.281,4.644,11.32,3.325,4.281,4.644,11.32,3.325,4.281,4.644,11.32,3.325,4.281,4.644,11.32,3.325,0.027
23395,4.281,4.644,11.32,3.325,4.281,4.644,11.32,3.325,4.281,4.644,11.32,3.325,4.281,4.644,11.32,3.325,4.799
23396,4.281,4.644,11.32,3.325,4.281,4.644,11.32,3.325,4.281,4.644,11.32,3.325,4.281,4.644,11.32,3.325,6.791
23397,4.281,4.644,11.32,3.325,4.281,4.644,11.32,3.325,4.281,4.644,11.32,3.325,4.281,4.644,11.32,3.325,10.75
23398,4.281,4.644,11.32,3.325,4.281,4.644,11.32,3.325,4.281,4.644,11.32,3.325,4.281,4.644,11.32,3.325,16.577
23399,4.281,4.644,11.32,3.325,4.281,4.644,11.32,3.325,4.281,4.644,11.32,3.325,4.281,4.644,11.32,3.325,14.259
23400,4.281,4.644,11.32,3.325,4.281,4.644,11.32,3.325,4.281,4.644,11.32,3.325,4.281,4.644,11.32,3.325,0.029
23401,4.281,4.644,11.32,3.324,4.281,4.644,11.32,3.324,4.281,4.644,11.32,3.324,4.281,4.644,11.32,3.324,0.004
23402,4.281,4.644,11.32,3.324,4.281,4.644,11.32,3.324,4.281,4.644,11.32,3.324,4.281,4.644,11.32,3.324,7.72
23403,4.281,4.644,11.32,3.324,4.281,4.644,11.32,3.324,4.281,4.644,11.32,3.324,4.281,4.644,11.32,3.324,0.021
23404,4.281,4.644,11.32,3.324,4.281,4.644,11.32,3.324,4.281,4.644,11.32,3.324,4.281,4.644,11.32,3.324,4.558
23405,4.281,4.644,11.32,3.325,4.281,4.644,11.32,3.325,4.281,4.644,11.32,3.325,4.281,4.644,11.32,3.325,7.529
23406,4.281,4.644,11.32,3.325,4.281,4.644,11.32,3.325,4.281,4.644,11.32,3.325,4.281,4.644,11.32,3.325,11.196
23407,4.281,4.644,11.32,3.325,4.281,4.644,11.32,3.325,4.281,4.644,11.32,3.325,4.281,4.644,11.32,3.325,5.705
23408,4.281,4.644,11.32,3.325,4.281,4.644,11.32,3.325,4.281,4.644,11.32,3.325,4.281,4.644,11.32,3.325,12.669
23409,4.281,4.644,11.32,3.325,4.281,4.644,11.32,3.325,4.281,4.644,11.32,3.325,4.281,4.644,11.32,3.325,11.603
23410,4.281,4.644,11.32,3.325,4.281,4.644,11.32,3.325,4.281,4.644,11.32,3.325,4.281,4.644,11.32,3.325,0.031
23411,4.281,4.644,11.32,3.325,4.281,4.644,11.32,3.325,4.281,4.644,11.32,3.325,4.281,4.644,11.32,3.325,4.745
23417,4.281,4.644,11.32,3.325,4.281,4.644,11.32,3.325,4.281,4.644,11.32,3.325,4.281,4.644,11.32,3.325,6.336
23418,4.281,4.644,11.32,3.325,4.281,4.644,11.32,3.325,4.281,4.644,11.32,3.325,4.281,4.644,11.32,3.325,0.015
23419,4.28,4.644,11.32,3.325,4.28,4.644,11.32,3.325,4.28,4.644,11.32,3.325,4.28,4.644,11.32,3.325,0.003
23420,4.28,4.644,11.32,3.325,4.28,4.644,11.32,3.325,4.28,4.644,11.32,3.325,4.28,4.644,11.32,3.325,13.723
23421,4.28,4.644,11.32,3.325,4.28,4.644,11.32,3.325,4.28,4.644,11.32,3.325,4.28,4.644,11.32,3.325,21.964
23422,4.28,4.644,11.32,3.325,4.28,4.644,11.32,3.325,4.28,4.644,11.32,3.325,4.28,4.644,11.32,3.325,0.032
23423,4.281,4.644,11.32,3.325,4.281,4.644,11.32,3.325,4.281,4.644,11.32,3.325,4.281,4.644,11.32,3.325,20.718
23424,4.281,4.644,11.32,3.325,4.281,4.644,11.32,3.325,4.281,4.644,11.32,3.325,4.281,4.644,11.32,3.325,0.03
23425,4.281,4.644,11.32,3.325,4.281,4.644,11.32,3.325,4.281,4.644,11.32,3.325,4.281,4.644,11.32,3.325,0.002
23426,4.281,4.644,11.32,3.324,4.281,4.644,11.32,3.324,4.281,4.644,11.32,3.324,4.281,4.644,11.32,3.324,0.002
23427,4.281,4.644,11.32,3.324,4.281,4.644,11.32,3.324,4.281,4.644,11.32,3.324,4.281,4.644,11.32,3.324,16.586
23428,4.281,4.644,11.32,3.324,4.281,4.644,11.32,3.324,4.281,4.644,11.32,3.324,4.281,4.644,11.32,3.324,0.032
23429,4.281,4.644,11.32,3.324,4.281,4.644,11.32,3.324,4.281,4.644,11.32,3.324,4.281,4.644,11.32,3.324,0.004
23430,4.281,4.644,11.32,3.325,4.281,4.644,11.32,3.325,4.281,4.644,11.32,3.325,4.281,4.644,11.32,3.325,0.002
23431,4.281,4.644,11.32,3.325,4.281,4.644,11.32,3.325,4.281,4.644,11.32,3.325,4.281,4.644,11.32,3.325,8.769
23432,4.281,4.644,11.32,3.325,4.281,4.644,11.32,3.325,4.281,4.644,11.32,3.325,4.281,4.644,11.32,3.325,0.037
23433,4.281,4.644,11.32,3.325,4.281,4.644,11.32,3.325,4.281,4.644,11.32,3.325,4.281,4.644,11.32,3.325,15.915
23434,4.281,4.644,11.32,3.325,4.281,4.644,11.32,3.325,4.281,4.644,11.32,3.325,4.281,4.644,11.32,3.325,9.546
23435,4.281,4.644,11.32,3.325,4.281,4.644,11.32,3.325,4.281,4.644,11.32,3.325,4.281,4.644,11.32,3.325,0.029
23436,4.281,4.644,11.32,3.325,4.281,4.644,11.32,3.325,4.281,4.644,11.32,3.325,4.281,4.644,11.32,3.325,20.426
23437,4.281,4.644,11.32,3.325,4.281,4.644,11.32,3.325,4.281,4.644,11.32,3.325,4.281,4.644,11.32,3.325,0.031
23438,4.281,4.644,11.32,3.324,4.281,4.644,11.32,3.324,4.281,4.644,11.32,3.324,4.281,4.644,11.32,3.324,35.097
23439,4.281,4.644,11.32,3.324,4.281,4.644,11.32,3.324,4.281,4.644,11.32,3.324,4.281,4.644,11.32,3.324,0.03
23440,4.281,4.644,11.32,3.324,4.281,4.644,11.32,3.324,4.281,4.644,11.32,3.324,4.281,4.644,11.32,3.324,0.003
23441,4.281,4.644,11.32,3.324,4.281,4.644,11.32,3.324,4.281,4.644,11.32,3.324,4.281,4.644,11.32,3.324,0.002
23442,4.281,4.644,11.32,3.325,4.281,4.644,11.32,3.325,4.281,4.644,11.32,3.325,4.281,4.644,11.32,3.325,17.536
23443,4.281,4.644,11.32,3.325,4.281,4.644,11.32,3.325,4.281,4.644,11.32,3.325,4.281,4.644,11.32,3.325,0.031
23444,4.28,4.644,11.32,3.325,4.28,4.644,11.32,3.325,4.28,4.644,11.32,3.325,4.28,4.644,11.32,3.325,0.003
23445,4.28,4.644,11.32,3.325,4.28,4.644,11.32,3.325,4.28,4.644,11.32,3.325,4.28,4.644,11.32,3.325,0.002
23446,4.28,4.644,11.32,3.325,4.28,4.644,11.32,3.325,4.28,4.644,11.32,3.325,4.28,4.644,11.32,3.325,0.002
23447,4.28,4.644,11.32,3.325,4.28,4.644,11.32,3.325,4.28,4.644,11.32,3.325,4.28,4.644,11.32,3.325,6.904
23448,4.281,4.644,11.32,3.325,4.281,4.644,11.32,3.325,4.281,4.644,11.32,3.325,4.281,4.644,11.32,3.325,0.022
23449,4.281,4.644,11.32,3.325,4.281,4.644,11.32,3.325,4.281,4.644,11.32,3.325,4.281,4.644,11.32,3.325,44.488
23450,4.281,4.644,11.32,3.325,4.281,4.644,11.32,3.325,4.281,4.644,11.32,3.325,4.281,4.644,11.32,3.325,39.926
23451,4.281,4.644,11.32,3.324,4.281,4.644,11.32,3.324,4.281,4.644,11.32,3.324,4.281,4.644,11.32,3.324,0.029
23452,4.281,4.644,11.32,3.324,4.281,4.644,11.32,3.324,4.281,4.644,11.32,3.324,4.281,4.644,11.32,3.324,0.003
23453,4.281,4.644,11.32,3.324,4.281,4.644,11.32,3.324,4.281,4.644,11.32,3.324,4.281,4.644,11.32,3.324,0.002
23454,4.281,4.644,11.32,3.324,4.281,4.644,11.32,3.324,4.281,4.644,11.32,3.324,4.281,4.644,11.32,3.324,0.002
23455,4.281,4.644,11.32,3.325,4.281,4.644,11.32,3.325,4.281,4.644,11.32,3.325,4.281,4.644,11.32,3.325,0.002
23456,4.281,4.644,11.32,3.325,4.281,4.644,11.32,3.325,4.281,4.644,11.32,3.325,4.281,4.644,11.32,3.325,0.002
23457,4.281,4.644,11.32,3.325,4.281,4.644,11.32,3.325,4.281,4.644,11.32,3.325,4.281,4.644,11.32,3.325,0.002
23458,4.281,4.644,11.32,3.325,4.281,4.644,11.32,3.325,4.281,4.644,11.32,3.325,4.281,4.644,11.32,3.325,0.002
23464,4.281,4.644,11.32,3.324,4.281,4.644,11.32,3.324,4.281,4.644,11.32,3.324,4.281,4.644,11.32,3.324,53.991
23465,4.281,4.644,11.32,3.324,4.281,4.644,11.32,3.324,4.281,4.644,11.32,3.324,4.281,4.644,11.32,3.324,0.027
23466,4.281,4.644,11.32,3.324,4.281,4.644,11.32,3.324,4.281,4.644,11.32,3.324,4.281,4.644,11.32,3.324,0.003
23467,4.281,4.644,11.32,3.324,4.281,4.644,11.32,3.324,4.281,4.644,11.32,3.324,4.281,4.644,11.32,3.324,19.734
23468,4.281,4.644,11.32,3.324,4.281,4.644,11.32,3.324,4.281,4.644,11.32,3.324,4.281,4.644,11.32,3.324,0.029
23469,4.281,4.644,11.32,3.324,4.281,4.644,11.32,3.324,4.281,4.644,11.32,3.324,4.281,4.644,11.32,3.324,0.003
23470,4.281,4.644,11.32,3.324,4.281,4.644,11.32,3.324,4.281,4.644,11.32,3.324,4.281,4.644,11.32,3.324,0.002
23471,4.281,4.644,11.32,3.324,4.281,4.644,11.32,3.324,4.281,4.644,11.32,3.324,4.281,4.644,11.32,3.324,0.001
23472,4.281,4.644,11.32,3.324,4.281,4.644,11.32,3.324,4.281,4.644,11.32,3.324,4.281,4.644,11.32,3.324,0.002
23473,4.281,4.644,11.32,3.324,4.281,4.644,11.32,3.324,4.281,4.644,11.32,3.324,4.281,4.644,11.32,3.324,0.001
23474,4.281,4.644,11.32,3.324,4.281,4.644,11.32,3.324,4.281,4.644,11.32,3.324,4.281,4.644,11.32,3.324,0.002
23475,4.281,4.644,11.32,3.324,4.281,4.644,11.32,3.324,4.281,4.644,11.32,3.324,4.281,4.644,11.32,3.324,0.001
23476,4.281,4.644,11.32,3.324,4.281,4.644,11.32,3.324,4.281,4.644,11.32,3.324,4.281,4.644,11.32,3.324,0.001
23477,4.281,4.644,11.32,3.324,4.281,4.644,11.32,3.324,4.281,4.644,11.32,3.324,4.281,4.644,11.32,3.324,12.153
23478,4.281,4.644,11.32,3.324,4.281,4.644,11.32,3.324,4.281,4.644,11.32,3.324,4.281,4.644,11.32,3.324,0.03
23479,4.281,4.644,11.32,3.324,4.281,4.644,11.32,3.324,4.281,4.644,11.32,3.324,4.281,4.644,11.32,3.324,0.003
23480,4.281,4.644,11.32,3.324,4.281,4.644,11.32,3.324,4.281,4.644,11.32,3.324,4.281,4.644,11.32,3.324,0.002
23481,4.281,4.644,11.32,3.324,4.281,4.644,11.32,3.324,4.281,4.644,11.32,3.324,4.281,4.644,11.32,3.324,4.549
23482,4.281,4.644,11.32,3.324,4.281,4.644,11.32,3.324,4.281,4.644,11.32,3.324,4.281,4.644,11.32,3.324,7.174
23483,4.281,4.644,11.32,3.324,4.281,4.644,11.32,3.324,4.281,4.644,11.32,3.324,4.281,4.644,11.32,3.324,13.396
23484,4.281,4.644,11.32,3.324,4.281,4.644,11.32,3.324,4.281,4.644,11.32,3.324,4.281,4.644,11.32,3.324,14.911
23485,4.281,4.644,11.32,3.324,4.281,4.644,11.32,3.324,4.281,4.644,11.32,3.324,4.281,4.644,11.32,3.324,5.551
23486,4.281,4.644,11.32,3.324,4.281,4.644,11.32,3.324,4.281,4.644,11.32,3.324,4.281,4.644,11.32,3.324,0.024
23487,4.281,4.644,11.32,3.324,4.281,4.644,11.32,3.324,4.281,4.644,11.32,3.324,4.281,4.644,11.32,3.324,0.003
23488,4.281,4.644,11.32,3.324,4.281,4.644,11.32,3.324,4.281,4.644,11.32,3.324,4.281,4.644,11.32,3.324,5.524
23489,4.281,4.644,11.32,3.324,4.281,4.644,11.32,3.324,4.281,4.644,11.32,3.324,4.281,4.644,11.32,3.324,108.945
23490,4.281,4.644,11.32,3.324,4.281,4.644,11.32,3.324,4.281,4.644,11.32,3.324,4.281,4.644,11.32,3.324,0.094
23491,4.281,4.644,11.32,3.324,4.281,4.644,11.32,3.324,4.281,4.644,11.32,3.324,4.281,4.644,11.32,3.324,0.007
23492,4.281,4.644,11.32,3.324,4.281,4.644,11.32,3.324,4.281,4.644,11.32,3.324,4.281,4.644,11.32,3.324,0.002
23493,4.281,4.644,11.32,3.324,4.281,4.644,11.32,3.324,4.281,4.644,11.32,3.324,4.281,4.644,11.32,3.324,0.002
23498,4.28,4.644,11.32,3.324,4.28,4.644,11.32,3.324,4.28,4.644,11.32,3.324,4.28,4.644,11.32,3.324,0.001
23499,4.28,4.644,11.32,3.324,4.28,4.644,11.32,3.324,4.28,4.644,11.32,3.324,4.28,4.644,11.32,3.324,0.001
23500,4.28,4.644,11.32,3.324,4.28,4.644,11.32,3.324,4.28,4.644,11.32,3.324,4.28,4.644,11.32,3.324,0.001
23501,4.281,4.644,11.32,3.324,4.281,4.644,11.32,3.324,4.281,4.644,11.32,3.324,4.281,4.644,11.32,3.324,0.001
23502,4.281,4.644,11.32,3.324,4.281,4.644,11.32,3.324,4.281,4.644,11.32,3.324,4.281,4.644,11.32,3.324,19.252
23507,4.28,4.644,11.32,3.324,4.28,4.644,11.32,3.324,4.28,4.644,11.32,3.324,4.28,4.644,11.32,3.324,0.001
23508,4.28,4.644,11.32,3.325,4.28,4.644,11.32,3.325,4.28,4.644,11.32,3.325,4.28,4.644,11.32,3.325,0.002
23509,4.28,4.644,11.32,3.325,4.28,4.644,11.32,3.325,4.28,4.644,11.32,3.325,4.28,4.644,11.32,3.325,12.179
23510,4.281,4.644,11.32,3.325,4.281,4.644,11.32,3.325,4.281,4.644,11.32,3.325,4.281,4.644,11.32,3.325,0.025
23511,4.281,4.644,11.32,3.325,4.281,4.644,11.32,3.325,4.281,4.644,11.32,3.325,4.281,4.644,11.32,3.325,15.344
23512,4.281,4.644,11.32,3.324,4.281,4.644,11.32,3.324,4.281,4.644,11.32,3.324,4.281,4.644,11.32,3.324,8.477
23513,4.281,4.644,11.32,3.324,4.281,4.644,11.32,3.324,4.281,4.644,11.32,3.324,4.281,4.644,11.32,3.324,0.026
23514,4.28,4.644,11.32,3.324,4.28,4.644,11.32,3.324,4.28,4.644,11.32,3.324,4.28,4.644,11.32,3.324,0.003
23515,4.28,4.644,11.32,3.324,4.28,4.644,11.32,3.324,4.28,4.644,11.32,3.324,4.28,4.644,11.32,3.324,28.191
23516,4.28,4.644,11.32,3.325,4.28,4.644,11.32,3.325,4.28,4.644,11.32,3.325,4.28,4.644,11.32,3.325,15.901
23517,4.28,4.644,11.32,3.325,4.28,4.644,11.32,3.325,4.28,4.644,11.32,3.325,4.28,4.644,11.32,3.325,0.027
23518,4.281,4.644,11.32,3.325,4.281,4.644,11.32,3.325,4.281,4.644,11.32,3.325,4.281,4.644,11.32,3.325,0.003
23519,4.281,4.644,11.32,3.325,4.281,4.644,11.32,3.325,4.281,4.644,11.32,3.325,4.281,4.644,11.32,3.325,0.002
23520,4.281,4.644,11.32,3.325,4.281,4.644,11.32,3.325,4.281,4.644,11.32,3.325,4.281,4.644,11.32,3.325,12.683
23521,4.281,4.644,11.32,3.324,4.281,4.644,11.32,3.324,4.281,4.644,11.32,3.324,4.281,4.644,11.32,3.324,0.029
23522,4.281,4.644,11.32,3.324,4.281,4.644,11.32,3.324,4.281,4.644,11.32,3.324,4.281,4.644,11.32,3.324,0.003
23523,4.281,4.644,11.32,3.324,4.281,4.644,11.32,3.324,4.281,4.644,11.32,3.324,4.281,4.644,11.32,3.324,16.631
23524,4.281,4.644,11.32,3.324,4.281,4.644,11.32,3.324,4.281,4.644,11.32,3.324,4.281,4.644,11.32,3.324,0.03
23525,4.281,4.644,11.32,3.324,4.281,4.644,11.32,3.324,4.281,4.644,11.32,3.324,4.281,4.644,11.32,3.324,10.939
23526,4.281,4.644,11.32,3.324,4.281,4.644,11.32,3.324,4.281,4.644,11.32,3.324,4.281,4.644,11.32,3.324,0.032
23527,4.281,4.644,11.32,3.324,4.281,4.644,11.32,3.324,4.281,4.644,11.32,3.324,4.281,4.644,11.32,3.324,21.36
23528,4.281,4.644,11.32,3.324,4.281,4.644,11.32,3.324,4.281,4.644,11.32,3.324,4.281,4.644,11.32,3.324,0.032
23529,4.281,4.644,11.32,3.325,4.281,4.644,11.32,3.325,4.281,4.644,11.32,3.325,4.281,4.644,11.32,3.325,14.634
23530,4.281,4.644,11.32,3.325,4.281,4.644,11.32,3.325,4.281,4.644,11.32,3.325,4.281,4.644,11.32,3.325,0.03
23531,4.281,4.644,11.32,3.325,4.281,4.644,11.32,3.325,4.281,4.644,11.32,3.325,4.281,4.644,11.32,3.325,0.003
23532,4.281,4.644,11.32,3.325,4.281,4.644,11.32,3.325,4.281,4.644,11.32,3.325,4.281,4.644,11.32,3.325,0.002
23533,4.281,4.644,11.32,3.325,4.281,4.644,11.32,3.325,4.281,4.644,11.32,3.325,4.281,4.644,11.32,3.325,18.029
23534,4.281,4.644,11.32,3.325,4.281,4.644,11.32,3.325,4.281,4.644,11.32,3.325,4.281,4.644,11.32,3.325,0.031
23535,4.281,4.644,11.32,3.325,4.281,4.644,11.32,3.325,4.281,4.644,11.32,3.325,4.281,4.644,11.32,3.325,23.568
23536,4.281,4.644,11.32,3.325,4.281,4.644,11.32,3.325,4.281,4.644,11.32,3.325,4.281,4.644,11.32,3.325,0.031
23537,4.281,4.644,11.32,3.324,4.281,4.644,11.32,3.324,4.281,4.644,11.32,3.324,4.281,4.644,11.32,3.324,0.004
23538,4.281,4.644,11.32,3.324,4.281,4.644,11.32,3.324,4.281,4.644,11.32,3.324,4.281,4.644,11.32,3.324,102.344
23539,4.281,4.644,11.32,3.324,4.281,4.644,11.32,3.324,4.281,4.644,11.32,3.324,4.281,4.644,11.32,3.324,0.03
23540,4.281,4.644,11.32,3.324,4.281,4.644,11.32,3.324,4.281,4.644,11.32,3.324,4.281,4.644,11.32,3.324,0.003
23541,4.281,4.644,11.32,3.324,4.281,4.644,11.32,3.324,4.281,4.644,11.32,3.324,4.281,4.644,11.32,3.324,0.002
23542,4.281,4.644,11.32,3.324,4.281,4.644,11.32,3.324,4.281,4.644,11.32,3.324,4.281,4.644,11.32,3.324,0.023
23543,4.281,4.644,11.32,3.324,4.281,4.644,11.32,3.324,4.281,4.644,11.32,3.324,4.281,4.644,11.32,3.324,0.002
23544,4.281,4.644,11.32,3.324,4.281,4.644,11.32,3.324,4.281,4.644,11.32,3.324,4.281,4.644,11.32,3.324,0.001
23545,4.281,4.644,11.32,3.324,4.281,4.644,11.32,3.324,4.281,4.644,11.32,3.324,4.281,4.644,11.32,3.324,0.002
23546,4.281,4.644,11.32,3.325,4.281,4.644,11.32,3.325,4.281,4.644,11.32,3.325,4.281,4.644,11.32,3.325,0.002
23547,4.281,4.644,11.32,3.325,4.281,4.644,11.32,3.325,4.281,4.644,11.32,3.325,4.281,4.644,11.32,3.325,0.001
23548,4.281,4.644,11.32,3.325,4.281,4.644,11.32,3.325,4.281,4.644,11.32,3.325,4.281,4.644,11.32,3.325,0.001
23549,4.281,4.644,11.32,3.325,4.281,4.644,11.32,3.325,4.281,4.644,11.32,3.325,4.281,4.644,11.32,3.325,0.001
23550,4.281,4.644,11.32,3.325,4.281,4.644,11.32,3.325,4.281,4.644,11.32,3.325,4.281,4.644,11.32,3.325,0.001
23551,4.281,4.644,11.32,3.325,4.281,4.644,11.32,3.325,4.281,4.644,11.32,3.325,4.281,4.644,11.32,3.325,0.001
23552,4.281,4.644,11.32,3.325,4.281,4.644,11.32,3.325,4.281,4.644,11.32,3.325,4.281,4.644,11.32,3.325,0.001
23553,4.281,4.644,11.32,3.325,4.281,4.644,11.32,3.325,4.281,4.644,11.32,3.325,4.281,4.644,11.32,3.325,0.006
23554,4.281,4.644,11.32,3.325,4.281,4.644,11.32,3.325,4.281,4.644,11.32,3.325,4.281,4.644,11.32,3.325,9.024
23555,4.281,4.644,11.32,3.325,4.281,4.644,11.32,3.325,4.281,4.644,11.32,3.325,4.281,4.644,11.32,3.325,0.013
23556,4.281,4.644,11.32,3.324,4.281,4.644,11.32,3.324,4.281,4.644,11.32,3.324,4.281,4.644,11.32,3.324,0.003
23557,4.281,4.644,11.32,3.324,4.281,4.644,11.32,3.324,4.281,4.644,11.32,3.324,4.281,4.644,11.32,3.324,0.002
23558,4.281,4.644,11.32,3.324,4.281,4.644,11.32,3.324,4.281,4.644,11.32,3.324,4.281,4.644,11.32,3.324,0.001
23559,4.281,4.644,11.32,3.324,4.281,4.644,11.32,3.324,4.281,4.644,11.32,3.324,4.281,4.644,11.32,3.324,15.175
23560,4.281,4.644,11.32,3.324,4.281,4.644,11.32,3.324,4.281,4.644,11.32,3.324,4.281,4.644,11.32,3.324,8.691
23561,4.281,4.644,11.32,3.324,4.281,4.644,11.32,3.324,4.281,4.644,11.32,3.324,4.281,4.644,11.32,3.324,0.026
23562,4.281,4.644,11.32,3.324,4.281,4.644,11.32,3.324,4.281,4.644,11.32,3.324,4.281,4.644,11.32,3.324,254.876
23563,4.281,4.644,11.32,3.324,4.281,4.644,11.32,3.324,4.281,4.644,11.32,3.324,4.281,4.644,11.32,3.324,0.159
23564,4.281,4.644,11.32,3.324,4.281,4.644,11.32,3.324,4.281,4.644,11.32,3.324,4.281,4.644,11.32,3.324,0.011
23565,4.281,4.644,11.32,3.324,4.281,4.644,11.32,3.324,4.281,4.644,11.32,3.324,4.281,4.644,11.32,3.324,0.003
23566,4.281,4.644,11.32,3.324,4.281,4.644,11.32,3.324,4.281,4.644,11.32,3.324,4.281,4.644,11.32,3.324,0.002
23567,4.281,4.644,11.32,3.324,4.281,4.644,11.32,3.324,4.281,4.644,11.32,3.324,4.281,4.644,11.32,3.324,0.001
23572,4.281,4.644,11.32,3.324,4.281,4.644,11.32,3.324,4.281,4.644,11.32,3.324,4.281,4.644,11.32,3.324,0.002
23573,4.281,4.644,11.32,3.325,4.281,4.644,11.32,3.325,4.281,4.644,11.32,3.325,4.281,4.644,11.32,3.325,0.002
23574,4.281,4.644,11.32,3.325,4.281,4.644,11.32,3.325,4.281,4.644,11.32,3.325,4.281,4.644,11.32,3.325,0.002
23575,4.281,4.644,11.32,3.325,4.281,4.644,11.32,3.325,4.281,4.644,11.32,3.325,4.281,4.644,11.32,3.325,11.36
23576,4.281,4.644,11.32,3.325,4.281,4.644,11.32,3.325,4.281,4.644,11.32,3.325,4.281,4.644,11.32,3.325,0.015
23577,4.281,4.644,11.32,3.325,4.281,4.644,11.32,3.325,4.281,4.644,11.32,3.325,4.281,4.644,11.32,3.325,0.003
23578,4.281,4.644,11.32,3.325,4.281,4.644,11.32,3.325,4.281,4.644,11.32,3.325,4.281,4.644,11.32,3.325,0.002
23579,4.281,4.644,11.32,3.325,4.281,4.644,11.32,3.325,4.281,4.644,11.32,3.325,4.281,4.644,11.32,3.325,0.001
23580,4.281,4.644,11.32,3.325,4.281,4.644,11.32,3.325,4.281,4.644,11.32,3.325,4.281,4.644,11.32,3.325,0.001
23581,4.281,4.644,11.32,3.325,4.281,4.644,11.32,3.325,4.281,4.644,11.32,3.325,4.281,4.644,11.32,3.325,0.001
23582,4.281,4.644,11.32,3.324,4.281,4.644,11.32,3.324,4.281,4.644,11.32,3.324,4.281,4.644,11.32,3.324,0.001
23583,4.281,4.644,11.32,3.324,4.281,4.644,11.32,3.324,4.281,4.644,11.32,3.324,4.281,4.644,11.32,3.324,0.001
23584,4.281,4.644,11.32,3.324,4.281,4.644,11.32,3.324,4.281,4.644,11.32,3.324,4.281,4.644,11.32,3.324,0.001
23585,4.281,4.644,11.32,3.324,4.281,4.644,11.32,3.324,4.281,4.644,11.32,3.324,4.281,4.644,11.32,3.324,0.001
23586,4.281,4.644,11.32,3.324,4.281,4.644,11.32,3.324,4.281,4.644,11.32,3.324,4.281,4.644,11.32,3.324,0.001
23587,4.281,4.644,11.32,3.325,4.281,4.644,11.32,3.325,4.281,4.644,11.32,3.325,4.281,4.644,11.32,3.325,0.001
23588,4.281,4.644,11.32,3.325,4.281,4.644,11.32,3.325,4.281,4.644,11.32,3.325,4.281,4.644,11.32,3.325,4.414
23589,4.281,4.643,11.32,3.324,4.281,4.643,11.32,3.324,4.281,4.643,11.32,3.324,4.281,4.643,11.32,3.324,29.196
23590,4.281,4.643,11.32,3.324,4.281,4.643,11.32,3.324,4.281,4.643,11.32,3.324,4.281,4.643,11.32,3.324,0.028
23591,4.281,4.643,11.32,3.324,4.281,4.643,11.32,3.324,4.281,4.643,11.32,3.324,4.281,4.643,11.32,3.324,0.002
23592,4.281,4.643,11.32,3.324,4.281,4.643,11.32,3.324,4.281,4.643,11.32,3.324,4.281,4.643,11.32,3.324,10.893
23593,4.281,4.644,11.32,3.324,4.281,4.644,11.32,3.324,4.281,4.644,11.32,3.324,4.281,4.644,11.32,3.324,0.028
23594,4.281,4.644,11.32,3.324,4.281,4.644,11.32,3.324,4.281,4.644,11.32,3.324,4.281,4.644,11.32,3.324,0.003
23595,4.281,4.644,11.32,3.324,4.281,4.644,11.32,3.324,4.281,4.644,11.32,3.324,4.281,4.644,11.32,3.324,0.002
23596,4.281,4.644,11.32,3.324,4.281,4.644,11.32,3.324,4.281,4.644,11.32,3.324,4.281,4.644,11.32,3.324,5.568
23597,4.281,4.644,11.32,3.324,4.281,4.644,11.32,3.324,4.281,4.644,11.32,3.324,4.281,4.644,11.32,3.324,9.882
23598,4.281,4.644,11.32,3.324,4.281,4.644,11.32,3.324,4.281,4.644,11.32,3.324,4.281,4.644,11.32,3.324,16.541
23599,4.281,4.644,11.32,3.324,4.281,4.644,11.32,3.324,4.281,4.644,11.32,3.324,4.281,4.644,11.32,3.324,5.92
23600,4.28,4.644,11.32,3.324,4.28,4.644,11.32,3.324,4.28,4.644,11.32,3.324,4.28,4.644,11.32,3.324,0.029
23601,4.28,4.644,11.32,3.324,4.28,4.644,11.32,3.324,4.28,4.644,11.32,3.324,4.28,4.644,11.32,3.324,59.315
23602,4.28,4.644,11.32,3.324,4.28,4.644,11.32,3.324,4.28,4.644,11.32,3.324,4.28,4.644,11.32,3.324,0.047
23603,4.28,4.644,11.32,3.325,4.28,4.644,11.32,3.325,4.28,4.644,11.32,3.325,4.28,4.644,11.32,3.325,19.836
23604,4.28,4.644,11.32,3.325,4.28,4.644,11.32,3.325,4.28,4.644,11.32,3.325,4.28,4.644,11.32,3.325,0.027
23605,4.28,4.644,11.32,3.325,4.28,4.644,11.32,3.325,4.28,4.644,11.32,3.325,4.28,4.644,11.32,3.325,0.003
23606,4.28,4.644,11.32,3.325,4.28,4.644,11.32,3.325,4.28,4.644,11.32,3.325,4.28,4.644,11.32,3.325,0.002
23607,4.28,4.644,11.32,3.325,4.28,4.644,11.32,3.325,4.28,4.644,11.32,3.325,4.28,4.644,11.32,3.325,0.001
23608,4.28,4.644,11.32,3.325,4.28,4.644,11.32,3.325,4.28,4.644,11.32,3.325,4.28,4.644,11.32,3.325,0.001
23609,4.28,4.644,11.32,3.325,4.28,4.644,11.32,3.325,4.28,4.644,11.32,3.325,4.28,4.644,11.32,3.325,0.001
23610,4.28,4.644,11.32,3.325,4.28,4.644,11.32,3.325,4.28,4.644,11.32,3.325,4.28,4.644,11.32,3.325,0.001
23611,4.28,4.644,11.32,3.325,4.28,4.644,11.32,3.325,4.28,4.644,11.32,3.325,4.28,4.644,11.32,3.325,0.001
23612,4.28,4.644,11.32,3.325,4.28,4.644,11.32,3.325,4.28,4.644,11.32,3.325,4.28,4.644,11.32,3.325,18.544
23613,4.28,4.644,11.32,3.325,4.28,4.644,11.32,3.325,4.28,4.644,11.32,3.325,4.28,4.644,11.32,3.325,0.026
23614,4.281,4.644,11.32,3.325,4.281,4.644,11.32,3.325,4.281,4.644,11.32,3.325,4.281,4.644,11.32,3.325,0.002
23615,4.281,4.644,11.32,3.325,4.281,4.644,11.32,3.325,4.281,4.644,11.32,3.325,4.281,4.644,11.32,3.325,12.934
23616,4.281,4.644,11.32,3.325,4.281,4.644,11.32,3.325,4.281,4.644,11.32,3.325,4.281,4.644,11.32,3.325,0.028
23617,4.281,4.644,11.32,3.325,4.281,4.644,11.32,3.325,4.281,4.644,11.32,3.325,4.281,4.644,11.32,3.325,0.002
23618,4.281,4.644,11.32,3.325,4.281,4.644,11.32,3.325,4.281,4.644,11.32,3.325,4.281,4.644,11.32,3.325,14.643
23619,4.281,4.644,11.32,3.325,4.281,4.644,11.32,3.325,4.281,4.644,11.32,3.325,4.281,4.644,11.32,3.325,0.027
23620,4.281,4.644,11.32,3.325,4.281,4.644,11.32,3.325,4.281,4.644,11.32,3.325,4.281,4.644,11.32,3.325,13.807
23621,4.281,4.644,11.32,3.325,4.281,4.644,11.32,3.325,4.281,4.644,11.32,3.325,4.281,4.644,11.32,3.325,0.032
23622,4.281,4.644,11.32,3.325,4.281,4.644,11.32,3.325,4.281,4.644,11.32,3.325,4.281,4.644,11.32,3.325,26.603
23623,4.281,4.644,11.32,3.325,4.281,4.644,11.32,3.325,4.281,4.644,11.32,3.325,4.281,4.644,11.32,3.325,0.032
23624,4.281,4.644,11.32,3.325,4.281,4.644,11.32,3.325,4.281,4.644,11.32,3.325,4.281,4.644,11.32,3.325,0.003
23625,4.281,4.644,11.32,3.325,4.281,4.644,11.32,3.325,4.281,4.644,11.32,3.325,4.281,4.644,11.32,3.325,33.083
23626,4.281,4.644,11.32,3.325,4.281,4.644,11.32,3.325,4.281,4.644,11.32,3.325,4.281,4.644,11.32,3.325,0.038
23627,4.281,4.644,11.32,3.325,4.281,4.644,11.32,3.325,4.281,4.644,11.32,3.325,4.281,4.644,11.32,3.325,0.006
23628,4.281,4.644,11.32,3.325,4.281,4.644,11.32,3.325,4.281,4.644,11.32,3.325,4.281,4.644,11.32,3.325,0.003
23629,4.281,4.644,11.32,3.325,4.281,4.644,11.32,3.325,4.281,4.644,11.32,3.325,4.281,4.644,11.32,3.325,21.622
23630,4.281,4.644,11.32,3.325,4.281,4.644,11.32,3.325,4.281,4.644,11.32,3.325,4.281,4.644,11.32,3.325,0.029
23631,4.281,4.644,11.32,3.325,4.281,4.644,11.32,3.325,4.281,4.644,11.32,3.325,4.281,4.644,11.32,3.325,0.004
23632,4.281,4.644,11.32,3.325,4.281,4.644,11.32,3.325,4.281,4.644,11.32,3.325,4.281,4.644,11.32,3.325,0.002
23633,4.281,4.644,11.32,3.325,4.281,4.644,11.32,3.325,4.281,4.644,11.32,3.325,4.281,4.644,11.32,3.325,0.002
23634,4.281,4.644,11.32,3.325,4.281,4.644,11.32,3.325,4.281,4.644,11.32,3.325,4.281,4.644,11.32,3.325,14.034
23635,4.281,4.644,11.32,3.325,4.281,4.644,11.32,3.325,4.281,4.644,11.32,3.325,4.281,4.644,11.32,3.325,0.016
23636,4.281,4.644,11.32,3.325,4.281,4.644,11.32,3.325,4.281,4.644,11.32,3.325,4.281,4.644,11.32,3.325,0.003
23637,4.281,4.644,11.32,3.325,4.281,4.644,11.32,3.325,4.281,4.644,11.32,3.325,4.281,4.644,11.32,3.325,36.148
23638,4.281,4.644,11.32,3.324,4.281,4.644,11.32,3.324,4.281,4.644,11.32,3.324,4.281,4.644,11.32,3.324,0.03
23639,4.281,4.644,11.32,3.324,4.281,4.644,11.32,3.324,4.281,4.644,11.32,3.324,4.281,4.644,11.32,3.324,9.329
23640,4.281,4.644,11.32,3.324,4.281,4.644,11.32,3.324,4.281,4.644,11.32,3.324,4.281,4.644,11.32,3.324,0.018
23649,4.281,4.644,11.32,3.325,4.281,4.644,11.32,3.325,4.281,4.644,11.32,3.325,4.281,4.644,11.32,3.325,0.03
23650,4.281,4.644,11.32,3.325,4.281,4.644,11.32,3.325,4.281,4.644,11.32,3.325,4.281,4.644,11.32,3.325,12.064
23651,4.281,4.644,11.32,3.325,4.281,4.644,11.32,3.325,4.281,4.644,11.32,3.325,4.281,4.644,11.32,3.325,39.925
23652,4.281,4.644,11.32,3.325,4.281,4.644,11.32,3.325,4.281,4.644,11.32,3.325,4.281,4.644,11.32,3.325,0.029
23653,4.281,4.644,11.32,3.325,4.281,4.644,11.32,3.325,4.281,4.644,11.32,3.325,4.281,4.644,11.32,3.325,0.003
23654,4.281,4.644,11.32,3.325,4.281,4.644,11.32,3.325,4.281,4.644,11.32,3.325,4.281,4.644,11.32,3.325,0.002
23655,4.281,4.644,11.32,3.325,4.281,4.644,11.32,3.325,4.281,4.644,11.32,3.325,4.281,4.644,11.32,3.325,0.001
23656,4.281,4.644,11.32,3.325,4.281,4.644,11.32,3.325,4.281,4.644,11.32,3.325,4.281,4.644,11.32,3.325,0.002
23657,4.281,4.644,11.32,3.325,4.281,4.644,11.32,3.325,4.281,4.644,11.32,3.325,4.281,4.644,11.32,3.325,0.002
23658,4.281,4.644,11.32,3.325,4.281,4.644,11.32,3.325,4.281,4.644,11.32,3.325,4.281,4.644,11.32,3.325,0.001
23659,4.281,4.644,11.32,3.325,4.281,4.644,11.32,3.325,4.281,4.644,11.32,3.325,4.281,4.644,11.32,3.325,6.538
23660,4.281,4.644,11.32,3.325,4.281,4.644,11.32,3.325,4.281,4.644,11.32,3.325,4.281,4.644,11.32,3.325,5.78
23661,4.281,4.644,11.32,3.325,4.281,4.644,11.32,3.325,4.281,4.644,11.32,3.325,4.281,4.644,11.32,3.325,6.848
23662,4.281,4.644,11.32,3.325,4.281,4.644,11.32,3.325,4.281,4.644,11.32,3.325,4.281,4.644,11.32,3.325,13.564
23663,4.281,4.644,11.32,3.325,4.281,4.644,11.32,3.325,4.281,4.644,11.32,3.325,4.281,4.644,11.32,3.325,6.537
23664,4.281,4.644,11.32,3.325,4.281,4.644,11.32,3.325,4.281,4.644,11.32,3.325,4.281,4.644,11.32,3.325,6.233
23665,4.281,4.644,11.32,3.325,4.281,4.644,11.32,3.325,4.281,4.644,11.32,3.325,4.281,4.644,11.32,3.325,13.354
23670,4.281,4.644,11.32,3.325,4.281,4.644,11.32,3.325,4.281,4.644,11.32,3.325,4.281,4.644,11.32,3.325,5.647
23671,4.281,4.644,11.32,3.325,4.281,4.644,11.32,3.325,4.281,4.644,11.32,3.325,4.281,4.644,11.32,3.325,7.178
23672,4.281,4.644,11.32,3.325,4.281,4.644,11.32,3.325,4.281,4.644,11.32,3.325,4.281,4.644,11.32,3.325,11.256
23673,4.281,4.644,11.32,3.325,4.281,4.644,11.32,3.325,4.281,4.644,11.32,3.325,4.281,4.644,11.32,3.325,14.671
23674,4.281,4.644,11.32,3.325,4.281,4.644,11.32,3.325,4.281,4.644,11.32,3.325,4.281,4.644,11.32,3.325,16.126
23675,4.281,4.644,11.32,3.325,4.281,4.644,11.32,3.325,4.281,4.644,11.32,3.325,4.281,4.644,11.32,3.325,0.059
23676,4.28,4.644,11.32,3.325,4.28,4.644,11.32,3.325,4.28,4.644,11.32,3.325,4.28,4.644,11.32,3.325,7.871
23677,4.28,4.644,11.32,3.325,4.28,4.644,11.32,3.325,4.28,4.644,11.32,3.325,4.28,4.644,11.32,3.325,0.026
23678,4.28,4.644,11.32,3.325,4.28,4.644,11.32,3.325,4.28,4.644,11.32,3.325,4.28,4.644,11.32,3.325,0.003
23679,4.28,4.644,11.32,3.324,4.28,4.644,11.32,3.324,4.28,4.644,11.32,3.324,4.28,4.644,11.32,3.324,4.539
23680,4.28,4.643,11.32,3.324,4.28,4.643,11.32,3.324,4.28,4.643,11.32,3.324,4.28,4.643,11.32,3.324,9.755
23681,4.28,4.643,11.32,3.324,4.28,4.643,11.32,3.324,4.28,4.643,11.32,3.324,4.28,4.643,11.32,3.324,26.402
23682,4.28,4.643,11.32,3.325,4.28,4.643,11.32,3.325,4.28,4.643,11.32,3.325,4.28,4.643,11.32,3.325,13.714
23683,4.28,4.643,11.32,3.325,4.28,4.643,11.32,3.325,4.28,4.643,11.32,3.325,4.28,4.643,11.32,3.325,0.049
23684,4.281,4.643,11.32,3.325,4.281,4.643,11.32,3.325,4.281,4.643,11.32,3.325,4.281,4.643,11.32,3.325,0.008
23685,4.281,4.644,11.32,3.325,4.281,4.644,11.32,3.325,4.281,4.644,11.32,3.325,4.281,4.644,11.32,3.325,0.007
23686,4.281,4.644,11.32,3.325,4.281,4.644,11.32,3.325,4.281,4.644,11.32,3.325,4.281,4.644,11.32,3.325,11.378
23687,4.281,4.644,11.32,3.325,4.281,4.644,11.32,3.325,4.281,4.644,11.32,3.325,4.281,4.644,11.32,3.325,0.029
23688,4.281,4.644,11.32,3.325,4.281,4.644,11.32,3.325,4.281,4.644,11.32,3.325,4.281,4.644,11.32,3.325,5.55
23689,4.281,4.644,11.32,3.325,4.281,4.644,11.32,3.325,4.281,4.644,11.32,3.325,4.281,4.644,11.32,3.325,5.489
23690,4.281,4.644,11.32,3.325,4.281,4.644,11.32,3.325,4.281,4.644,11.32,3.325,4.281,4.644,11.32,3.325,4.444
23691,4.281,4.644,11.32,3.325,4.281,4.644,11.32,3.325,4.281,4.644,11.32,3.325,4.281,4.644,11.32,3.325,9.722
23692,4.281,4.644,11.32,3.325,4.281,4.644,11.32,3.325,4.281,4.644,11.32,3.325,4.281,4.644,11.32,3.325,11.268
23693,4.281,4.644,11.32,3.325,4.281,4.644,11.32,3.325,4.281,4.644,11.32,3.325,4.281,4.644,11.32,3.325,4.608
23694,4.281,4.644,11.32,3.326,4.281,4.644,11.32,3.326,4.281,4.644,11.32,3.326,4.281,4.644,11.32,3.326,0.029
23695,4.281,4.644,11.32,3.326,4.281,4.644,11.32,3.326,4.281,4.644,11.32,3.326,4.281,4.644,11.32,3.326,5.961
23696,4.281,4.644,11.32,3.326,4.281,4.644,11.32,3.326,4.281,4.644,11.32,3.326,4.281,4.644,11.32,3.326,9.275
23697,4.281,4.644,11.32,3.326,4.281,4.644,11.32,3.326,4.281,4.644,11.32,3.326,4.281,4.644,11.32,3.326,14.669
23698,4.281,4.644,11.32,3.325,4.281,4.644,11.32,3.325,4.281,4.644,11.32,3.325,4.281,4.644,11.32,3.325,7.992
23699,4.281,4.644,11.32,3.325,4.281,4.644,11.32,3.325,4.281,4.644,11.32,3.325,4.281,4.644,11.32,3.325,0.031
23700,4.28,4.644,11.32,3.325,4.28,4.644,11.32,3.325,4.28,4.644,11.32,3.325,4.28,4.644,11.32,3.325,7.191
23701,4.28,4.644,11.32,3.325,4.28,4.644,11.32,3.325,4.28,4.644,11.32,3.325,4.28,4.644,11.32,3.325,28.783
23702,4.28,4.644,11.32,3.324,4.28,4.644,11.32,3.324,4.28,4.644,11.32,3.324,4.28,4.644,11.32,3.324,16.611
23703,4.28,4.644,11.32,3.324,4.28,4.644,11.32,3.324,4.28,4.644,11.32,3.324,4.28,4.644,11.32,3.324,0.028
23704,4.28,4.644,11.32,3.324,4.28,4.644,11.32,3.324,4.28,4.644,11.32,3.324,4.28,4.644,11.32,3.324,0.003
23709,4.281,4.644,11.32,3.325,4.281,4.644,11.32,3.325,4.281,4.644,11.32,3.325,4.281,4.644,11.32,3.325,35.307
23710,4.281,4.644,11.32,3.325,4.281,4.644,11.32,3.325,4.281,4.644,11.32,3.325,4.281,4.644,11.32,3.325,0.03
23711,4.281,4.644,11.32,3.325,4.281,4.644,11.32,3.325,4.281,4.644,11.32,3.325,4.281,4.644,11.32,3.325,9.435
23712,4.281,4.644,11.32,3.325,4.281,4.644,11.32,3.325,4.281,4.644,11.32,3.325,4.281,4.644,11.32,3.325,0.021
23713,4.281,4.644,11.32,3.325,4.281,4.644,11.32,3.325,4.281,4.644,11.32,3.325,4.281,4.644,11.32,3.325,0.003
23714,4.281,4.644,11.32,3.325,4.281,4.644,11.32,3.325,4.281,4.644,11.32,3.325,4.281,4.644,11.32,3.325,0.002
23715,4.281,4.644,11.32,3.326,4.281,4.644,11.32,3.326,4.281,4.644,11.32,3.326,4.281,4.644,11.32,3.326,0.001
23716,4.281,4.644,11.32,3.326,4.281,4.644,11.32,3.326,4.281,4.644,11.32,3.326,4.281,4.644,11.32,3.326,0.002
23717,4.281,4.644,11.32,3.326,4.281,4.644,11.32,3.326,4.281,4.644,11.32,3.326,4.281,4.644,11.32,3.326,7.933
23718,4.281,4.644,11.32,3.326,4.281,4.644,11.32,3.326,4.281,4.644,11.32,3.326,4.281,4.644,11.32,3.326,11.92
23719,4.281,4.644,11.32,3.326,4.281,4.644,11.32,3.326,4.281,4.644,11.32,3.326,4.281,4.644,11.32,3.326,7.003
23720,4.281,4.644,11.32,3.326,4.281,4.644,11.32,3.326,4.281,4.644,11.32,3.326,4.281,4.644,11.32,3.326,0.043
23721,4.281,4.644,11.32,3.326,4.281,4.644,11.32,3.326,4.281,4.644,11.32,3.326,4.281,4.644,11.32,3.326,6.938
23722,4.281,4.644,11.32,3.326,4.281,4.644,11.32,3.326,4.281,4.644,11.32,3.326,4.281,4.644,11.32,3.326,7.097
23723,4.281,4.644,11.32,3.326,4.281,4.644,11.32,3.326,4.281,4.644,11.32,3.326,4.281,4.644,11.32,3.326,6.41
23724,4.281,4.644,11.32,3.326,4.281,4.644,11.32,3.326,4.281,4.644,11.32,3.326,4.281,4.644,11.32,3.326,7.427
23725,4.281,4.644,11.32,3.326,4.281,4.644,11.32,3.326,4.281,4.644,11.32,3.326,4.281,4.644,11.32,3.326,6.117
23726,4.281,4.644,11.32,3.325,4.281,4.644,11.32,3.325,4.281,4.644,11.32,3.325,4.281,4.644,11.32,3.325,10.326
23727,4.281,4.644,11.32,3.325,4.281,4.644,11.32,3.325,4.281,4.644,11.32,3.325,4.281,4.644,11.32,3.325,5.865
23728,4.281,4.644,11.32,3.325,4.281,4.644,11.32,3.325,4.281,4.644,11.32,3.325,4.281,4.644,11.32,3.325,9.315
23729,4.281,4.644,11.32,3.325,4.281,4.644,11.32,3.325,4.281,4.644,11.32,3.325,4.281,4.644,11.32,3.325,27.332
23730,4.281,4.644,11.32,3.325,4.281,4.644,11.32,3.325,4.281,4.644,11.32,3.325,4.281,4.644,11.32,3.325,38.849
23731,4.281,4.644,11.32,3.325,4.281,4.644,11.32,3.325,4.281,4.644,11.32,3.325,4.281,4.644,11.32,3.325,0.03
23732,4.281,4.644,11.32,3.325,4.281,4.644,11.32,3.325,4.281,4.644,11.32,3.325,4.281,4.644,11.32,3.325,0.004
23733,4.281,4.644,11.32,3.325,4.281,4.644,11.32,3.325,4.281,4.644,11.32,3.325,4.281,4.644,11.32,3.325,0.002
23734,4.281,4.644,11.32,3.325,4.281,4.644,11.32,3.325,4.281,4.644,11.32,3.325,4.281,4.644,11.32,3.325,17.706
23735,4.281,4.644,11.32,3.325,4.281,4.644,11.32,3.325,4.281,4.644,11.32,3.325,4.281,4.644,11.32,3.325,0.026
23736,4.28,4.644,11.32,3.325,4.28,4.644,11.32,3.325,4.28,4.644,11.32,3.325,4.28,4.644,11.32,3.325,0.002
23737,4.28,4.644,11.32,3.325,4.28,4.644,11.32,3.325,4.28,4.644,11.32,3.325,4.28,4.644,11.32,3.325,0.002
23738,4.28,4.644,11.32,3.325,4.28,4.644,11.32,3.325,4.28,4.644,11.32,3.325,4.28,4.644,11.32,3.325,0.001
23739,4.28,4.644,11.32,3.325,4.28,4.644,11.32,3.325,4.28,4.644,11.32,3.325,4.28,4.644,11.32,3.325,0.001
23740,4.28,4.644,11.32,3.325,4.28,4.644,11.32,3.325,4.28,4.644,11.32,3.325,4.28,4.644,11.32,3.325,0.001
23741,4.28,4.644,11.32,3.325,4.28,4.644,11.32,3.325,4.28,4.644,11.32,3.325,4.28,4.644,11.32,3.325,23.946
23742,4.28,4.644,11.32,3.325,4.28,4.644,11.32,3.325,4.28,4.644,11.32,3.325,4.28,4.644,11.32,3.325,0.03
23743,4.28,4.644,11.32,3.325,4.28,4.644,11.32,3.325,4.28,4.644,11.32,3.325,4.28,4.644,11.32,3.325,6.568
23744,4.28,4.644,11.32,3.325,4.28,4.644,11.32,3.325,4.28,4.644,11.32,3.325,4.28,4.644,11.32,3.325,0.027
23745,4.28,4.644,11.32,3.325,4.28,4.644,11.32,3.325,4.28,4.644,11.32,3.325,4.28,4.644,11.32,3.325,0.002
23746,4.28,4.644,11.32,3.325,4.28,4.644,11.32,3.325,4.28,4.644,11.32,3.325,4.28,4.644,11.32,3.325,0.002
23747,4.28,4.644,11.32,3.326,4.28,4.644,11.32,3.326,4.28,4.644,11.32,3.326,4.28,4.644,11.32,3.326,6.77
23748,4.28,4.644,11.32,3.326,4.28,4.644,11.32,3.326,4.28,4.644,11.32,3.326,4.28,4.644,11.32,3.326,4.704
23749,4.281,4.644,11.32,3.326,4.281,4.644,11.32,3.326,4.281,4.644,11.32,3.326,4.281,4.644,11.32,3.326,5.135
23750,4.281,4.644,11.32,3.326,4.281,4.644,11.32,3.326,4.281,4.644,11.32,3.326,4.281,4.644,11.32,3.326,6.825
23751,4.281,4.644,11.32,3.325,4.281,4.644,11.32,3.325,4.281,4.644,11.32,3.325,4.281,4.644,11.32,3.325,7.27
23752,4.281,4.644,11.32,3.325,4.281,4.644,11.32,3.325,4.281,4.644,11.32,3.325,4.281,4.644,11.32,3.325,8.551
23753,4.281,4.644,11.32,3.325,4.281,4.644,11.32,3.325,4.281,4.644,11.32,3.325,4.281,4.644,11.32,3.325,12.072
23754,4.281,4.644,11.32,3.325,4.281,4.644,11.32,3.325,4.281,4.644,11.32,3.325,4.281,4.644,11.32,3.325,7.014
23755,4.281,4.644,11.32,3.326,4.281,4.644,11.32,3.326,4.281,4.644,11.32,3.326,4.281,4.644,11.32,3.326,5.933
23756,4.281,4.644,11.32,3.326,4.281,4.644,11.32,3.326,4.281,4.644,11.32,3.326,4.281,4.644,11.32,3.326,8.205
23757,4.281,4.644,11.32,3.326,4.281,4.644,11.32,3.326,4.281,4.644,11.32,3.326,4.281,4.644,11.32,3.326,6.35
23758,4.281,4.644,11.32,3.326,4.281,4.644,11.32,3.326,4.281,4.644,11.32,3.326,4.281,4.644,11.32,3.326,4.464
23759,4.281,4.644,11.32,3.326,4.281,4.644,11.32,3.326,4.281,4.644,11.32,3.326,4.281,4.644,11.32,3.326,4.506
23760,4.281,4.644,11.32,3.326,4.281,4.644,11.32,3.326,4.281,4.644,11.32,3.326,4.281,4.644,11.32,3.326,13.193
23761,4.281,4.644,11.32,3.326,4.281,4.644,11.32,3.326,4.281,4.644,11.32,3.326,4.281,4.644,11.32,3.326,5.49
23762,4.281,4.644,11.32,3.326,4.281,4.644,11.32,3.326,4.281,4.644,11.32,3.326,4.281,4.644,11.32,3.326,4.88
23763,4.281,4.644,11.32,3.326,4.281,4.644,11.32,3.326,4.281,4.644,11.32,3.326,4.281,4.644,11.32,3.326,16.718
23764,4.281,4.644,11.32,3.326,4.281,4.644,11.32,3.326,4.281,4.644,11.32,3.326,4.281,4.644,11.32,3.326,9.738
23765,4.281,4.644,11.32,3.326,4.281,4.644,11.32,3.326,4.281,4.644,11.32,3.326,4.281,4.644,11.32,3.326,0.027
23766,4.281,4.644,11.32,3.325,4.281,4.644,11.32,3.325,4.281,4.644,11.32,3.325,4.281,4.644,11.32,3.325,0.003
23767,4.281,4.644,11.32,3.325,4.281,4.644,11.32,3.325,4.281,4.644,11.32,3.325,4.281,4.644,11.32,3.325,16.143
23768,4.281,4.644,11.32,3.325,4.281,4.644,11.32,3.325,4.281,4.644,11.32,3.325,4.281,4.644,11.32,3.325,18.694
23769,4.281,4.644,11.32,3.325,4.281,4.644,11.32,3.325,4.281,4.644,11.32,3.325,4.281,4.644,11.32,3.325,0.026
23770,4.281,4.644,11.32,3.325,4.281,4.644,11.32,3.325,4.281,4.644,11.32,3.325,4.281,4.644,11.32,3.325,9.741
23771,4.281,4.644,11.32,3.326,4.281,4.644,11.32,3.326,4.281,4.644,11.32,3.326,4.281,4.644,11.32,3.326,0.028
23772,4.281,4.644,11.32,3.326,4.281,4.644,11.32,3.326,4.281,4.644,11.32,3.326,4.281,4.644,11.32,3.326,0.002
23773,4.281,4.644,11.32,3.326,4.281,4.644,11.32,3.326,4.281,4.644,11.32,3.326,4.281,4.644,11.32,3.326,12.6
23774,4.281,4.644,11.32,3.326,4.281,4.644,11.32,3.326,4.281,4.644,11.32,3.326,4.281,4.644,11.32,3.326,12.305
23775,4.281,4.644,11.32,3.325,4.281,4.644,11.32,3.325,4.281,4.644,11.32,3.325,4.281,4.644,11.32,3.325,0.048
23776,4.281,4.644,11.32,3.325,4.281,4.644,11.32,3.325,4.281,4.644,11.32,3.325,4.281,4.644,11.32,3.325,14.156
23777,4.281,4.644,11.32,3.325,4.281,4.644,11.32,3.325,4.281,4.644,11.32,3.325,4.281,4.644,11.32,3.325,0.036
23778,4.281,4.644,11.32,3.325,4.281,4.644,11.32,3.325,4.281,4.644,11.32,3.325,4.281,4.644,11.32,3.325,0.004
23779,4.281,4.644,11.32,3.325,4.281,4.644,11.32,3.325,4.281,4.644,11.32,3.325,4.281,4.644,11.32,3.325,7.62
23780,4.28,4.644,11.32,3.325,4.28,4.644,11.32,3.325,4.28,4.644,11.32,3.325,4.28,4.644,11.32,3.325,4.614
23781,4.28,4.644,11.32,3.325,4.28,4.644,11.32,3.325,4.28,4.644,11.32,3.325,4.28,4.644,11.32,3.325,18.406
23782,4.28,4.644,11.32,3.325,4.28,4.644,11.32,3.325,4.28,4.644,11.32,3.325,4.28,4.644,11.32,3.325,0.031
23783,4.28,4.644,11.32,3.324,4.28,4.644,11.32,3.324,4.28,4.644,11.32,3.324,4.28,4.644,11.32,3.324,4.983
23784,4.28,4.644,11.32,3.324,4.28,4.644,11.32,3.324,4.28,4.644,11.32,3.324,4.28,4.644,11.32,3.324,0.029
23785,4.28,4.644,11.32,3.324,4.28,4.644,11.32,3.324,4.28,4.644,11.32,3.324,4.28,4.644,11.32,3.324,8.697
23786,4.28,4.644,11.32,3.324,4.28,4.644,11.32,3.324,4.28,4.644,11.32,3.324,4.28,4.644,11.32,3.324,10.05
23787,4.28,4.644,11.32,3.325,4.28,4.644,11.32,3.325,4.28,4.644,11.32,3.325,4.28,4.644,11.32,3.325,6.557
23788,4.281,4.644,11.32,3.325,4.281,4.644,11.32,3.325,4.281,4.644,11.32,3.325,4.281,4.644,11.32,3.325,8.034
23789,4.281,4.644,11.32,3.325,4.281,4.644,11.32,3.325,4.281,4.644,11.32,3.325,4.281,4.644,11.32,3.325,9.48
23790,4.281,4.644,11.32,3.325,4.281,4.644,11.32,3.325,4.281,4.644,11.32,3.325,4.281,4.644,11.32,3.325,4.599
23791,4.281,4.644,11.32,3.325,4.281,4.644,11.32,3.325,4.281,4.644,11.32,3.325,4.281,4.644,11.32,3.325,0.026
23792,4.281,4.644,11.32,3.325,4.281,4.644,11.32,3.325,4.281,4.644,11.32,3.325,4.281,4.644,11.32,3.325,19.952
23793,4.281,4.644,11.32,3.325,4.281,4.644,11.32,3.325,4.281,4.644,11.32,3.325,4.281,4.644,11.32,3.325,9.244
23794,4.281,4.644,11.32,3.325,4.281,4.644,11.32,3.325,4.281,4.644,11.32,3.325,4.281,4.644,11.32,3.325,0.03
23795,4.281,4.644,11.32,3.325,4.281,4.644,11.32,3.325,4.281,4.644,11.32,3.325,4.281,4.644,11.32,3.325,6.508
23796,4.281,4.644,11.32,3.325,4.281,4.644,11.32,3.325,4.281,4.644,11.32,3.325,4.281,4.644,11.32,3.325,0.015
23797,4.281,4.644,11.32,3.325,4.281,4.644,11.32,3.325,4.281,4.644,11.32,3.325,4.281,4.644,11.32,3.325,15.928
23798,4.281,4.644,11.32,3.325,4.281,4.644,11.32,3.325,4.281,4.644,11.32,3.325,4.281,4.644,11.32,3.325,5.306
23799,4.281,4.644,11.32,3.326,4.281,4.644,11.32,3.326,4.281,4.644,11.32,3.326,4.281,4.644,11.32,3.326,0.024
23800,4.281,4.644,11.32,3.326,4.281,4.644,11.32,3.326,4.281,4.644,11.32,3.326,4.281,4.644,11.32,3.326,6.265
23801,4.281,4.644,11.32,3.326,4.281,4.644,11.32,3.326,4.281,4.644,11.32,3.326,4.281,4.644,11.32,3.326,4.716
23802,4.281,4.644,11.32,3.326,4.281,4.644,11.32,3.326,4.281,4.644,11.32,3.326,4.281,4.644,11.32,3.326,6.668
23803,4.281,4.644,11.32,3.326,4.281,4.644,11.32,3.326,4.281,4.644,11.32,3.326,4.281,4.644,11.32,3.326,6.52
23804,4.281,4.644,11.32,3.326,4.281,4.644,11.32,3.326,4.281,4.644,11.32,3.326,4.281,4.644,11.32,3.326,7.607
23805,4.281,4.644,11.32,3.326,4.281,4.644,11.32,3.326,4.281,4.644,11.32,3.326,4.281,4.644,11.32,3.326,5.925
23806,4.281,4.644,11.32,3.325,4.281,4.644,11.32,3.325,4.281,4.644,11.32,3.325,4.281,4.644,11.32,3.325,10.903
23807,4.281,4.644,11.32,3.325,4.281,4.644,11.32,3.325,4.281,4.644,11.32,3.325,4.281,4.644,11.32,3.325,7.451
23808,4.281,4.644,11.32,3.325,4.281,4.644,11.32,3.325,4.281,4.644,11.32,3.325,4.281,4.644,11.32,3.325,5.927
23809,4.281,4.644,11.32,3.325,4.281,4.644,11.32,3.325,4.281,4.644,11.32,3.325,4.281,4.644,11.32,3.325,23.88
23810,4.281,4.644,11.32,3.325,4.281,4.644,11.32,3.325,4.281,4.644,11.32,3.325,4.281,4.644,11.32,3.325,8.344
23811,4.281,4.644,11.32,3.325,4.281,4.644,11.32,3.325,4.281,4.644,11.32,3.325,4.281,4.644,11.32,3.325,0.027
23812,4.281,4.644,11.32,3.325,4.281,4.644,11.32,3.325,4.281,4.644,11.32,3.325,4.281,4.644,11.32,3.325,0.004
23813,4.281,4.644,11.32,3.325,4.281,4.644,11.32,3.325,4.281,4.644,11.32,3.325,4.281,4.644,11.32,3.325,0.002
23814,4.281,4.644,11.32,3.325,4.281,4.644,11.32,3.325,4.281,4.644,11.32,3.325,4.281,4.644,11.32,3.325,36.492
23815,4.281,4.644,11.32,3.326,4.281,4.644,11.32,3.326,4.281,4.644,11.32,3.326,4.281,4.644,11.32,3.326,0.032
23816,4.281,4.644,11.32,3.326,4.281,4.644,11.32,3.326,4.281,4.644,11.32,3.326,4.281,4.644,11.32,3.326,0.004
23817,4.281,4.644,11.32,3.326,4.281,4.644,11.32,3.326,4.281,4.644,11.32,3.326,4.281,4.644,11.32,3.326,0.003
23818,4.281,4.644,11.32,3.326,4.281,4.644,11.32,3.326,4.281,4.644,11.32,3.326,4.281,4.644,11.32,3.326,0.002
23819,4.281,4.644,11.32,3.326,4.281,4.644,11.32,3.326,4.281,4.644,11.32,3.326,4.281,4.644,11.32,3.326,0.002
23820,4.281,4.644,11.32,3.326,4.281,4.644,11.32,3.326,4.281,4.644,11.32,3.326,4.281,4.644,11.32,3.326,4.358
23821,4.281,4.644,11.32,3.326,4.281,4.644,11.32,3.326,4.281,4.644,11.32,3.326,4.281,4.644,11.32,3.326,6.439
23822,4.281,4.644,11.32,3.326,4.281,4.644,11.32,3.326,4.281,4.644,11.32,3.326,4.281,4.644,11.32,3.326,16.933
23823,4.281,4.644,11.32,3.326,4.281,4.644,11.32,3.326,4.281,4.644,11.32,3.326,4.281,4.644,11.32,3.326,12.567
23824,4.281,4.644,11.32,3.326,4.281,4.644,11.32,3.326,4.281,4.644,11.32,3.326,4.281,4.644,11.32,3.326,0.029
23825,4.281,4.644,11.32,3.326,4.281,4.644,11.32,3.326,4.281,4.644,11.32,3.326,4.281,4.644,11.32,3.326,29.744
23826,4.281,4.644,11.32,3.326,4.281,4.644,11.32,3.326,4.281,4.644,11.32,3.326,4.281,4.644,11.32,3.326,0.033
23827,4.281,4.644,11.32,3.325,4.281,4.644,11.32,3.325,4.281,4.644,11.32,3.325,4.281,4.644,11.32,3.325,31.292
23828,4.281,4.644,11.32,3.325,4.281,4.644,11.32,3.325,4.281,4.644,11.32,3.325,4.281,4.644,11.32,3.325,0.027
23829,4.281,4.644,11.32,3.325,4.281,4.644,11.32,3.325,4.281,4.644,11.32,3.325,4.281,4.644,11.32,3.325,0.003
23830,4.281,4.644,11.32,3.325,4.281,4.644,11.32,3.325,4.281,4.644,11.32,3.325,4.281,4.644,11.32,3.325,0.001
23835,4.281,4.644,11.32,3.327,4.281,4.644,11.32,3.327,4.281,4.644,11.32,3.327,4.281,4.644,11.32,3.327,0.001
23836,4.281,4.644,11.32,3.327,4.281,4.644,11.32,3.327,4.281,4.644,11.32,3.327,4.281,4.644,11.32,3.327,0.001
23837,4.281,4.644,11.32,3.327,4.281,4.644,11.32,3.327,4.281,4.644,11.32,3.327,4.281,4.644,11.32,3.327,17.625
23838,4.282,4.644,11.32,3.327,4.282,4.644,11.32,3.327,4.282,4.644,11.32,3.327,4.282,4.644,11.32,3.327,30.091
23844,4.281,4.644,11.32,3.327,4.281,4.644,11.32,3.327,4.281,4.644,11.32,3.327,4.281,4.644,11.32,3.327,0.002
23845,4.281,4.644,11.32,3.326,4.281,4.644,11.32,3.326,4.281,4.644,11.32,3.326,4.281,4.644,11.32,3.326,0.002
23846,4.281,4.644,11.32,3.326,4.281,4.644,11.32,3.326,4.281,4.644,11.32,3.326,4.281,4.644,11.32,3.326,10.99
23847,4.281,4.644,11.32,3.326,4.281,4.644,11.32,3.326,4.281,4.644,11.32,3.326,4.281,4.644,11.32,3.326,0.018
23848,4.281,4.644,11.32,3.326,4.281,4.644,11.32,3.326,4.281,4.644,11.32,3.326,4.281,4.644,11.32,3.326,0.002
23849,4.281,4.644,11.32,3.326,4.281,4.644,11.32,3.326,4.281,4.644,11.32,3.326,4.281,4.644,11.32,3.326,0.001
23850,4.281,4.644,11.32,3.326,4.281,4.644,11.32,3.326,4.281,4.644,11.32,3.326,4.281,4.644,11.32,3.326,6.595
23851,4.281,4.644,11.32,3.326,4.281,4.644,11.32,3.326,4.281,4.644,11.32,3.326,4.281,4.644,11.32,3.326,0.027
23852,4.281,4.644,11.32,3.326,4.281,4.644,11.32,3.326,4.281,4.644,11.32,3.326,4.281,4.644,11.32,3.326,5.604
23853,4.281,4.644,11.32,3.325,4.281,4.644,11.32,3.325,4.281,4.644,11.32,3.325,4.281,4.644,11.32,3.325,5.903
23854,4.28,4.644,11.32,3.325,4.28,4.644,11.32,3.325,4.28,4.644,11.32,3.325,4.28,4.644,11.32,3.325,7.506
23855,4.28,4.644,11.32,3.325,4.28,4.644,11.32,3.325,4.28,4.644,11.32,3.325,4.28,4.644,11.32,3.325,7.54
23856,4.28,4.644,11.32,3.325,4.28,4.644,11.32,3.325,4.28,4.644,11.32,3.325,4.28,4.644,11.32,3.325,8.773
23857,4.28,4.644,11.32,3.325,4.28,4.644,11.32,3.325,4.28,4.644,11.32,3.325,4.28,4.644,11.32,3.325,6.174
23858,4.28,4.644,11.32,3.325,4.28,4.644,11.32,3.325,4.28,4.644,11.32,3.325,4.28,4.644,11.32,3.325,6.849
23859,4.28,4.644,11.32,3.325,4.28,4.644,11.32,3.325,4.28,4.644,11.32,3.325,4.28,4.644,11.32,3.325,20.307
23860,4.28,4.644,11.32,3.325,4.28,4.644,11.32,3.325,4.28,4.644,11.32,3.325,4.28,4.644,11.32,3.325,13.248
23861,4.28,4.644,11.32,3.325,4.28,4.644,11.32,3.325,4.28,4.644,11.32,3.325,4.28,4.644,11.32,3.325,0.028
23862,4.281,4.644,11.32,3.325,4.281,4.644,11.32,3.325,4.281,4.644,11.32,3.325,4.281,4.644,11.32,3.325,0.003
23863,4.281,4.644,11.32,3.325,4.281,4.644,11.32,3.325,4.281,4.644,11.32,3.325,4.281,4.644,11.32,3.325,7.12
23864,4.281,4.644,11.32,3.325,4.281,4.644,11.32,3.325,4.281,4.644,11.32,3.325,4.281,4.644,11.32,3.325,0.028
23865,4.281,4.644,11.32,3.323,4.281,4.644,11.32,3.323,4.281,4.644,11.32,3.323,4.281,4.644,11.32,3.323,8.184
23866,4.28,4.644,11.32,3.323,4.28,4.644,11.32,3.323,4.28,4.644,11.32,3.323,4.28,4.644,11.32,3.323,10.099
23867,4.28,4.644,11.32,3.323,4.28,4.644,11.32,3.323,4.28,4.644,11.32,3.323,4.28,4.644,11.32,3.323,9.84
23868,4.28,4.644,11.32,3.323,4.28,4.644,11.32,3.323,4.28,4.644,11.32,3.323,4.28,4.644,11.32,3.323,0.037
23869,4.28,4.644,11.32,3.323,4.28,4.644,11.32,3.323,4.28,4.644,11.32,3.323,4.28,4.644,11.32,3.323,6.386
23870,4.28,4.644,11.32,3.323,4.28,4.644,11.32,3.323,4.28,4.644,11.32,3.323,4.28,4.644,11.32,3.323,7.818
23871,4.28,4.644,11.32,3.323,4.28,4.644,11.32,3.323,4.28,4.644,11.32,3.323,4.28,4.644,11.32,3.323,7.836
23872,4.28,4.644,11.32,3.328,4.28,4.644,11.32,3.328,4.28,4.644,11.32,3.328,4.28,4.644,11.32,3.328,6.866
23873,4.28,4.644,11.32,3.328,4.28,4.644,11.32,3.328,4.28,4.644,11.32,3.328,4.28,4.644,11.32,3.328,4.337
23874,4.281,4.644,11.32,3.328,4.281,4.644,11.32,3.328,4.281,4.644,11.32,3.328,4.281,4.644,11.32,3.328,6.67
23879,4.28,4.643,11.32,3.326,4.28,4.643,11.32,3.326,4.28,4.643,11.32,3.326,4.28,4.643,11.32,3.326,8.885
23880,4.28,4.643,11.32,3.323,4.28,4.643,11.32,3.323,4.28,4.643,11.32,3.323,4.28,4.643,11.32,3.323,0.032
23881,4.28,4.643,11.32,3.323,4.28,4.643,11.32,3.323,4.28,4.643,11.32,3.323,4.28,4.643,11.32,3.323,4.568
23882,4.283,4.644,11.32,3.323,4.283,4.644,11.32,3.323,4.283,4.644,11.32,3.323,4.283,4.644,11.32,3.323,7.243
23883,4.283,4.644,11.32,3.323,4.283,4.644,11.32,3.323,4.283,4.644,11.32,3.323,4.283,4.644,11.32,3.323,6.721
23884,4.283,4.644,11.32,3.327,4.283,4.644,11.32,3.327,4.283,4.644,11.32,3.327,4.283,4.644,11.32,3.327,5.731
23885,4.279,4.644,11.32,3.327,4.279,4.644,11.32,3.327,4.279,4.644,11.32,3.327,4.279,4.644,11.32,3.327,17.256
23886,4.279,4.642,11.32,3.327,4.279,4.642,11.32,3.327,4.279,4.642,11.32,3.327,4.279,4.642,11.32,3.327,7.6
23887,4.279,4.642,11.32,3.327,4.279,4.642,11.32,3.327,4.279,4.642,11.32,3.327,4.279,4.642,11.32,3.327,0.028
23888,4.279,4.642,11.32,3.324,4.279,4.642,11.32,3.324,4.279,4.642,11.32,3.324,4.279,4.642,11.32,3.324,5.321
23889,4.279,4.642,11.32,3.324,4.279,4.642,11.32,3.324,4.279,4.642,11.32,3.324,4.279,4.642,11.32,3.324,6.89
23890,4.277,4.642,11.32,3.324,4.277,4.642,11.32,3.324,4.277,4.642,11.32,3.324,4.277,4.642,11.32,3.324,10.859
23895,4.278,4.644,11.32,3.327,4.278,4.644,11.32,3.327,4.278,4.644,11.32,3.327,4.278,4.644,11.32,3.327,0.015
23896,4.278,4.644,11.32,3.327,4.278,4.644,11.32,3.327,4.278,4.644,11.32,3.327,4.278,4.644,11.32,3.327,0.003
23897,4.281,4.644,11.32,3.327,4.281,4.644,11.32,3.327,4.281,4.644,11.32,3.327,4.281,4.644,11.32,3.327,0.002
23898,4.281,4.643,11.32,3.327,4.281,4.643,11.32,3.327,4.281,4.643,11.32,3.327,4.281,4.643,11.32,3.327,7.942
23899,4.281,4.643,11.32,3.327,4.281,4.643,11.32,3.327,4.281,4.643,11.32,3.327,4.281,4.643,11.32,3.327,9.23
23900,4.281,4.643,11.32,3.325,4.281,4.643,11.32,3.325,4.281,4.643,11.32,3.325,4.281,4.643,11.32,3.325,22.756
23901,4.281,4.643,11.32,3.325,4.281,4.643,11.32,3.325,4.281,4.643,11.32,3.325,4.281,4.643,11.32,3.325,19.247
23902,4.281,4.642,11.32,3.325,4.281,4.642,11.32,3.325,4.281,4.642,11.32,3.325,4.281,4.642,11.32,3.325,0.048
23903,4.281,4.642,11.32,3.325,4.281,4.642,11.32,3.325,4.281,4.642,11.32,3.325,4.281,4.642,11.32,3.325,0.003
23904,4.281,4.642,11.32,3.323,4.281,4.642,11.32,3.323,4.281,4.642,11.32,3.323,4.281,4.642,11.32,3.323,0.002
23905,4.278,4.642,11.32,3.323,4.278,4.642,11.32,3.323,4.278,4.642,11.32,3.323,4.278,4.642,11.32,3.323,25.578
23906,4.278,4.643,11.32,3.323,4.278,4.643,11.32,3.323,4.278,4.643,11.32,3.323,4.278,4.643,11.32,3.323,0.032
23907,4.278,4.643,11.32,3.323,4.278,4.643,11.32,3.323,4.278,4.643,11.32,3.323,4.278,4.643,11.32,3.323,0.003
23908,4.278,4.643,11.32,3.333,4.278,4.643,11.32,3.333,4.278,4.643,11.32,3.333,4.278,4.643,11.32,3.333,31.146
23909,4.278,4.643,11.32,3.333,4.278,4.643,11.32,3.333,4.278,4.643,11.32,3.333,4.278,4.643,11.32,3.333,0.044
23910,4.279,4.643,11.32,3.333,4.279,4.643,11.32,3.333,4.279,4.643,11.32,3.333,4.279,4.643,11.32,3.333,0.003
23911,4.279,4.643,11.32,3.333,4.279,4.643,11.32,3.333,4.279,4.643,11.32,3.333,4.279,4.643,11.32,3.333,0.002
23912,4.279,4.643,11.32,3.337,4.279,4.643,11.32,3.337,4.279,4.643,11.32,3.337,4.279,4.643,11.32,3.337,9.671
23913,4.279,4.643,11.32,3.337,4.279,4.643,11.32,3.337,4.279,4.643,11.32,3.337,4.279,4.643,11.32,3.337,0.023
23914,4.281,4.643,11.32,3.337,4.281,4.643,11.32,3.337,4.281,4.643,11.32,3.337,4.281,4.643,11.32,3.337,0.003
23915,4.281,4.646,11.32,3.337,4.281,4.646,11.32,3.337,4.281,4.646,11.32,3.337,4.281,4.646,11.32,3.337,0.002
23916,4.281,4.646,11.32,3.337,4.281,4.646,11.32,3.337,4.281,4.646,11.32,3.337,4.281,4.646,11.32,3.337,0.001
23917,4.281,4.646,11.32,3.339,4.281,4.646,11.32,3.339,4.281,4.646,11.32,3.339,4.281,4.646,11.32,3.339,8.024
23918,4.277,4.646,11.32,3.339,4.277,4.646,11.32,3.339,4.277,4.646,11.32,3.339,4.277,4.646,11.32,3.339,5.843
23919,4.277,4.643,11.32,3.339,4.277,4.643,11.32,3.339,4.277,4.643,11.32,3.339,4.277,4.643,11.32,3.339,5.883
23924,4.275,4.644,11.32,3.322,4.275,4.644,11.32,3.322,4.275,4.644,11.32,3.322,4.275,4.644,11.32,3.322,36.115
23925,4.275,4.644,11.32,3.33,4.275,4.644,11.32,3.33,4.275,4.644,11.32,3.33,4.275,4.644,11.32,3.33,0.027
23926,4.291,4.644,11.32,3.33,4.291,4.644,11.32,3.33,4.291,4.644,11.32,3.33,4.291,4.644,11.32,3.33,9.423
23927,4.291,4.644,11.32,3.33,4.291,4.644,11.32,3.33,4.291,4.644,11.32,3.33,4.291,4.644,11.32,3.33,0.031
23928,4.291,4.644,11.32,3.33,4.291,4.644,11.32,3.33,4.291,4.644,11.32,3.33,4.291,4.644,11.32,3.33,0.004
23929,4.291,4.644,11.32,3.354,4.291,4.644,11.32,3.354,4.291,4.644,11.32,3.354,4.291,4.644,11.32,3.354,0.002
23930,4.291,4.644,11.32,3.354,4.291,4.644,11.32,3.354,4.291,4.644,11.32,3.354,4.291,4.644,11.32,3.354,0.002
23931,4.29,4.644,11.32,3.354,4.29,4.644,11.32,3.354,4.29,4.644,11.32,3.354,4.29,4.644,11.32,3.354,0.002
23932,4.29,4.646,11.32,3.354,4.29,4.646,11.32,3.354,4.29,4.646,11.32,3.354,4.29,4.646,11.32,3.354,5.851
23933,4.29,4.646,11.32,3.357,4.29,4.646,11.32,3.357,4.29,4.646,11.32,3.357,4.29,4.646,11.32,3.357,8.669
23934,4.29,4.646,11.32,3.357,4.29,4.646,11.32,3.357,4.29,4.646,11.32,3.357,4.29,4.646,11.32,3.357,5.88
23935,4.287,4.646,11.32,3.357,4.287,4.646,11.32,3.357,4.287,4.646,11.32,3.357,4.287,4.646,11.32,3.357,6.668
23936,4.287,4.646,11.32,3.357,4.287,4.646,11.32,3.357,4.287,4.646,11.32,3.357,4.287,4.646,11.32,3.357,9.523
23937,4.287,4.646,11.32,3.355,4.287,4.646,11.32,3.355,4.287,4.646,11.32,3.355,4.287,4.646,11.32,3.355,7.537
23938,4.287,4.646,11.32,3.355,4.287,4.646,11.32,3.355,4.287,4.646,11.32,3.355,4.287,4.646,11.32,3.355,12.365
23939,4.284,4.645,11.32,3.355,4.284,4.645,11.32,3.355,4.284,4.645,11.32,3.355,4.284,4.645,11.32,3.355,6.753
23940,4.284,4.645,11.32,3.355,4.284,4.645,11.32,3.355,4.284,4.645,11.32,3.355,4.284,4.645,11.32,3.355,0.028
23941,4.284,4.645,11.32,3.348,4.284,4.645,11.32,3.348,4.284,4.645,11.32,3.348,4.284,4.645,11.32,3.348,8.403
23942,4.284,4.645,11.32,3.348,4.284,4.645,11.32,3.348,4.284,4.645,11.32,3.348,4.284,4.645,11.32,3.348,6.597
23943,4.284,4.645,11.32,3.348,4.284,4.645,11.32,3.348,4.284,4.645,11.32,3.348,4.284,4.645,11.32,3.348,6.911
23944,4.284,4.645,11.32,3.348,4.284,4.645,11.32,3.348,4.284,4.645,11.32,3.348,4.284,4.645,11.32,3.348,5.636
23945,4.284,4.645,11.32,3.342,4.284,4.645,11.32,3.342,4.284,4.645,11.32,3.342,4.284,4.645,11.32,3.342,9.521
23946,4.283,4.645,11.32,3.342,4.283,4.645,11.32,3.342,4.283,4.645,11.32,3.342,4.283,4.645,11.32,3.342,5.558
23947,4.283,4.644,11.32,3.342,4.283,4.644,11.32,3.342,4.283,4.644,11.32,3.342,4.283,4.644,11.32,3.342,6.557
23948,4.283,4.644,11.32,3.33,4.283,4.644,11.32,3.33,4.283,4.644,11.32,3.33,4.283,4.644,11.32,3.33,5.783
23949,4.283,4.644,11.32,3.33,4.283,4.644,11.32,3.33,4.283,4.644,11.32,3.33,4.283,4.644,11.32,3.33,5.079
23950,4.28,4.644,11.32,3.33,4.28,4.644,11.32,3.33,4.28,4.644,11.32,3.33,4.28,4.644,11.32,3.33,6.955
23951,4.28,4.644,11.32,3.33,4.28,4.644,11.32,3.33,4.28,4.644,11.32,3.33,4.28,4.644,11.32,3.33,7.119
23952,4.28,4.644,11.32,3.323,4.28,4.644,11.32,3.323,4.28,4.644,11.32,3.323,4.28,4.644,11.32,3.323,10.402
23953,4.28,4.644,11.32,3.323,4.28,4.644,11.32,3.323,4.28,4.644,11.32,3.323,4.28,4.644,11.32,3.323,4.44
23954,4.279,4.643,11.32,3.323,4.279,4.643,11.32,3.323,4.279,4.643,11.32,3.323,4.279,4.643,11.32,3.323,7.108
23955,4.279,4.643,11.32,3.323,4.279,4.643,11.32,3.323,4.279,4.643,11.32,3.323,4.279,4.643,11.32,3.323,7.239
23956,4.279,4.643,11.32,3.32,4.279,4.643,11.32,3.32,4.279,4.643,11.32,3.32,4.279,4.643,11.32,3.32,6.233
23957,4.277,4.643,11.32,3.32,4.277,4.643,11.32,3.32,4.277,4.643,11.32,3.32,4.277,4.643,11.32,3.32,7.418
23958,4.277,4.643,11.32,3.32,4.277,4.643,11.32,3.32,4.277,4.643,11.32,3.32,4.277,4.643,11.32,3.32,7.227
23959,4.277,4.643,11.32,3.32,4.277,4.643,11.32,3.32,4.277,4.643,11.32,3.32,4.277,4.643,11.32,3.32,7.044
23960,4.277,4.643,11.32,3.323,4.277,4.643,11.32,3.323,4.277,4.643,11.32,3.323,4.277,4.643,11.32,3.323,7.097
23961,4.279,4.643,11.32,3.323,4.279,4.643,11.32,3.323,4.279,4.643,11.32,3.323,4.279,4.643,11.32,3.323,9.65
23962,4.279,4.643,11.32,3.323,4.279,4.643,11.32,3.323,4.279,4.643,11.32,3.323,4.279,4.643,11.32,3.323,7.595
23963,4.279,4.643,11.32,3.323,4.279,4.643,11.32,3.323,4.279,4.643,11.32,3.323,4.279,4.643,11.32,3.323,4.577
23964,4.279,4.643,11.32,3.331,4.279,4.643,11.32,3.331,4.279,4.643,11.32,3.331,4.279,4.643,11.32,3.331,6.4
23965,4.285,4.643,11.32,3.331,4.285,4.643,11.32,3.331,4.285,4.643,11.32,3.331,4.285,4.643,11.32,3.331,6.931
23966,4.285,4.645,11.32,3.331,4.285,4.645,11.32,3.331,4.285,4.645,11.32,3.331,4.285,4.645,11.32,3.331,7.141
23967,4.285,4.645,11.32,3.333,4.285,4.645,11.32,3.333,4.285,4.645,11.32,3.333,4.285,4.645,11.32,3.333,8.487
23968,4.285,4.645,11.32,3.333,4.285,4.645,11.32,3.333,4.285,4.645,11.32,3.333,4.285,4.645,11.32,3.333,5.863
23969,4.285,4.645,11.32,3.333,4.285,4.645,11.32,3.333,4.285,4.645,11.32,3.333,4.285,4.645,11.32,3.333,10.022
23970,4.285,4.645,11.32,3.333,4.285,4.645,11.32,3.333,4.285,4.645,11.32,3.333,4.285,4.645,11.32,3.333,4.298
23971,4.285,4.645,11.32,3.332,4.285,4.645,11.32,3.332,4.285,4.645,11.32,3.332,4.285,4.645,11.32,3.332,7.252
23972,4.282,4.645,11.32,3.332,4.282,4.645,11.32,3.332,4.282,4.645,11.32,3.332,4.282,4.645,11.32,3.332,7.174
23973,4.282,4.643,11.32,3.332,4.282,4.643,11.32,3.332,4.282,4.643,11.32,3.332,4.282,4.643,11.32,3.332,24.071
23974,4.282,4.643,11.32,3.332,4.282,4.643,11.32,3.332,4.282,4.643,11.32,3.332,4.282,4.643,11.32,3.332,8.396
23975,4.282,4.643,11.32,3.333,4.282,4.643,11.32,3.333,4.282,4.643,11.32,3.333,4.282,4.643,11.32,3.333,0.028
23976,4.282,4.643,11.32,3.333,4.282,4.643,11.32,3.333,4.282,4.643,11.32,3.333,4.282,4.643,11.32,3.333,0.004
23977,4.285,4.643,11.32,3.333,4.285,4.643,11.32,3.333,4.285,4.643,11.32,3.333,4.285,4.643,11.32,3.333,11.209
23978,4.285,4.643,11.32,3.333,4.285,4.643,11.32,3.333,4.285,4.643,11.32,3.333,4.285,4.643,11.32,3.333,4.356
23979,4.285,4.643,11.32,3.333,4.285,4.643,11.32,3.333,4.285,4.643,11.32,3.333,4.285,4.643,11.32,3.333,4.456
23980,4.281,4.643,11.32,3.333,4.281,4.643,11.32,3.333,4.281,4.643,11.32,3.333,4.281,4.643,11.32,3.333,5.77
23981,4.281,4.642,11.32,3.333,4.281,4.642,11.32,3.333,4.281,4.642,11.32,3.333,4.281,4.642,11.32,3.333,7.493
23982,4.281,4.642,11.32,3.334,4.281,4.642,11.32,3.334,4.281,4.642,11.32,3.334,4.281,4.642,11.32,3.334,15.439
23983,4.281,4.642,11.32,3.334,4.281,4.642,11.32,3.334,4.281,4.642,11.32,3.334,4.281,4.642,11.32,3.334,19.667
23984,4.279,4.642,11.32,3.334,4.279,4.642,11.32,3.334,4.279,4.642,11.32,3.334,4.279,4.642,11.32,3.334,0.028
23989,4.28,4.643,11.32,3.328,4.28,4.643,11.32,3.328,4.28,4.643,11.32,3.328,4.28,4.643,11.32,3.328,7.907
23990,4.28,4.643,11.32,3.324,4.28,4.643,11.32,3.324,4.28,4.643,11.32,3.324,4.28,4.643,11.32,3.324,7.479
23991,4.28,4.643,11.32,3.324,4.28,4.643,11.32,3.324,4.28,4.643,11.32,3.324,4.28,4.643,11.32,3.324,6.228
23992,4.281,4.643,11.32,3.324,4.281,4.643,11.32,3.324,4.281,4.643,11.32,3.324,4.281,4.643,11.32,3.324,9.224
23993,4.281,4.645,11.32,3.324,4.281,4.645,11.32,3.324,4.281,4.645,11.32,3.324,4.281,4.645,11.32,3.324,6.274
23994,4.281,4.645,11.32,3.312,4.281,4.645,11.32,3.312,4.281,4.645,11.32,3.312,4.281,4.645,11.32,3.312,6.695
23995,4.28,4.645,11.32,3.312,4.28,4.645,11.32,3.312,4.28,4.645,11.32,3.312,4.28,4.645,11.32,3.312,8.489
23996,4.28,4.639,11.32,3.312,4.28,4.639,11.32,3.312,4.28,4.639,11.32,3.312,4.28,4.639,11.32,3.312,14.019
23997,4.28,4.639,11.32,3.312,4.28,4.639,11.32,3.312,4.28,4.639,11.32,3.312,4.28,4.639,11.32,3.312,8.465
23998,4.28,4.639,11.32,3.293,4.28,4.639,11.32,3.293,4.28,4.639,11.32,3.293,4.28,4.639,11.32,3.293,0.031
23999,4.273,4.639,11.32,3.293,4.273,4.639,11.32,3.293,4.273,4.639,11.32,3.293,4.273,4.639,11.32,3.293,6.673
24000,4.273,4.64,11.32,3.293,4.273,4.64,11.32,3.293,4.273,4.64,11.32,3.293,4.273,4.64,11.32,3.293,7.889
24001,4.273,4.64,11.32,3.293,4.273,4.64,11.32,3.293,4.273,4.64,11.32,3.293,4.273,4.64,11.32,3.293,16.761
24002,4.273,4.64,11.32,3.305,4.273,4.64,11.32,3.305,4.273,4.64,11.32,3.305,4.273,4.64,11.32,3.305,12.633
24003,4.274,4.64,11.32,3.305,4.274,4.64,11.32,3.305,4.274,4.64,11.32,3.305,4.274,4.64,11.32,3.305,0.074
24004,4.274,4.641,11.32,3.305,4.274,4.641,11.32,3.305,4.274,4.641,11.32,3.305,4.274,4.641,11.32,3.305,0.005
24005,4.274,4.641,11.32,3.305,4.274,4.641,11.32,3.305,4.274,4.641,11.32,3.305,4.274,4.641,11.32,3.305,29.079
24006,4.274,4.641,11.32,3.314,4.274,4.641,11.32,3.314,4.274,4.641,11.32,3.314,4.274,4.641,11.32,3.314,0.032
24007,4.276,4.641,11.32,3.314,4.276,4.641,11.32,3.314,4.276,4.641,11.32,3.314,4.276,4.641,11.32,3.314,0.003
24008,4.276,4.643,11.32,3.314,4.276,4.643,11.32,3.314,4.276,4.643,11.32,3.314,4.276,4.643,11.32,3.314,0.002
24009,4.276,4.643,11.32,3.314,4.276,4.643,11.32,3.314,4.276,4.643,11.32,3.314,4.276,4.643,11.32,3.314,0.002
24010,4.276,4.643,11.32,3.316,4.276,4.643,11.32,3.316,4.276,4.643,11.32,3.316,4.276,4.643,11.32,3.316,15.016
24011,4.276,4.643,11.32,3.316,4.276,4.643,11.32,3.316,4.276,4.643,11.32,3.316,4.276,4.643,11.32,3.316,14.047
24012,4.276,4.643,11.32,3.316,4.276,4.643,11.32,3.316,4.276,4.643,11.32,3.316,4.276,4.643,11.32,3.316,0.055
24013,4.276,4.643,11.32,3.316,4.276,4.643,11.32,3.316,4.276,4.643,11.32,3.316,4.276,4.643,11.32,3.316,0.006
24014,4.276,4.643,11.32,3.314,4.276,4.643,11.32,3.314,4.276,4.643,11.32,3.314,4.276,4.643,11.32,3.314,9.417
24015,4.276,4.643,11.32,3.314,4.276,4.643,11.32,3.314,4.276,4.643,11.32,3.314,4.276,4.643,11.32,3.314,0.029
24016,4.276,4.643,11.32,3.314,4.276,4.643,11.32,3.314,4.276,4.643,11.32,3.314,4.276,4.643,11.32,3.314,8.381
24017,4.276,4.644,11.32,3.314,4.276,4.644,11.32,3.314,4.276,4.644,11.32,3.314,4.276,4.644,11.32,3.314,6.861
24018,4.276,4.644,11.32,3.32,4.276,4.644,11.32,3.32,4.276,4.644,11.32,3.32,4.276,4.644,11.32,3.32,6.26
24019,4.276,4.644,11.32,3.32,4.276,4.644,11.32,3.32,4.276,4.644,11.32,3.32,4.276,4.644,11.32,3.32,8.164
24020,4.279,4.643,11.32,3.32,4.279,4.643,11.32,3.32,4.279,4.643,11.32,3.32,4.279,4.643,11.32,3.32,6.794
24021,4.279,4.643,11.32,3.32,4.279,4.643,11.32,3.32,4.279,4.643,11.32,3.32,4.279,4.643,11.32,3.32,5.97
24022,4.279,4.643,11.32,3.327,4.279,4.643,11.32,3.327,4.279,4.643,11.32,3.327,4.279,4.643,11.32,3.327,6.399
24023,4.28,4.643,11.32,3.327,4.28,4.643,11.32,3.327,4.28,4.643,11.32,3.327,4.28,4.643,11.32,3.327,7.875
24024,4.28,4.643,11.32,3.327,4.28,4.643,11.32,3.327,4.28,4.643,11.32,3.327,4.28,4.643,11.32,3.327,13.647
24025,4.28,4.643,11.32,3.327,4.28,4.643,11.32,3.327,4.28,4.643,11.32,3.327,4.28,4.643,11.32,3.327,6.834
24026,4.28,4.643,11.32,3.327,4.28,4.643,11.32,3.327,4.28,4.643,11.32,3.327,4.28,4.643,11.32,3.327,0.022
24027,4.28,4.643,11.32,3.327,4.28,4.643,11.32,3.327,4.28,4.643,11.32,3.327,4.28,4.643,11.32,3.327,9.956
24028,4.28,4.643,11.32,3.327,4.28,4.643,11.32,3.327,4.28,4.643,11.32,3.327,4.28,4.643,11.32,3.327,0.031
24029,4.28,4.643,11.32,3.327,4.28,4.643,11.32,3.327,4.28,4.643,11.32,3.327,4.28,4.643,11.32,3.327,9.246
24030,4.28,4.643,11.32,3.322,4.28,4.643,11.32,3.322,4.28,4.643,11.32,3.322,4.28,4.643,11.32,3.322,6.511
24031,4.28,4.643,11.32,3.322,4.28,4.643,11.32,3.322,4.28,4.643,11.32,3.322,4.28,4.643,11.32,3.322,10.085
24032,4.28,4.643,11.32,3.322,4.28,4.643,11.32,3.322,4.28,4.643,11.32,3.322,4.28,4.643,11.32,3.322,17.224
24033,4.28,4.643,11.32,3.322,4.28,4.643,11.32,3.322,4.28,4.643,11.32,3.322,4.28,4.643,11.32,3.322,34.07
24034,4.28,4.643,11.32,3.33,4.28,4.643,11.32,3.33,4.28,4.643,11.32,3.33,4.28,4.643,11.32,3.33,0.028
24035,4.281,4.643,11.32,3.33,4.281,4.643,11.32,3.33,4.281,4.643,11.32,3.33,4.281,4.643,11.32,3.33,0.002
24036,4.281,4.644,11.32,3.33,4.281,4.644,11.32,3.33,4.281,4.644,11.32,3.33,4.281,4.644,11.32,3.33,6.781
24037,4.281,4.644,11.32,3.33,4.281,4.644,11.32,3.33,4.281,4.644,11.32,3.33,4.281,4.644,11.32,3.33,0.026
24038,4.281,4.644,11.32,3.328,4.281,4.644,11.32,3.328,4.281,4.644,11.32,3.328,4.281,4.644,11.32,3.328,0.002
24039,4.28,4.644,11.32,3.328,4.28,4.644,11.32,3.328,4.28,4.644,11.32,3.328,4.28,4.644,11.32,3.328,0.002
24040,4.28,4.642,11.32,3.328,4.28,4.642,11.32,3.328,4.28,4.642,11.32,3.328,4.28,4.642,11.32,3.328,0.001
24045,4.276,4.644,11.32,3.321,4.276,4.644,11.32,3.321,4.276,4.644,11.32,3.321,4.276,4.644,11.32,3.321,8.411
24046,4.276,4.644,11.32,3.322,4.276,4.644,11.32,3.322,4.276,4.644,11.32,3.322,4.276,4.644,11.32,3.322,5.697
24047,4.276,4.644,11.32,3.322,4.276,4.644,11.32,3.322,4.276,4.644,11.32,3.322,4.276,4.644,11.32,3.322,7.879
24048,4.276,4.646,11.32,3.322,4.276,4.646,11.32,3.322,4.276,4.646,11.32,3.322,4.276,4.646,11.32,3.322,6.887
24049,4.276,4.646,11.32,3.322,4.276,4.646,11.32,3.322,4.276,4.646,11.32,3.322,4.276,4.646,11.32,3.322,8.202
24050,4.276,4.646,11.32,3.319,4.276,4.646,11.32,3.319,4.276,4.646,11.32,3.319,4.276,4.646,11.32,3.319,5.107
24051,4.274,4.646,11.32,3.319,4.274,4.646,11.32,3.319,4.274,4.646,11.32,3.319,4.274,4.646,11.32,3.319,12.355
24052,4.274,4.643,11.32,3.319,4.274,4.643,11.32,3.319,4.274,4.643,11.32,3.319,4.274,4.643,11.32,3.319,4.296
24053,4.274,4.643,11.32,3.319,4.274,4.643,11.32,3.319,4.274,4.643,11.32,3.319,4.274,4.643,11.32,3.319,6.674
24054,4.274,4.643,11.32,3.316,4.274,4.643,11.32,3.316,4.274,4.643,11.32,3.316,4.274,4.643,11.32,3.316,5.4
24055,4.276,4.643,11.32,3.316,4.276,4.643,11.32,3.316,4.276,4.643,11.32,3.316,4.276,4.643,11.32,3.316,7.132
24056,4.276,4.644,11.32,3.316,4.276,4.644,11.32,3.316,4.276,4.644,11.32,3.316,4.276,4.644,11.32,3.316,7.491
24057,4.276,4.644,11.32,3.32,4.276,4.644,11.32,3.32,4.276,4.644,11.32,3.32,4.276,4.644,11.32,3.32,8.381
24058,4.276,4.644,11.32,3.32,4.276,4.644,11.32,3.32,4.276,4.644,11.32,3.32,4.276,4.644,11.32,3.32,22.373
24059,4.279,4.644,11.32,3.32,4.279,4.644,11.32,3.32,4.279,4.644,11.32,3.32,4.279,4.644,11.32,3.32,9.641
24060,4.279,4.645,11.32,3.32,4.279,4.645,11.32,3.32,4.279,4.645,11.32,3.32,4.279,4.645,11.32,3.32,0.031
24061,4.279,4.645,11.32,3.32,4.279,4.645,11.32,3.32,4.279,4.645,11.32,3.32,4.279,4.645,11.32,3.32,0.003
24062,4.279,4.645,11.32,3.32,4.279,4.645,11.32,3.32,4.279,4.645,11.32,3.32,4.279,4.645,11.32,3.32,7.552
24063,4.279,4.645,11.32,3.32,4.279,4.645,11.32,3.32,4.279,4.645,11.32,3.32,4.279,4.645,11.32,3.32,6.591
24064,4.279,4.644,11.32,3.32,4.279,4.644,11.32,3.32,4.279,4.644,11.32,3.32,4.279,4.644,11.32,3.32,5.786
24065,4.279,4.644,11.32,3.325,4.279,4.644,11.32,3.325,4.279,4.644,11.32,3.325,4.279,4.644,11.32,3.325,5.71
24066,4.279,4.644,11.32,3.325,4.279,4.644,11.32,3.325,4.279,4.644,11.32,3.325,4.279,4.644,11.32,3.325,6.082
24067,4.281,4.644,11.32,3.325,4.281,4.644,11.32,3.325,4.281,4.644,11.32,3.325,4.281,4.644,11.32,3.325,6.132
24072,4.28,4.644,11.32,3.326,4.28,4.644,11.32,3.326,4.28,4.644,11.32,3.326,4.28,4.644,11.32,3.326,7.408
24073,4.28,4.644,11.32,3.326,4.28,4.644,11.32,3.326,4.28,4.644,11.32,3.326,4.28,4.644,11.32,3.326,11.998
24074,4.281,4.644,11.32,3.326,4.281,4.644,11.32,3.326,4.281,4.644,11.32,3.326,4.281,4.644,11.32,3.326,5.896
24075,4.281,4.644,11.32,3.326,4.281,4.644,11.32,3.326,4.281,4.644,11.32,3.326,4.281,4.644,11.32,3.326,7.754
24076,4.281,4.644,11.32,3.328,4.281,4.644,11.32,3.328,4.281,4.644,11.32,3.328,4.281,4.644,11.32,3.328,7.238
24077,4.281,4.644,11.32,3.328,4.281,4.644,11.32,3.328,4.281,4.644,11.32,3.328,4.281,4.644,11.32,3.328,6.293
24078,4.281,4.644,11.32,3.328,4.281,4.644,11.32,3.328,4.281,4.644,11.32,3.328,4.281,4.644,11.32,3.328,7.682
24079,4.281,4.644,11.32,3.328,4.281,4.644,11.32,3.328,4.281,4.644,11.32,3.328,4.281,4.644,11.32,3.328,6.248
24080,4.281,4.644,11.32,3.325,4.281,4.644,11.32,3.325,4.281,4.644,11.32,3.325,4.281,4.644,11.32,3.325,6.258
24081,4.281,4.644,11.32,3.325,4.281,4.644,11.32,3.325,4.281,4.644,11.32,3.325,4.281,4.644,11.32,3.325,6.934
24082,4.281,4.644,11.32,3.325,4.281,4.644,11.32,3.325,4.281,4.644,11.32,3.325,4.281,4.644,11.32,3.325,7.13
24096,4.276,4.644,11.32,3.32,4.276,4.644,11.32,3.32,4.276,4.644,11.32,3.32,4.276,4.644,11.32,3.32,6.569
24097,4.276,4.644,11.32,3.323,4.276,4.644,11.32,3.323,4.276,4.644,11.32,3.323,4.276,4.644,11.32,3.323,4.839
24098,4.277,4.644,11.32,3.323,4.277,4.644,11.32,3.323,4.277,4.644,11.32,3.323,4.277,4.644,11.32,3.323,5.059
24099,4.277,4.643,11.32,3.323,4.277,4.643,11.32,3.323,4.277,4.643,11.32,3.323,4.277,4.643,11.32,3.323,7.219
24100,4.277,4.643,11.32,3.322,4.277,4.643,11.32,3.322,4.277,4.643,11.32,3.322,4.277,4.643,11.32,3.322,6.892
24101,4.277,4.643,11.32,3.322,4.277,4.643,11.32,3.322,4.277,4.643,11.32,3.322,4.277,4.643,11.32,3.322,7.486
24102,4.28,4.643,11.32,3.322,4.28,4.643,11.32,3.322,4.28,4.643,11.32,3.322,4.28,4.643,11.32,3.322,6.736
24103,4.28,4.642,11.32,3.322,4.28,4.642,11.32,3.322,4.28,4.642,11.32,3.322,4.28,4.642,11.32,3.322,19.044
24104,4.28,4.642,11.32,3.322,4.28,4.642,11.32,3.322,4.28,4.642,11.32,3.322,4.28,4.642,11.32,3.322,5.371
24105,4.28,4.642,11.32,3.322,4.28,4.642,11.32,3.322,4.28,4.642,11.32,3.322,4.28,4.642,11.32,3.322,0.028
24106,4.281,4.642,11.32,3.322,4.281,4.642,11.32,3.322,4.281,4.642,11.32,3.322,4.281,4.642,11.32,3.322,4.489
24107,4.281,4.643,11.32,3.322,4.281,4.643,11.32,3.322,4.281,4.643,11.32,3.322,4.281,4.643,11.32,3.322,6.112
24108,4.281,4.643,11.32,3.323,4.281,4.643,11.32,3.323,4.281,4.643,11.32,3.323,4.281,4.643,11.32,3.323,7.193
24109,4.279,4.643,11.32,3.323,4.279,4.643,11.32,3.323,4.279,4.643,11.32,3.323,4.279,4.643,11.32,3.323,7.348
24110,4.279,4.642,11.32,3.323,4.279,4.642,11.32,3.323,4.279,4.642,11.32,3.323,4.279,4.642,11.32,3.323,6.984
24111,4.279,4.642,11.32,3.323,4.279,4.642,11.32,3.323,4.279,4.642,11.32,3.323,4.279,4.642,11.32,3.323,6.916
24112,4.279,4.642,11.32,3.327,4.279,4.642,11.32,3.327,4.279,4.642,11.32,3.327,4.279,4.642,11.32,3.327,7.152
24113,4.278,4.642,11.32,3.327,4.278,4.642,11.32,3.327,4.278,4.642,11.32,3.327,4.278,4.642,11.32,3.327,9.499
24114,4.278,4.643,11.32,3.327,4.278,4.643,11.32,3.327,4.278,4.643,11.32,3.327,4.278,4.643,11.32,3.327,23.663
24119,4.281,4.644,11.32,3.332,4.281,4.644,11.32,3.332,4.281,4.644,11.32,3.332,4.281,4.644,11.32,3.332,5.862
24120,4.281,4.644,11.32,3.33,4.281,4.644,11.32,3.33,4.281,4.644,11.32,3.33,4.281,4.644,11.32,3.33,0.026
24121,4.282,4.644,11.32,3.33,4.282,4.644,11.32,3.33,4.282,4.644,11.32,3.33,4.282,4.644,11.32,3.33,8.47
24122,4.282,4.644,11.32,3.33,4.282,4.644,11.32,3.33,4.282,4.644,11.32,3.33,4.282,4.644,11.32,3.33,5.58
24123,4.282,4.644,11.32,3.33,4.282,4.644,11.32,3.33,4.282,4.644,11.32,3.33,4.282,4.644,11.32,3.33,7.997
24124,4.282,4.644,11.32,3.33,4.282,4.644,11.32,3.33,4.282,4.644,11.32,3.33,4.282,4.644,11.32,3.33,7.719
24125,4.282,4.644,11.32,3.33,4.282,4.644,11.32,3.33,4.282,4.644,11.32,3.33,4.282,4.644,11.32,3.33,13.553
24126,4.282,4.644,11.32,3.33,4.282,4.644,11.32,3.33,4.282,4.644,11.32,3.33,4.282,4.644,11.32,3.33,4.71
24127,4.282,4.644,11.32,3.33,4.282,4.644,11.32,3.33,4.282,4.644,11.32,3.33,4.282,4.644,11.32,3.33,11.12
24128,4.282,4.644,11.32,3.324,4.282,4.644,11.32,3.324,4.282,4.644,11.32,3.324,4.282,4.644,11.32,3.324,0.028
24129,4.281,4.644,11.32,3.324,4.281,4.644,11.32,3.324,4.281,4.644,11.32,3.324,4.281,4.644,11.32,3.324,6.087
24130,4.281,4.642,11.32,3.324,4.281,4.642,11.32,3.324,4.281,4.642,11.32,3.324,4.281,4.642,11.32,3.324,4.675
24131,4.281,4.642,11.32,3.324,4.281,4.642,11.32,3.324,4.281,4.642,11.32,3.324,4.281,4.642,11.32,3.324,7.231
24132,4.281,4.642,11.32,3.324,4.281,4.642,11.32,3.324,4.281,4.642,11.32,3.324,4.281,4.642,11.32,3.324,8.893
24133,4.28,4.642,11.32,3.324,4.28,4.642,11.32,3.324,4.28,4.642,11.32,3.324,4.28,4.642,11.32,3.324,5.311
24134,4.28,4.643,11.32,3.324,4.28,4.643,11.32,3.324,4.28,4.643,11.32,3.324,4.28,4.643,11.32,3.324,8.028
24135,4.28,4.643,11.32,3.326,4.28,4.643,11.32,3.326,4.28,4.643,11.32,3.326,4.28,4.643,11.32,3.326,8.06
24136,4.28,4.643,11.32,3.326,4.28,4.643,11.32,3.326,4.28,4.643,11.32,3.326,4.28,4.643,11.32,3.326,6.797
24137,4.28,4.643,11.32,3.326,4.28,4.643,11.32,3.326,4.28,4.643,11.32,3.326,4.28,4.643,11.32,3.326,7.411
24146,4.28,4.643,11.32,3.319,4.28,4.643,11.32,3.319,4.28,4.643,11.32,3.319,4.28,4.643,11.32,3.319,5.615
24147,4.28,4.643,11.32,3.32,4.28,4.643,11.32,3.32,4.28,4.643,11.32,3.32,4.28,4.643,11.32,3.32,6.086
24148,4.281,4.643,11.32,3.32,4.281,4.643,11.32,3.32,4.281,4.643,11.32,3.32,4.281,4.643,11.32,3.32,13.843
24149,4.281,4.643,11.32,3.32,4.281,4.643,11.32,3.32,4.281,4.643,11.32,3.32,4.281,4.643,11.32,3.32,0.028
24150,4.281,4.643,11.32,3.328,4.281,4.643,11.32,3.328,4.281,4.643,11.32,3.328,4.281,4.643,11.32,3.328,6.141
24151,4.281,4.643,11.32,3.328,4.281,4.643,11.32,3.328,4.281,4.643,11.32,3.328,4.281,4.643,11.32,3.328,5.58
24152,4.281,4.643,11.32,3.328,4.281,4.643,11.32,3.328,4.281,4.643,11.32,3.328,4.281,4.643,11.32,3.328,6.441
24153,4.281,4.643,11.32,3.328,4.281,4.643,11.32,3.328,4.281,4.643,11.32,3.328,4.281,4.643,11.32,3.328,6.887
24154,4.281,4.643,11.32,3.336,4.281,4.643,11.32,3.336,4.281,4.643,11.32,3.336,4.281,4.643,11.32,3.336,6.894
24155,4.282,4.643,11.32,3.336,4.282,4.643,11.32,3.336,4.282,4.643,11.32,3.336,4.282,4.643,11.32,3.336,7.012
24156,4.282,4.643,11.32,3.336,4.282,4.643,11.32,3.336,4.282,4.643,11.32,3.336,4.282,4.643,11.32,3.336,10.032
24157,4.282,4.643,11.32,3.336,4.282,4.643,11.32,3.336,4.282,4.643,11.32,3.336,4.282,4.643,11.32,3.336,6.63
24158,4.282,4.643,11.32,3.333,4.282,4.643,11.32,3.333,4.282,4.643,11.32,3.333,4.282,4.643,11.32,3.333,5.788
24159,4.282,4.643,11.32,3.333,4.282,4.643,11.32,3.333,4.282,4.643,11.32,3.333,4.282,4.643,11.32,3.333,8.941
24160,4.282,4.644,11.32,3.333,4.282,4.644,11.32,3.333,4.282,4.644,11.32,3.333,4.282,4.644,11.32,3.333,5.657
24165,4.28,4.643,11.32,3.327,4.28,4.643,11.32,3.327,4.28,4.643,11.32,3.327,4.28,4.643,11.32,3.327,7.924
24166,4.28,4.643,11.32,3.327,4.28,4.643,11.32,3.327,4.28,4.643,11.32,3.327,4.28,4.643,11.32,3.327,6.198
24167,4.28,4.643,11.32,3.327,4.28,4.643,11.32,3.327,4.28,4.643,11.32,3.327,4.28,4.643,11.32,3.327,6.369
24168,4.28,4.644,11.32,3.327,4.28,4.644,11.32,3.327,4.28,4.644,11.32,3.327,4.28,4.644,11.32,3.327,4.61
24169,4.28,4.644,11.32,3.326,4.28,4.644,11.32,3.326,4.28,4.644,11.32,3.326,4.28,4.644,11.32,3.326,6.916
24170,4.28,4.644,11.32,3.326,4.28,4.644,11.32,3.326,4.28,4.644,11.32,3.326,4.28,4.644,11.32,3.326,5.873
24171,4.282,4.644,11.32,3.326,4.282,4.644,11.32,3.326,4.282,4.644,11.32,3.326,4.282,4.644,11.32,3.326,7.684
24176,4.281,4.643,11.32,3.324,4.281,4.643,11.32,3.324,4.281,4.643,11.32,3.324,4.281,4.643,11.32,3.324,7.184
24177,4.281,4.643,11.32,3.323,4.281,4.643,11.32,3.323,4.281,4.643,11.32,3.323,4.281,4.643,11.32,3.323,13.639
24178,4.283,4.643,11.32,3.323,4.283,4.643,11.32,3.323,4.283,4.643,11.32,3.323,4.283,4.643,11.32,3.323,20.356
24179,4.283,4.644,11.32,3.323,4.283,4.644,11.32,3.323,4.283,4.644,11.32,3.323,4.283,4.644,11.32,3.323,4.631
24180,4.283,4.644,11.32,3.323,4.283,4.644,11.32,3.323,4.283,4.644,11.32,3.323,4.283,4.644,11.32,3.323,0.02
24181,4.283,4.644,11.32,3.339,4.283,4.644,11.32,3.339,4.283,4.644,11.32,3.339,4.283,4.644,11.32,3.339,0.003
24182,4.278,4.644,11.32,3.339,4.278,4.644,11.32,3.339,4.278,4.644,11.32,3.339,4.278,4.644,11.32,3.339,5.91
24183,4.278,4.642,11.32,3.339,4.278,4.642,11.32,3.339,4.278,4.642,11.32,3.339,4.278,4.642,11.32,3.339,4.313
24184,4.278,4.642,11.32,3.339,4.278,4.642,11.32,3.339,4.278,4.642,11.32,3.339,4.278,4.642,11.32,3.339,8.564
24185,4.278,4.642,11.32,3.329,4.278,4.642,11.32,3.329,4.278,4.642,11.32,3.329,4.278,4.642,11.32,3.329,4.784
24186,4.281,4.642,11.32,3.329,4.281,4.642,11.32,3.329,4.281,4.642,11.32,3.329,4.281,4.642,11.32,3.329,7.818
24187,4.281,4.644,11.32,3.329,4.281,4.644,11.32,3.329,4.281,4.644,11.32,3.329,4.281,4.644,11.32,3.329,6.741
24188,4.281,4.644,11.32,3.322,4.281,4.644,11.32,3.322,4.281,4.644,11.32,3.322,4.281,4.644,11.32,3.322,7.233
24189,4.281,4.644,11.32,3.322,4.281,4.644,11.32,3.322,4.281,4.644,11.32,3.322,4.281,4.644,11.32,3.322,8.731
24190,4.282,4.644,11.32,3.322,4.282,4.644,11.32,3.322,4.282,4.644,11.32,3.322,4.282,4.644,11.32,3.322,26.86
24196,4.282,4.644,11.32,3.33,4.282,4.644,11.32,3.33,4.282,4.644,11.32,3.33,4.282,4.644,11.32,3.33,6.4
24197,4.282,4.644,11.32,3.33,4.282,4.644,11.32,3.33,4.282,4.644,11.32,3.33,4.282,4.644,11.32,3.33,0.026
24198,4.284,4.644,11.32,3.33,4.284,4.644,11.32,3.33,4.284,4.644,11.32,3.33,4.284,4.644,11.32,3.33,0.012
24199,4.284,4.644,11.32,3.33,4.284,4.644,11.32,3.33,4.284,4.644,11.32,3.33,4.284,4.644,11.32,3.33,0.007
24200,4.284,4.644,11.32,3.33,4.284,4.644,11.32,3.33,4.284,4.644,11.32,3.33,4.284,4.644,11.32,3.33,0.005
24201,4.284,4.644,11.32,3.334,4.284,4.644,11.32,3.334,4.284,4.644,11.32,3.334,4.284,4.644,11.32,3.334,6.247
24202,4.284,4.644,11.32,3.334,4.284,4.644,11.32,3.334,4.284,4.644,11.32,3.334,4.284,4.644,11.32,3.334,6.161
24203,4.284,4.644,11.32,3.334,4.284,4.644,11.32,3.334,4.284,4.644,11.32,3.334,4.284,4.644,11.32,3.334,9.087
24204,4.284,4.644,11.32,3.334,4.284,4.644,11.32,3.334,4.284,4.644,11.32,3.334,4.284,4.644,11.32,3.334,6.792
24205,4.284,4.644,11.32,3.329,4.284,4.644,11.32,3.329,4.284,4.644,11.32,3.329,4.284,4.644,11.32,3.329,6.399
24206,4.281,4.644,11.32,3.329,4.281,4.644,11.32,3.329,4.281,4.644,11.32,3.329,4.281,4.644,11.32,3.329,13.837
24207,4.281,4.644,11.32,3.329,4.281,4.644,11.32,3.329,4.281,4.644,11.32,3.329,4.281,4.644,11.32,3.329,7.139
24208,4.281,4.644,11.32,3.329,4.281,4.644,11.32,3.329,4.281,4.644,11.32,3.329,4.281,4.644,11.32,3.329,0.016
24209,4.281,4.644,11.32,3.327,4.281,4.644,11.32,3.327,4.281,4.644,11.32,3.327,4.281,4.644,11.32,3.327,6.162
24210,4.281,4.644,11.32,3.327,4.281,4.644,11.32,3.327,4.281,4.644,11.32,3.327,4.281,4.644,11.32,3.327,8.234
24211,4.281,4.644,11.32,3.327,4.281,4.644,11.32,3.327,4.281,4.644,11.32,3.327,4.281,4.644,11.32,3.327,17.165
24216,4.28,4.644,11.32,3.326,4.28,4.644,11.32,3.326,4.28,4.644,11.32,3.326,4.28,4.644,11.32,3.326,6.938
24217,4.28,4.644,11.32,3.326,4.28,4.644,11.32,3.326,4.28,4.644,11.32,3.326,4.28,4.644,11.32,3.326,8.384
24218,4.278,4.644,11.32,3.326,4.278,4.644,11.32,3.326,4.278,4.644,11.32,3.326,4.278,4.644,11.32,3.326,7.418
24219,4.278,4.645,11.32,3.326,4.278,4.645,11.32,3.326,4.278,4.645,11.32,3.326,4.278,4.645,11.32,3.326,7.745
24220,4.278,4.645,11.32,3.331,4.278,4.645,11.32,3.331,4.278,4.645,11.32,3.331,4.278,4.645,11.32,3.331,5.928
24221,4.278,4.645,11.32,3.331,4.278,4.645,11.32,3.331,4.278,4.645,11.32,3.331,4.278,4.645,11.32,3.331,6.871
24222,4.279,4.644,11.32,3.331,4.279,4.644,11.32,3.331,4.279,4.644,11.32,3.331,4.279,4.644,11.32,3.331,23.327
24223,4.279,4.644,11.32,3.331,4.279,4.644,11.32,3.331,4.279,4.644,11.32,3.331,4.279,4.644,11.32,3.331,6.317
24224,4.279,4.644,11.32,3.324,4.279,4.644,11.32,3.324,4.279,4.644,11.32,3.324,4.279,4.644,11.32,3.324,0.023
24225,4.279,4.644,11.32,3.324,4.279,4.644,11.32,3.324,4.279,4.644,11.32,3.324,4.279,4.644,11.32,3.324,0.003
24226,4.285,4.644,11.32,3.324,4.285,4.644,11.32,3.324,4.285,4.644,11.32,3.324,4.285,4.644,11.32,3.324,7.903
24227,4.285,4.644,11.32,3.324,4.285,4.644,11.32,3.324,4.285,4.644,11.32,3.324,4.285,4.644,11.32,3.324,6.21
24228,4.285,4.644,11.32,3.322,4.285,4.644,11.32,3.322,4.285,4.644,11.32,3.322,4.285,4.644,11.32,3.322,6.144
24229,4.285,4.644,11.32,3.322,4.285,4.644,11.32,3.322,4.285,4.644,11.32,3.322,4.285,4.644,11.32,3.322,5.802
24230,4.284,4.643,11.32,3.322,4.284,4.643,11.32,3.322,4.284,4.643,11.32,3.322,4.284,4.643,11.32,3.322,17.777
24231,4.284,4.643,11.32,3.322,4.284,4.643,11.32,3.322,4.284,4.643,11.32,3.322,4.284,4.643,11.32,3.322,7.513
24232,4.284,4.643,11.32,3.323,4.284,4.643,11.32,3.323,4.284,4.643,11.32,3.323,4.284,4.643,11.32,3.323,0.028
24233,4.282,4.643,11.32,3.323,4.282,4.643,11.32,3.323,4.282,4.643,11.32,3.323,4.282,4.643,11.32,3.323,5.676
24234,4.282,4.643,11.32,3.323,4.282,4.643,11.32,3.323,4.282,4.643,11.32,3.323,4.282,4.643,11.32,3.323,5.921
24235,4.282,4.643,11.32,3.323,4.282,4.643,11.32,3.323,4.282,4.643,11.32,3.323,4.282,4.643,11.32,3.323,7.273
24236,4.282,4.643,11.32,3.331,4.282,4.643,11.32,3.331,4.282,4.643,11.32,3.331,4.282,4.643,11.32,3.331,6.073
24237,4.284,4.643,11.32,3.331,4.284,4.643,11.32,3.331,4.284,4.643,11.32,3.331,4.284,4.643,11.32,3.331,10.69
24238,4.284,4.644,11.32,3.331,4.284,4.644,11.32,3.331,4.284,4.644,11.32,3.331,4.284,4.644,11.32,3.331,13.665
24239,4.284,4.644,11.32,3.336,4.284,4.644,11.32,3.336,4.284,4.644,11.32,3.336,4.284,4.644,11.32,3.336,7.459
24240,4.284,4.644,11.32,3.336,4.284,4.644,11.32,3.336,4.284,4.644,11.32,3.336,4.284,4.644,11.32,3.336,0.024
24241,4.283,4.644,11.32,3.336,4.283,4.644,11.32,3.336,4.283,4.644,11.32,3.336,4.283,4.644,11.32,3.336,7.444
24242,4.283,4.644,11.32,3.336,4.283,4.644,11.32,3.336,4.283,4.644,11.32,3.336,4.283,4.644,11.32,3.336,5.707
24243,4.283,4.644,11.32,3.334,4.283,4.644,11.32,3.334,4.283,4.644,11.32,3.334,4.283,4.644,11.32,3.334,4.598
24244,4.283,4.644,11.32,3.334,4.283,4.644,11.32,3.334,4.283,4.644,11.32,3.334,4.283,4.644,11.32,3.334,6.747
24245,4.282,4.644,11.32,3.334,4.282,4.644,11.32,3.334,4.282,4.644,11.32,3.334,4.282,4.644,11.32,3.334,6.842
24246,4.282,4.644,11.32,3.334,4.282,4.644,11.32,3.334,4.282,4.644,11.32,3.334,4.282,4.644,11.32,3.334,6.276
24247,4.282,4.644,11.32,3.332,4.282,4.644,11.32,3.332,4.282,4.644,11.32,3.332,4.282,4.644,11.32,3.332,8.975
24248,4.281,4.644,11.32,3.332,4.281,4.644,11.32,3.332,4.281,4.644,11.32,3.332,4.281,4.644,11.32,3.332,5.55
24249,4.281,4.644,11.32,3.332,4.281,4.644,11.32,3.332,4.281,4.644,11.32,3.332,4.281,4.644,11.32,3.332,7.063
24257,4.28,4.644,11.32,3.33,4.28,4.644,11.32,3.33,4.28,4.644,11.32,3.33,4.28,4.644,11.32,3.33,6.33
24258,4.28,4.644,11.32,3.335,4.28,4.644,11.32,3.335,4.28,4.644,11.32,3.335,4.28,4.644,11.32,3.335,0.031
24259,4.28,4.644,11.32,3.335,4.28,4.644,11.32,3.335,4.28,4.644,11.32,3.335,4.28,4.644,11.32,3.335,0.005
24260,4.281,4.644,11.32,3.335,4.281,4.644,11.32,3.335,4.281,4.644,11.32,3.335,4.281,4.644,11.32,3.335,8.421
24261,4.281,4.644,11.32,3.335,4.281,4.644,11.32,3.335,4.281,4.644,11.32,3.335,4.281,4.644,11.32,3.335,4.724
24262,4.281,4.644,11.32,3.325,4.281,4.644,11.32,3.325,4.281,4.644,11.32,3.325,4.281,4.644,11.32,3.325,6.338
24263,4.281,4.644,11.32,3.325,4.281,4.644,11.32,3.325,4.281,4.644,11.32,3.325,4.281,4.644,11.32,3.325,9.468
24264,4.28,4.644,11.32,3.325,4.28,4.644,11.32,3.325,4.28,4.644,11.32,3.325,4.28,4.644,11.32,3.325,6.376
24265,4.28,4.644,11.32,3.325,4.28,4.644,11.32,3.325,4.28,4.644,11.32,3.325,4.28,4.644,11.32,3.325,8.162
24266,4.28,4.644,11.32,3.328,4.28,4.644,11.32,3.328,4.28,4.644,11.32,3.328,4.28,4.644,11.32,3.328,5.37
24267,4.284,4.644,11.32,3.328,4.284,4.644,11.32,3.328,4.284,4.644,11.32,3.328,4.284,4.644,11.32,3.328,8.77
24268,4.284,4.643,11.32,3.328,4.284,4.643,11.32,3.328,4.284,4.643,11.32,3.328,4.284,4.643,11.32,3.328,13.077
24269,4.284,4.643,11.32,3.328,4.284,4.643,11.32,3.328,4.284,4.643,11.32,3.328,4.284,4.643,11.32,3.328,4.805
24270,4.284,4.643,11.32,3.33,4.284,4.643,11.32,3.33,4.284,4.643,11.32,3.33,4.284,4.643,11.32,3.33,4.592
24271,4.284,4.643,11.32,3.33,4.284,4.643,11.32,3.33,4.284,4.643,11.32,3.33,4.284,4.643,11.32,3.33,4.693
24272,4.284,4.644,11.32,3.33,4.284,4.644,11.32,3.33,4.284,4.644,11.32,3.33,4.284,4.644,11.32,3.33,7.029
24273,4.284,4.644,11.32,3.329,4.284,4.644,11.32,3.329,4.284,4.644,11.32,3.329,4.284,4.644,11.32,3.329,6.775
24274,4.284,4.644,11.32,3.329,4.284,4.644,11.32,3.329,4.284,4.644,11.32,3.329,4.284,4.644,11.32,3.329,7.348
24275,4.284,4.644,11.32,3.329,4.284,4.644,11.32,3.329,4.284,4.644,11.32,3.329,4.284,4.644,11.32,3.329,6.881
24276,4.284,4.643,11.32,3.329,4.284,4.643,11.32,3.329,4.284,4.643,11.32,3.329,4.284,4.643,11.32,3.329,6.699
24277,4.284,4.643,11.32,3.329,4.284,4.643,11.32,3.329,4.284,4.643,11.32,3.329,4.284,4.643,11.32,3.329,7.501
24278,4.284,4.643,11.32,3.329,4.284,4.643,11.32,3.329,4.284,4.643,11.32,3.329,4.284,4.643,11.32,3.329,8.569
24279,4.284,4.644,11.32,3.329,4.284,4.644,11.32,3.329,4.284,4.644,11.32,3.329,4.284,4.644,11.32,3.329,20.16
24280,4.284,4.644,11.32,3.329,4.284,4.644,11.32,3.329,4.284,4.644,11.32,3.329,4.284,4.644,11.32,3.329,0.032
24281,4.284,4.644,11.32,3.33,4.284,4.644,11.32,3.33,4.284,4.644,11.32,3.33,4.284,4.644,11.32,3.33,0.004
24282,4.284,4.644,11.32,3.33,4.284,4.644,11.32,3.33,4.284,4.644,11.32,3.33,4.284,4.644,11.32,3.33,53.953
24283,4.284,4.644,11.32,3.33,4.284,4.644,11.32,3.33,4.284,4.644,11.32,3.33,4.284,4.644,11.32,3.33,14.494
24284,4.284,4.643,11.32,3.33,4.284,4.643,11.32,3.33,4.284,4.643,11.32,3.33,4.284,4.643,11.32,3.33,0.024
24285,4.284,4.643,11.32,3.331,4.284,4.643,11.32,3.331,4.284,4.643,11.32,3.331,4.284,4.643,11.32,3.331,0.002
24286,4.284,4.643,11.32,3.331,4.284,4.643,11.32,3.331,4.284,4.643,11.32,3.331,4.284,4.643,11.32,3.331,0.001
24287,4.283,4.643,11.32,3.331,4.283,4.643,11.32,3.331,4.283,4.643,11.32,3.331,4.283,4.643,11.32,3.331,0.001
24288,4.283,4.644,11.32,3.331,4.283,4.644,11.32,3.331,4.283,4.644,11.32,3.331,4.283,4.644,11.32,3.331,0.001
24289,4.283,4.644,11.32,3.331,4.283,4.644,11.32,3.331,4.283,4.644,11.32,3.331,4.283,4.644,11.32,3.331,0.001
24290,4.283,4.644,11.32,3.33,4.283,4.644,11.32,3.33,4.283,4.644,11.32,3.33,4.283,4.644,11.32,3.33,0.001
24291,4.283,4.644,11.32,3.33,4.283,4.644,11.32,3.33,4.283,4.644,11.32,3.33,4.283,4.644,11.32,3.33,0.001
24292,4.283,4.644,11.32,3.33,4.283,4.644,11.32,3.33,4.283,4.644,11.32,3.33,4.283,4.644,11.32,3.33,5.838
24293,4.283,4.644,11.32,3.33,4.283,4.644,11.32,3.33,4.283,4.644,11.32,3.33,4.283,4.644,11.32,3.33,0.021
24294,4.283,4.644,11.32,3.326,4.283,4.644,11.32,3.326,4.283,4.644,11.32,3.326,4.283,4.644,11.32,3.326,6.153
24295,4.283,4.644,11.32,3.326,4.283,4.644,11.32,3.326,4.283,4.644,11.32,3.326,4.283,4.644,11.32,3.326,6.167
24296,4.282,4.644,11.32,3.326,4.282,4.644,11.32,3.326,4.282,4.644,11.32,3.326,4.282,4.644,11.32,3.326,12.002
24297,4.282,4.643,11.32,3.326,4.282,4.643,11.32,3.326,4.282,4.643,11.32,3.326,4.282,4.643,11.32,3.326,5.589
24298,4.282,4.643,11.32,3.324,4.282,4.643,11.32,3.324,4.282,4.643,11.32,3.324,4.282,4.643,11.32,3.324,5.666
24299,4.282,4.643,11.32,3.324,4.282,4.643,11.32,3.324,4.282,4.643,11.32,3.324,4.282,4.643,11.32,3.324,7.442
24300,4.28,4.643,11.32,3.324,4.28,4.643,11.32,3.324,4.28,4.643,11.32,3.324,4.28,4.643,11.32,3.324,5.619
24301,4.28,4.643,11.32,3.324,4.28,4.643,11.32,3.324,4.28,4.643,11.32,3.324,4.28,4.643,11.32,3.324,15.566
24302,4.28,4.643,11.32,3.324,4.28,4.643,11.32,3.324,4.28,4.643,11.32,3.324,4.28,4.643,11.32,3.324,7.475
24303,4.28,4.643,11.32,3.324,4.28,4.643,11.32,3.324,4.28,4.643,11.32,3.324,4.28,4.643,11.32,3.324,0.027
24304,4.28,4.644,11.32,3.324,4.28,4.644,11.32,3.324,4.28,4.644,11.32,3.324,4.28,4.644,11.32,3.324,6.142
24305,4.28,4.644,11.32,3.324,4.28,4.644,11.32,3.324,4.28,4.644,11.32,3.324,4.28,4.644,11.32,3.324,7.25
24306,4.28,4.644,11.32,3.324,4.28,4.644,11.32,3.324,4.28,4.644,11.32,3.324,4.28,4.644,11.32,3.324,5.824
24307,4.28,4.644,11.32,3.324,4.28,4.644,11.32,3.324,4.28,4.644,11.32,3.324,4.28,4.644,11.32,3.324,6.598
24308,4.28,4.643,11.32,3.324,4.28,4.643,11.32,3.324,4.28,4.643,11.32,3.324,4.28,4.643,11.32,3.324,6.933
24309,4.28,4.643,11.32,3.326,4.28,4.643,11.32,3.326,4.28,4.643,11.32,3.326,4.28,4.643,11.32,3.326,7.271
24310,4.28,4.643,11.32,3.326,4.28,4.643,11.32,3.326,4.28,4.643,11.32,3.326,4.28,4.643,11.32,3.326,10.63
24311,4.28,4.643,11.32,3.326,4.28,4.643,11.32,3.326,4.28,4.643,11.32,3.326,4.28,4.643,11.32,3.326,6.43
24312,4.28,4.643,11.32,3.326,4.28,4.643,11.32,3.326,4.28,4.643,11.32,3.326,4.28,4.643,11.32,3.326,5.975
24313,4.28,4.643,11.32,3.328,4.28,4.643,11.32,3.328,4.28,4.643,11.32,3.328,4.28,4.643,11.32,3.328,6.049
24314,4.28,4.643,11.32,3.328,4.28,4.643,11.32,3.328,4.28,4.643,11.32,3.328,4.28,4.643,11.32,3.328,7.322
24315,4.281,4.644,11.32,3.328,4.281,4.644,11.32,3.328,4.281,4.644,11.32,3.328,4.281,4.644,11.32,3.328,5.385
24316,4.281,4.644,11.32,3.328,4.281,4.644,11.32,3.328,4.281,4.644,11.32,3.328,4.281,4.644,11.32,3.328,11.338
24317,4.281,4.644,11.32,3.33,4.281,4.644,11.32,3.33,4.281,4.644,11.32,3.33,4.281,4.644,11.32,3.33,6.311
24318,4.281,4.644,11.32,3.33,4.281,4.644,11.32,3.33,4.281,4.644,11.32,3.33,4.281,4.644,11.32,3.33,7.798
24319,4.281,4.644,11.32,3.33,4.281,4.644,11.32,3.33,4.281,4.644,11.32,3.33,4.281,4.644,11.32,3.33,5.632
24320,4.281,4.644,11.32,3.33,4.281,4.644,11.32,3.33,4.281,4.644,11.32,3.33,4.281,4.644,11.32,3.33,8.875
24321,4.281,4.644,11.32,3.329,4.281,4.644,11.32,3.329,4.281,4.644,11.32,3.329,4.281,4.644,11.32,3.329,6.023
24322,4.282,4.644,11.32,3.329,4.282,4.644,11.32,3.329,4.282,4.644,11.32,3.329,4.282,4.644,11.32,3.329,7.451
24323,4.282,4.644,11.32,3.329,4.282,4.644,11.32,3.329,4.282,4.644,11.32,3.329,4.282,4.644,11.32,3.329,7.425
24324,4.282,4.644,11.32,3.328,4.282,4.644,11.32,3.328,4.282,4.644,11.32,3.328,4.282,4.644,11.32,3.328,11.76
24325,4.282,4.644,11.32,3.328,4.282,4.644,11.32,3.328,4.282,4.644,11.32,3.328,4.282,4.644,11.32,3.328,7.863
24326,4.282,4.644,11.32,3.328,4.282,4.644,11.32,3.328,4.282,4.644,11.32,3.328,4.282,4.644,11.32,3.328,4.42
24327,4.282,4.644,11.32,3.328,4.282,4.644,11.32,3.328,4.282,4.644,11.32,3.328,4.282,4.644,11.32,3.328,4.866
24328,4.282,4.644,11.32,3.325,4.282,4.644,11.32,3.325,4.282,4.644,11.32,3.325,4.282,4.644,11.32,3.325,5.047
24329,4.282,4.644,11.32,3.325,4.282,4.644,11.32,3.325,4.282,4.644,11.32,3.325,4.282,4.644,11.32,3.325,8.207
24330,4.283,4.644,11.32,3.325,4.283,4.644,11.32,3.325,4.283,4.644,11.32,3.325,4.283,4.644,11.32,3.325,6.975
24331,4.283,4.644,11.32,3.325,4.283,4.644,11.32,3.325,4.283,4.644,11.32,3.325,4.283,4.644,11.32,3.325,11.209
24332,4.283,4.644,11.32,3.323,4.283,4.644,11.32,3.323,4.283,4.644,11.32,3.323,4.283,4.644,11.32,3.323,4.363
24333,4.281,4.644,11.32,3.323,4.281,4.644,11.32,3.323,4.281,4.644,11.32,3.323,4.281,4.644,11.32,3.323,4.916
24334,4.281,4.643,11.32,3.323,4.281,4.643,11.32,3.323,4.281,4.643,11.32,3.323,4.281,4.643,11.32,3.323,7.934
24335,4.281,4.643,11.32,3.323,4.281,4.643,11.32,3.323,4.281,4.643,11.32,3.323,4.281,4.643,11.32,3.323,6.694
24336,4.281,4.643,11.32,3.325,4.281,4.643,11.32,3.325,4.281,4.643,11.32,3.325,4.281,4.643,11.32,3.325,6.886
24337,4.281,4.643,11.32,3.325,4.281,4.643,11.32,3.325,4.281,4.643,11.32,3.325,4.281,4.643,11.32,3.325,8.766
24338,4.281,4.644,11.32,3.325,4.281,4.644,11.32,3.325,4.281,4.644,11.32,3.325,4.281,4.644,11.32,3.325,9.561
24339,4.281,4.644,11.32,3.327,4.281,4.644,11.32,3.327,4.281,4.644,11.32,3.327,4.281,4.644,11.32,3.327,5.457
24340,4.281,4.644,11.32,3.327,4.281,4.644,11.32,3.327,4.281,4.644,11.32,3.327,4.281,4.644,11.32,3.327,4.656
24341,4.282,4.644,11.32,3.327,4.282,4.644,11.32,3.327,4.282,4.644,11.32,3.327,4.282,4.644,11.32,3.327,8.688
24346,4.283,4.644,11.32,3.327,4.283,4.644,11.32,3.327,4.283,4.644,11.32,3.327,4.283,4.644,11.32,3.327,6.975
24347,4.283,4.644,11.32,3.325,4.283,4.644,11.32,3.325,4.283,4.644,11.32,3.325,4.283,4.644,11.32,3.325,8.354
24348,4.283,4.644,11.32,3.325,4.283,4.644,11.32,3.325,4.283,4.644,11.32,3.325,4.283,4.644,11.32,3.325,6.373
24349,4.283,4.644,11.32,3.325,4.283,4.644,11.32,3.325,4.283,4.644,11.32,3.325,4.283,4.644,11.32,3.325,8.769
24350,4.283,4.644,11.32,3.325,4.283,4.644,11.32,3.325,4.283,4.644,11.32,3.325,4.283,4.644,11.32,3.325,5.64
24351,4.283,4.644,11.32,3.326,4.283,4.644,11.32,3.326,4.283,4.644,11.32,3.326,4.283,4.644,11.32,3.326,7.374
24352,4.283,4.644,11.32,3.326,4.283,4.644,11.32,3.326,4.283,4.644,11.32,3.326,4.283,4.644,11.32,3.326,6.749
24353,4.283,4.644,11.32,3.326,4.283,4.644,11.32,3.326,4.283,4.644,11.32,3.326,4.283,4.644,11.32,3.326,8.665
24354,4.283,4.644,11.32,3.326,4.283,4.644,11.32,3.326,4.283,4.644,11.32,3.326,4.283,4.644,11.32,3.326,5.848
24355,4.283,4.644,11.32,3.327,4.283,4.644,11.32,3.327,4.283,4.644,11.32,3.327,4.283,4.644,11.32,3.327,13.399
24356,4.282,4.644,11.32,3.327,4.282,4.644,11.32,3.327,4.282,4.644,11.32,3.327,4.282,4.644,11.32,3.327,6.082
24357,4.282,4.644,11.32,3.327,4.282,4.644,11.32,3.327,4.282,4.644,11.32,3.327,4.282,4.644,11.32,3.327,4.408
24358,4.282,4.644,11.32,3.326,4.282,4.644,11.32,3.326,4.282,4.644,11.32,3.326,4.282,4.644,11.32,3.326,6.885
24359,4.282,4.644,11.32,3.326,4.282,4.644,11.32,3.326,4.282,4.644,11.32,3.326,4.282,4.644,11.32,3.326,4.551
24360,4.281,4.644,11.32,3.326,4.281,4.644,11.32,3.326,4.281,4.644,11.32,3.326,4.281,4.644,11.32,3.326,7.568
24361,4.281,4.644,11.32,3.326,4.281,4.644,11.32,3.326,4.281,4.644,11.32,3.326,4.281,4.644,11.32,3.326,13.726
24362,4.281,4.644,11.32,3.326,4.281,4.644,11.32,3.326,4.281,4.644,11.32,3.326,4.281,4.644,11.32,3.326,4.302
24363,4.281,4.644,11.32,3.326,4.281,4.644,11.32,3.326,4.281,4.644,11.32,3.326,4.281,4.644,11.32,3.326,4.484
24364,4.282,4.644,11.32,3.326,4.282,4.644,11.32,3.326,4.282,4.644,11.32,3.326,4.282,4.644,11.32,3.326,7.171
24365,4.282,4.644,11.32,3.326,4.282,4.644,11.32,3.326,4.282,4.644,11.32,3.326,4.282,4.644,11.32,3.326,7.23
24366,4.282,4.644,11.32,3.327,4.282,4.644,11.32,3.327,4.282,4.644,11.32,3.327,4.282,4.644,11.32,3.327,7.53
24367,4.282,4.644,11.32,3.327,4.282,4.644,11.32,3.327,4.282,4.644,11.32,3.327,4.282,4.644,11.32,3.327,7.998
24368,4.282,4.644,11.32,3.327,4.282,4.644,11.32,3.327,4.282,4.644,11.32,3.327,4.282,4.644,11.32,3.327,6.099
24373,4.282,4.644,11.32,3.328,4.282,4.644,11.32,3.328,4.282,4.644,11.32,3.328,4.282,4.644,11.32,3.328,5.864
24374,4.282,4.644,11.32,3.328,4.282,4.644,11.32,3.328,4.282,4.644,11.32,3.328,4.282,4.644,11.32,3.328,7.134
24375,4.282,4.644,11.32,3.328,4.282,4.644,11.32,3.328,4.282,4.644,11.32,3.328,4.282,4.644,11.32,3.328,16.659
24376,4.282,4.644,11.32,3.328,4.282,4.644,11.32,3.328,4.282,4.644,11.32,3.328,4.282,4.644,11.32,3.328,37.342
24377,4.282,4.644,11.32,3.329,4.282,4.644,11.32,3.329,4.282,4.644,11.32,3.329,4.282,4.644,11.32,3.329,0.031
24378,4.282,4.644,11.32,3.329,4.282,4.644,11.32,3.329,4.282,4.644,11.32,3.329,4.282,4.644,11.32,3.329,7.443
24379,4.281,4.644,11.32,3.329,4.281,4.644,11.32,3.329,4.281,4.644,11.32,3.329,4.281,4.644,11.32,3.329,0.024
24380,4.281,4.644,11.32,3.329,4.281,4.644,11.32,3.329,4.281,4.644,11.32,3.329,4.281,4.644,11.32,3.329,0.003
24381,4.281,4.644,11.32,3.329,4.281,4.644,11.32,3.329,4.281,4.644,11.32,3.329,4.281,4.644,11.32,3.329,0.002
24382,4.281,4.644,11.32,3.328,4.281,4.644,11.32,3.328,4.281,4.644,11.32,3.328,4.281,4.644,11.32,3.328,0.001
24383,4.281,4.644,11.32,3.328,4.281,4.644,11.32,3.328,4.281,4.644,11.32,3.328,4.281,4.644,11.32,3.328,0.001
24384,4.281,4.644,11.32,3.328,4.281,4.644,11.32,3.328,4.281,4.644,11.32,3.328,4.281,4.644,11.32,3.328,14.942
24385,4.281,4.644,11.32,3.328,4.281,4.644,11.32,3.328,4.281,4.644,11.32,3.328,4.281,4.644,11.32,3.328,6.922
24386,4.281,4.644,11.32,3.326,4.281,4.644,11.32,3.326,4.281,4.644,11.32,3.326,4.281,4.644,11.32,3.326,0.024
24387,4.281,4.644,11.32,3.326,4.281,4.644,11.32,3.326,4.281,4.644,11.32,3.326,4.281,4.644,11.32,3.326,0.003
24388,4.281,4.643,11.32,3.326,4.281,4.643,11.32,3.326,4.281,4.643,11.32,3.326,4.281,4.643,11.32,3.326,7.131
24389,4.281,4.643,11.32,3.326,4.281,4.643,11.32,3.326,4.281,4.643,11.32,3.326,4.281,4.643,11.32,3.326,7.325
24390,4.281,4.643,11.32,3.324,4.281,4.643,11.32,3.324,4.281,4.643,11.32,3.324,4.281,4.643,11.32,3.324,6.27
24391,4.28,4.643,11.32,3.324,4.28,4.643,11.32,3.324,4.28,4.643,11.32,3.324,4.28,4.643,11.32,3.324,16.811
24392,4.28,4.644,11.32,3.324,4.28,4.644,11.32,3.324,4.28,4.644,11.32,3.324,4.28,4.644,11.32,3.324,5.993
24397,4.28,4.644,11.32,3.326,4.28,4.644,11.32,3.326,4.28,4.644,11.32,3.326,4.28,4.644,11.32,3.326,8.068
24398,4.28,4.644,11.32,3.326,4.28,4.644,11.32,3.326,4.28,4.644,11.32,3.326,4.28,4.644,11.32,3.326,19.109
24399,4.282,4.644,11.32,3.326,4.282,4.644,11.32,3.326,4.282,4.644,11.32,3.326,4.282,4.644,11.32,3.326,6.52
24400,4.282,4.644,11.32,3.326,4.282,4.644,11.32,3.326,4.282,4.644,11.32,3.326,4.282,4.644,11.32,3.326,0.026
24401,4.282,4.644,11.32,3.324,4.282,4.644,11.32,3.324,4.282,4.644,11.32,3.324,4.282,4.644,11.32,3.324,0.003
24402,4.282,4.644,11.32,3.324,4.282,4.644,11.32,3.324,4.282,4.644,11.32,3.324,4.282,4.644,11.32,3.324,6.833
24403,4.281,4.644,11.32,3.324,4.281,4.644,11.32,3.324,4.281,4.644,11.32,3.324,4.281,4.644,11.32,3.324,7.417
24404,4.281,4.643,11.32,3.324,4.281,4.643,11.32,3.324,4.281,4.643,11.32,3.324,4.281,4.643,11.32,3.324,5.913
24405,4.281,4.643,11.32,3.323,4.281,4.643,11.32,3.323,4.281,4.643,11.32,3.323,4.281,4.643,11.32,3.323,8.081
24406,4.281,4.643,11.32,3.323,4.281,4.643,11.32,3.323,4.281,4.643,11.32,3.323,4.281,4.643,11.32,3.323,9.732
24407,4.278,4.645,11.32,3.323,4.278,4.645,11.32,3.323,4.278,4.645,11.32,3.323,4.278,4.645,11.32,3.323,5.931
24408,4.278,4.645,11.32,3.323,4.278,4.645,11.32,3.323,4.278,4.645,11.32,3.323,4.278,4.645,11.32,3.323,4.818
24409,4.278,4.645,11.32,3.325,4.278,4.645,11.32,3.325,4.278,4.645,11.32,3.325,4.278,4.645,11.32,3.325,7.185
24410,4.279,4.645,11.32,3.325,4.279,4.645,11.32,3.325,4.279,4.645,11.32,3.325,4.279,4.645,11.32,3.325,7.164
24411,4.279,4.645,11.32,3.325,4.279,4.645,11.32,3.325,4.279,4.645,11.32,3.325,4.279,4.645,11.32,3.325,7.209
24412,4.279,4.645,11.32,3.325,4.279,4.645,11.32,3.325,4.279,4.645,11.32,3.325,4.279,4.645,11.32,3.325,13.346
24413,4.279,4.645,11.32,3.324,4.279,4.645,11.32,3.324,4.279,4.645,11.32,3.324,4.279,4.645,11.32,3.324,4.273
24414,4.279,4.645,11.32,3.324,4.279,4.645,11.32,3.324,4.279,4.645,11.32,3.324,4.279,4.645,11.32,3.324,4.348
24415,4.279,4.642,11.32,3.324,4.279,4.642,11.32,3.324,4.279,4.642,11.32,3.324,4.279,4.642,11.32,3.324,7.487
24416,4.279,4.642,11.32,3.329,4.279,4.642,11.32,3.329,4.279,4.642,11.32,3.329,4.279,4.642,11.32,3.329,7.693
24417,4.279,4.642,11.32,3.329,4.279,4.642,11.32,3.329,4.279,4.642,11.32,3.329,4.279,4.642,11.32,3.329,6.068
24418,4.281,4.642,11.32,3.329,4.281,4.642,11.32,3.329,4.281,4.642,11.32,3.329,4.281,4.642,11.32,3.329,10.863
24419,4.281,4.643,11.32,3.329,4.281,4.643,11.32,3.329,4.281,4.643,11.32,3.329,4.281,4.643,11.32,3.329,8.079
24420,4.281,4.643,11.32,3.326,4.281,4.643,11.32,3.326,4.281,4.643,11.32,3.326,4.281,4.643,11.32,3.326,4.37
24421,4.281,4.643,11.32,3.326,4.281,4.643,11.32,3.326,4.281,4.643,11.32,3.326,4.281,4.643,11.32,3.326,6.221
24422,4.28,4.644,11.32,3.326,4.28,4.644,11.32,3.326,4.28,4.644,11.32,3.326,4.28,4.644,11.32,3.326,7.343
24423,4.28,4.644,11.32,3.326,4.28,4.644,11.32,3.326,4.28,4.644,11.32,3.326,4.28,4.644,11.32,3.326,12.106
24424,4.28,4.644,11.32,3.322,4.28,4.644,11.32,3.322,4.28,4.644,11.32,3.322,4.28,4.644,11.32,3.322,4.261
24425,4.28,4.644,11.32,3.322,4.28,4.644,11.32,3.322,4.28,4.644,11.32,3.322,4.28,4.644,11.32,3.322,6.223
24426,4.283,4.644,11.32,3.322,4.283,4.644,11.32,3.322,4.283,4.644,11.32,3.322,4.283,4.644,11.32,3.322,10.421
24427,4.283,4.644,11.32,3.322,4.283,4.644,11.32,3.322,4.283,4.644,11.32,3.322,4.283,4.644,11.32,3.322,4.342
24428,4.283,4.644,11.32,3.327,4.283,4.644,11.32,3.327,4.283,4.644,11.32,3.327,4.283,4.644,11.32,3.327,4.436
24429,4.283,4.644,11.32,3.327,4.283,4.644,11.32,3.327,4.283,4.644,11.32,3.327,4.283,4.644,11.32,3.327,5.834
24430,4.283,4.644,11.32,3.327,4.283,4.644,11.32,3.327,4.283,4.644,11.32,3.327,4.283,4.644,11.32,3.327,7.797
24435,4.284,4.644,11.32,3.335,4.284,4.644,11.32,3.335,4.284,4.644,11.32,3.335,4.284,4.644,11.32,3.335,7.942
24436,4.284,4.644,11.32,3.332,4.284,4.644,11.32,3.332,4.284,4.644,11.32,3.332,4.284,4.644,11.32,3.332,6.125
24437,4.282,4.644,11.32,3.332,4.282,4.644,11.32,3.332,4.282,4.644,11.32,3.332,4.282,4.644,11.32,3.332,7.387
24438,4.282,4.643,11.32,3.332,4.282,4.643,11.32,3.332,4.282,4.643,11.32,3.332,4.282,4.643,11.32,3.332,9.004
24442,4.28,4.643,11.32,3.325,4.28,4.643,11.32,3.325,4.28,4.643,11.32,3.325,4.28,4.643,11.32,3.325,7.136
24443,4.28,4.643,11.32,3.327,4.28,4.643,11.32,3.327,4.28,4.643,11.32,3.327,4.28,4.643,11.32,3.327,7.992
24444,4.28,4.643,11.32,3.327,4.28,4.643,11.32,3.327,4.28,4.643,11.32,3.327,4.28,4.643,11.32,3.327,7.626
24445,4.28,4.644,11.32,3.327,4.28,4.644,11.32,3.327,4.28,4.644,11.32,3.327,4.28,4.644,11.32,3.327,12.352
24446,4.28,4.644,11.32,3.327,4.28,4.644,11.32,3.327,4.28,4.644,11.32,3.327,4.28,4.644,11.32,3.327,8.364
24447,4.28,4.644,11.32,3.326,4.28,4.644,11.32,3.326,4.28,4.644,11.32,3.326,4.28,4.644,11.32,3.326,6.415
24448,4.28,4.644,11.32,3.326,4.28,4.644,11.32,3.326,4.28,4.644,11.32,3.326,4.28,4.644,11.32,3.326,17.192
24449,4.281,4.644,11.32,3.326,4.281,4.644,11.32,3.326,4.281,4.644,11.32,3.326,4.281,4.644,11.32,3.326,7.044
24450,4.281,4.644,11.32,3.326,4.281,4.644,11.32,3.326,4.281,4.644,11.32,3.326,4.281,4.644,11.32,3.326,0.026
24451,4.281,4.644,11.32,3.326,4.281,4.644,11.32,3.326,4.281,4.644,11.32,3.326,4.281,4.644,11.32,3.326,0.003
24452,4.281,4.644,11.32,3.326,4.281,4.644,11.32,3.326,4.281,4.644,11.32,3.326,4.281,4.644,11.32,3.326,5.651
24453,4.281,4.643,11.32,3.326,4.281,4.643,11.32,3.326,4.281,4.643,11.32,3.326,4.281,4.643,11.32,3.326,7.127
24454,4.281,4.643,11.32,3.326,4.281,4.643,11.32,3.326,4.281,4.643,11.32,3.326,4.281,4.643,11.32,3.326,5.941
24455,4.281,4.643,11.32,3.325,4.281,4.643,11.32,3.325,4.281,4.643,11.32,3.325,4.281,4.643,11.32,3.325,14.312
24456,4.282,4.643,11.32,3.325,4.282,4.643,11.32,3.325,4.282,4.643,11.32,3.325,4.282,4.643,11.32,3.325,5.922
24457,4.282,4.644,11.32,3.325,4.282,4.644,11.32,3.325,4.282,4.644,11.32,3.325,4.282,4.644,11.32,3.325,0.025
24458,4.282,4.644,11.32,3.325,4.282,4.644,11.32,3.325,4.282,4.644,11.32,3.325,4.282,4.644,11.32,3.325,7.023
24459,4.282,4.644,11.32,3.33,4.282,4.644,11.32,3.33,4.282,4.644,11.32,3.33,4.282,4.644,11.32,3.33,6.902
24460,4.283,4.644,11.32,3.33,4.283,4.644,11.32,3.33,4.283,4.644,11.32,3.33,4.283,4.644,11.32,3.33,8.055
24461,4.283,4.644,11.32,3.33,4.283,4.644,11.32,3.33,4.283,4.644,11.32,3.33,4.283,4.644,11.32,3.33,7.487
24462,4.283,4.644,11.32,3.329,4.283,4.644,11.32,3.329,4.283,4.644,11.32,3.329,4.283,4.644,11.32,3.329,34.507
24463,4.283,4.644,11.32,3.329,4.283,4.644,11.32,3.329,4.283,4.644,11.32,3.329,4.283,4.644,11.32,3.329,0.025
24464,4.283,4.644,11.32,3.329,4.283,4.644,11.32,3.329,4.283,4.644,11.32,3.329,4.283,4.644,11.32,3.329,0.003
24465,4.283,4.644,11.32,3.329,4.283,4.644,11.32,3.329,4.283,4.644,11.32,3.329,4.283,4.644,11.32,3.329,0.002
24466,4.283,4.644,11.32,3.329,4.283,4.644,11.32,3.329,4.283,4.644,11.32,3.329,4.283,4.644,11.32,3.329,0.002
24467,4.283,4.644,11.32,3.331,4.283,4.644,11.32,3.331,4.283,4.644,11.32,3.331,4.283,4.644,11.32,3.331,5.809
24468,4.283,4.644,11.32,3.331,4.283,4.644,11.32,3.331,4.283,4.644,11.32,3.331,4.283,4.644,11.32,3.331,7.205
24469,4.283,4.645,11.32,3.331,4.283,4.645,11.32,3.331,4.283,4.645,11.32,3.331,4.283,4.645,11.32,3.331,7.28
24470,4.283,4.645,11.32,3.331,4.283,4.645,11.32,3.331,4.283,4.645,11.32,3.331,4.283,4.645,11.32,3.331,6.234
24471,4.283,4.645,11.32,3.329,4.283,4.645,11.32,3.329,4.283,4.645,11.32,3.329,4.283,4.645,11.32,3.329,9.364
24472,4.284,4.645,11.32,3.329,4.284,4.645,11.32,3.329,4.284,4.645,11.32,3.329,4.284,4.645,11.32,3.329,5.999
24473,4.284,4.643,11.32,3.329,4.284,4.643,11.32,3.329,4.284,4.643,11.32,3.329,4.284,4.643,11.32,3.329,7.557
24474,4.284,4.643,11.32,3.327,4.284,4.643,11.32,3.327,4.284,4.643,11.32,3.327,4.284,4.643,11.32,3.327,7.278
24475,4.284,4.643,11.32,3.327,4.284,4.643,11.32,3.327,4.284,4.643,11.32,3.327,4.284,4.643,11.32,3.327,5.967
24476,4.282,4.643,11.32,3.327,4.282,4.643,11.32,3.327,4.282,4.643,11.32,3.327,4.282,4.643,11.32,3.327,4.316
24477,4.282,4.644,11.32,3.327,4.282,4.644,11.32,3.327,4.282,4.644,11.32,3.327,4.282,4.644,11.32,3.327,10.552
24478,4.282,4.644,11.32,3.321,4.282,4.644,11.32,3.321,4.282,4.644,11.32,3.321,4.282,4.644,11.32,3.321,6.903
24479,4.282,4.644,11.32,3.321,4.282,4.644,11.32,3.321,4.282,4.644,11.32,3.321,4.282,4.644,11.32,3.321,16.378
24480,4.281,4.644,11.32,3.321,4.281,4.644,11.32,3.321,4.281,4.644,11.32,3.321,4.281,4.644,11.32,3.321,5.613
24481,4.281,4.644,11.32,3.321,4.281,4.644,11.32,3.321,4.281,4.644,11.32,3.321,4.281,4.644,11.32,3.321,0.018
24482,4.281,4.644,11.32,3.324,4.281,4.644,11.32,3.324,4.281,4.644,11.32,3.324,4.281,4.644,11.32,3.324,9.509
24483,4.281,4.644,11.32,3.324,4.281,4.644,11.32,3.324,4.281,4.644,11.32,3.324,4.281,4.644,11.32,3.324,10.193
24484,4.281,4.644,11.32,3.324,4.281,4.644,11.32,3.324,4.281,4.644,11.32,3.324,4.281,4.644,11.32,3.324,0.031
24485,4.281,4.644,11.32,3.324,4.281,4.644,11.32,3.324,4.281,4.644,11.32,3.324,4.281,4.644,11.32,3.324,30.87
24486,4.281,4.644,11.32,3.325,4.281,4.644,11.32,3.325,4.281,4.644,11.32,3.325,4.281,4.644,11.32,3.325,4.655
24487,4.281,4.644,11.32,3.325,4.281,4.644,11.32,3.325,4.281,4.644,11.32,3.325,4.281,4.644,11.32,3.325,0.016
24488,4.282,4.644,11.32,3.325,4.282,4.644,11.32,3.325,4.282,4.644,11.32,3.325,4.282,4.644,11.32,3.325,0.003
24489,4.282,4.644,11.32,3.325,4.282,4.644,11.32,3.325,4.282,4.644,11.32,3.325,4.282,4.644,11.32,3.325,0.002
24490,4.282,4.644,11.32,3.327,4.282,4.644,11.32,3.327,4.282,4.644,11.32,3.327,4.282,4.644,11.32,3.327,0.002
24491,4.282,4.644,11.32,3.327,4.282,4.644,11.32,3.327,4.282,4.644,11.32,3.327,4.282,4.644,11.32,3.327,5.385
24492,4.283,4.644,11.32,3.327,4.283,4.644,11.32,3.327,4.283,4.644,11.32,3.327,4.283,4.644,11.32,3.327,6.926
24493,4.283,4.644,11.32,3.327,4.283,4.644,11.32,3.327,4.283,4.644,11.32,3.327,4.283,4.644,11.32,3.327,7.29
24494,4.283,4.644,11.32,3.327,4.283,4.644,11.32,3.327,4.283,4.644,11.32,3.327,4.283,4.644,11.32,3.327,6.849
24495,4.283,4.644,11.32,3.327,4.283,4.644,11.32,3.327,4.283,4.644,11.32,3.327,4.283,4.644,11.32,3.327,7.098
24496,4.284,4.644,11.32,3.327,4.284,4.644,11.32,3.327,4.284,4.644,11.32,3.327,4.284,4.644,11.32,3.327,6.98
24497,4.284,4.644,11.32,3.327,4.284,4.644,11.32,3.327,4.284,4.644,11.32,3.327,4.284,4.644,11.32,3.327,7.592
24498,4.284,4.644,11.32,3.332,4.284,4.644,11.32,3.332,4.284,4.644,11.32,3.332,4.284,4.644,11.32,3.332,6.767
24499,4.284,4.644,11.32,3.332,4.284,4.644,11.32,3.332,4.284,4.644,11.32,3.332,4.284,4.644,11.32,3.332,6.816
24500,4.284,4.645,11.32,3.332,4.284,4.645,11.32,3.332,4.284,4.645,11.32,3.332,4.284,4.645,11.32,3.332,8.573
24501,4.284,4.645,11.32,3.332,4.284,4.645,11.32,3.332,4.284,4.645,11.32,3.332,4.284,4.645,11.32,3.332,8.053
24502,4.284,4.645,11.32,3.322,4.284,4.645,11.32,3.322,4.284,4.645,11.32,3.322,4.284,4.645,11.32,3.322,4.982
24503,4.282,4.645,11.32,3.322,4.282,4.645,11.32,3.322,4.282,4.645,11.32,3.322,4.282,4.645,11.32,3.322,8.76
24504,4.282,4.643,11.32,3.322,4.282,4.643,11.32,3.322,4.282,4.643,11.32,3.322,4.282,4.643,11.32,3.322,5.539
24505,4.282,4.643,11.32,3.322,4.282,4.643,11.32,3.322,4.282,4.643,11.32,3.322,4.282,4.643,11.32,3.322,14.546
24506,4.282,4.643,11.32,3.325,4.282,4.643,11.32,3.325,4.282,4.643,11.32,3.325,4.282,4.643,11.32,3.325,0.03
24507,4.282,4.643,11.32,3.325,4.282,4.643,11.32,3.325,4.282,4.643,11.32,3.325,4.282,4.643,11.32,3.325,7.576
24508,4.282,4.644,11.32,3.325,4.282,4.644,11.32,3.325,4.282,4.644,11.32,3.325,4.282,4.644,11.32,3.325,7.76
24513,4.282,4.644,11.32,3.325,4.282,4.644,11.32,3.325,4.282,4.644,11.32,3.325,4.282,4.644,11.32,3.325,6.942
24514,4.282,4.644,11.32,3.325,4.282,4.644,11.32,3.325,4.282,4.644,11.32,3.325,4.282,4.644,11.32,3.325,6.808
24515,4.283,4.644,11.32,3.325,4.283,4.644,11.32,3.325,4.283,4.644,11.32,3.325,4.283,4.644,11.32,3.325,7.296
24520,4.283,4.643,11.32,3.325,4.283,4.643,11.32,3.325,4.283,4.643,11.32,3.325,4.283,4.643,11.32,3.325,6.683
24521,4.283,4.643,11.32,3.326,4.283,4.643,11.32,3.326,4.283,4.643,11.32,3.326,4.283,4.643,11.32,3.326,6.717
24522,4.283,4.643,11.32,3.326,4.283,4.643,11.32,3.326,4.283,4.643,11.32,3.326,4.283,4.643,11.32,3.326,8.786
24523,4.283,4.644,11.32,3.326,4.283,4.644,11.32,3.326,4.283,4.644,11.32,3.326,4.283,4.644,11.32,3.326,8.147
24524,4.283,4.644,11.32,3.326,4.283,4.644,11.32,3.326,4.283,4.644,11.32,3.326,4.283,4.644,11.32,3.326,6.048
24525,4.283,4.644,11.32,3.33,4.283,4.644,11.32,3.33,4.283,4.644,11.32,3.33,4.283,4.644,11.32,3.33,5.914
24526,4.283,4.644,11.32,3.33,4.283,4.644,11.32,3.33,4.283,4.644,11.32,3.33,4.283,4.644,11.32,3.33,6.531
24527,4.283,4.644,11.32,3.33,4.283,4.644,11.32,3.33,4.283,4.644,11.32,3.33,4.283,4.644,11.32,3.33,13.931
24528,4.283,4.644,11.32,3.322,4.283,4.644,11.32,3.322,4.283,4.644,11.32,3.322,4.283,4.644,11.32,3.322,8.506
24529,4.283,4.644,11.32,3.322,4.283,4.644,11.32,3.322,4.283,4.644,11.32,3.322,4.283,4.644,11.32,3.322,0.018
24530,4.282,4.644,11.32,3.322,4.282,4.644,11.32,3.322,4.282,4.644,11.32,3.322,4.282,4.644,11.32,3.322,13.585
24531,4.282,4.643,11.32,3.322,4.282,4.643,11.32,3.322,4.282,4.643,11.32,3.322,4.282,4.643,11.32,3.322,5.841
24532,4.282,4.643,11.32,3.323,4.282,4.643,11.32,3.323,4.282,4.643,11.32,3.323,4.282,4.643,11.32,3.323,0.028
24533,4.282,4.643,11.32,3.323,4.282,4.643,11.32,3.323,4.282,4.643,11.32,3.323,4.282,4.643,11.32,3.323,6.06
24534,4.281,4.643,11.32,3.323,4.281,4.643,11.32,3.323,4.281,4.643,11.32,3.323,4.281,4.643,11.32,3.323,5.655
24535,4.281,4.644,11.32,3.323,4.281,4.644,11.32,3.323,4.281,4.644,11.32,3.323,4.281,4.644,11.32,3.323,8.736
24536,4.281,4.644,11.32,3.324,4.281,4.644,11.32,3.324,4.281,4.644,11.32,3.324,4.281,4.644,11.32,3.324,6.137
24537,4.281,4.644,11.32,3.324,4.281,4.644,11.32,3.324,4.281,4.644,11.32,3.324,4.281,4.644,11.32,3.324,6.889
24538,4.281,4.644,11.32,3.324,4.281,4.644,11.32,3.324,4.281,4.644,11.32,3.324,4.281,4.644,11.32,3.324,12.816
24539,4.281,4.644,11.32,3.324,4.281,4.644,11.32,3.324,4.281,4.644,11.32,3.324,4.281,4.644,11.32,3.324,5.842
24540,4.281,4.644,11.32,3.326,4.281,4.644,11.32,3.326,4.281,4.644,11.32,3.326,4.281,4.644,11.32,3.326,6.383
24541,4.282,4.644,11.32,3.326,4.282,4.644,11.32,3.326,4.282,4.644,11.32,3.326,4.282,4.644,11.32,3.326,5.65
24542,4.282,4.644,11.32,3.326,4.282,4.644,11.32,3.326,4.282,4.644,11.32,3.326,4.282,4.644,11.32,3.326,19.235
24543,4.282,4.644,11.32,3.326,4.282,4.644,11.32,3.326,4.282,4.644,11.32,3.326,4.282,4.644,11.32,3.326,0.03
24544,4.282,4.644,11.32,3.326,4.282,4.644,11.32,3.326,4.282,4.644,11.32,3.326,4.282,4.644,11.32,3.326,0.003
24545,4.282,4.644,11.32,3.326,4.282,4.644,11.32,3.326,4.282,4.644,11.32,3.326,4.282,4.644,11.32,3.326,6.891
24546,4.282,4.644,11.32,3.326,4.282,4.644,11.32,3.326,4.282,4.644,11.32,3.326,4.282,4.644,11.32,3.326,5.881
24547,4.282,4.644,11.32,3.326,4.282,4.644,11.32,3.326,4.282,4.644,11.32,3.326,4.282,4.644,11.32,3.326,10.229
24548,4.282,4.644,11.32,3.325,4.282,4.644,11.32,3.325,4.282,4.644,11.32,3.325,4.282,4.644,11.32,3.325,8.417
24549,4.282,4.644,11.32,3.325,4.282,4.644,11.32,3.325,4.282,4.644,11.32,3.325,4.282,4.644,11.32,3.325,9.765
24550,4.282,4.644,11.32,3.325,4.282,4.644,11.32,3.325,4.282,4.644,11.32,3.325,4.282,4.644,11.32,3.325,0.023
24551,4.282,4.644,11.32,3.326,4.282,4.644,11.32,3.326,4.282,4.644,11.32,3.326,4.282,4.644,11.32,3.326,13.112
24552,4.282,4.644,11.32,3.326,4.282,4.644,11.32,3.326,4.282,4.644,11.32,3.326,4.282,4.644,11.32,3.326,34.135
24553,4.282,4.644,11.32,3.326,4.282,4.644,11.32,3.326,4.282,4.644,11.32,3.326,4.282,4.644,11.32,3.326,0.028
24554,4.282,4.644,11.32,3.326,4.282,4.644,11.32,3.326,4.282,4.644,11.32,3.326,4.282,4.644,11.32,3.326,0.003
24555,4.282,4.644,11.32,3.326,4.282,4.644,11.32,3.326,4.282,4.644,11.32,3.326,4.282,4.644,11.32,3.326,0.002
24556,4.282,4.644,11.32,3.324,4.282,4.644,11.32,3.324,4.282,4.644,11.32,3.324,4.282,4.644,11.32,3.324,0.001
24557,4.281,4.644,11.32,3.324,4.281,4.644,11.32,3.324,4.281,4.644,11.32,3.324,4.281,4.644,11.32,3.324,6.983
24558,4.281,4.643,11.32,3.324,4.281,4.643,11.32,3.324,4.281,4.643,11.32,3.324,4.281,4.643,11.32,3.324,8.176
24559,4.281,4.643,11.32,3.324,4.281,4.643,11.32,3.324,4.281,4.643,11.32,3.324,4.281,4.643,11.32,3.324,6.067
24560,4.281,4.643,11.32,3.321,4.281,4.643,11.32,3.321,4.281,4.643,11.32,3.321,4.281,4.643,11.32,3.321,4.673
24561,4.281,4.643,11.32,3.321,4.281,4.643,11.32,3.321,4.281,4.643,11.32,3.321,4.281,4.643,11.32,3.321,14.178
24562,4.281,4.644,11.32,3.321,4.281,4.644,11.32,3.321,4.281,4.644,11.32,3.321,4.281,4.644,11.32,3.321,11.165
24563,4.281,4.644,11.32,3.321,4.281,4.644,11.32,3.321,4.281,4.644,11.32,3.321,4.281,4.644,11.32,3.321,0.017
24564,4.281,4.644,11.32,3.321,4.281,4.644,11.32,3.321,4.281,4.644,11.32,3.321,4.281,4.644,11.32,3.321,10.036
24565,4.283,4.644,11.32,3.321,4.283,4.644,11.32,3.321,4.283,4.644,11.32,3.321,4.283,4.644,11.32,3.321,0.028
24566,4.283,4.642,11.32,3.321,4.283,4.642,11.32,3.321,4.283,4.642,11.32,3.321,4.283,4.642,11.32,3.321,12.522
24567,4.283,4.642,11.32,3.324,4.283,4.642,11.32,3.324,4.283,4.642,11.32,3.324,4.283,4.642,11.32,3.324,4.838
24568,4.283,4.642,11.32,3.324,4.283,4.642,11.32,3.324,4.283,4.642,11.32,3.324,4.283,4.642,11.32,3.324,0.02
24569,4.277,4.642,11.32,3.324,4.277,4.642,11.32,3.324,4.277,4.642,11.32,3.324,4.277,4.642,11.32,3.324,4.566
24570,4.277,4.64,11.32,3.324,4.277,4.64,11.32,3.324,4.277,4.64,11.32,3.324,4.277,4.64,11.32,3.324,10.247
24571,4.277,4.64,11.32,3.333,4.277,4.64,11.32,3.333,4.277,4.64,11.32,3.333,4.277,4.64,11.32,3.333,4.345
24572,4.277,4.64,11.32,3.333,4.277,4.64,11.32,3.333,4.277,4.64,11.32,3.333,4.277,4.64,11.32,3.333,6.504
24573,4.28,4.644,11.32,3.333,4.28,4.644,11.32,3.333,4.28,4.644,11.32,3.333,4.28,4.644,11.32,3.333,6.455
24574,4.28,4.644,11.32,3.333,4.28,4.644,11.32,3.333,4.28,4.644,11.32,3.333,4.28,4.644,11.32,3.333,6.713
24575,4.28,4.644,11.32,3.334,4.28,4.644,11.32,3.334,4.28,4.644,11.32,3.334,4.28,4.644,11.32,3.334,6.821
24576,4.281,4.644,11.32,3.334,4.281,4.644,11.32,3.334,4.281,4.644,11.32,3.334,4.281,4.644,11.32,3.334,7.936
24577,4.281,4.644,11.32,3.334,4.281,4.644,11.32,3.334,4.281,4.644,11.32,3.334,4.281,4.644,11.32,3.334,7.032
24578,4.281,4.644,11.32,3.334,4.281,4.644,11.32,3.334,4.281,4.644,11.32,3.334,4.281,4.644,11.32,3.334,6.285
24579,4.281,4.644,11.32,3.329,4.281,4.644,11.32,3.329,4.281,4.644,11.32,3.329,4.281,4.644,11.32,3.329,7.027
24580,4.283,4.644,11.32,3.329,4.283,4.644,11.32,3.329,4.283,4.644,11.32,3.329,4.283,4.644,11.32,3.329,18.444
24581,4.283,4.643,11.32,3.329,4.283,4.643,11.32,3.329,4.283,4.643,11.32,3.329,4.283,4.643,11.32,3.329,0.03
24582,4.283,4.643,11.32,3.329,4.283,4.643,11.32,3.329,4.283,4.643,11.32,3.329,4.283,4.643,11.32,3.329,4.783
24583,4.283,4.643,11.32,3.326,4.283,4.643,11.32,3.326,4.283,4.643,11.32,3.326,4.283,4.643,11.32,3.326,4.669
24584,4.281,4.643,11.32,3.326,4.281,4.643,11.32,3.326,4.281,4.643,11.32,3.326,4.281,4.643,11.32,3.326,7.233
24585,4.281,4.642,11.32,3.326,4.281,4.642,11.32,3.326,4.281,4.642,11.32,3.326,4.281,4.642,11.32,3.326,6.828
24586,4.281,4.642,11.32,3.326,4.281,4.642,11.32,3.326,4.281,4.642,11.32,3.326,4.281,4.642,11.32,3.326,6.391
24587,4.281,4.642,11.32,3.325,4.281,4.642,11.32,3.325,4.281,4.642,11.32,3.325,4.281,4.642,11.32,3.325,7.47
24588,4.281,4.642,11.32,3.325,4.281,4.642,11.32,3.325,4.281,4.642,11.32,3.325,4.281,4.642,11.32,3.325,6.962
24589,4.281,4.643,11.32,3.325,4.281,4.643,11.32,3.325,4.281,4.643,11.32,3.325,4.281,4.643,11.32,3.325,7.166
24590,4.281,4.643,11.32,3.326,4.281,4.643,11.32,3.326,4.281,4.643,11.32,3.326,4.281,4.643,11.32,3.326,6.832
24591,4.281,4.643,11.32,3.326,4.281,4.643,11.32,3.326,4.281,4.643,11.32,3.326,4.281,4.643,11.32,3.326,11.395
24592,4.279,4.643,11.32,3.326,4.279,4.643,11.32,3.326,4.279,4.643,11.32,3.326,4.279,4.643,11.32,3.326,7.258
24593,4.279,4.644,11.32,3.326,4.279,4.644,11.32,3.326,4.279,4.644,11.32,3.326,4.279,4.644,11.32,3.326,6.873
24594,4.279,4.644,11.32,3.327,4.279,4.644,11.32,3.327,4.279,4.644,11.32,3.327,4.279,4.644,11.32,3.327,10.073
24595,4.279,4.644,11.32,3.327,4.279,4.644,11.32,3.327,4.279,4.644,11.32,3.327,4.279,4.644,11.32,3.327,16.42
24596,4.281,4.644,11.32,3.327,4.281,4.644,11.32,3.327,4.281,4.644,11.32,3.327,4.281,4.644,11.32,3.327,0.029
24597,4.281,4.645,11.32,3.327,4.281,4.645,11.32,3.327,4.281,4.645,11.32,3.327,4.281,4.645,11.32,3.327,21.187
24598,4.281,4.645,11.32,3.329,4.281,4.645,11.32,3.329,4.281,4.645,11.32,3.329,4.281,4.645,11.32,3.329,0.027
24599,4.281,4.645,11.32,3.329,4.281,4.645,11.32,3.329,4.281,4.645,11.32,3.329,4.281,4.645,11.32,3.329,11.518
24600,4.283,4.645,11.32,3.329,4.283,4.645,11.32,3.329,4.283,4.645,11.32,3.329,4.283,4.645,11.32,3.329,0.027
24601,4.283,4.644,11.32,3.329,4.283,4.644,11.32,3.329,4.283,4.644,11.32,3.329,4.283,4.644,11.32,3.329,0.003
24602,4.283,4.644,11.32,3.329,4.283,4.644,11.32,3.329,4.283,4.644,11.32,3.329,4.283,4.644,11.32,3.329,31.742
24603,4.283,4.644,11.32,3.328,4.283,4.644,11.32,3.328,4.283,4.644,11.32,3.328,4.283,4.644,11.32,3.328,0.029
24604,4.283,4.644,11.32,3.328,4.283,4.644,11.32,3.328,4.283,4.644,11.32,3.328,4.283,4.644,11.32,3.328,10.919
24605,4.283,4.644,11.32,3.328,4.283,4.644,11.32,3.328,4.283,4.644,11.32,3.328,4.283,4.644,11.32,3.328,0.019
24606,4.283,4.644,11.32,3.328,4.283,4.644,11.32,3.328,4.283,4.644,11.32,3.328,4.283,4.644,11.32,3.328,0.003
24607,4.283,4.644,11.32,3.329,4.283,4.644,11.32,3.329,4.283,4.644,11.32,3.329,4.283,4.644,11.32,3.329,0.002
24608,4.283,4.644,11.32,3.329,4.283,4.644,11.32,3.329,4.283,4.644,11.32,3.329,4.283,4.644,11.32,3.329,0.002
24609,4.282,4.644,11.32,3.329,4.282,4.644,11.32,3.329,4.282,4.644,11.32,3.329,4.282,4.644,11.32,3.329,0.002
24610,4.282,4.644,11.32,3.329,4.282,4.644,11.32,3.329,4.282,4.644,11.32,3.329,4.282,4.644,11.32,3.329,5.673
24611,4.282,4.644,11.32,3.329,4.282,4.644,11.32,3.329,4.282,4.644,11.32,3.329,4.282,4.644,11.32,3.329,6.073
24612,4.281,4.644,11.32,3.329,4.281,4.644,11.32,3.329,4.281,4.644,11.32,3.329,4.281,4.644,11.32,3.329,7.586
24613,4.281,4.644,11.32,3.329,4.281,4.644,11.32,3.329,4.281,4.644,11.32,3.329,4.281,4.644,11.32,3.329,7.04
24614,4.281,4.644,11.32,3.329,4.281,4.644,11.32,3.329,4.281,4.644,11.32,3.329,4.281,4.644,11.32,3.329,11.761
24615,4.281,4.644,11.32,3.325,4.281,4.644,11.32,3.325,4.281,4.644,11.32,3.325,4.281,4.644,11.32,3.325,6.961
24616,4.28,4.644,11.32,3.325,4.28,4.644,11.32,3.325,4.28,4.644,11.32,3.325,4.28,4.644,11.32,3.325,7.625
24617,4.28,4.643,11.32,3.325,4.28,4.643,11.32,3.325,4.28,4.643,11.32,3.325,4.28,4.643,11.32,3.325,8.671
24621,4.279,4.642,11.32,3.325,4.279,4.642,11.32,3.325,4.279,4.642,11.32,3.325,4.279,4.642,11.32,3.325,7.943
24622,4.279,4.642,11.32,3.324,4.279,4.642,11.32,3.324,4.279,4.642,11.32,3.324,4.279,4.642,11.32,3.324,10.579
24623,4.279,4.642,11.32,3.324,4.279,4.642,11.32,3.324,4.279,4.642,11.32,3.324,4.279,4.642,11.32,3.324,6.622
24624,4.282,4.642,11.32,3.324,4.282,4.642,11.32,3.324,4.282,4.642,11.32,3.324,4.282,4.642,11.32,3.324,5.819
24625,4.282,4.643,11.32,3.324,4.282,4.643,11.32,3.324,4.282,4.643,11.32,3.324,4.282,4.643,11.32,3.324,8.179
24626,4.282,4.643,11.32,3.326,4.282,4.643,11.32,3.326,4.282,4.643,11.32,3.326,4.282,4.643,11.32,3.326,9.821
24627,4.282,4.643,11.32,3.326,4.282,4.643,11.32,3.326,4.282,4.643,11.32,3.326,4.282,4.643,11.32,3.326,6.917
24628,4.278,4.643,11.32,3.326,4.278,4.643,11.32,3.326,4.278,4.643,11.32,3.326,4.278,4.643,11.32,3.326,6.301
24633,4.281,4.643,11.32,3.326,4.281,4.643,11.32,3.326,4.281,4.643,11.32,3.326,4.281,4.643,11.32,3.326,0.027
24634,4.281,4.643,11.32,3.327,4.281,4.643,11.32,3.327,4.281,4.643,11.32,3.327,4.281,4.643,11.32,3.327,0.002
24635,4.281,4.643,11.32,3.327,4.281,4.643,11.32,3.327,4.281,4.643,11.32,3.327,4.281,4.643,11.32,3.327,9.255
24636,4.281,4.643,11.32,3.327,4.281,4.643,11.32,3.327,4.281,4.643,11.32,3.327,4.281,4.643,11.32,3.327,10.189
24637,4.281,4.643,11.32,3.327,4.281,4.643,11.32,3.327,4.281,4.643,11.32,3.327,4.281,4.643,11.32,3.327,0.032
24638,4.281,4.643,11.32,3.325,4.281,4.643,11.32,3.325,4.281,4.643,11.32,3.325,4.281,4.643,11.32,3.325,4.511
24639,4.28,4.643,11.32,3.325,4.28,4.643,11.32,3.325,4.28,4.643,11.32,3.325,4.28,4.643,11.32,3.325,7.344
24640,4.28,4.642,11.32,3.325,4.28,4.642,11.32,3.325,4.28,4.642,11.32,3.325,4.28,4.642,11.32,3.325,8.527
24641,4.28,4.642,11.32,3.326,4.28,4.642,11.32,3.326,4.28,4.642,11.32,3.326,4.28,4.642,11.32,3.326,7.725
24642,4.28,4.642,11.32,3.326,4.28,4.642,11.32,3.326,4.28,4.642,11.32,3.326,4.28,4.642,11.32,3.326,4.583
24643,4.277,4.642,11.32,3.326,4.277,4.642,11.32,3.326,4.277,4.642,11.32,3.326,4.277,4.642,11.32,3.326,6.137
24644,4.277,4.643,11.32,3.326,4.277,4.643,11.32,3.326,4.277,4.643,11.32,3.326,4.277,4.643,11.32,3.326,8.691
24645,4.277,4.643,11.32,3.328,4.277,4.643,11.32,3.328,4.277,4.643,11.32,3.328,4.277,4.643,11.32,3.328,4.332
24646,4.279,4.643,11.32,3.328,4.279,4.643,11.32,3.328,4.279,4.643,11.32,3.328,4.279,4.643,11.32,3.328,7.269
24647,4.279,4.644,11.32,3.328,4.279,4.644,11.32,3.328,4.279,4.644,11.32,3.328,4.279,4.644,11.32,3.328,7.689
24648,4.279,4.644,11.32,3.328,4.279,4.644,11.32,3.328,4.279,4.644,11.32,3.328,4.279,4.644,11.32,3.328,7.898
24649,4.279,4.644,11.32,3.328,4.279,4.644,11.32,3.328,4.279,4.644,11.32,3.328,4.279,4.644,11.32,3.328,8.497
24650,4.282,4.644,11.32,3.328,4.282,4.644,11.32,3.328,4.282,4.644,11.32,3.328,4.282,4.644,11.32,3.328,6.794
24651,4.282,4.645,11.32,3.328,4.282,4.645,11.32,3.328,4.282,4.645,11.32,3.328,4.282,4.645,11.32,3.328,9.896
24652,4.282,4.645,11.32,3.328,4.282,4.645,11.32,3.328,4.282,4.645,11.32,3.328,4.282,4.645,11.32,3.328,4.406
24653,4.282,4.645,11.32,3.328,4.282,4.645,11.32,3.328,4.282,4.645,11.32,3.328,4.282,4.645,11.32,3.328,47.677
24654,4.283,4.645,11.32,3.328,4.283,4.645,11.32,3.328,4.283,4.645,11.32,3.328,4.283,4.645,11.32,3.328,0.031
24655,4.283,4.644,11.32,3.328,4.283,4.644,11.32,3.328,4.283,4.644,11.32,3.328,4.283,4.644,11.32,3.328,0.004
24656,4.283,4.644,11.32,3.328,4.283,4.644,11.32,3.328,4.283,4.644,11.32,3.328,4.283,4.644,11.32,3.328,0.003
24657,4.283,4.644,11.32,3.326,4.283,4.644,11.32,3.326,4.283,4.644,11.32,3.326,4.283,4.644,11.32,3.326,0.002
24658,4.283,4.644,11.32,3.326,4.283,4.644,11.32,3.326,4.283,4.644,11.32,3.326,4.283,4.644,11.32,3.326,0.002
24659,4.282,4.644,11.32,3.326,4.282,4.644,11.32,3.326,4.282,4.644,11.32,3.326,4.282,4.644,11.32,3.326,6.351
24660,4.282,4.644,11.32,3.326,4.282,4.644,11.32,3.326,4.282,4.644,11.32,3.326,4.282,4.644,11.32,3.326,0.018
24661,4.282,4.644,11.32,3.325,4.282,4.644,11.32,3.325,4.282,4.644,11.32,3.325,4.282,4.644,11.32,3.325,0.003
24662,4.282,4.644,11.32,3.325,4.282,4.644,11.32,3.325,4.282,4.644,11.32,3.325,4.282,4.644,11.32,3.325,6.098
24663,4.279,4.644,11.32,3.325,4.279,4.644,11.32,3.325,4.279,4.644,11.32,3.325,4.279,4.644,11.32,3.325,7.242
24664,4.279,4.642,11.32,3.325,4.279,4.642,11.32,3.325,4.279,4.642,11.32,3.325,4.279,4.642,11.32,3.325,12.398
24665,4.279,4.642,11.32,3.329,4.279,4.642,11.32,3.329,4.279,4.642,11.32,3.329,4.279,4.642,11.32,3.329,6.559
24666,4.279,4.642,11.32,3.329,4.279,4.642,11.32,3.329,4.279,4.642,11.32,3.329,4.279,4.642,11.32,3.329,4.521
24667,4.276,4.642,11.32,3.329,4.276,4.642,11.32,3.329,4.276,4.642,11.32,3.329,4.276,4.642,11.32,3.329,9.502
24668,4.276,4.646,11.32,3.329,4.276,4.646,11.32,3.329,4.276,4.646,11.32,3.329,4.276,4.646,11.32,3.329,4.321
24669,4.276,4.646,11.32,3.317,4.276,4.646,11.32,3.317,4.276,4.646,11.32,3.317,4.276,4.646,11.32,3.317,5.383
24670,4.275,4.646,11.32,3.317,4.275,4.646,11.32,3.317,4.275,4.646,11.32,3.317,4.275,4.646,11.32,3.317,7.956
24671,4.275,4.644,11.32,3.317,4.275,4.644,11.32,3.317,4.275,4.644,11.32,3.317,4.275,4.644,11.32,3.317,11.961
24672,4.275,4.644,11.32,3.317,4.275,4.644,11.32,3.317,4.275,4.644,11.32,3.317,4.275,4.644,11.32,3.317,6.546
24673,4.275,4.644,11.32,3.324,4.275,4.644,11.32,3.324,4.275,4.644,11.32,3.324,4.275,4.644,11.32,3.324,7.847
24674,4.28,4.644,11.32,3.324,4.28,4.644,11.32,3.324,4.28,4.644,11.32,3.324,4.28,4.644,11.32,3.324,11.186
24675,4.28,4.643,11.32,3.324,4.28,4.643,11.32,3.324,4.28,4.643,11.32,3.324,4.28,4.643,11.32,3.324,0.039
24676,4.28,4.643,11.32,3.324,4.28,4.643,11.32,3.324,4.28,4.643,11.32,3.324,4.28,4.643,11.32,3.324,7.733
24677,4.28,4.643,11.32,3.328,4.28,4.643,11.32,3.328,4.28,4.643,11.32,3.328,4.28,4.643,11.32,3.328,8.277
24678,4.285,4.643,11.32,3.328,4.285,4.643,11.32,3.328,4.285,4.643,11.32,3.328,4.285,4.643,11.32,3.328,12.998
24679,4.285,4.643,11.32,3.328,4.285,4.643,11.32,3.328,4.285,4.643,11.32,3.328,4.285,4.643,11.32,3.328,5.595
24680,4.285,4.643,11.32,3.328,4.285,4.643,11.32,3.328,4.285,4.643,11.32,3.328,4.285,4.643,11.32,3.328,0.017
24681,4.285,4.643,11.32,3.324,4.285,4.643,11.32,3.324,4.285,4.643,11.32,3.324,4.285,4.643,11.32,3.324,8.187
24682,4.282,4.643,11.32,3.324,4.282,4.643,11.32,3.324,4.282,4.643,11.32,3.324,4.282,4.643,11.32,3.324,11.794
24683,4.282,4.642,11.32,3.324,4.282,4.642,11.32,3.324,4.282,4.642,11.32,3.324,4.282,4.642,11.32,3.324,7.404
24684,4.282,4.642,11.32,3.324,4.282,4.642,11.32,3.324,4.282,4.642,11.32,3.324,4.282,4.642,11.32,3.324,0.025
24685,4.282,4.642,11.32,3.329,4.282,4.642,11.32,3.329,4.282,4.642,11.32,3.329,4.282,4.642,11.32,3.329,7.169
24686,4.283,4.642,11.32,3.329,4.283,4.642,11.32,3.329,4.283,4.642,11.32,3.329,4.283,4.642,11.32,3.329,7.195
24687,4.283,4.643,11.32,3.329,4.283,4.643,11.32,3.329,4.283,4.643,11.32,3.329,4.283,4.643,11.32,3.329,6.183
24688,4.283,4.643,11.32,3.332,4.283,4.643,11.32,3.332,4.283,4.643,11.32,3.332,4.283,4.643,11.32,3.332,9.127
24689,4.283,4.643,11.32,3.332,4.283,4.643,11.32,3.332,4.283,4.643,11.32,3.332,4.283,4.643,11.32,3.332,5.591
24690,4.283,4.644,11.32,3.332,4.283,4.644,11.32,3.332,4.283,4.644,11.32,3.332,4.283,4.644,11.32,3.332,5.17
24691,4.283,4.644,11.32,3.332,4.283,4.644,11.32,3.332,4.283,4.644,11.32,3.332,4.283,4.644,11.32,3.332,8.957
24692,4.283,4.644,11.32,3.339,4.283,4.644,11.32,3.339,4.283,4.644,11.32,3.339,4.283,4.644,11.32,3.339,10.051
24693,4.284,4.644,11.32,3.339,4.284,4.644,11.32,3.339,4.284,4.644,11.32,3.339,4.284,4.644,11.32,3.339,6.336
24694,4.284,4.645,11.32,3.339,4.284,4.645,11.32,3.339,4.284,4.645,11.32,3.339,4.284,4.645,11.32,3.339,6.659
24695,4.284,4.645,11.32,3.339,4.284,4.645,11.32,3.339,4.284,4.645,11.32,3.339,4.284,4.645,11.32,3.339,6.986
24696,4.284,4.645,11.32,3.345,4.284,4.645,11.32,3.345,4.284,4.645,11.32,3.345,4.284,4.645,11.32,3.345,6.293
24697,4.284,4.645,11.32,3.345,4.284,4.645,11.32,3.345,4.284,4.645,11.32,3.345,4.284,4.645,11.32,3.345,9.481
24698,4.284,4.645,11.32,3.345,4.284,4.645,11.32,3.345,4.284,4.645,11.32,3.345,4.284,4.645,11.32,3.345,5.924
24699,4.284,4.645,11.32,3.336,4.284,4.645,11.32,3.336,4.284,4.645,11.32,3.336,4.284,4.645,11.32,3.336,6.892
24700,4.284,4.645,11.32,3.336,4.284,4.645,11.32,3.336,4.284,4.645,11.32,3.336,4.284,4.645,11.32,3.336,6.943
24701,4.283,4.645,11.32,3.336,4.283,4.645,11.32,3.336,4.283,4.645,11.32,3.336,4.283,4.645,11.32,3.336,7.299
24702,4.283,4.644,11.32,3.336,4.283,4.644,11.32,3.336,4.283,4.644,11.32,3.336,4.283,4.644,11.32,3.336,10.611
24703,4.283,4.644,11.32,3.331,4.283,4.644,11.32,3.331,4.283,4.644,11.32,3.331,4.283,4.644,11.32,3.331,9.529
24704,4.283,4.644,11.32,3.331,4.283,4.644,11.32,3.331,4.283,4.644,11.32,3.331,4.283,4.644,11.32,3.331,6.061
24705,4.283,4.644,11.32,3.331,4.283,4.644,11.32,3.331,4.283,4.644,11.32,3.331,4.283,4.644,11.32,3.331,24.486
24706,4.283,4.644,11.32,3.331,4.283,4.644,11.32,3.331,4.283,4.644,11.32,3.331,4.283,4.644,11.32,3.331,0.025
24707,4.283,4.644,11.32,3.329,4.283,4.644,11.32,3.329,4.283,4.644,11.32,3.329,4.283,4.644,11.32,3.329,7.471
24708,4.283,4.644,11.32,3.329,4.283,4.644,11.32,3.329,4.283,4.644,11.32,3.329,4.283,4.644,11.32,3.329,0.019
24709,4.282,4.644,11.32,3.329,4.282,4.644,11.32,3.329,4.282,4.644,11.32,3.329,4.282,4.644,11.32,3.329,0.002
24710,4.282,4.644,11.32,3.329,4.282,4.644,11.32,3.329,4.282,4.644,11.32,3.329,4.282,4.644,11.32,3.329,7.997
24711,4.282,4.644,11.32,3.332,4.282,4.644,11.32,3.332,4.282,4.644,11.32,3.332,4.282,4.644,11.32,3.332,14.024
24712,4.282,4.644,11.32,3.332,4.282,4.644,11.32,3.332,4.282,4.644,11.32,3.332,4.282,4.644,11.32,3.332,0.03
24713,4.284,4.644,11.32,3.332,4.284,4.644,11.32,3.332,4.284,4.644,11.32,3.332,4.284,4.644,11.32,3.332,7.724
24714,4.284,4.644,11.32,3.332,4.284,4.644,11.32,3.332,4.284,4.644,11.32,3.332,4.284,4.644,11.32,3.332,7.54
24715,4.284,4.644,11.32,3.345,4.284,4.644,11.32,3.345,4.284,4.644,11.32,3.345,4.284,4.644,11.32,3.345,7.48
24716,4.284,4.644,11.32,3.345,4.284,4.644,11.32,3.345,4.284,4.644,11.32,3.345,4.284,4.644,11.32,3.345,5.743
24717,4.285,4.644,11.32,3.345,4.285,4.644,11.32,3.345,4.285,4.644,11.32,3.345,4.285,4.644,11.32,3.345,6.31
24718,4.285,4.644,11.32,3.345,4.285,4.644,11.32,3.345,4.285,4.644,11.32,3.345,4.285,4.644,11.32,3.345,5.635
24719,4.285,4.644,11.32,3.339,4.285,4.644,11.32,3.339,4.285,4.644,11.32,3.339,4.285,4.644,11.32,3.339,4.409
24720,4.281,4.644,11.32,3.339,4.281,4.644,11.32,3.339,4.281,4.644,11.32,3.339,4.281,4.644,11.32,3.339,6.333
24721,4.281,4.644,11.32,3.339,4.281,4.644,11.32,3.339,4.281,4.644,11.32,3.339,4.281,4.644,11.32,3.339,8.203
24722,4.281,4.644,11.32,3.33,4.281,4.644,11.32,3.33,4.281,4.644,11.32,3.33,4.281,4.644,11.32,3.33,6.165
24723,4.281,4.644,11.32,3.33,4.281,4.644,11.32,3.33,4.281,4.644,11.32,3.33,4.281,4.644,11.32,3.33,17.684
24724,4.28,4.644,11.32,3.33,4.28,4.644,11.32,3.33,4.28,4.644,11.32,3.33,4.28,4.644,11.32,3.33,5.67
24725,4.28,4.644,11.32,3.33,4.28,4.644,11.32,3.33,4.28,4.644,11.32,3.33,4.28,4.644,11.32,3.33,0.018
24726,4.28,4.644,11.32,3.323,4.28,4.644,11.32,3.323,4.28,4.644,11.32,3.323,4.28,4.644,11.32,3.323,4.618
24727,4.28,4.644,11.32,3.323,4.28,4.644,11.32,3.323,4.28,4.644,11.32,3.323,4.28,4.644,11.32,3.323,8.597
24728,4.28,4.644,11.32,3.323,4.28,4.644,11.32,3.323,4.28,4.644,11.32,3.323,4.28,4.644,11.32,3.323,4.597
24729,4.28,4.644,11.32,3.323,4.28,4.644,11.32,3.323,4.28,4.644,11.32,3.323,4.28,4.644,11.32,3.323,11.986
24730,4.28,4.644,11.32,3.325,4.28,4.644,11.32,3.325,4.28,4.644,11.32,3.325,4.28,4.644,11.32,3.325,4.647
24731,4.28,4.644,11.32,3.325,4.28,4.644,11.32,3.325,4.28,4.644,11.32,3.325,4.28,4.644,11.32,3.325,5.636
24732,4.281,4.645,11.32,3.325,4.281,4.645,11.32,3.325,4.281,4.645,11.32,3.325,4.281,4.645,11.32,3.325,16.151
24733,4.281,4.645,11.32,3.325,4.281,4.645,11.32,3.325,4.281,4.645,11.32,3.325,4.281,4.645,11.32,3.325,4.61
24734,4.281,4.645,11.32,3.33,4.281,4.645,11.32,3.33,4.281,4.645,11.32,3.33,4.281,4.645,11.32,3.33,0.029
24735,4.281,4.645,11.32,3.33,4.281,4.645,11.32,3.33,4.281,4.645,11.32,3.33,4.281,4.645,11.32,3.33,9.833
24736,4.281,4.645,11.32,3.33,4.281,4.645,11.32,3.33,4.281,4.645,11.32,3.33,4.281,4.645,11.32,3.33,6.62
24737,4.281,4.645,11.32,3.33,4.281,4.645,11.32,3.33,4.281,4.645,11.32,3.33,4.281,4.645,11.32,3.33,7.808
24738,4.281,4.645,11.32,3.326,4.281,4.645,11.32,3.326,4.281,4.645,11.32,3.326,4.281,4.645,11.32,3.326,8.554
24739,4.281,4.645,11.32,3.326,4.281,4.645,11.32,3.326,4.281,4.645,11.32,3.326,4.281,4.645,11.32,3.326,5.288
24740,4.281,4.643,11.32,3.326,4.281,4.643,11.32,3.326,4.281,4.643,11.32,3.326,4.281,4.643,11.32,3.326,7.447
24741,4.281,4.643,11.32,3.326,4.281,4.643,11.32,3.326,4.281,4.643,11.32,3.326,4.281,4.643,11.32,3.326,10.773
24742,4.281,4.643,11.32,3.325,4.281,4.643,11.32,3.325,4.281,4.643,11.32,3.325,4.281,4.643,11.32,3.325,5.543
24743,4.284,4.643,11.32,3.325,4.284,4.643,11.32,3.325,4.284,4.643,11.32,3.325,4.284,4.643,11.32,3.325,4.406
24744,4.284,4.643,11.32,3.325,4.284,4.643,11.32,3.325,4.284,4.643,11.32,3.325,4.284,4.643,11.32,3.325,6.102
24745,4.284,4.643,11.32,3.327,4.284,4.643,11.32,3.327,4.284,4.643,11.32,3.327,4.284,4.643,11.32,3.327,6.951
24746,4.284,4.643,11.32,3.327,4.284,4.643,11.32,3.327,4.284,4.643,11.32,3.327,4.284,4.643,11.32,3.327,7.443
24747,4.279,4.643,11.32,3.327,4.279,4.643,11.32,3.327,4.279,4.643,11.32,3.327,4.279,4.643,11.32,3.327,7.317
24748,4.279,4.643,11.32,3.327,4.279,4.643,11.32,3.327,4.279,4.643,11.32,3.327,4.279,4.643,11.32,3.327,6.453
24749,4.279,4.643,11.32,3.322,4.279,4.643,11.32,3.322,4.279,4.643,11.32,3.322,4.279,4.643,11.32,3.322,10.59
24750,4.28,4.643,11.32,3.322,4.28,4.643,11.32,3.322,4.28,4.643,11.32,3.322,4.28,4.643,11.32,3.322,11.216
24751,4.28,4.644,11.32,3.322,4.28,4.644,11.32,3.322,4.28,4.644,11.32,3.322,4.28,4.644,11.32,3.322,17.434
24752,4.28,4.644,11.32,3.322,4.28,4.644,11.32,3.322,4.28,4.644,11.32,3.322,4.28,4.644,11.32,3.322,0.031
24753,4.28,4.644,11.32,3.325,4.28,4.644,11.32,3.325,4.28,4.644,11.32,3.325,4.28,4.644,11.32,3.325,0.005
24754,4.28,4.644,11.32,3.325,4.28,4.644,11.32,3.325,4.28,4.644,11.32,3.325,4.28,4.644,11.32,3.325,12.641
24755,4.281,4.644,11.32,3.325,4.281,4.644,11.32,3.325,4.281,4.644,11.32,3.325,4.281,4.644,11.32,3.325,38.227
24756,4.281,4.644,11.32,3.325,4.281,4.644,11.32,3.325,4.281,4.644,11.32,3.325,4.281,4.644,11.32,3.325,0.026
24757,4.281,4.644,11.32,3.33,4.281,4.644,11.32,3.33,4.281,4.644,11.32,3.33,4.281,4.644,11.32,3.33,0.002
24758,4.281,4.644,11.32,3.33,4.281,4.644,11.32,3.33,4.281,4.644,11.32,3.33,4.281,4.644,11.32,3.33,0.001
24759,4.283,4.644,11.32,3.33,4.283,4.644,11.32,3.33,4.283,4.644,11.32,3.33,4.283,4.644,11.32,3.33,0.001
24760,4.283,4.643,11.32,3.33,4.283,4.643,11.32,3.33,4.283,4.643,11.32,3.33,4.283,4.643,11.32,3.33,0.001
24761,4.283,4.643,11.32,3.33,4.283,4.643,11.32,3.33,4.283,4.643,11.32,3.33,4.283,4.643,11.32,3.33,0.001
24762,4.283,4.643,11.32,3.331,4.283,4.643,11.32,3.331,4.283,4.643,11.32,3.331,4.283,4.643,11.32,3.331,12.248
24763,4.282,4.643,11.32,3.331,4.282,4.643,11.32,3.331,4.282,4.643,11.32,3.331,4.282,4.643,11.32,3.331,7.186
24764,4.282,4.643,11.32,3.331,4.282,4.643,11.32,3.331,4.282,4.643,11.32,3.331,4.282,4.643,11.32,3.331,0.029
24769,4.282,4.643,11.32,3.328,4.282,4.643,11.32,3.328,4.282,4.643,11.32,3.328,4.282,4.643,11.32,3.328,8.674
24770,4.282,4.643,11.32,3.328,4.282,4.643,11.32,3.328,4.282,4.643,11.32,3.328,4.282,4.643,11.32,3.328,6.057
24771,4.282,4.643,11.32,3.328,4.282,4.643,11.32,3.328,4.282,4.643,11.32,3.328,4.282,4.643,11.32,3.328,10.636
24772,4.282,4.643,11.32,3.328,4.282,4.643,11.32,3.328,4.282,4.643,11.32,3.328,4.282,4.643,11.32,3.328,6.891
24773,4.282,4.643,11.32,3.328,4.282,4.643,11.32,3.328,4.282,4.643,11.32,3.328,4.282,4.643,11.32,3.328,7.985
24774,4.282,4.643,11.32,3.328,4.282,4.643,11.32,3.328,4.282,4.643,11.32,3.328,4.282,4.643,11.32,3.328,8.014
24775,4.28,4.644,11.32,3.328,4.28,4.644,11.32,3.328,4.28,4.644,11.32,3.328,4.28,4.644,11.32,3.328,12.523
24776,4.28,4.644,11.32,3.328,4.28,4.644,11.32,3.328,4.28,4.644,11.32,3.328,4.28,4.644,11.32,3.328,6.6
24777,4.28,4.644,11.32,3.327,4.28,4.644,11.32,3.327,4.28,4.644,11.32,3.327,4.28,4.644,11.32,3.327,0.032
24778,4.281,4.644,11.32,3.327,4.281,4.644,11.32,3.327,4.281,4.644,11.32,3.327,4.281,4.644,11.32,3.327,5.813
24779,4.281,4.644,11.32,3.327,4.281,4.644,11.32,3.327,4.281,4.644,11.32,3.327,4.281,4.644,11.32,3.327,7.277
24780,4.281,4.644,11.32,3.327,4.281,4.644,11.32,3.327,4.281,4.644,11.32,3.327,4.281,4.644,11.32,3.327,8.547
24781,4.281,4.644,11.32,3.326,4.281,4.644,11.32,3.326,4.281,4.644,11.32,3.326,4.281,4.644,11.32,3.326,6.428
24782,4.281,4.644,11.32,3.326,4.281,4.644,11.32,3.326,4.281,4.644,11.32,3.326,4.281,4.644,11.32,3.326,7.262
24783,4.281,4.643,11.32,3.326,4.281,4.643,11.32,3.326,4.281,4.643,11.32,3.326,4.281,4.643,11.32,3.326,5.987
24784,4.281,4.643,11.32,3.326,4.281,4.643,11.32,3.326,4.281,4.643,11.32,3.326,4.281,4.643,11.32,3.326,8.399
24785,4.281,4.643,11.32,3.326,4.281,4.643,11.32,3.326,4.281,4.643,11.32,3.326,4.281,4.643,11.32,3.326,5.829
24786,4.282,4.643,11.32,3.326,4.282,4.643,11.32,3.326,4.282,4.643,11.32,3.326,4.282,4.643,11.32,3.326,5.324
24787,4.282,4.643,11.32,3.326,4.282,4.643,11.32,3.326,4.282,4.643,11.32,3.326,4.282,4.643,11.32,3.326,7.796
24788,4.282,4.643,11.32,3.327,4.282,4.643,11.32,3.327,4.282,4.643,11.32,3.327,4.282,4.643,11.32,3.327,8.353
24789,4.281,4.643,11.32,3.327,4.281,4.643,11.32,3.327,4.281,4.643,11.32,3.327,4.281,4.643,11.32,3.327,5.521
24790,4.281,4.643,11.32,3.327,4.281,4.643,11.32,3.327,4.281,4.643,11.32,3.327,4.281,4.643,11.32,3.327,7.847
24791,4.281,4.643,11.32,3.327,4.281,4.643,11.32,3.327,4.281,4.643,11.32,3.327,4.281,4.643,11.32,3.327,6.323
24792,4.281,4.643,11.32,3.329,4.281,4.643,11.32,3.329,4.281,4.643,11.32,3.329,4.281,4.643,11.32,3.329,7.912
24793,4.281,4.643,11.32,3.329,4.281,4.643,11.32,3.329,4.281,4.643,11.32,3.329,4.281,4.643,11.32,3.329,6.227
24794,4.281,4.644,11.32,3.329,4.281,4.644,11.32,3.329,4.281,4.644,11.32,3.329,4.281,4.644,11.32,3.329,8.668
24795,4.281,4.644,11.32,3.329,4.281,4.644,11.32,3.329,4.281,4.644,11.32,3.329,4.281,4.644,11.32,3.329,5.656
24796,4.281,4.644,11.32,3.332,4.281,4.644,11.32,3.332,4.281,4.644,11.32,3.332,4.281,4.644,11.32,3.332,7.954
24797,4.282,4.644,11.32,3.332,4.282,4.644,11.32,3.332,4.282,4.644,11.32,3.332,4.282,4.644,11.32,3.332,6.921
24798,4.282,4.644,11.32,3.332,4.282,4.644,11.32,3.332,4.282,4.644,11.32,3.332,4.282,4.644,11.32,3.332,7.26
24799,4.282,4.644,11.32,3.332,4.282,4.644,11.32,3.332,4.282,4.644,11.32,3.332,4.282,4.644,11.32,3.332,10.738
24800,4.282,4.644,11.32,3.332,4.282,4.644,11.32,3.332,4.282,4.644,11.32,3.332,4.282,4.644,11.32,3.332,4.611
24801,4.284,4.644,11.32,3.332,4.284,4.644,11.32,3.332,4.284,4.644,11.32,3.332,4.284,4.644,11.32,3.332,5.232
24802,4.284,4.643,11.32,3.332,4.284,4.643,11.32,3.332,4.284,4.643,11.32,3.332,4.284,4.643,11.32,3.332,9.634
24803,4.284,4.643,11.32,3.332,4.284,4.643,11.32,3.332,4.284,4.643,11.32,3.332,4.284,4.643,11.32,3.332,4.432
24804,4.284,4.643,11.32,3.332,4.284,4.643,11.32,3.332,4.284,4.643,11.32,3.332,4.284,4.643,11.32,3.332,7.198
24805,4.286,4.644,11.32,3.332,4.286,4.644,11.32,3.332,4.286,4.644,11.32,3.332,4.286,4.644,11.32,3.332,7.141
24806,4.286,4.644,11.32,3.332,4.286,4.644,11.32,3.332,4.286,4.644,11.32,3.332,4.286,4.644,11.32,3.332,7.358
24807,4.286,4.644,11.32,3.329,4.286,4.644,11.32,3.329,4.286,4.644,11.32,3.329,4.286,4.644,11.32,3.329,6.805
24808,4.285,4.644,11.32,3.329,4.285,4.644,11.32,3.329,4.285,4.644,11.32,3.329,4.285,4.644,11.32,3.329,7.346
24809,4.285,4.643,11.32,3.329,4.285,4.643,11.32,3.329,4.285,4.643,11.32,3.329,4.285,4.643,11.32,3.329,7.714
24810,4.285,4.643,11.32,3.329,4.285,4.643,11.32,3.329,4.285,4.643,11.32,3.329,4.285,4.643,11.32,3.329,5.887
24811,4.285,4.643,11.32,3.328,4.285,4.643,11.32,3.328,4.285,4.643,11.32,3.328,4.285,4.643,11.32,3.328,7.153
24812,4.283,4.643,11.32,3.328,4.283,4.643,11.32,3.328,4.283,4.643,11.32,3.328,4.283,4.643,11.32,3.328,8.515
24813,4.283,4.643,11.32,3.328,4.283,4.643,11.32,3.328,4.283,4.643,11.32,3.328,4.283,4.643,11.32,3.328,12.49
24814,4.283,4.643,11.32,3.328,4.283,4.643,11.32,3.328,4.283,4.643,11.32,3.328,4.283,4.643,11.32,3.328,6.958
24815,4.283,4.643,11.32,3.325,4.283,4.643,11.32,3.325,4.283,4.643,11.32,3.325,4.283,4.643,11.32,3.325,6.068
24816,4.281,4.643,11.32,3.325,4.281,4.643,11.32,3.325,4.281,4.643,11.32,3.325,4.281,4.643,11.32,3.325,11.056
24817,4.281,4.643,11.32,3.325,4.281,4.643,11.32,3.325,4.281,4.643,11.32,3.325,4.281,4.643,11.32,3.325,0.029
24818,4.281,4.643,11.32,3.325,4.281,4.643,11.32,3.325,4.281,4.643,11.32,3.325,4.281,4.643,11.32,3.325,4.258
24819,4.281,4.643,11.32,3.328,4.281,4.643,11.32,3.328,4.281,4.643,11.32,3.328,4.281,4.643,11.32,3.328,6.195
24820,4.282,4.643,11.32,3.328,4.282,4.643,11.32,3.328,4.282,4.643,11.32,3.328,4.282,4.643,11.32,3.328,8.7
24821,4.282,4.643,11.32,3.328,4.282,4.643,11.32,3.328,4.282,4.643,11.32,3.328,4.282,4.643,11.32,3.328,5.6
24822,4.282,4.643,11.32,3.328,4.282,4.643,11.32,3.328,4.282,4.643,11.32,3.328,4.282,4.643,11.32,3.328,7.529
24823,4.282,4.643,11.32,3.328,4.282,4.643,11.32,3.328,4.282,4.643,11.32,3.328,4.282,4.643,11.32,3.328,6.804
24824,4.282,4.643,11.32,3.328,4.282,4.643,11.32,3.328,4.282,4.643,11.32,3.328,4.282,4.643,11.32,3.328,16.183
24825,4.282,4.643,11.32,3.328,4.282,4.643,11.32,3.328,4.282,4.643,11.32,3.328,4.282,4.643,11.32,3.328,5.91
24826,4.282,4.643,11.32,3.327,4.282,4.643,11.32,3.327,4.282,4.643,11.32,3.327,4.282,4.643,11.32,3.327,0.03
24827,4.282,4.643,11.32,3.327,4.282,4.643,11.32,3.327,4.282,4.643,11.32,3.327,4.282,4.643,11.32,3.327,6.057
24828,4.282,4.643,11.32,3.327,4.282,4.643,11.32,3.327,4.282,4.643,11.32,3.327,4.282,4.643,11.32,3.327,7.433
24829,4.282,4.643,11.32,3.327,4.282,4.643,11.32,3.327,4.282,4.643,11.32,3.327,4.282,4.643,11.32,3.327,6.901
24830,4.282,4.643,11.32,3.328,4.282,4.643,11.32,3.328,4.282,4.643,11.32,3.328,4.282,4.643,11.32,3.328,9.036
24831,4.282,4.643,11.32,3.328,4.282,4.643,11.32,3.328,4.282,4.643,11.32,3.328,4.282,4.643,11.32,3.328,11.283
24832,4.281,4.643,11.32,3.328,4.281,4.643,11.32,3.328,4.281,4.643,11.32,3.328,4.281,4.643,11.32,3.328,5.721
24833,4.281,4.644,11.32,3.328,4.281,4.644,11.32,3.328,4.281,4.644,11.32,3.328,4.281,4.644,11.32,3.328,5.773
24834,4.281,4.644,11.32,3.329,4.281,4.644,11.32,3.329,4.281,4.644,11.32,3.329,4.281,4.644,11.32,3.329,6.011
24835,4.281,4.644,11.32,3.329,4.281,4.644,11.32,3.329,4.281,4.644,11.32,3.329,4.281,4.644,11.32,3.329,5.205
24836,4.281,4.644,11.32,3.329,4.281,4.644,11.32,3.329,4.281,4.644,11.32,3.329,4.281,4.644,11.32,3.329,9.904
24837,4.281,4.644,11.32,3.328,4.281,4.644,11.32,3.328,4.281,4.644,11.32,3.328,4.281,4.644,11.32,3.328,14.674
24838,4.281,4.644,11.32,3.328,4.281,4.644,11.32,3.328,4.281,4.644,11.32,3.328,4.281,4.644,11.32,3.328,10.264
24839,4.281,4.644,11.32,3.328,4.281,4.644,11.32,3.328,4.281,4.644,11.32,3.328,4.281,4.644,11.32,3.328,0.039
24840,4.281,4.644,11.32,3.328,4.281,4.644,11.32,3.328,4.281,4.644,11.32,3.328,4.281,4.644,11.32,3.328,34.233
24841,4.281,4.644,11.32,3.327,4.281,4.644,11.32,3.327,4.281,4.644,11.32,3.327,4.281,4.644,11.32,3.327,0.031
24842,4.281,4.644,11.32,3.327,4.281,4.644,11.32,3.327,4.281,4.644,11.32,3.327,4.281,4.644,11.32,3.327,0.004
24843,4.281,4.644,11.32,3.327,4.281,4.644,11.32,3.327,4.281,4.644,11.32,3.327,4.281,4.644,11.32,3.327,0.002
24844,4.281,4.644,11.32,3.327,4.281,4.644,11.32,3.327,4.281,4.644,11.32,3.327,4.281,4.644,11.32,3.327,0.002
24845,4.281,4.644,11.32,3.327,4.281,4.644,11.32,3.327,4.281,4.644,11.32,3.327,4.281,4.644,11.32,3.327,12.889
24846,4.281,4.644,11.32,3.327,4.281,4.644,11.32,3.327,4.281,4.644,11.32,3.327,4.281,4.644,11.32,3.327,0.027
24847,4.282,4.644,11.32,3.327,4.282,4.644,11.32,3.327,4.282,4.644,11.32,3.327,4.282,4.644,11.32,3.327,5.796
24848,4.282,4.643,11.32,3.327,4.282,4.643,11.32,3.327,4.282,4.643,11.32,3.327,4.282,4.643,11.32,3.327,7.849
24849,4.282,4.643,11.32,3.327,4.282,4.643,11.32,3.327,4.282,4.643,11.32,3.327,4.282,4.643,11.32,3.327,8.261
24850,4.282,4.643,11.32,3.328,4.282,4.643,11.32,3.328,4.282,4.643,11.32,3.328,4.282,4.643,11.32,3.328,6.944
24851,4.283,4.643,11.32,3.328,4.283,4.643,11.32,3.328,4.283,4.643,11.32,3.328,4.283,4.643,11.32,3.328,0.028
24852,4.283,4.643,11.32,3.328,4.283,4.643,11.32,3.328,4.283,4.643,11.32,3.328,4.283,4.643,11.32,3.328,6.795
24853,4.283,4.643,11.32,3.329,4.283,4.643,11.32,3.329,4.283,4.643,11.32,3.329,4.283,4.643,11.32,3.329,7.789
24854,4.283,4.643,11.32,3.329,4.283,4.643,11.32,3.329,4.283,4.643,11.32,3.329,4.283,4.643,11.32,3.329,5.808
24855,4.282,4.643,11.32,3.329,4.282,4.643,11.32,3.329,4.282,4.643,11.32,3.329,4.282,4.643,11.32,3.329,9.216
24856,4.282,4.643,11.32,3.329,4.282,4.643,11.32,3.329,4.282,4.643,11.32,3.329,4.282,4.643,11.32,3.329,6.904
24857,4.282,4.643,11.32,3.329,4.282,4.643,11.32,3.329,4.282,4.643,11.32,3.329,4.282,4.643,11.32,3.329,7.038
24858,4.282,4.643,11.32,3.329,4.282,4.643,11.32,3.329,4.282,4.643,11.32,3.329,4.282,4.643,11.32,3.329,30.201
24859,4.282,4.643,11.32,3.329,4.282,4.643,11.32,3.329,4.282,4.643,11.32,3.329,4.282,4.643,11.32,3.329,13.455
24860,4.282,4.643,11.32,3.329,4.282,4.643,11.32,3.329,4.282,4.643,11.32,3.329,4.282,4.643,11.32,3.329,0.027
24861,4.282,4.643,11.32,3.328,4.282,4.643,11.32,3.328,4.282,4.643,11.32,3.328,4.282,4.643,11.32,3.328,0.002
24862,4.282,4.643,11.32,3.328,4.282,4.643,11.32,3.328,4.282,4.643,11.32,3.328,4.282,4.643,11.32,3.328,0.002
24863,4.282,4.643,11.32,3.328,4.282,4.643,11.32,3.328,4.282,4.643,11.32,3.328,4.282,4.643,11.32,3.328,14.066
24864,4.282,4.643,11.32,3.328,4.282,4.643,11.32,3.328,4.282,4.643,11.32,3.328,4.282,4.643,11.32,3.328,0.024
24865,4.282,4.643,11.32,3.327,4.282,4.643,11.32,3.327,4.282,4.643,11.32,3.327,4.282,4.643,11.32,3.327,0.003
24866,4.282,4.643,11.32,3.327,4.282,4.643,11.32,3.327,4.282,4.643,11.32,3.327,4.282,4.643,11.32,3.327,13.721
24867,4.282,4.643,11.32,3.327,4.282,4.643,11.32,3.327,4.282,4.643,11.32,3.327,4.282,4.643,11.32,3.327,0.03
24868,4.282,4.643,11.32,3.327,4.282,4.643,11.32,3.327,4.282,4.643,11.32,3.327,4.282,4.643,11.32,3.327,5.669
24869,4.282,4.643,11.32,3.327,4.282,4.643,11.32,3.327,4.282,4.643,11.32,3.327,4.282,4.643,11.32,3.327,7.04
24870,4.282,4.643,11.32,3.327,4.282,4.643,11.32,3.327,4.282,4.643,11.32,3.327,4.282,4.643,11.32,3.327,4.601
24871,4.281,4.643,11.32,3.327,4.281,4.643,11.32,3.327,4.281,4.643,11.32,3.327,4.281,4.643,11.32,3.327,12.146
24872,4.281,4.643,11.32,3.327,4.281,4.643,11.32,3.327,4.281,4.643,11.32,3.327,4.281,4.643,11.32,3.327,4.569
24873,4.281,4.643,11.32,3.326,4.281,4.643,11.32,3.326,4.281,4.643,11.32,3.326,4.281,4.643,11.32,3.326,4.691
24874,4.281,4.643,11.32,3.326,4.281,4.643,11.32,3.326,4.281,4.643,11.32,3.326,4.281,4.643,11.32,3.326,8.424
24875,4.281,4.643,11.32,3.326,4.281,4.643,11.32,3.326,4.281,4.643,11.32,3.326,4.281,4.643,11.32,3.326,13.821
24876,4.281,4.643,11.32,3.326,4.281,4.643,11.32,3.326,4.281,4.643,11.32,3.326,4.281,4.643,11.32,3.326,7.288
24877,4.281,4.643,11.32,3.327,4.281,4.643,11.32,3.327,4.281,4.643,11.32,3.327,4.281,4.643,11.32,3.327,0.016
24878,4.281,4.643,11.32,3.327,4.281,4.643,11.32,3.327,4.281,4.643,11.32,3.327,4.281,4.643,11.32,3.327,4.816
24879,4.281,4.644,11.32,3.327,4.281,4.644,11.32,3.327,4.281,4.644,11.32,3.327,4.281,4.644,11.32,3.327,12.477
24880,4.281,4.644,11.32,3.327,4.281,4.644,11.32,3.327,4.281,4.644,11.32,3.327,4.281,4.644,11.32,3.327,5.622
24881,4.281,4.644,11.32,3.327,4.281,4.644,11.32,3.327,4.281,4.644,11.32,3.327,4.281,4.644,11.32,3.327,9.023
24882,4.281,4.644,11.32,3.327,4.281,4.644,11.32,3.327,4.281,4.644,11.32,3.327,4.281,4.644,11.32,3.327,10.611
24883,4.281,4.643,11.32,3.327,4.281,4.643,11.32,3.327,4.281,4.643,11.32,3.327,4.281,4.643,11.32,3.327,4.648
24884,4.281,4.643,11.32,3.327,4.281,4.643,11.32,3.327,4.281,4.643,11.32,3.327,4.281,4.643,11.32,3.327,0.016
24885,4.281,4.643,11.32,3.326,4.281,4.643,11.32,3.326,4.281,4.643,11.32,3.326,4.281,4.643,11.32,3.326,5.905
24886,4.281,4.643,11.32,3.326,4.281,4.643,11.32,3.326,4.281,4.643,11.32,3.326,4.281,4.643,11.32,3.326,6.044
24887,4.281,4.643,11.32,3.326,4.281,4.643,11.32,3.326,4.281,4.643,11.32,3.326,4.281,4.643,11.32,3.326,10.335
24888,4.281,4.643,11.32,3.327,4.281,4.643,11.32,3.327,4.281,4.643,11.32,3.327,4.281,4.643,11.32,3.327,4.468
24889,4.281,4.643,11.32,3.327,4.281,4.643,11.32,3.327,4.281,4.643,11.32,3.327,4.281,4.643,11.32,3.327,6.362
24890,4.281,4.643,11.32,3.327,4.281,4.643,11.32,3.327,4.281,4.643,11.32,3.327,4.281,4.643,11.32,3.327,18.563
24891,4.281,4.644,11.32,3.327,4.281,4.644,11.32,3.327,4.281,4.644,11.32,3.327,4.281,4.644,11.32,3.327,6.181
24892,4.281,4.644,11.32,3.327,4.281,4.644,11.32,3.327,4.281,4.644,11.32,3.327,4.281,4.644,11.32,3.327,0.029
24893,4.281,4.644,11.32,3.327,4.281,4.644,11.32,3.327,4.281,4.644,11.32,3.327,4.281,4.644,11.32,3.327,4.979
24894,4.281,4.644,11.32,3.327,4.281,4.644,11.32,3.327,4.281,4.644,11.32,3.327,4.281,4.644,11.32,3.327,14.79
24895,4.281,4.643,11.32,3.327,4.281,4.643,11.32,3.327,4.281,4.643,11.32,3.327,4.281,4.643,11.32,3.327,4.505
24896,4.281,4.643,11.32,3.326,4.281,4.643,11.32,3.326,4.281,4.643,11.32,3.326,4.281,4.643,11.32,3.326,0.016
24897,4.281,4.643,11.32,3.326,4.281,4.643,11.32,3.326,4.281,4.643,11.32,3.326,4.281,4.643,11.32,3.326,10.576
24898,4.281,4.643,11.32,3.326,4.281,4.643,11.32,3.326,4.281,4.643,11.32,3.326,4.281,4.643,11.32,3.326,10.919
24899,4.281,4.643,11.32,3.326,4.281,4.643,11.32,3.326,4.281,4.643,11.32,3.326,4.281,4.643,11.32,3.326,7.218
24900,4.281,4.643,11.32,3.326,4.281,4.643,11.32,3.326,4.281,4.643,11.32,3.326,4.281,4.643,11.32,3.326,0.029
24901,4.281,4.643,11.32,3.326,4.281,4.643,11.32,3.326,4.281,4.643,11.32,3.326,4.281,4.643,11.32,3.326,21.527
24902,4.281,4.643,11.32,3.326,4.281,4.643,11.32,3.326,4.281,4.643,11.32,3.326,4.281,4.643,11.32,3.326,7.166
24903,4.281,4.643,11.32,3.326,4.281,4.643,11.32,3.326,4.281,4.643,11.32,3.326,4.281,4.643,11.32,3.326,0.028
24904,4.281,4.643,11.32,3.326,4.281,4.643,11.32,3.326,4.281,4.643,11.32,3.326,4.281,4.643,11.32,3.326,0.003
24905,4.281,4.643,11.32,3.326,4.281,4.643,11.32,3.326,4.281,4.643,11.32,3.326,4.281,4.643,11.32,3.326,7.844
24906,4.281,4.643,11.32,3.326,4.281,4.643,11.32,3.326,4.281,4.643,11.32,3.326,4.281,4.643,11.32,3.326,15.631
24907,4.281,4.643,11.32,3.326,4.281,4.643,11.32,3.326,4.281,4.643,11.32,3.326,4.281,4.643,11.32,3.326,6.714
24908,4.281,4.643,11.32,3.327,4.281,4.643,11.32,3.327,4.281,4.643,11.32,3.327,4.281,4.643,11.32,3.327,0.025
24909,4.281,4.643,11.32,3.327,4.281,4.643,11.32,3.327,4.281,4.643,11.32,3.327,4.281,4.643,11.32,3.327,17.059
24910,4.281,4.643,11.32,3.327,4.281,4.643,11.32,3.327,4.281,4.643,11.32,3.327,4.281,4.643,11.32,3.327,11.333
24911,4.281,4.643,11.32,3.327,4.281,4.643,11.32,3.327,4.281,4.643,11.32,3.327,4.281,4.643,11.32,3.327,0.029
24912,4.281,4.643,11.32,3.327,4.281,4.643,11.32,3.327,4.281,4.643,11.32,3.327,4.281,4.643,11.32,3.327,0.003
24913,4.281,4.643,11.32,3.327,4.281,4.643,11.32,3.327,4.281,4.643,11.32,3.327,4.281,4.643,11.32,3.327,15.312
24914,4.281,4.643,11.32,3.327,4.281,4.643,11.32,3.327,4.281,4.643,11.32,3.327,4.281,4.643,11.32,3.327,0.021
24915,4.281,4.643,11.32,3.327,4.281,4.643,11.32,3.327,4.281,4.643,11.32,3.327,4.281,4.643,11.32,3.327,6.815
24916,4.281,4.643,11.32,3.327,4.281,4.643,11.32,3.327,4.281,4.643,11.32,3.327,4.281,4.643,11.32,3.327,0.029
24917,4.281,4.643,11.32,3.327,4.281,4.643,11.32,3.327,4.281,4.643,11.32,3.327,4.281,4.643,11.32,3.327,8.444
24918,4.282,4.643,11.32,3.327,4.282,4.643,11.32,3.327,4.282,4.643,11.32,3.327,4.282,4.643,11.32,3.327,16.718
24919,4.282,4.643,11.32,3.327,4.282,4.643,11.32,3.327,4.282,4.643,11.32,3.327,4.282,4.643,11.32,3.327,21.24
24920,4.282,4.643,11.32,3.327,4.282,4.643,11.32,3.327,4.282,4.643,11.32,3.327,4.282,4.643,11.32,3.327,0.03
24921,4.282,4.643,11.32,3.327,4.282,4.643,11.32,3.327,4.282,4.643,11.32,3.327,4.282,4.643,11.32,3.327,0.004
24922,4.281,4.643,11.32,3.327,4.281,4.643,11.32,3.327,4.281,4.643,11.32,3.327,4.281,4.643,11.32,3.327,7.176
24923,4.281,4.643,11.32,3.327,4.281,4.643,11.32,3.327,4.281,4.643,11.32,3.327,4.281,4.643,11.32,3.327,0.037
24928,4.281,4.643,11.32,3.326,4.281,4.643,11.32,3.326,4.281,4.643,11.32,3.326,4.281,4.643,11.32,3.326,0.033
24929,4.281,4.643,11.32,3.326,4.281,4.643,11.32,3.326,4.281,4.643,11.32,3.326,4.281,4.643,11.32,3.326,25.235
24930,4.281,4.643,11.32,3.326,4.281,4.643,11.32,3.326,4.281,4.643,11.32,3.326,4.281,4.643,11.32,3.326,0.033
24931,4.281,4.644,11.32,3.326,4.281,4.644,11.32,3.326,4.281,4.644,11.32,3.326,4.281,4.644,11.32,3.326,0.005
24932,4.281,4.644,11.32,3.326,4.281,4.644,11.32,3.326,4.281,4.644,11.32,3.326,4.281,4.644,11.32,3.326,0.003
24933,4.281,4.644,11.32,3.326,4.281,4.644,11.32,3.326,4.281,4.644,11.32,3.326,4.281,4.644,11.32,3.326,0.003
24934,4.281,4.644,11.32,3.326,4.281,4.644,11.32,3.326,4.281,4.644,11.32,3.326,4.281,4.644,11.32,3.326,53.742
24935,4.281,4.643,11.32,3.326,4.281,4.643,11.32,3.326,4.281,4.643,11.32,3.326,4.281,4.643,11.32,3.326,0.046
24936,4.281,4.643,11.32,3.326,4.281,4.643,11.32,3.326,4.281,4.643,11.32,3.326,4.281,4.643,11.32,3.326,0.003
24937,4.281,4.643,11.32,3.326,4.281,4.643,11.32,3.326,4.281,4.643,11.32,3.326,4.281,4.643,11.32,3.326,0.002
24938,4.281,4.643,11.32,3.326,4.281,4.643,11.32,3.326,4.281,4.643,11.32,3.326,4.281,4.643,11.32,3.326,8.045
24939,4.281,4.643,11.32,3.326,4.281,4.643,11.32,3.326,4.281,4.643,11.32,3.326,4.281,4.643,11.32,3.326,0.031
24940,4.281,4.644,11.32,3.326,4.281,4.644,11.32,3.326,4.281,4.644,11.32,3.326,4.281,4.644,11.32,3.326,0.004
24941,4.281,4.644,11.32,3.326,4.281,4.644,11.32,3.326,4.281,4.644,11.32,3.326,4.281,4.644,11.32,3.326,0.002
24942,4.281,4.644,11.32,3.327,4.281,4.644,11.32,3.327,4.281,4.644,11.32,3.327,4.281,4.644,11.32,3.327,0.001
24943,4.281,4.644,11.32,3.327,4.281,4.644,11.32,3.327,4.281,4.644,11.32,3.327,4.281,4.644,11.32,3.327,0.001
24944,4.281,4.644,11.32,3.327,4.281,4.644,11.32,3.327,4.281,4.644,11.32,3.327,4.281,4.644,11.32,3.327,0.001
24945,4.281,4.644,11.32,3.327,4.281,4.644,11.32,3.327,4.281,4.644,11.32,3.327,4.281,4.644,11.32,3.327,0.001
24946,4.281,4.644,11.32,3.327,4.281,4.644,11.32,3.327,4.281,4.644,11.32,3.327,4.281,4.644,11.32,3.327,0.001
24947,4.281,4.644,11.32,3.327,4.281,4.644,11.32,3.327,4.281,4.644,11.32,3.327,4.281,4.644,11.32,3.327,9.148
24948,4.281,4.644,11.32,3.327,4.281,4.644,11.32,3.327,4.281,4.644,11.32,3.327,4.281,4.644,11.32,3.327,14.734
24949,4.281,4.644,11.32,3.327,4.281,4.644,11.32,3.327,4.281,4.644,11.32,3.327,4.281,4.644,11.32,3.327,10.84
24950,4.281,4.644,11.32,3.327,4.281,4.644,11.32,3.327,4.281,4.644,11.32,3.327,4.281,4.644,11.32,3.327,0.028
24951,4.281,4.644,11.32,3.327,4.281,4.644,11.32,3.327,4.281,4.644,11.32,3.327,4.281,4.644,11.32,3.327,0.003
24952,4.281,4.643,11.32,3.327,4.281,4.643,11.32,3.327,4.281,4.643,11.32,3.327,4.281,4.643,11.32,3.327,9.333
24953,4.281,4.643,11.32,3.327,4.281,4.643,11.32,3.327,4.281,4.643,11.32,3.327,4.281,4.643,11.32,3.327,10.89
24954,4.281,4.643,11.32,3.327,4.281,4.643,11.32,3.327,4.281,4.643,11.32,3.327,4.281,4.643,11.32,3.327,0.027
24955,4.281,4.643,11.32,3.327,4.281,4.643,11.32,3.327,4.281,4.643,11.32,3.327,4.281,4.643,11.32,3.327,4.9
24956,4.281,4.644,11.32,3.327,4.281,4.644,11.32,3.327,4.281,4.644,11.32,3.327,4.281,4.644,11.32,3.327,10.49
24957,4.281,4.644,11.32,3.327,4.281,4.644,11.32,3.327,4.281,4.644,11.32,3.327,4.281,4.644,11.32,3.327,5.378
24958,4.281,4.644,11.32,3.326,4.281,4.644,11.32,3.326,4.281,4.644,11.32,3.326,4.281,4.644,11.32,3.326,4.796
24959,4.281,4.644,11.32,3.326,4.281,4.644,11.32,3.326,4.281,4.644,11.32,3.326,4.281,4.644,11.32,3.326,5.462
24960,4.281,4.643,11.32,3.326,4.281,4.643,11.32,3.326,4.281,4.643,11.32,3.326,4.281,4.643,11.32,3.326,12.608
24961,4.281,4.643,11.32,3.326,4.281,4.643,11.32,3.326,4.281,4.643,11.32,3.326,4.281,4.643,11.32,3.326,4.436
24962,4.281,4.643,11.32,3.326,4.281,4.643,11.32,3.326,4.281,4.643,11.32,3.326,4.281,4.643,11.32,3.326,8.718
24963,4.281,4.643,11.32,3.326,4.281,4.643,11.32,3.326,4.281,4.643,11.32,3.326,4.281,4.643,11.32,3.326,4.494
24964,4.281,4.643,11.32,3.326,4.281,4.643,11.32,3.326,4.281,4.643,11.32,3.326,4.281,4.643,11.32,3.326,9.026
24965,4.281,4.643,11.32,3.326,4.281,4.643,11.32,3.326,4.281,4.643,11.32,3.326,4.281,4.643,11.32,3.326,6.045
24966,4.281,4.643,11.32,3.327,4.281,4.643,11.32,3.327,4.281,4.643,11.32,3.327,4.281,4.643,11.32,3.327,5.465
24967,4.281,4.643,11.32,3.327,4.281,4.643,11.32,3.327,4.281,4.643,11.32,3.327,4.281,4.643,11.32,3.327,5.48
24968,4.281,4.644,11.32,3.327,4.281,4.644,11.32,3.327,4.281,4.644,11.32,3.327,4.281,4.644,11.32,3.327,10.555
24969,4.281,4.644,11.32,3.326,4.281,4.644,11.32,3.326,4.281,4.644,11.32,3.326,4.281,4.644,11.32,3.326,4.557
24970,4.281,4.644,11.32,3.326,4.281,4.644,11.32,3.326,4.281,4.644,11.32,3.326,4.281,4.644,11.32,3.326,9.863
24971,4.281,4.644,11.32,3.326,4.281,4.644,11.32,3.326,4.281,4.644,11.32,3.326,4.281,4.644,11.32,3.326,12.756
24976,4.281,4.644,11.32,3.326,4.281,4.644,11.32,3.326,4.281,4.644,11.32,3.326,4.281,4.644,11.32,3.326,5.964
24977,4.281,4.644,11.32,3.327,4.281,4.644,11.32,3.327,4.281,4.644,11.32,3.327,4.281,4.644,11.32,3.327,0.027
24978,4.281,4.644,11.32,3.327,4.281,4.644,11.32,3.327,4.281,4.644,11.32,3.327,4.281,4.644,11.32,3.327,7.345
24979,4.281,4.643,11.32,3.327,4.281,4.643,11.32,3.327,4.281,4.643,11.32,3.327,4.281,4.643,11.32,3.327,14.785
24984,4.281,4.643,11.32,3.327,4.281,4.643,11.32,3.327,4.281,4.643,11.32,3.327,4.281,4.643,11.32,3.327,7.104
24985,4.281,4.643,11.32,3.326,4.281,4.643,11.32,3.326,4.281,4.643,11.32,3.326,4.281,4.643,11.32,3.326,0.031
24986,4.281,4.643,11.32,3.326,4.281,4.643,11.32,3.326,4.281,4.643,11.32,3.326,4.281,4.643,11.32,3.326,7.888
24987,4.281,4.643,11.32,3.326,4.281,4.643,11.32,3.326,4.281,4.643,11.32,3.326,4.281,4.643,11.32,3.326,10.95
24988,4.281,4.643,11.32,3.326,4.281,4.643,11.32,3.326,4.281,4.643,11.32,3.326,4.281,4.643,11.32,3.326,4.967
24989,4.281,4.643,11.32,3.327,4.281,4.643,11.32,3.327,4.281,4.643,11.32,3.327,4.281,4.643,11.32,3.327,5.028
24990,4.281,4.643,11.32,3.327,4.281,4.643,11.32,3.327,4.281,4.643,11.32,3.327,4.281,4.643,11.32,3.327,7.283
24991,4.281,4.644,11.32,3.327,4.281,4.644,11.32,3.327,4.281,4.644,11.32,3.327,4.281,4.644,11.32,3.327,9.509
24992,4.281,4.644,11.32,3.327,4.281,4.644,11.32,3.327,4.281,4.644,11.32,3.327,4.281,4.644,11.32,3.327,5.226
24993,4.281,4.644,11.32,3.326,4.281,4.644,11.32,3.326,4.281,4.644,11.32,3.326,4.281,4.644,11.32,3.326,6.42
24994,4.281,4.644,11.32,3.326,4.281,4.644,11.32,3.326,4.281,4.644,11.32,3.326,4.281,4.644,11.32,3.326,19.807
24995,4.281,4.643,11.32,3.326,4.281,4.643,11.32,3.326,4.281,4.643,11.32,3.326,4.281,4.643,11.32,3.326,6.544
24996,4.281,4.643,11.32,3.326,4.281,4.643,11.32,3.326,4.281,4.643,11.32,3.326,4.281,4.643,11.32,3.326,0.031
24997,4.281,4.643,11.32,3.326,4.281,4.643,11.32,3.326,4.281,4.643,11.32,3.326,4.281,4.643,11.32,3.326,0.004
24998,4.281,4.643,11.32,3.326,4.281,4.643,11.32,3.326,4.281,4.643,11.32,3.326,4.281,4.643,11.32,3.326,5.929
24999,4.281,4.643,11.32,3.326,4.281,4.643,11.32,3.326,4.281,4.643,11.32,3.326,4.281,4.643,11.32,3.326,10.077
25004,4.281,4.643,11.32,3.327,4.281,4.643,11.32,3.327,4.281,4.643,11.32,3.327,4.281,4.643,11.32,3.327,6.468
25005,4.281,4.643,11.32,3.327,4.281,4.643,11.32,3.327,4.281,4.643,11.32,3.327,4.281,4.643,11.32,3.327,0.031
25006,4.281,4.643,11.32,3.327,4.281,4.643,11.32,3.327,4.281,4.643,11.32,3.327,4.281,4.643,11.32,3.327,6.146
25007,4.281,4.644,11.32,3.327,4.281,4.644,11.32,3.327,4.281,4.644,11.32,3.327,4.281,4.644,11.32,3.327,10.832
25008,4.281,4.644,11.32,3.327,4.281,4.644,11.32,3.327,4.281,4.644,11.32,3.327,4.281,4.644,11.32,3.327,11.026
25009,4.281,4.644,11.32,3.327,4.281,4.644,11.32,3.327,4.281,4.644,11.32,3.327,4.281,4.644,11.32,3.327,14.942
25010,4.281,4.644,11.32,3.327,4.281,4.644,11.32,3.327,4.281,4.644,11.32,3.327,4.281,4.644,11.32,3.327,0.028
25011,4.281,4.644,11.32,3.327,4.281,4.644,11.32,3.327,4.281,4.644,11.32,3.327,4.281,4.644,11.32,3.327,13.95
25012,4.281,4.644,11.32,3.327,4.281,4.644,11.32,3.327,4.281,4.644,11.32,3.327,4.281,4.644,11.32,3.327,0.028
25013,4.281,4.644,11.32,3.327,4.281,4.644,11.32,3.327,4.281,4.644,11.32,3.327,4.281,4.644,11.32,3.327,5.084
25014,4.281,4.644,11.32,3.327,4.281,4.644,11.32,3.327,4.281,4.644,11.32,3.327,4.281,4.644,11.32,3.327,0.022
25015,4.281,4.644,11.32,3.327,4.281,4.644,11.32,3.327,4.281,4.644,11.32,3.327,4.281,4.644,11.32,3.327,10.543
25016,4.281,4.644,11.32,3.327,4.281,4.644,11.32,3.327,4.281,4.644,11.32,3.327,4.281,4.644,11.32,3.327,7.165
25017,4.281,4.644,11.32,3.327,4.281,4.644,11.32,3.327,4.281,4.644,11.32,3.327,4.281,4.644,11.32,3.327,8.068
25018,4.281,4.644,11.32,3.327,4.281,4.644,11.32,3.327,4.281,4.644,11.32,3.327,4.281,4.644,11.32,3.327,11.396
25019,4.281,4.643,11.32,3.327,4.281,4.643,11.32,3.327,4.281,4.643,11.32,3.327,4.281,4.643,11.32,3.327,31.208
25020,4.281,4.643,11.32,3.326,4.281,4.643,11.32,3.326,4.281,4.643,11.32,3.326,4.281,4.643,11.32,3.326,0.025
25021,4.281,4.643,11.32,3.326,4.281,4.643,11.32,3.326,4.281,4.643,11.32,3.326,4.281,4.643,11.32,3.326,0.002
25022,4.281,4.643,11.32,3.326,4.281,4.643,11.32,3.326,4.281,4.643,11.32,3.326,4.281,4.643,11.32,3.326,0.001
25023,4.281,4.644,11.32,3.326,4.281,4.644,11.32,3.326,4.281,4.644,11.32,3.326,4.281,4.644,11.32,3.326,0.001
25024,4.281,4.644,11.32,3.326,4.281,4.644,11.32,3.326,4.281,4.644,11.32,3.326,4.281,4.644,11.32,3.326,0.001
25025,4.281,4.644,11.32,3.327,4.281,4.644,11.32,3.327,4.281,4.644,11.32,3.327,4.281,4.644,11.32,3.327,10.703
25026,4.281,4.644,11.32,3.327,4.281,4.644,11.32,3.327,4.281,4.644,11.32,3.327,4.281,4.644,11.32,3.327,15.395
25027,4.281,4.643,11.32,3.327,4.281,4.643,11.32,3.327,4.281,4.643,11.32,3.327,4.281,4.643,11.32,3.327,0.037
25028,4.281,4.643,11.32,3.327,4.281,4.643,11.32,3.327,4.281,4.643,11.32,3.327,4.281,4.643,11.32,3.327,4.767
25029,4.281,4.643,11.32,3.326,4.281,4.643,11.32,3.326,4.281,4.643,11.32,3.326,4.281,4.643,11.32,3.326,0.03
25030,4.281,4.643,11.32,3.326,4.281,4.643,11.32,3.326,4.281,4.643,11.32,3.326,4.281,4.643,11.32,3.326,7.479
25031,4.281,4.643,11.32,3.326,4.281,4.643,11.32,3.326,4.281,4.643,11.32,3.326,4.281,4.643,11.32,3.326,11.98
