id,L1,L2,L3,L4,L5,L6,L7,L8,L9,L10,L11,L12,L13,L14,L15,L16,ping
0,4.28,4.676,11.32,3.339,,,,,,,,,,,,,6.835
2,4.28,4.676,11.32,3.339,,,,,,,,,,,,,0.155
3,4.28,4.676,11.32,3.339,,,,,,,,,,,,,1.018
4,4.28,4.676,11.32,3.339,,,,,,,,,,,,,0.728
5,4.28,4.676,11.32,3.339,,,,,,,,,,,,,1.432
6,4.28,4.676,11.32,3.339,,,,,,,,,,,,,52.865
7,4.28,4.676,11.32,3.339,,,,,,,,,,,,,5.032
8,4.28,4.675,11.32,3.339,,,,,,,,,,,,,4.126
9,4.28,4.675,11.32,3.339,,,,,,,,,,,,,18.273
10,4.28,4.676,11.32,3.339,,,,,,,,,,,,,23.911
11,4.28,4.675,11.32,3.339,,,,,,,,,,,,,18.373
12,4.28,4.675,11.32,3.339,,,,,,,,,,,,,17.415
13,4.28,4.676,11.32,3.339,,,,,,,,,,,,,22.671
14,4.28,4.676,11.32,3.339,,,,,,,,,,,,,17.261
15,4.28,4.675,11.32,3.339,,,,,,,,,,,,,20.977
17,4.28,4.676,11.32,3.339,,,,,,,,,,,,,45.778
18,4.28,4.676,11.32,3.339,,,,,,,,,,,,,4.583
19,4.28,4.675,11.32,3.339,,,,,,,,,,,,,10.1
20,4.28,4.675,11.32,3.339,,,,,,,,,,,,,25.57
21,4.28,4.676,11.32,3.339,,,,,,,,,,,,,14.25
22,4.28,4.675,11.32,3.339,,,,,,,,,,,,,25.277
23,4.28,4.676,11.32,3.339,,,,,,,,,,,,,14.51
24,4.28,4.676,11.32,3.339,,,,,,,,,,,,,20.176
28,4.28,4.675,11.32,3.339,,,,,,,,,,,,,19.436
29,4.28,4.676,11.32,3.339,,,,,,,,,,,,,19.831
30,4.28,4.675,11.32,3.339,,,,,,,,,,,,,20.547
31,4.28,4.676,11.32,3.339,,,,,,,,,,,,,19.854
36,4.28,4.676,11.32,3.339,,,,,,,,,,,,,57.03
37,4.28,4.676,11.32,3.339,,,,,,,,,,,,,6.828
38,4.28,4.675,11.32,3.339,,,,,,,,,,,,,1.476
39,4.28,4.675,11.32,3.339,,,,,,,,,,,,,15.082
40,4.28,4.676,11.32,3.339,,,,,,,,,,,,,19.564
41,4.28,4.676,11.32,3.339,,,,,,,,,,,,,21.678
42,4.28,4.676,11.32,3.339,,,,,,,,,,,,,18.397
43,4.28,4.676,11.32,3.339,,,,,,,,,,,,,25.628
44,4.28,4.676,11.32,3.339,,,,,,,,,,,,,14.475
45,4.28,4.675,11.32,3.339,,,,,,,,,,,,,19.789
46,4.28,4.676,11.32,3.339,,,,,,,,,,,,,21.92
47,4.28,4.676,11.32,3.339,,,,,,,,,,,,,18.046
48,4.28,4.676,11.32,3.339,,,,,,,,,,,,,25.2
49,4.28,4.675,11.32,3.339,,,,,,,,,,,,,14.781
50,4.28,4.675,11.32,3.339,,,,,,,,,,,,,20.183
51,4.28,4.675,11.32,3.339,,,,,,,,,,,,,20.071
52,4.28,4.676,11.32,3.339,,,,,,,,,,,,,19.831
53,4.28,4.676,11.32,3.339,,,,,,,,,,,,,19.989
54,4.28,4.675,11.32,3.339,,,,,,,,,,,,,20.271
55,4.28,4.675,11.32,3.339,,,,,,,,,,,,,24.795
60,4.28,4.676,11.32,3.339,,,,,,,,,,,,,20.058
61,4.28,4.676,11.32,3.339,,,,,,,,,,,,,19.908
62,4.28,4.676,11.32,3.339,,,,,,,,,,,,,20.349
63,4.28,4.676,11.32,3.339,,,,,,,,,,,,,18.991
64,4.28,4.676,11.32,3.339,,,,,,,,,,,,,19.951
65,4.28,4.675,11.32,3.339,,,,,,,,,,,,,47.574
66,4.28,4.675,11.32,3.339,,,,,,,,,,,,,11.739
67,4.28,4.676,11.32,3.339,,,,,,,,,,,,,20.195
68,4.28,4.676,11.32,3.339,,,,,,,,,,,,,4.176
69,4.28,4.676,11.32,3.339,,,,,,,,,,,,,16.632
70,4.28,4.676,11.32,3.339,,,,,,,,,,,,,19.886
72,4.28,4.676,11.32,3.339,,,,,,,,,,,,,19.748
73,4.28,4.675,11.32,3.339,,,,,,,,,,,,,20.042
76,4.28,4.676,11.32,3.339,,,,,,,,,,,,,20.133
77,4.28,4.676,11.32,3.339,,,,,,,,,,,,,23.041
78,4.28,4.676,11.32,3.339,,,,,,,,,,,,,16.767
79,4.28,4.676,11.32,3.339,,,,,,,,,,,,,23.818
80,4.28,4.676,11.32,3.339,,,,,,,,,,,,,16.169
81,4.28,4.676,11.32,3.339,,,,,,,,,,,,,20.719
82,4.28,4.676,11.32,3.339,,,,,,,,,,,,,21.995
83,4.28,4.676,11.32,3.339,,,,,,,,,,,,,17.434
84,4.28,4.676,11.32,3.339,,,,,,,,,,,,,22.745
85,4.28,4.676,11.32,3.339,,,,,,,,,,,,,17.418
86,4.28,4.676,11.32,3.339,,,,,,,,,,,,,19.845
87,4.28,4.676,11.32,3.339,,,,,,,,,,,,,21.155
88,4.28,4.676,11.32,3.339,,,,,,,,,,,,,18.646
89,4.28,4.676,11.32,3.339,,,,,,,,,,,,,20.5
90,4.28,4.676,11.32,3.339,,,,,,,,,,,,,19.849
91,4.28,4.676,11.32,3.339,,,,,,,,,,,,,20.1
92,4.28,4.675,11.32,3.339,,,,,,,,,,,,,26.542
93,4.28,4.675,11.32,3.339,,,,,,,,,,,,,14.451
94,4.28,4.676,11.32,3.339,,,,,,,,,,,,,20.331
97,4.28,4.675,11.32,3.339,,,,,,,,,,,,,21.583
98,4.28,4.676,11.32,3.339,,,,,,,,,,,,,18.639
99,4.28,4.675,11.32,3.339,,,,,,,,,,,,,20.129
100,4.28,4.675,11.32,3.339,,,,,,,,,,,,,21.094
102,4.28,4.676,11.32,3.339,,,,,,,,,,,,,41.558
103,4.28,4.675,11.32,3.339,,,,,,,,,,,,,4.264
104,4.28,4.675,11.32,3.339,,,,,,,,,,,,,14.713
105,4.28,4.675,11.32,3.339,,,,,,,,,,,,,19.378
106,4.28,4.676,11.32,3.339,,,,,,,,,,,,,20.181
107,4.28,4.676,11.32,3.339,,,,,,,,,,,,,20.004
108,4.28,4.676,11.32,3.339,,,,,,,,,,,,,19.919
109,4.28,4.676,11.32,3.339,,,,,,,,,,,,,19.944
110,4.28,4.676,11.32,3.339,,,,,,,,,,,,,20.001
111,4.28,4.676,11.32,3.339,,,,,,,,,,,,,19.95
112,4.28,4.676,11.32,3.339,,,,,,,,,,,,,20.784
113,4.28,4.676,11.32,3.339,,,,,,,,,,,,,21.349
114,4.28,4.676,11.32,3.339,,,,,,,,,,,,,18.045
115,4.28,4.675,11.32,3.339,,,,,,,,,,,,,23.913
117,4.28,4.676,11.32,3.339,,,,,,,,,,,,,17.9
118,4.28,4.676,11.32,3.339,,,,,,,,,,,,,19.717
119,4.28,4.676,11.32,3.339,,,,,,,,,,,,,20.564
120,4.28,4.676,11.32,3.339,,,,,,,,,,,,,20.55
121,4.28,4.676,11.32,3.339,,,,,,,,,,,,,18.803
125,4.28,4.676,11.32,3.339,,,,,,,,,,,,,21.791
126,4.28,4.676,11.32,3.339,,,,,,,,,,,,,18.269
127,4.28,4.676,11.32,3.339,,,,,,,,,,,,,19.781
128,4.28,4.676,11.32,3.339,,,,,,,,,,,,,20.253
129,4.28,4.676,11.32,3.339,,,,,,,,,,,,,20.181
130,4.28,4.675,11.32,3.339,,,,,,,,,,,,,22.914
131,4.28,4.676,11.32,3.339,,,,,,,,,,,,,16.805
132,4.28,4.676,11.32,3.339,,,,,,,,,,,,,19.974
134,4.28,4.675,11.32,3.339,,,,,,,,,,,,,20.495
135,4.28,4.675,11.32,3.339,,,,,,,,,,,,,19.513
136,4.28,4.676,11.32,3.339,,,,,,,,,,,,,20.042
137,4.28,4.675,11.32,3.339,,,,,,,,,,,,,48.533
138,4.28,4.675,11.32,3.339,,,,,,,,,,,,,4.025
139,4.28,4.675,11.32,3.339,,,,,,,,,,,,,7.623
141,4.28,4.676,11.32,3.339,,,,,,,,,,,,,19.673
142,4.28,4.676,11.32,3.339,,,,,,,,,,,,,21.535
143,4.28,4.676,11.32,3.339,,,,,,,,,,,,,19.813
144,4.28,4.676,11.32,3.339,,,,,,,,,,,,,31.893
145,4.28,4.675,11.32,3.339,,,,,,,,,,,,,7.125
146,4.28,4.675,11.32,3.339,,,,,,,,,,,,,19.755
147,4.28,4.675,11.32,3.339,,,,,,,,,,,,,19.815
148,4.28,4.676,11.32,3.339,,,,,,,,,,,,,19.847
149,4.28,4.675,11.32,3.339,,,,,,,,,,,,,20.778
150,4.28,4.676,11.32,3.339,,,,,,,,,,,,,19.404
151,4.28,4.676,11.32,3.339,,,,,,,,,,,,,19.73
152,4.28,4.676,11.32,3.339,,,,,,,,,,,,,21.016
153,4.28,4.676,11.32,3.339,,,,,,,,,,,,,19.206
154,4.28,4.675,11.32,3.339,,,,,,,,,,,,,20.092
155,4.28,4.675,11.32,3.339,,,,,,,,,,,,,19.817
156,4.28,4.676,11.32,3.339,,,,,,,,,,,,,20.096
157,4.28,4.675,11.32,3.339,,,,,,,,,,,,,19.841
158,4.28,4.675,11.32,3.339,,,,,,,,,,,,,20.483
159,4.28,4.675,11.32,3.339,,,,,,,,,,,,,19.456
160,4.28,4.675,11.32,3.339,,,,,,,,,,,,,20.491
161,4.28,4.675,11.32,3.339,,,,,,,,,,,,,20.288
162,4.28,4.675,11.32,3.339,,,,,,,,,,,,,19.382
164,4.28,4.675,11.32,3.339,,,,,,,,,,,,,20.127
165,4.28,4.675,11.32,3.339,,,,,,,,,,,,,20.04
166,4.28,4.675,11.32,3.339,,,,,,,,,,,,,19.823
168,4.28,4.675,11.32,3.339,,,,,,,,,,,,,23.031
169,4.28,4.675,11.32,3.339,,,,,,,,,,,,,17.311
170,4.28,4.675,11.32,3.339,,,,,,,,,,,,,19.785
171,4.28,4.676,11.32,3.339,,,,,,,,,,,,,24.069
172,4.28,4.675,11.32,3.339,,,,,,,,,,,,,18.764
173,4.28,4.675,11.32,3.339,,,,,,,,,,,,,16.98
178,4.28,4.675,11.32,3.339,,,,,,,,,,,,,19.99
179,4.28,4.676,11.32,3.339,,,,,,,,,,,,,20.339
180,4.28,4.675,11.32,3.339,,,,,,,,,,,,,21.313
181,4.28,4.676,11.32,3.339,,,,,,,,,,,,,18.196
183,4.28,4.676,11.32,3.339,,,,,,,,,,,,,23.308
184,4.28,4.675,11.32,3.339,,,,,,,,,,,,,16.98
185,4.28,4.675,11.32,3.339,,,,,,,,,,,,,20.573
186,4.28,4.676,11.32,3.339,,,,,,,,,,,,,19.16
187,4.28,4.676,11.32,3.339,,,,,,,,,,,,,20.171
188,4.28,4.675,11.32,3.339,,,,,,,,,,,,,19.892
189,4.28,4.675,11.32,3.339,,,,,,,,,,,,,19.962
191,4.28,4.676,11.32,3.339,,,,,,,,,,,,,19.839
192,4.28,4.676,11.32,3.339,,,,,,,,,,,,,19.943
193,4.28,4.676,11.32,3.339,,,,,,,,,,,,,20.249
198,4.28,4.676,11.32,3.339,,,,,,,,,,,,,19.952
199,4.28,4.675,11.32,3.339,,,,,,,,,,,,,30.665
200,4.28,4.675,11.32,3.339,,,,,,,,,,,,,10.029
201,4.28,4.675,11.32,3.339,,,,,,,,,,,,,19.229
202,4.28,4.676,11.32,3.339,,,,,,,,,,,,,20.185
203,4.28,4.675,11.32,3.339,,,,,,,,,,,,,19.986
204,4.28,4.675,11.32,3.339,,,,,,,,,,,,,20.158
205,4.28,4.675,11.32,3.339,,,,,,,,,,,,,19.919
206,4.28,4.676,11.32,3.339,,,,,,,,,,,,,20.773
207,4.28,4.675,11.32,3.339,,,,,,,,,,,,,19.01
208,4.28,4.675,11.32,3.339,,,,,,,,,,,,,21.799
209,4.28,4.676,11.32,3.339,,,,,,,,,,,,,18.969
210,4.28,4.676,11.32,3.339,,,,,,,,,,,,,32.37
211,4.28,4.676,11.32,3.339,,,,,,,,,,,,,33.852
212,4.28,4.676,11.32,3.339,,,,,,,,,,,,,4.799
213,4.28,4.676,11.32,3.339,,,,,,,,,,,,,8.49
216,4.28,4.675,11.32,3.339,,,,,,,,,,,,,19.948
217,4.28,4.676,11.32,3.339,,,,,,,,,,,,,19.957
218,4.28,4.675,11.32,3.339,,,,,,,,,,,,,20.252
219,4.28,4.675,11.32,3.339,,,,,,,,,,,,,20.848
220,4.28,4.675,11.32,3.339,,,,,,,,,,,,,19.99
221,4.28,4.676,11.32,3.339,,,,,,,,,,,,,19.04
222,4.28,4.676,11.32,3.339,,,,,,,,,,,,,20.015
223,4.28,4.675,11.32,3.339,,,,,,,,,,,,,20.486
224,4.28,4.675,11.32,3.339,,,,,,,,,,,,,19.42
225,4.28,4.676,11.32,3.339,,,,,,,,,,,,,19.987
226,4.28,4.675,11.32,3.339,,,,,,,,,,,,,20.484
227,4.28,4.675,11.32,3.339,,,,,,,,,,,,,19.702
228,4.28,4.675,11.32,3.339,,,,,,,,,,,,,20.983
229,4.28,4.676,11.32,3.339,,,,,,,,,,,,,18.942
230,4.28,4.675,11.32,3.339,,,,,,,,,,,,,20.47
231,4.28,4.676,11.32,3.339,,,,,,,,,,,,,21.809
232,4.28,4.676,11.32,3.339,,,,,,,,,,,,,18.016
233,4.28,4.676,11.32,3.339,,,,,,,,,,,,,19.797
234,4.28,4.676,11.32,3.339,,,,,,,,,,,,,20.851
235,4.28,4.676,11.32,3.339,,,,,,,,,,,,,21.667
236,4.28,4.676,11.32,3.339,,,,,,,,,,,,,17.468
237,4.28,4.676,11.32,3.339,,,,,,,,,,,,,19.931
238,4.28,4.675,11.32,3.339,,,,,,,,,,,,,20.407
239,4.28,4.675,11.32,3.339,,,,,,,,,,,,,20.317
241,4.28,4.675,11.32,3.339,,,,,,,,,,,,,20.136
242,4.28,4.676,11.32,3.339,,,,,,,,,,,,,19.768
244,4.28,4.676,11.32,3.339,,,,,,,,,,,,,16.667
245,4.28,4.675,11.32,3.339,,,,,,,,,,,,,35.41
246,4.28,4.675,11.32,3.339,,,,,,,,,,,,,7.405
247,4.28,4.675,11.32,3.339,,,,,,,,,,,,,18.806
248,4.28,4.676,11.32,3.339,,,,,,,,,,,,,17.816
249,4.28,4.675,11.32,3.339,,,,,,,,,,,,,19.979
250,4.28,4.675,11.32,3.339,,,,,,,,,,,,,20.241
251,4.28,4.675,11.32,3.339,,,,,,,,,,,,,20.072
252,4.28,4.676,11.32,3.339,,,,,,,,,,,,,20.361
253,4.28,4.675,11.32,3.339,,,,,,,,,,,,,20.606
254,4.28,4.676,11.32,3.339,,,,,,,,,,,,,18.84
255,4.28,4.676,11.32,3.339,,,,,,,,,,,,,20.253
256,4.28,4.676,11.32,3.339,,,,,,,,,,,,,19.695
260,4.28,4.676,11.32,3.339,,,,,,,,,,,,,19.818
261,4.28,4.675,11.32,3.339,,,,,,,,,,,,,20.251
262,4.28,4.675,11.32,3.339,,,,,,,,,,,,,19.916
263,4.28,4.676,11.32,3.339,,,,,,,,,,,,,19.725
264,4.28,4.676,11.32,3.339,,,,,,,,,,,,,21.747
265,4.28,4.675,11.32,3.339,,,,,,,,,,,,,18.462
266,4.28,4.675,11.32,3.339,,,,,,,,,,,,,19.988
267,4.28,4.676,11.32,3.339,,,,,,,,,,,,,19.944
268,4.28,4.676,11.32,3.339,,,,,,,,,,,,,19.996
269,4.28,4.675,11.32,3.339,,,,,,,,,,,,,20.347
270,4.28,4.675,11.32,3.339,,,,,,,,,,,,,22.711
271,4.28,4.676,11.32,3.339,,,,,,,,,,,,,16.961
272,4.28,4.675,11.32,3.339,,,,,,,,,,,,,22.913
273,4.28,4.675,11.32,3.339,,,,,,,,,,,,,18.681
274,4.28,4.675,11.32,3.339,,,,,,,,,,,,,18.614
275,4.28,4.676,11.32,3.339,,,,,,,,,,,,,19.925
278,4.28,4.676,11.32,3.339,,,,,,,,,,,,,10.804
279,4.28,4.676,11.32,3.339,,,,,,,,,,,,,19.65
280,4.28,4.675,11.32,3.339,,,,,,,,,,,,,20.025
281,4.28,4.675,11.32,3.339,,,,,,,,,,,,,21.966
282,4.28,4.675,11.32,3.339,,,,,,,,,,,,,21.621
283,4.28,4.676,11.32,3.339,,,,,,,,,,,,,22.268
284,4.28,4.675,11.32,3.339,,,,,,,,,,,,,15.073
285,4.28,4.675,11.32,3.339,,,,,,,,,,,,,19.119
286,4.28,4.676,11.32,3.339,,,,,,,,,,,,,20.605
287,4.28,4.675,11.32,3.339,,,,,,,,,,,,,19.624
288,4.28,4.675,11.32,3.339,,,,,,,,,,,,,20.016
291,4.28,4.675,11.32,3.339,,,,,,,,,,,,,21.011
292,4.28,4.675,11.32,3.339,,,,,,,,,,,,,19.185
293,4.28,4.675,11.32,3.339,,,,,,,,,,,,,21.244
294,4.28,4.676,11.32,3.339,,,,,,,,,,,,,19.181
295,4.28,4.676,11.32,3.339,,,,,,,,,,,,,19.498
296,4.28,4.676,11.32,3.339,,,,,,,,,,,,,20.019
297,4.28,4.676,11.32,3.339,,,,,,,,,,,,,19.877
299,4.28,4.675,11.32,3.339,,,,,,,,,,,,,23.32
300,4.28,4.676,11.32,3.339,,,,,,,,,,,,,16.64
301,4.28,4.676,11.32,3.339,,,,,,,,,,,,,19.945
302,4.28,4.676,11.32,3.339,,,,,,,,,,,,,19.989
303,4.28,4.676,11.32,3.339,,,,,,,,,,,,,19.935
304,4.28,4.676,11.32,3.339,,,,,,,,,,,,,19.973
305,4.28,4.676,11.32,3.339,,,,,,,,,,,,,19.974
306,4.28,4.676,11.32,3.339,,,,,,,,,,,,,20.981
307,4.28,4.675,11.32,3.339,,,,,,,,,,,,,19.326
308,4.28,4.675,11.32,3.339,,,,,,,,,,,,,77.664
309,4.28,4.676,11.32,3.339,,,,,,,,,,,,,4.078
310,4.28,4.676,11.32,3.339,,,,,,,,,,,,,1.228
311,4.28,4.675,11.32,3.339,,,,,,,,,,,,,0.684
312,4.28,4.675,11.32,3.339,,,,,,,,,,,,,16.066
313,4.28,4.676,11.32,3.339,,,,,,,,,,,,,19.989
314,4.28,4.676,11.32,3.339,,,,,,,,,,,,,20.476
315,4.28,4.675,11.32,3.339,,,,,,,,,,,,,19.468
318,4.28,4.675,11.32,3.339,,,,,,,,,,,,,18.634
319,4.28,4.675,11.32,3.339,,,,,,,,,,,,,20.012
320,4.28,4.675,11.32,3.339,,,,,,,,,,,,,20.002
321,4.28,4.676,11.32,3.339,,,,,,,,,,,,,20.032
322,4.28,4.676,11.32,3.339,,,,,,,,,,,,,20.062
323,4.28,4.675,11.32,3.339,,,,,,,,,,,,,19.981
324,4.28,4.675,11.32,3.339,,,,,,,,,,,,,20.204
325,4.28,4.676,11.32,3.339,,,,,,,,,,,,,19.731
326,4.28,4.676,11.32,3.339,,,,,,,,,,,,,23.836
327,4.28,4.676,11.32,3.339,,,,,,,,,,,,,16.406
329,4.28,4.676,11.32,3.339,,,,,,,,,,,,,25.364
332,4.28,4.676,11.32,3.339,,,,,,,,,,,,,12.534
333,4.28,4.676,11.32,3.339,,,,,,,,,,,,,19.236
334,4.28,4.675,11.32,3.339,,,,,,,,,,,,,23.937
335,4.28,4.675,11.32,3.339,,,,,,,,,,,,,32.274
336,4.28,4.676,11.32,3.339,,,,,,,,,,,,,3.803
337,4.28,4.676,11.32,3.339,,,,,,,,,,,,,18.764
338,4.28,4.676,11.32,3.339,,,,,,,,,,,,,19.756
340,4.28,4.676,11.32,3.339,,,,,,,,,,,,,55.359
341,4.28,4.675,11.32,3.339,,,,,,,,,,,,,3.783
342,4.28,4.675,11.32,3.339,,,,,,,,,,,,,4.68
344,4.28,4.676,11.32,3.339,,,,,,,,,,,,,25.105
345,4.28,4.676,11.32,3.339,,,,,,,,,,,,,14.693
346,4.28,4.675,11.32,3.339,,,,,,,,,,,,,20.084
347,4.28,4.675,11.32,3.339,,,,,,,,,,,,,19.961
348,4.28,4.676,11.32,3.339,,,,,,,,,,,,,21.598
349,4.28,4.675,11.32,3.339,,,,,,,,,,,,,18.345
350,4.28,4.675,11.32,3.339,,,,,,,,,,,,,20.003
351,4.28,4.675,11.32,3.339,,,,,,,,,,,,,21.111
352,4.28,4.676,11.32,3.339,,,,,,,,,,,,,19.319
353,4.28,4.675,11.32,3.339,,,,,,,,,,,,,19.481
354,4.28,4.675,11.32,3.339,,,,,,,,,,,,,19.949
355,4.28,4.675,11.32,3.339,,,,,,,,,,,,,20.222
356,4.28,4.676,11.32,3.339,,,,,,,,,,,,,21.021
357,4.28,4.675,11.32,3.339,,,,,,,,,,,,,18.9
358,4.28,4.675,11.32,3.339,,,,,,,,,,,,,20.09
359,4.28,4.676,11.32,3.339,,,,,,,,,,,,,20.403
360,4.28,4.676,11.32,3.339,,,,,,,,,,,,,19.7
361,4.28,4.675,11.32,3.339,,,,,,,,,,,,,19.783
362,4.28,4.675,11.32,3.339,,,,,,,,,,,,,19.925
363,4.28,4.676,11.32,3.339,,,,,,,,,,,,,20.238
364,4.28,4.676,11.32,3.339,,,,,,,,,,,,,21.271
365,4.28,4.675,11.32,3.339,,,,,,,,,,,,,18.793
366,4.28,4.675,11.32,3.339,,,,,,,,,,,,,19.814
367,4.28,4.676,11.32,3.339,,,,,,,,,,,,,19.952
368,4.28,4.675,11.32,3.339,,,,,,,,,,,,,20.247
369,4.28,4.675,11.32,3.339,,,,,,,,,,,,,19.699
370,4.28,4.675,11.32,3.339,,,,,,,,,,,,,20.209
371,4.28,4.676,11.32,3.339,,,,,,,,,,,,,19.988
372,4.28,4.675,11.32,3.339,,,,,,,,,,,,,19.958
373,4.28,4.676,11.32,3.339,,,,,,,,,,,,,53.993
374,4.28,4.676,11.32,3.339,,,,,,,,,,,,,4.009
376,4.28,4.675,11.32,3.339,,,,,,,,,,,,,17.889
377,4.28,4.675,11.32,3.339,,,,,,,,,,,,,20.014
378,4.28,4.675,11.32,3.339,,,,,,,,,,,,,32.571
379,4.28,4.676,11.32,3.339,,,,,,,,,,,,,7.825
382,4.28,4.676,11.32,3.339,,,,,,,,,,,,,18.765
383,4.28,4.676,11.32,3.339,,,,,,,,,,,,,24.152
384,4.28,4.675,11.32,3.339,,,,,,,,,,,,,16.253
386,4.28,4.676,11.32,3.339,,,,,,,,,,,,,24.943
387,4.28,4.675,11.32,3.339,,,,,,,,,,,,,15.177
388,4.28,4.676,11.32,3.339,,,,,,,,,,,,,20.022
390,4.28,4.676,11.32,3.339,,,,,,,,,,,,,20.759
391,4.28,4.675,11.32,3.339,,,,,,,,,,,,,19.178
392,4.28,4.675,11.32,3.339,,,,,,,,,,,,,19.957
393,4.28,4.675,11.32,3.339,,,,,,,,,,,,,20.751
394,4.28,4.676,11.32,3.339,,,,,,,,,,,,,19.198
395,4.28,4.676,11.32,3.339,,,,,,,,,,,,,20.345
396,4.28,4.676,11.32,3.339,,,,,,,,,,,,,19.849
397,4.28,4.676,11.32,3.339,,,,,,,,,,,,,20.297
398,4.28,4.676,11.32,3.339,,,,,,,,,,,,,19.656
399,4.28,4.675,11.32,3.339,,,,,,,,,,,,,20.483
400,4.28,4.675,11.32,3.339,,,,,,,,,,,,,19.742
401,4.28,4.675,11.32,3.339,,,,,,,,,,,,,21.022
403,4.28,4.675,11.32,3.339,,,,,,,,,,,,,20.809
404,4.28,4.675,11.32,3.339,,,,,,,,,,,,,48.32
405,4.28,4.676,11.32,3.339,,,,,,,,,,,,,3.956
406,4.28,4.676,11.32,3.339,,,,,,,,,,,,,6.915
407,4.28,4.675,11.32,3.339,,,,,,,,,,,,,19.847
408,4.28,4.675,11.32,3.339,,,,,,,,,,,,,19.937
409,4.28,4.676,11.32,3.339,,,,,,,,,,,,,21.025
410,4.28,4.675,11.32,3.339,,,,,,,,,,,,,19.129
411,4.28,4.675,11.32,3.339,,,,,,,,,,,,,20.005
412,4.28,4.675,11.32,3.339,,,,,,,,,,,,,19.997
413,4.28,4.676,11.32,3.339,,,,,,,,,,,,,20.186
414,4.28,4.675,11.32,3.339,,,,,,,,,,,,,20.269
415,4.28,4.675,11.32,3.339,,,,,,,,,,,,,19.431
416,4.28,4.675,11.32,3.339,,,,,,,,,,,,,20.073
417,4.28,4.676,11.32,3.339,,,,,,,,,,,,,22.203
418,4.28,4.675,11.32,3.339,,,,,,,,,,,,,17.643
419,4.28,4.675,11.32,3.339,,,,,,,,,,,,,20.508
422,4.28,4.675,11.32,3.339,,,,,,,,,,,,,21.397
423,4.28,4.675,11.32,3.339,,,,,,,,,,,,,23.164
424,4.28,4.675,11.32,3.339,,,,,,,,,,,,,16.885
425,4.28,4.676,11.32,3.339,,,,,,,,,,,,,18.7
426,4.28,4.675,11.32,3.339,,,,,,,,,,,,,20.887
427,4.28,4.675,11.32,3.339,,,,,,,,,,,,,22.391
428,4.28,4.675,11.32,3.339,,,,,,,,,,,,,22.63
429,4.28,4.676,11.32,3.339,,,,,,,,,,,,,14.264
430,4.28,4.675,11.32,3.339,,,,,,,,,,,,,20.957
431,4.28,4.675,11.32,3.339,,,,,,,,,,,,,18.723
432,4.28,4.676,11.32,3.339,,,,,,,,,,,,,19.888
433,4.28,4.675,11.32,3.339,,,,,,,,,,,,,20.078
434,4.28,4.675,11.32,3.339,,,,,,,,,,,,,27.597
435,4.28,4.675,11.32,3.339,,,,,,,,,,,,,12.501
437,4.28,4.675,11.32,3.339,,,,,,,,,,,,,18.718
438,4.28,4.676,11.32,3.339,,,,,,,,,,,,,20.02
443,4.28,4.676,11.32,3.339,,,,,,,,,,,,,20.234
447,4.28,4.676,11.32,3.339,,,,,,,,,,,,,19.961
448,4.28,4.676,11.32,3.339,,,,,,,,,,,,,20.01
449,4.28,4.675,11.32,3.339,,,,,,,,,,,,,20.525
450,4.28,4.676,11.32,3.339,,,,,,,,,,,,,19.867
452,4.28,4.676,11.32,3.339,,,,,,,,,,,,,18.44
453,4.28,4.675,11.32,3.339,,,,,,,,,,,,,19.933
454,4.28,4.675,11.32,3.339,,,,,,,,,,,,,20.009
455,4.28,4.676,11.32,3.339,,,,,,,,,,,,,20.701
456,4.28,4.676,11.32,3.339,,,,,,,,,,,,,22.224
457,4.28,4.675,11.32,3.339,,,,,,,,,,,,,16.958
458,4.28,4.675,11.32,3.339,,,,,,,,,,,,,21.381
459,4.28,4.676,11.32,3.339,,,,,,,,,,,,,18.776
462,4.28,4.676,11.32,3.339,,,,,,,,,,,,,19.837
463,4.28,4.676,11.32,3.339,,,,,,,,,,,,,19.984
464,4.28,4.675,11.32,3.339,,,,,,,,,,,,,21.246
465,4.28,4.676,11.32,3.339,,,,,,,,,,,,,19.472
466,4.28,4.676,11.32,3.339,,,,,,,,,,,,,19.438
467,4.28,4.676,11.32,3.339,,,,,,,,,,,,,20.218
470,4.28,4.676,11.32,3.339,,,,,,,,,,,,,4.696
471,4.28,4.676,11.32,3.339,,,,,,,,,,,,,18.556
472,4.28,4.675,11.32,3.339,,,,,,,,,,,,,18.421
473,4.28,4.676,11.32,3.339,,,,,,,,,,,,,18.47
474,4.28,4.676,11.32,3.339,,,,,,,,,,,,,20.09
475,4.28,4.676,11.32,3.339,,,,,,,,,,,,,19.746
476,4.28,4.675,11.32,3.339,,,,,,,,,,,,,20.045
477,4.28,4.675,11.32,3.339,,,,,,,,,,,,,20.172
478,4.28,4.676,11.32,3.339,,,,,,,,,,,,,19.758
479,4.28,4.676,11.32,3.339,,,,,,,,,,,,,22.071
483,4.28,4.675,11.32,3.339,,,,,,,,,,,,,21.027
484,4.28,4.675,11.32,3.339,,,,,,,,,,,,,21.164
485,4.28,4.675,11.32,3.339,,,,,,,,,,,,,18.886
486,4.28,4.676,11.32,3.339,,,,,,,,,,,,,22.763
487,4.28,4.675,11.32,3.339,,,,,,,,,,,,,17.481
488,4.28,4.676,11.32,3.339,,,,,,,,,,,,,19.765
490,4.28,4.676,11.32,3.339,,,,,,,,,,,,,20.237
491,4.28,4.675,11.32,3.339,,,,,,,,,,,,,19.751
492,4.28,4.675,11.32,3.339,,,,,,,,,,,,,20.642
493,4.28,4.675,11.32,3.339,,,,,,,,,,,,,19.612
494,4.28,4.676,11.32,3.339,,,,,,,,,,,,,19.463
495,4.28,4.675,11.32,3.339,,,,,,,,,,,,,19.994
496,4.28,4.676,11.32,3.339,,,,,,,,,,,,,27.676
498,4.28,4.676,11.32,3.339,,,,,,,,,,,,,18.302
499,4.28,4.675,11.32,3.339,,,,,,,,,,,,,22.001
500,4.28,4.676,11.32,3.339,,,,,,,,,,,,,22.454
501,4.28,4.676,11.32,3.339,,,,,,,,,,,,,17.278
502,4.28,4.676,11.32,3.339,,,,,,,,,,,,,41.471
503,4.28,4.675,11.32,3.339,,,,,,,,,,,,,6.585
504,4.28,4.675,11.32,3.339,,,,,,,,,,,,,11.094
505,4.28,4.676,11.32,3.339,,,,,,,,,,,,,19.381
506,4.28,4.676,11.32,3.339,,,,,,,,,,,,,19.782
507,4.28,4.675,11.32,3.339,,,,,,,,,,,,,20.127
508,4.28,4.675,11.32,3.339,,,,,,,,,,,,,21.555
509,4.28,4.676,11.32,3.339,,,,,,,,,,,,,20.871
510,4.28,4.675,11.32,3.339,,,,,,,,,,,,,17.408
511,4.28,4.675,11.32,3.339,,,,,,,,,,,,,25.26
512,4.28,4.675,11.32,3.339,,,,,,,,,,,,,15.024
513,4.28,4.676,11.32,3.339,,,,,,,,,,,,,19.704
514,4.28,4.676,11.32,3.339,,,,,,,,,,,,,20.679
515,4.28,4.675,11.32,3.339,,,,,,,,,,,,,19.325
516,4.28,4.675,11.32,3.339,,,,,,,,,,,,,20.092
517,4.28,4.676,11.32,3.339,,,,,,,,,,,,,20.076
518,4.28,4.675,11.32,3.339,,,,,,,,,,,,,20.985
519,4.28,4.676,11.32,3.339,,,,,,,,,,,,,18.911
520,4.28,4.676,11.32,3.339,,,,,,,,,,,,,19.977
521,4.28,4.676,11.32,3.339,,,,,,,,,,,,,20.511
522,4.28,4.675,11.32,3.339,,,,,,,,,,,,,19.362
523,4.28,4.675,11.32,3.339,,,,,,,,,,,,,20.4
524,4.28,4.675,11.32,3.339,,,,,,,,,,,,,23.402
525,4.28,4.676,11.32,3.339,,,,,,,,,,,,,16.693
526,4.28,4.675,11.32,3.339,,,,,,,,,,,,,19.719
527,4.28,4.675,11.32,3.339,,,,,,,,,,,,,21.489
528,4.28,4.676,11.32,3.339,,,,,,,,,,,,,18.415
529,4.28,4.676,11.32,3.339,,,,,,,,,,,,,23.336
530,4.28,4.675,11.32,3.339,,,,,,,,,,,,,41.576
531,4.28,4.675,11.32,3.339,,,,,,,,,,,,,3.928
532,4.28,4.676,11.32,3.339,,,,,,,,,,,,,11.394
533,4.28,4.676,11.32,3.339,,,,,,,,,,,,,20.043
534,4.28,4.675,11.32,3.339,,,,,,,,,,,,,19.85
535,4.28,4.675,11.32,3.339,,,,,,,,,,,,,20.464
536,4.28,4.676,11.32,3.339,,,,,,,,,,,,,19.459
537,4.28,4.675,11.32,3.339,,,,,,,,,,,,,19.98
538,4.28,4.675,11.32,3.339,,,,,,,,,,,,,20.906
539,4.28,4.675,11.32,3.339,,,,,,,,,,,,,19.243
540,4.28,4.676,11.32,3.339,,,,,,,,,,,,,20.049
541,4.28,4.676,11.32,3.339,,,,,,,,,,,,,20.458
542,4.28,4.675,11.32,3.339,,,,,,,,,,,,,20.498
543,4.28,4.675,11.32,3.339,,,,,,,,,,,,,19.479
544,4.28,4.676,11.32,3.339,,,,,,,,,,,,,19.35
545,4.28,4.675,11.32,3.339,,,,,,,,,,,,,21.229
546,4.28,4.676,11.32,3.339,,,,,,,,,,,,,18.812
547,4.28,4.676,11.32,3.339,,,,,,,,,,,,,20.137
548,4.28,4.676,11.32,3.339,,,,,,,,,,,,,20.002
549,4.28,4.675,11.32,3.339,,,,,,,,,,,,,20.26
550,4.28,4.675,11.32,3.339,,,,,,,,,,,,,19.675
551,4.28,4.676,11.32,3.339,,,,,,,,,,,,,20.068
553,4.28,4.675,11.32,3.339,,,,,,,,,,,,,19.998
554,4.28,4.675,11.32,3.339,,,,,,,,,,,,,22.255
556,4.28,4.676,11.32,3.339,,,,,,,,,,,,,13.256
557,4.28,4.676,11.32,3.339,,,,,,,,,,,,,19.944
558,4.28,4.676,11.32,3.339,,,,,,,,,,,,,22.057
559,4.28,4.676,11.32,3.339,,,,,,,,,,,,,17.859
560,4.28,4.675,11.32,3.339,,,,,,,,,,,,,19.997
561,4.28,4.675,11.32,3.339,,,,,,,,,,,,,20.079
562,4.28,4.675,11.32,3.339,,,,,,,,,,,,,19.841
563,4.28,4.676,11.32,3.339,,,,,,,,,,,,,20.329
564,4.28,4.675,11.32,3.339,,,,,,,,,,,,,19.863
565,4.28,4.675,11.32,3.339,,,,,,,,,,,,,21.974
566,4.28,4.675,11.32,3.339,,,,,,,,,,,,,27.479
567,4.28,4.676,11.32,3.339,,,,,,,,,,,,,16.354
571,4.28,4.676,11.32,3.339,,,,,,,,,,,,,19.703
575,4.28,4.676,11.32,3.339,,,,,,,,,,,,,19.502
576,4.28,4.675,11.32,3.339,,,,,,,,,,,,,19.912
577,4.28,4.675,11.32,3.339,,,,,,,,,,,,,21.524
578,4.28,4.676,11.32,3.339,,,,,,,,,,,,,18.535
582,4.28,4.676,11.32,3.339,,,,,,,,,,,,,19.985
585,4.28,4.676,11.32,3.339,,,,,,,,,,,,,19.634
586,4.28,4.676,11.32,3.339,,,,,,,,,,,,,20.187
587,4.28,4.676,11.32,3.339,,,,,,,,,,,,,19.674
588,4.28,4.675,11.32,3.339,,,,,,,,,,,,,20.729
589,4.28,4.675,11.32,3.339,,,,,,,,,,,,,19.446
590,4.28,4.676,11.32,3.339,,,,,,,,,,,,,19.991
591,4.28,4.675,11.32,3.339,,,,,,,,,,,,,19.939
592,4.28,4.675,11.32,3.339,,,,,,,,,,,,,19.973
593,4.28,4.675,11.32,3.339,,,,,,,,,,,,,20.254
594,4.28,4.676,11.32,3.339,,,,,,,,,,,,,43.258
595,4.28,4.675,11.32,3.339,,,,,,,,,,,,,3.961
596,4.28,4.676,11.32,3.339,,,,,,,,,,,,,19.592
597,4.28,4.676,11.32,3.339,,,,,,,,,,,,,13.031
598,4.28,4.676,11.32,3.339,,,,,,,,,,,,,25.451
601,4.28,4.676,11.32,3.339,,,,,,,,,,,,,20.011
602,4.28,4.676,11.32,3.339,,,,,,,,,,,,,19.946
603,4.28,4.675,11.32,3.339,,,,,,,,,,,,,20.201
605,4.28,4.676,11.32,3.339,,,,,,,,,,,,,19.978
606,4.28,4.676,11.32,3.339,,,,,,,,,,,,,21.666
607,4.28,4.676,11.32,3.339,,,,,,,,,,,,,18.529
608,4.28,4.676,11.32,3.339,,,,,,,,,,,,,19.81
609,4.28,4.676,11.32,3.339,,,,,,,,,,,,,19.851
610,4.28,4.675,11.32,3.339,,,,,,,,,,,,,21.483
611,4.28,4.676,11.32,3.339,,,,,,,,,,,,,18.517
612,4.28,4.676,11.32,3.339,,,,,,,,,,,,,22.335
613,4.28,4.676,11.32,3.339,,,,,,,,,,,,,17.792
614,4.28,4.675,11.32,3.339,,,,,,,,,,,,,20.765
615,4.28,4.675,11.32,3.339,,,,,,,,,,,,,19.27
616,4.28,4.675,11.32,3.339,,,,,,,,,,,,,19.924
617,4.28,4.676,11.32,3.339,,,,,,,,,,,,,20.026
618,4.28,4.676,11.32,3.339,,,,,,,,,,,,,19.997
619,4.28,4.676,11.32,3.339,,,,,,,,,,,,,20.91
620,4.28,4.676,11.32,3.339,,,,,,,,,,,,,19.202
621,4.28,4.676,11.32,3.339,,,,,,,,,,,,,20.779
622,4.28,4.675,11.32,3.339,,,,,,,,,,,,,30.113
623,4.28,4.676,11.32,3.339,,,,,,,,,,,,,11.499
624,4.28,4.676,11.32,3.339,,,,,,,,,,,,,20.529
625,4.28,4.676,11.32,3.339,,,,,,,,,,,,,16.901
626,4.28,4.675,11.32,3.339,,,,,,,,,,,,,20.037
627,4.28,4.675,11.32,3.339,,,,,,,,,,,,,20.17
628,4.28,4.676,11.32,3.339,,,,,,,,,,,,,20.442
629,4.28,4.676,11.32,3.339,,,,,,,,,,,,,19.463
630,4.28,4.675,11.32,3.339,,,,,,,,,,,,,19.919
632,4.28,4.676,11.32,3.339,,,,,,,,,,,,,19.948
633,4.28,4.675,11.32,3.339,,,,,,,,,,,,,19.97
634,4.28,4.676,11.32,3.339,,,,,,,,,,,,,20.236
635,4.28,4.676,11.32,3.339,,,,,,,,,,,,,19.984
636,4.28,4.676,11.32,3.339,,,,,,,,,,,,,19.969
637,4.28,4.676,11.32,3.339,,,,,,,,,,,,,21.564
638,4.28,4.675,11.32,3.339,,,,,,,,,,,,,18.504
639,4.28,4.675,11.32,3.339,,,,,,,,,,,,,19.806
640,4.28,4.676,11.32,3.339,,,,,,,,,,,,,19.975
645,4.28,4.675,11.32,3.339,,,,,,,,,,,,,23.574
646,4.28,4.675,11.32,3.339,,,,,,,,,,,,,16.589
647,4.28,4.675,11.32,3.339,,,,,,,,,,,,,19.216
648,4.28,4.676,11.32,3.339,,,,,,,,,,,,,19.963
649,4.28,4.675,11.32,3.339,,,,,,,,,,,,,19.986
650,4.28,4.675,11.32,3.339,,,,,,,,,,,,,46.587
651,4.28,4.676,11.32,3.339,,,,,,,,,,,,,4.062
652,4.28,4.676,11.32,3.339,,,,,,,,,,,,,9.748
653,4.28,4.675,11.32,3.339,,,,,,,,,,,,,20.16
654,4.28,4.675,11.32,3.339,,,,,,,,,,,,,19.593
655,4.28,4.676,11.32,3.339,,,,,,,,,,,,,19.932
656,4.28,4.675,11.32,3.339,,,,,,,,,,,,,19.936
657,4.28,4.676,11.32,3.339,,,,,,,,,,,,,19.974
659,4.28,4.676,11.32,3.339,,,,,,,,,,,,,22.118
660,4.28,4.675,11.32,3.339,,,,,,,,,,,,,23.554
661,4.28,4.675,11.32,3.339,,,,,,,,,,,,,19.361
662,4.28,4.675,11.32,3.339,,,,,,,,,,,,,15.189
663,4.28,4.676,11.32,3.339,,,,,,,,,,,,,20.356
664,4.28,4.675,11.32,3.339,,,,,,,,,,,,,19.573
665,4.28,4.675,11.32,3.339,,,,,,,,,,,,,20.027
666,4.28,4.675,11.32,3.339,,,,,,,,,,,,,20.809
670,4.28,4.675,11.32,3.339,,,,,,,,,,,,,20.478
671,4.28,4.676,11.32,3.339,,,,,,,,,,,,,19.669
672,4.28,4.675,11.32,3.339,,,,,,,,,,,,,19.746
673,4.28,4.675,11.32,3.339,,,,,,,,,,,,,27.677
674,4.28,4.676,11.32,3.339,,,,,,,,,,,,,12.266
675,4.28,4.676,11.32,3.339,,,,,,,,,,,,,22.411
676,4.28,4.676,11.32,3.339,,,,,,,,,,,,,17.978
677,4.28,4.676,11.32,3.339,,,,,,,,,,,,,24.188
678,4.28,4.675,11.32,3.339,,,,,,,,,,,,,15.637
679,4.28,4.676,11.32,3.339,,,,,,,,,,,,,19.885
680,4.28,4.676,11.32,3.339,,,,,,,,,,,,,19.969
681,4.28,4.676,11.32,3.339,,,,,,,,,,,,,34.603
682,4.28,4.676,11.32,3.339,,,,,,,,,,,,,16.314
683,4.28,4.675,11.32,3.339,,,,,,,,,,,,,16.467
684,4.28,4.675,11.32,3.339,,,,,,,,,,,,,12.786
685,4.28,4.675,11.32,3.339,,,,,,,,,,,,,19.95
687,4.28,4.675,11.32,3.339,,,,,,,,,,,,,19.811
688,4.28,4.675,11.32,3.339,,,,,,,,,,,,,20.012
689,4.28,4.675,11.32,3.339,,,,,,,,,,,,,19.924
690,4.28,4.676,11.32,3.339,,,,,,,,,,,,,20.98
691,4.28,4.675,11.32,3.339,,,,,,,,,,,,,21.594
692,4.28,4.675,11.32,3.339,,,,,,,,,,,,,17.601
694,4.28,4.676,11.32,3.339,,,,,,,,,,,,,18.681
695,4.28,4.675,11.32,3.339,,,,,,,,,,,,,19.983
696,4.28,4.676,11.32,3.339,,,,,,,,,,,,,20.204
698,4.28,4.676,11.32,3.339,,,,,,,,,,,,,14.851
699,4.28,4.675,11.32,3.339,,,,,,,,,,,,,29.985
700,4.28,4.675,11.32,3.339,,,,,,,,,,,,,14.845
701,4.28,4.675,11.32,3.339,,,,,,,,,,,,,15.461
702,4.28,4.676,11.32,3.339,,,,,,,,,,,,,20.826
703,4.28,4.675,11.32,3.339,,,,,,,,,,,,,18.998
704,4.28,4.675,11.32,3.339,,,,,,,,,,,,,20.743
705,4.28,4.676,11.32,3.339,,,,,,,,,,,,,19.965
706,4.28,4.675,11.32,3.339,,,,,,,,,,,,,19.449
707,4.28,4.676,11.32,3.339,,,,,,,,,,,,,19.715
708,4.28,4.676,11.32,3.339,,,,,,,,,,,,,20.223
709,4.28,4.676,11.32,3.339,,,,,,,,,,,,,20.02
710,4.28,4.675,11.32,3.339,,,,,,,,,,,,,19.919
711,4.28,4.675,11.32,3.339,,,,,,,,,,,,,20.331
712,4.28,4.675,11.32,3.339,,,,,,,,,,,,,19.593
713,4.28,4.676,11.32,3.339,,,,,,,,,,,,,21.761
714,4.28,4.676,11.32,3.339,,,,,,,,,,,,,18.512
715,4.28,4.675,11.32,3.339,,,,,,,,,,,,,24.104
716,4.28,4.675,11.32,3.339,,,,,,,,,,,,,36.538
717,4.28,4.676,11.32,3.339,,,,,,,,,,,,,4.198
718,4.28,4.676,11.32,3.339,,,,,,,,,,,,,14.97
719,4.28,4.675,11.32,3.339,,,,,,,,,,,,,19.985
720,4.28,4.675,11.32,3.339,,,,,,,,,,,,,19.958
721,4.28,4.676,11.32,3.339,,,,,,,,,,,,,20.754
722,4.28,4.675,11.32,3.339,,,,,,,,,,,,,19.174
723,4.28,4.675,11.32,3.339,,,,,,,,,,,,,20.647
724,4.28,4.675,11.32,3.339,,,,,,,,,,,,,24.613
725,4.28,4.675,11.32,3.339,,,,,,,,,,,,,14.958
726,4.28,4.675,11.32,3.339,,,,,,,,,,,,,19.935
727,4.28,4.675,11.32,3.339,,,,,,,,,,,,,19.951
728,4.28,4.676,11.32,3.339,,,,,,,,,,,,,20.042
731,4.28,4.676,11.32,3.339,,,,,,,,,,,,,19.616
732,4.28,4.676,11.32,3.339,,,,,,,,,,,,,20.669
733,4.28,4.675,11.32,3.339,,,,,,,,,,,,,19.614
734,4.28,4.675,11.32,3.339,,,,,,,,,,,,,20.352
735,4.28,4.675,11.32,3.339,,,,,,,,,,,,,20.748
736,4.28,4.676,11.32,3.339,,,,,,,,,,,,,19.002
737,4.28,4.676,11.32,3.339,,,,,,,,,,,,,20.091
738,4.28,4.675,11.32,3.339,,,,,,,,,,,,,19.499
739,4.28,4.675,11.32,3.339,,,,,,,,,,,,,20.141
740,4.28,4.676,11.32,3.339,,,,,,,,,,,,,21.212
741,4.28,4.676,11.32,3.339,,,,,,,,,,,,,18.837
742,4.28,4.676,11.32,3.339,,,,,,,,,,,,,19.975
743,4.28,4.676,11.32,3.339,,,,,,,,,,,,,19.99
744,4.28,4.676,11.32,3.339,,,,,,,,,,,,,50.485
745,4.28,4.676,11.32,3.339,,,,,,,,,,,,,3.923
746,4.28,4.675,11.32,3.339,,,,,,,,,,,,,6.751
747,4.28,4.675,11.32,3.339,,,,,,,,,,,,,18.93
748,4.28,4.676,11.32,3.339,,,,,,,,,,,,,19.771
749,4.28,4.675,11.32,3.339,,,,,,,,,,,,,20.189
750,4.28,4.675,11.32,3.339,,,,,,,,,,,,,19.978
751,4.28,4.676,11.32,3.339,,,,,,,,,,,,,21.234
755,4.28,4.676,11.32,3.339,,,,,,,,,,,,,20.475
756,4.28,4.675,11.32,3.339,,,,,,,,,,,,,19.607
757,4.28,4.675,11.32,3.339,,,,,,,,,,,,,20.058
758,4.28,4.675,11.32,3.339,,,,,,,,,,,,,21.332
759,4.28,4.676,11.32,3.339,,,,,,,,,,,,,18.958
760,4.28,4.675,11.32,3.339,,,,,,,,,,,,,20.293
761,4.28,4.675,11.32,3.339,,,,,,,,,,,,,19.482
762,4.28,4.675,11.32,3.339,,,,,,,,,,,,,20.031
763,4.28,4.676,11.32,3.339,,,,,,,,,,,,,19.753
764,4.28,4.675,11.32,3.339,,,,,,,,,,,,,19.95
765,4.28,4.676,11.32,3.339,,,,,,,,,,,,,21.636
766,4.28,4.676,11.32,3.339,,,,,,,,,,,,,18.562
767,4.28,4.676,11.32,3.339,,,,,,,,,,,,,21.469
768,4.28,4.675,11.32,3.339,,,,,,,,,,,,,18.514
769,4.28,4.676,11.32,3.339,,,,,,,,,,,,,19.93
770,4.28,4.676,11.32,3.339,,,,,,,,,,,,,24.332
771,4.28,4.676,11.32,3.339,,,,,,,,,,,,,16.043
772,4.28,4.676,11.32,3.339,,,,,,,,,,,,,19.791
773,4.28,4.676,11.32,3.339,,,,,,,,,,,,,20.231
774,4.28,4.676,11.32,3.339,,,,,,,,,,,,,19.705
775,4.28,4.676,11.32,3.339,,,,,,,,,,,,,20.223
776,4.28,4.675,11.32,3.339,,,,,,,,,,,,,51.739
777,4.28,4.675,11.32,3.339,,,,,,,,,,,,,8.065
778,4.28,4.676,11.32,3.339,,,,,,,,,,,,,3.957
779,4.28,4.675,11.32,3.339,,,,,,,,,,,,,16.635
780,4.28,4.675,11.32,3.339,,,,,,,,,,,,,19.176
781,4.28,4.675,11.32,3.339,,,,,,,,,,,,,25.128
782,4.28,4.676,11.32,3.339,,,,,,,,,,,,,15.088
783,4.28,4.675,11.32,3.339,,,,,,,,,,,,,20.228
784,4.28,4.675,11.32,3.339,,,,,,,,,,,,,20.207
785,4.28,4.675,11.32,3.339,,,,,,,,,,,,,19.459
786,4.28,4.676,11.32,3.339,,,,,,,,,,,,,20.1
787,4.28,4.676,11.32,3.339,,,,,,,,,,,,,22.676
788,4.28,4.675,11.32,3.339,,,,,,,,,,,,,17.662
789,4.28,4.675,11.32,3.339,,,,,,,,,,,,,23.799
791,4.28,4.676,11.32,3.339,,,,,,,,,,,,,27.409
792,4.28,4.675,11.32,3.339,,,,,,,,,,,,,12.688
793,4.28,4.675,11.32,3.339,,,,,,,,,,,,,20.271
795,4.28,4.675,11.32,3.339,,,,,,,,,,,,,17.276
796,4.28,4.675,11.32,3.339,,,,,,,,,,,,,20.005
797,4.28,4.676,11.32,3.339,,,,,,,,,,,,,19.973
798,4.28,4.676,11.32,3.339,,,,,,,,,,,,,20.469
799,4.28,4.675,11.32,3.339,,,,,,,,,,,,,19.463
800,4.28,4.675,11.32,3.339,,,,,,,,,,,,,19.979
801,4.28,4.676,11.32,3.339,,,,,,,,,,,,,25.11
802,4.28,4.676,11.32,3.339,,,,,,,,,,,,,23.469
803,4.28,4.676,11.32,3.339,,,,,,,,,,,,,19.73
804,4.28,4.676,11.32,3.339,,,,,,,,,,,,,16.245
805,4.28,4.676,11.32,3.339,,,,,,,,,,,,,15.516
806,4.28,4.675,11.32,3.339,,,,,,,,,,,,,34.277
807,4.28,4.676,11.32,3.339,,,,,,,,,,,,,7.319
808,4.28,4.676,11.32,3.339,,,,,,,,,,,,,18.314
809,4.28,4.676,11.32,3.339,,,,,,,,,,,,,19.981
810,4.28,4.675,11.32,3.339,,,,,,,,,,,,,23.555
811,4.28,4.675,11.32,3.339,,,,,,,,,,,,,20.814
812,4.28,4.675,11.32,3.339,,,,,,,,,,,,,17.559
813,4.28,4.676,11.32,3.339,,,,,,,,,,,,,18.205
814,4.28,4.675,11.32,3.339,,,,,,,,,,,,,19.98
815,4.28,4.675,11.32,3.339,,,,,,,,,,,,,20.078
816,4.28,4.675,11.32,3.339,,,,,,,,,,,,,19.836
817,4.28,4.676,11.32,3.339,,,,,,,,,,,,,19.992
818,4.28,4.676,11.32,3.339,,,,,,,,,,,,,20.723
819,4.28,4.676,11.32,3.339,,,,,,,,,,,,,19.313
820,4.28,4.676,11.32,3.339,,,,,,,,,,,,,20.098
821,4.28,4.676,11.32,3.339,,,,,,,,,,,,,20.778
825,4.28,4.676,11.32,3.339,,,,,,,,,,,,,22.161
826,4.28,4.675,11.32,3.339,,,,,,,,,,,,,6.059
827,4.28,4.675,11.32,3.339,,,,,,,,,,,,,23.494
828,4.28,4.676,11.32,3.339,,,,,,,,,,,,,15.624
829,4.28,4.675,11.32,3.339,,,,,,,,,,,,,19.972
830,4.28,4.675,11.32,3.339,,,,,,,,,,,,,19.978
831,4.28,4.675,11.32,3.339,,,,,,,,,,,,,21.75
832,4.28,4.676,11.32,3.339,,,,,,,,,,,,,18.641
833,4.28,4.675,11.32,3.339,,,,,,,,,,,,,19.719
834,4.28,4.676,11.32,3.339,,,,,,,,,,,,,29.752
836,4.28,4.676,11.32,3.339,,,,,,,,,,,,,13.04
837,4.28,4.675,11.32,3.339,,,,,,,,,,,,,19.959
838,4.28,4.675,11.32,3.339,,,,,,,,,,,,,19.977
839,4.28,4.675,11.32,3.339,,,,,,,,,,,,,25.082
840,4.28,4.676,11.32,3.339,,,,,,,,,,,,,15.902
841,4.28,4.675,11.32,3.339,,,,,,,,,,,,,19.013
842,4.28,4.676,11.32,3.339,,,,,,,,,,,,,21.505
843,4.28,4.676,11.32,3.339,,,,,,,,,,,,,18.424
844,4.28,4.676,11.32,3.339,,,,,,,,,,,,,23.752
845,4.28,4.676,11.32,3.339,,,,,,,,,,,,,16.365
846,4.28,4.676,11.32,3.339,,,,,,,,,,,,,20.477
847,4.28,4.676,11.32,3.339,,,,,,,,,,,,,20.033
848,4.28,4.675,11.32,3.339,,,,,,,,,,,,,19.949
849,4.28,4.675,11.32,3.339,,,,,,,,,,,,,20.31
851,4.28,4.676,11.32,3.339,,,,,,,,,,,,,20.318
852,4.28,4.676,11.32,3.339,,,,,,,,,,,,,23.206
853,4.28,4.675,11.32,3.339,,,,,,,,,,,,,16.626
855,4.28,4.676,11.32,3.339,,,,,,,,,,,,,19.978
856,4.28,4.675,11.32,3.339,,,,,,,,,,,,,19.974
857,4.28,4.676,11.32,3.339,,,,,,,,,,,,,20.042
858,4.28,4.676,11.32,3.339,,,,,,,,,,,,,22.266
859,4.28,4.676,11.32,3.339,,,,,,,,,,,,,18.365
860,4.28,4.675,11.32,3.339,,,,,,,,,,,,,19.444
861,4.28,4.675,11.32,3.339,,,,,,,,,,,,,41.977
862,4.28,4.675,11.32,3.339,,,,,,,,,,,,,3.756
863,4.28,4.676,11.32,3.339,,,,,,,,,,,,,15.042
864,4.28,4.676,11.32,3.339,,,,,,,,,,,,,19.075
865,4.28,4.675,11.32,3.339,,,,,,,,,,,,,20.19
866,4.28,4.675,11.32,3.339,,,,,,,,,,,,,19.97
868,4.28,4.676,11.32,3.339,,,,,,,,,,,,,23.723
869,4.28,4.676,11.32,3.339,,,,,,,,,,,,,16.503
870,4.28,4.676,11.32,3.339,,,,,,,,,,,,,22.794
871,4.28,4.676,11.32,3.339,,,,,,,,,,,,,17.12
872,4.28,4.676,11.32,3.339,,,,,,,,,,,,,21.245
873,4.28,4.676,11.32,3.339,,,,,,,,,,,,,18.677
874,4.28,4.676,11.32,3.339,,,,,,,,,,,,,19.981
875,4.28,4.676,11.32,3.339,,,,,,,,,,,,,20.516
876,4.28,4.676,11.32,3.339,,,,,,,,,,,,,19.607
877,4.28,4.676,11.32,3.339,,,,,,,,,,,,,20.042
878,4.28,4.676,11.32,3.339,,,,,,,,,,,,,19.989
881,4.28,4.675,11.32,3.339,,,,,,,,,,,,,19.397
882,4.28,4.676,11.32,3.339,,,,,,,,,,,,,20.187
883,4.28,4.675,11.32,3.339,,,,,,,,,,,,,19.796
884,4.28,4.675,11.32,3.339,,,,,,,,,,,,,20.106
885,4.28,4.675,11.32,3.339,,,,,,,,,,,,,20.224
886,4.28,4.676,11.32,3.339,,,,,,,,,,,,,21.387
887,4.28,4.676,11.32,3.339,,,,,,,,,,,,,19.174
888,4.28,4.676,11.32,3.339,,,,,,,,,,,,,19.128
889,4.28,4.676,11.32,3.339,,,,,,,,,,,,,36.389
890,4.28,4.676,11.32,3.339,,,,,,,,,,,,,4.509
891,4.28,4.676,11.32,3.339,,,,,,,,,,,,,19.104
892,4.28,4.676,11.32,3.339,,,,,,,,,,,,,20.377
893,4.28,4.676,11.32,3.339,,,,,,,,,,,,,24.745
894,4.28,4.676,11.32,3.339,,,,,,,,,,,,,15.552
895,4.28,4.676,11.32,3.339,,,,,,,,,,,,,19.957
896,4.28,4.676,11.32,3.339,,,,,,,,,,,,,19.478
897,4.28,4.676,11.32,3.339,,,,,,,,,,,,,22.149
898,4.28,4.676,11.32,3.339,,,,,,,,,,,,,22.304
899,4.28,4.676,11.32,3.339,,,,,,,,,,,,,15.951
900,4.28,4.676,11.32,3.339,,,,,,,,,,,,,19.6
901,4.28,4.676,11.32,3.339,,,,,,,,,,,,,20.249
902,4.28,4.676,11.32,3.339,,,,,,,,,,,,,19.694
903,4.28,4.675,11.32,3.339,,,,,,,,,,,,,19.991
904,4.28,4.675,11.32,3.339,,,,,,,,,,,,,19.927
905,4.28,4.676,11.32,3.339,,,,,,,,,,,,,23.268
906,4.28,4.675,11.32,3.339,,,,,,,,,,,,,16.916
907,4.28,4.675,11.32,3.339,,,,,,,,,,,,,19.996
908,4.28,4.675,11.32,3.339,,,,,,,,,,,,,32.774
909,4.28,4.676,11.32,3.339,,,,,,,,,,,,,7.658
912,4.28,4.675,11.32,3.339,,,,,,,,,,,,,23.203
913,4.28,4.676,11.32,3.339,,,,,,,,,,,,,16.099
914,4.28,4.675,11.32,3.339,,,,,,,,,,,,,26.422
915,4.28,4.676,11.32,3.339,,,,,,,,,,,,,23.621
917,4.28,4.676,11.32,3.339,,,,,,,,,,,,,5.95
918,4.28,4.676,11.32,3.339,,,,,,,,,,,,,12.64
919,4.28,4.676,11.32,3.339,,,,,,,,,,,,,19.096
920,4.28,4.676,11.32,3.339,,,,,,,,,,,,,19.957
921,4.28,4.676,11.32,3.339,,,,,,,,,,,,,20.263
922,4.28,4.676,11.32,3.339,,,,,,,,,,,,,48.333
923,4.28,4.676,11.32,3.339,,,,,,,,,,,,,4.065
924,4.28,4.676,11.32,3.339,,,,,,,,,,,,,7.477
927,4.28,4.676,11.32,3.339,,,,,,,,,,,,,19.932
929,4.28,4.675,11.32,3.339,,,,,,,,,,,,,21.562
930,4.28,4.675,11.32,3.339,,,,,,,,,,,,,18.914
931,4.28,4.675,11.32,3.339,,,,,,,,,,,,,19.079
932,4.28,4.676,11.32,3.339,,,,,,,,,,,,,20.342
933,4.28,4.676,11.32,3.339,,,,,,,,,,,,,19.952
934,4.28,4.675,11.32,3.339,,,,,,,,,,,,,20.216
935,4.28,4.675,11.32,3.339,,,,,,,,,,,,,22.579
936,4.28,4.676,11.32,3.339,,,,,,,,,,,,,16.89
937,4.28,4.675,11.32,3.339,,,,,,,,,,,,,19.933
938,4.28,4.676,11.32,3.339,,,,,,,,,,,,,23.195
939,4.28,4.676,11.32,3.339,,,,,,,,,,,,,20.855
940,4.28,4.676,11.32,3.339,,,,,,,,,,,,,16.62
941,4.28,4.675,11.32,3.339,,,,,,,,,,,,,20.99
942,4.28,4.675,11.32,3.339,,,,,,,,,,,,,18.453
943,4.28,4.676,11.32,3.339,,,,,,,,,,,,,19.976
944,4.28,4.676,11.32,3.339,,,,,,,,,,,,,19.94
945,4.28,4.676,11.32,3.339,,,,,,,,,,,,,19.972
946,4.28,4.676,11.32,3.339,,,,,,,,,,,,,20.525
947,4.28,4.676,11.32,3.339,,,,,,,,,,,,,19.423
948,4.28,4.676,11.32,3.339,,,,,,,,,,,,,20.012
949,4.28,4.675,11.32,3.339,,,,,,,,,,,,,57.291
950,4.28,4.675,11.32,3.339,,,,,,,,,,,,,4.255
951,4.28,4.676,11.32,3.339,,,,,,,,,,,,,1.465
952,4.28,4.675,11.32,3.339,,,,,,,,,,,,,17.078
953,4.28,4.675,11.32,3.339,,,,,,,,,,,,,26.476
954,4.28,4.675,11.32,3.339,,,,,,,,,,,,,19.002
956,4.28,4.675,11.32,3.339,,,,,,,,,,,,,44.871
957,4.28,4.676,11.32,3.339,,,,,,,,,,,,,8.571
958,4.28,4.676,11.32,3.339,,,,,,,,,,,,,6.884
959,4.28,4.676,11.32,3.339,,,,,,,,,,,,,22.929
960,4.28,4.676,11.32,3.339,,,,,,,,,,,,,16.853
961,4.28,4.676,11.32,3.339,,,,,,,,,,,,,20.004
962,4.28,4.676,11.32,3.339,,,,,,,,,,,,,20.706
963,4.28,4.676,11.32,3.339,,,,,,,,,,,,,21.343
964,4.28,4.675,11.32,3.339,,,,,,,,,,,,,17.827
965,4.28,4.676,11.32,3.339,,,,,,,,,,,,,20.215
966,4.28,4.676,11.32,3.339,,,,,,,,,,,,,19.972
967,4.28,4.676,11.32,3.339,,,,,,,,,,,,,20.232
968,4.28,4.675,11.32,3.339,,,,,,,,,,,,,21.253
969,4.28,4.675,11.32,3.339,,,,,,,,,,,,,18.431
970,4.28,4.676,11.32,3.339,,,,,,,,,,,,,20.218
971,4.28,4.676,11.32,3.339,,,,,,,,,,,,,19.727
972,4.28,4.675,11.32,3.339,,,,,,,,,,,,,19.95
973,4.28,4.675,11.32,3.339,,,,,,,,,,,,,20.397
974,4.28,4.676,11.32,3.339,,,,,,,,,,,,,19.8
975,4.28,4.675,11.32,3.339,,,,,,,,,,,,,26.66
976,4.28,4.676,11.32,3.339,,,,,,,,,,,,,13.276
977,4.28,4.676,11.32,3.339,,,,,,,,,,,,,20.884
978,4.28,4.676,11.32,3.339,,,,,,,,,,,,,19.128
979,4.28,4.675,11.32,3.339,,,,,,,,,,,,,19.89
980,4.28,4.675,11.32,3.339,,,,,,,,,,,,,23.831
981,4.28,4.675,11.32,3.339,,,,,,,,,,,,,16.383
983,4.28,4.676,11.32,3.339,,,,,,,,,,,,,19.96
984,4.28,4.675,11.32,3.339,,,,,,,,,,,,,19.822
985,4.28,4.675,11.32,3.339,,,,,,,,,,,,,33.606
986,4.28,4.676,11.32,3.339,,,,,,,,,,,,,6.862
987,4.28,4.675,11.32,3.339,,,,,,,,,,,,,21.297
988,4.28,4.675,11.32,3.339,,,,,,,,,,,,,19.439
989,4.28,4.675,11.32,3.339,,,,,,,,,,,,,18.861
990,4.28,4.676,11.32,3.339,,,,,,,,,,,,,21.058
991,4.28,4.675,11.32,3.339,,,,,,,,,,,,,18.858
992,4.28,4.675,11.32,3.339,,,,,,,,,,,,,20.035
993,4.28,4.676,11.32,3.339,,,,,,,,,,,,,20.469
994,4.28,4.676,11.32,3.339,,,,,,,,,,,,,19.737
995,4.28,4.675,11.32,3.339,,,,,,,,,,,,,19.713
996,4.28,4.675,11.32,3.339,,,,,,,,,,,,,20.155
997,4.28,4.676,11.32,3.339,,,,,,,,,,,,,22.156
998,4.28,4.676,11.32,3.339,,,,,,,,,,,,,18.019
999,4.28,4.676,11.32,3.339,,,,,,,,,,,,,20.32
1000,4.28,4.676,11.32,3.339,,,,,,,,,,,,,22.553
1001,4.28,4.676,11.32,3.339,,,,,,,,,,,,,16.933
1002,4.28,4.675,11.32,3.339,,,,,,,,,,,,,19.909
1003,4.28,4.676,11.32,3.339,,,,,,,,,,,,,19.973
1004,4.28,4.676,11.32,3.339,,,,,,,,,,,,,23.258
1005,4.28,4.676,11.32,3.339,,,,,,,,,,,,,16.995
1008,4.28,4.676,11.32,3.339,,,,,,,,,,,,,21.009
1009,4.28,4.676,11.32,3.339,,,,,,,,,,,,,18.883
1010,4.28,4.675,11.32,3.339,,,,,,,,,,,,,260.622
1011,4.28,4.675,11.32,3.339,,,,,,,,,,,,,1.74
1012,4.28,4.675,11.32,3.339,,,,,,,,,,,,,0.798
1013,4.28,4.676,11.32,3.339,,,,,,,,,,,,,0.989
1014,4.28,4.675,11.32,3.339,,,,,,,,,,,,,0.949
1015,4.28,4.675,11.32,3.339,,,,,,,,,,,,,0.601
1016,4.28,4.675,11.32,3.339,,,,,,,,,,,,,0.589
1018,4.28,4.675,11.32,3.339,,,,,,,,,,,,,0.184
1019,4.28,4.675,11.32,3.339,,,,,,,,,,,,,0.744
1020,4.28,4.676,11.32,3.339,,,,,,,,,,,,,0.637
1021,4.28,4.676,11.32,3.339,,,,,,,,,,,,,0.693
1022,4.28,4.676,11.32,3.339,,,,,,,,,,,,,0.617
1023,4.28,4.676,11.32,3.339,,,,,,,,,,,,,10.042
1024,4.28,4.676,11.32,3.339,,,,,,,,,,,,,20.176
1025,4.28,4.675,11.32,3.339,,,,,,,,,,,,,19.699
1026,4.28,4.675,11.32,3.339,,,,,,,,,,,,,20.308
1027,4.28,4.675,11.32,3.339,,,,,,,,,,,,,38.035
1028,4.28,4.676,11.32,3.339,,,,,,,,,,,,,3.901
1029,4.28,4.675,11.32,3.339,,,,,,,,,,,,,25.652
1030,4.28,4.675,11.32,3.339,,,,,,,,,,,,,12.458
1031,4.28,4.675,11.32,3.339,,,,,,,,,,,,,19.779
1032,4.28,4.676,11.32,3.339,,,,,,,,,,,,,36.011
1033,4.28,4.676,11.32,3.339,,,,,,,,,,,,,4.402
1034,4.28,4.675,11.32,3.339,,,,,,,,,,,,,19.805
1035,4.28,4.675,11.32,3.339,,,,,,,,,,,,,20.185
1036,4.28,4.676,11.32,3.339,,,,,,,,,,,,,19.691
1037,4.28,4.675,11.32,3.339,,,,,,,,,,,,,20.243
1038,4.28,4.676,11.32,3.339,,,,,,,,,,,,,22.356
1040,4.28,4.676,11.32,3.339,,,,,,,,,,,,,19.499
1041,4.28,4.676,11.32,3.339,,,,,,,,,,,,,19.98
1042,4.28,4.676,11.32,3.339,,,,,,,,,,,,,19.896
1044,4.28,4.676,11.32,3.339,,,,,,,,,,,,,21.925
1045,4.28,4.675,11.32,3.339,,,,,,,,,,,,,18.777
1046,4.28,4.675,11.32,3.339,,,,,,,,,,,,,34.343
1047,4.28,4.676,11.32,3.339,,,,,,,,,,,,,6.347
1048,4.28,4.675,11.32,3.339,,,,,,,,,,,,,23.831
1049,4.28,4.675,11.32,3.339,,,,,,,,,,,,,14.87
1050,4.28,4.675,11.32,3.339,,,,,,,,,,,,,19.939
1054,4.28,4.676,11.32,3.339,,,,,,,,,,,,,19.323
1055,4.28,4.676,11.32,3.339,,,,,,,,,,,,,19.865
1056,4.28,4.676,11.32,3.339,,,,,,,,,,,,,20.04
1057,4.28,4.676,11.32,3.339,,,,,,,,,,,,,19.907
1058,4.28,4.676,11.32,3.339,,,,,,,,,,,,,19.978
1060,4.28,4.676,11.32,3.339,,,,,,,,,,,,,20.051
1061,4.28,4.676,11.32,3.339,,,,,,,,,,,,,20.03
1062,4.28,4.676,11.32,3.339,,,,,,,,,,,,,20.312
1063,4.28,4.676,11.32,3.339,,,,,,,,,,,,,19.728
1066,4.28,4.676,11.32,3.339,,,,,,,,,,,,,19.547
1067,4.28,4.676,11.32,3.339,,,,,,,,,,,,,23.23
1068,4.28,4.676,11.32,3.339,,,,,,,,,,,,,19.719
1069,4.28,4.676,11.32,3.339,,,,,,,,,,,,,17.224
1070,4.28,4.676,11.32,3.339,,,,,,,,,,,,,21.006
1071,4.28,4.676,11.32,3.339,,,,,,,,,,,,,31.311
1072,4.28,4.675,11.32,3.339,,,,,,,,,,,,,15.67
1073,4.28,4.675,11.32,3.339,,,,,,,,,,,,,11.863
1074,4.28,4.676,11.32,3.339,,,,,,,,,,,,,19.867
1075,4.28,4.675,11.32,3.339,,,,,,,,,,,,,19.974
1076,4.28,4.675,11.32,3.339,,,,,,,,,,,,,20.216
1077,4.28,4.675,11.32,3.339,,,,,,,,,,,,,19.699
1078,4.28,4.676,11.32,3.339,,,,,,,,,,,,,20.276
1079,4.28,4.675,11.32,3.339,,,,,,,,,,,,,23.795
1080,4.28,4.676,11.32,3.339,,,,,,,,,,,,,17.908
1081,4.28,4.676,11.32,3.339,,,,,,,,,,,,,35.689
1082,4.28,4.676,11.32,3.339,,,,,,,,,,,,,4.042
1083,4.28,4.676,11.32,3.339,,,,,,,,,,,,,18.365
1084,4.28,4.676,11.32,3.339,,,,,,,,,,,,,20.258
1086,4.28,4.676,11.32,3.339,,,,,,,,,,,,,18.732
1087,4.28,4.675,11.32,3.339,,,,,,,,,,,,,21.286
1088,4.28,4.675,11.32,3.339,,,,,,,,,,,,,20.032
1089,4.28,4.675,11.32,3.339,,,,,,,,,,,,,20.403
1090,4.28,4.676,11.32,3.339,,,,,,,,,,,,,19.775
1091,4.28,4.675,11.32,3.339,,,,,,,,,,,,,19.697
1092,4.28,4.675,11.32,3.339,,,,,,,,,,,,,19.855
1093,4.28,4.676,11.32,3.339,,,,,,,,,,,,,21.038
1094,4.28,4.676,11.32,3.339,,,,,,,,,,,,,35.472
1095,4.28,4.676,11.32,3.339,,,,,,,,,,,,,4.347
1097,4.28,4.676,11.32,3.339,,,,,,,,,,,,,19.951
1098,4.28,4.675,11.32,3.339,,,,,,,,,,,,,20.21
1099,4.28,4.676,11.32,3.339,,,,,,,,,,,,,29.213
1100,4.28,4.676,11.32,3.339,,,,,,,,,,,,,10.749
1101,4.28,4.676,11.32,3.339,,,,,,,,,,,,,19.974
1102,4.28,4.675,11.32,3.339,,,,,,,,,,,,,20.001
1103,4.28,4.675,11.32,3.339,,,,,,,,,,,,,19.968
1104,4.28,4.675,11.32,3.339,,,,,,,,,,,,,19.903
1105,4.28,4.676,11.32,3.339,,,,,,,,,,,,,21.787
1106,4.28,4.675,11.32,3.339,,,,,,,,,,,,,18.363
1107,4.28,4.675,11.32,3.339,,,,,,,,,,,,,19.79
1108,4.28,4.675,11.32,3.339,,,,,,,,,,,,,21.275
1109,4.28,4.676,11.32,3.339,,,,,,,,,,,,,19.934
1110,4.28,4.675,11.32,3.339,,,,,,,,,,,,,26.048
1111,4.28,4.676,11.32,3.339,,,,,,,,,,,,,43.511
1112,4.28,4.676,11.32,3.339,,,,,,,,,,,,,8.348
1113,4.28,4.676,11.32,3.339,,,,,,,,,,,,,4.032
1114,4.28,4.675,11.32,3.339,,,,,,,,,,,,,16.88
1115,4.28,4.675,11.32,3.339,,,,,,,,,,,,,19.978
1116,4.28,4.675,11.32,3.339,,,,,,,,,,,,,22.59
1117,4.28,4.676,11.32,3.339,,,,,,,,,,,,,17.599
1118,4.28,4.676,11.32,3.339,,,,,,,,,,,,,21.768
1119,4.28,4.676,11.32,3.339,,,,,,,,,,,,,18.262
1120,4.28,4.676,11.32,3.339,,,,,,,,,,,,,25.529
1123,4.28,4.676,11.32,3.339,,,,,,,,,,,,,19.797
1125,4.28,4.675,11.32,3.339,,,,,,,,,,,,,19.958
1126,4.28,4.675,11.32,3.339,,,,,,,,,,,,,23.039
1127,4.28,4.675,11.32,3.339,,,,,,,,,,,,,17.165
1128,4.28,4.676,11.32,3.339,,,,,,,,,,,,,19.948
1131,4.28,4.676,11.32,3.339,,,,,,,,,,,,,20.233
1132,4.28,4.676,11.32,3.339,,,,,,,,,,,,,19.717
1135,4.28,4.676,11.32,3.339,,,,,,,,,,,,,19.956
1136,4.28,4.676,11.32,3.339,,,,,,,,,,,,,20.218
1137,4.28,4.675,11.32,3.339,,,,,,,,,,,,,19.788
1138,4.28,4.675,11.32,3.339,,,,,,,,,,,,,19.863
1139,4.28,4.676,11.32,3.339,,,,,,,,,,,,,21.218
1140,4.28,4.676,11.32,3.339,,,,,,,,,,,,,43.846
1141,4.28,4.675,11.32,3.339,,,,,,,,,,,,,4.735
1142,4.28,4.675,11.32,3.339,,,,,,,,,,,,,11.195
1143,4.28,4.676,11.32,3.339,,,,,,,,,,,,,19.136
1144,4.28,4.676,11.32,3.339,,,,,,,,,,,,,19.969
1145,4.28,4.675,11.32,3.339,,,,,,,,,,,,,20.11
1146,4.28,4.675,11.32,3.339,,,,,,,,,,,,,20.005
1147,4.28,4.676,11.32,3.339,,,,,,,,,,,,,20.268
1148,4.28,4.676,11.32,3.339,,,,,,,,,,,,,19.477
1149,4.28,4.676,11.32,3.339,,,,,,,,,,,,,21.262
1150,4.28,4.676,11.32,3.339,,,,,,,,,,,,,18.936
1151,4.28,4.676,11.32,3.339,,,,,,,,,,,,,27.423
1152,4.28,4.675,11.32,3.339,,,,,,,,,,,,,20.449
1153,4.28,4.675,11.32,3.339,,,,,,,,,,,,,12.058
1155,4.28,4.676,11.32,3.339,,,,,,,,,,,,,18.714
1156,4.28,4.676,11.32,3.339,,,,,,,,,,,,,20.496
1157,4.28,4.676,11.32,3.339,,,,,,,,,,,,,20.019
1158,4.28,4.676,11.32,3.34,,,,,,,,,,,,,24.141
1160,4.28,4.675,11.32,3.34,,,,,,,,,,,,,20.417
1161,4.28,4.676,11.32,3.339,,,,,,,,,,,,,18.638
1163,4.28,4.676,11.32,3.34,,,,,,,,,,,,,19.914
1164,4.28,4.675,11.32,3.34,,,,,,,,,,,,,18.992
1165,4.28,4.675,11.32,3.339,,,,,,,,,,,,,20.488
1166,4.28,4.676,11.32,3.34,,,,,,,,,,,,,19.709
1167,4.28,4.676,11.32,3.339,,,,,,,,,,,,,20.028
1168,4.28,4.676,11.32,3.339,,,,,,,,,,,,,23.744
1169,4.28,4.676,11.32,3.34,,,,,,,,,,,,,40.132
1170,4.28,4.676,11.32,3.34,,,,,,,,,,,,,1.39
1171,4.28,4.676,11.32,3.34,,,,,,,,,,,,,15.085
1172,4.28,4.676,11.32,3.34,,,,,,,,,,,,,19.426
1173,4.28,4.676,11.32,3.34,,,,,,,,,,,,,20.228
1174,4.28,4.676,11.32,3.34,,,,,,,,,,,,,19.988
1175,4.28,4.676,11.32,3.34,,,,,,,,,,,,,20.234
1176,4.28,4.675,11.32,3.34,,,,,,,,,,,,,19.722
1177,4.28,4.675,11.32,3.34,,,,,,,,,,,,,19.962
1178,4.28,4.676,11.32,3.34,,,,,,,,,,,,,19.948
1179,4.28,4.676,11.32,3.34,,,,,,,,,,,,,20.632
1180,4.281,4.676,11.32,3.34,,,,,,,,,,,,,19.838
1181,4.281,4.676,11.32,3.34,,,,,,,,,,,,,19.459
1182,4.281,4.676,11.32,3.34,,,,,,,,,,,,,28.159
1183,4.28,4.676,11.32,3.34,,,,,,,,,,,,,12.547
1184,4.281,4.676,11.32,3.34,,,,,,,,,,,,,23.298
1185,4.281,4.676,11.32,3.337,,,,,,,,,,,,,16.128
1186,4.281,4.675,11.32,3.331,,,,,,,,,,,,,21.194
1187,4.28,4.675,11.32,3.331,,,,,,,,,,,,,23.614
1188,4.28,4.675,11.32,3.332,,,,,,,,,,,,,19.594
1189,4.28,4.675,11.32,3.333,,,,,,,,,,,,,23.334
1190,4.281,4.675,11.32,3.331,,,,,,,,,,,,,22.35
1193,4.281,4.675,11.32,3.331,,,,,,,,,,,,,19.938
1194,4.281,4.675,11.32,3.333,,,,,,,,,,,,,19.738
1195,4.282,4.675,11.32,3.333,,,,,,,,,,,,,20.569
1196,4.281,4.675,11.32,3.332,,,,,,,,,,,,,19.78
1198,4.28,4.675,11.32,3.33,,,,,,,,,,,,,3.916
1199,4.28,4.674,11.32,3.327,,,,,,,,,,,,,13.133
1200,4.279,4.674,11.32,3.328,,,,,,,,,,,,,24.105
1202,4.28,4.675,11.32,3.331,,,,,,,,,,,,,19.876
1203,4.28,4.675,11.32,3.332,,,,,,,,,,,,,22.059
1204,4.279,4.675,11.32,3.332,,,,,,,,,,,,,17.905
1205,4.279,4.675,11.32,3.333,,,,,,,,,,,,,21.273
1206,4.28,4.674,11.32,3.333,,,,,,,,,,,,,25.345
1207,4.28,4.675,11.32,3.332,,,,,,,,,,,,,14.852
1208,4.28,4.675,11.32,3.335,,,,,,,,,,,,,18.677
1209,4.28,4.676,11.32,3.336,,,,,,,,,,,,,19.954
1210,4.28,4.675,11.32,3.336,,,,,,,,,,,,,25.882
1211,4.28,4.675,11.32,3.334,,,,,,,,,,,,,15.038
1212,4.28,4.675,11.32,3.334,,,,,,,,,,,,,18.994
1213,4.28,4.675,11.32,3.334,,,,,,,,,,,,,19.949
1214,4.279,4.674,11.32,3.334,,,,,,,,,,,,,21.46
1215,4.28,4.675,11.32,3.333,,,,,,,,,,,,,18.746
1216,4.28,4.675,11.32,3.335,,,,,,,,,,,,,20.974
1217,4.281,4.675,11.32,3.337,,,,,,,,,,,,,19.08
1218,4.282,4.674,11.32,3.337,,,,,,,,,,,,,20.357
1219,4.282,4.674,11.32,3.339,,,,,,,,,,,,,19.525
1221,4.283,4.676,11.32,3.358,,,,,,,,,,,,,20.495
1222,4.284,4.676,11.32,3.358,,,,,,,,,,,,,21.731
1223,4.283,4.676,11.32,3.351,,,,,,,,,,,,,18.048
1225,4.282,4.675,11.32,3.344,,,,,,,,,,,,,21.295
1226,4.282,4.676,11.32,3.341,,,,,,,,,,,,,30.208
1227,4.283,4.676,11.32,3.343,,,,,,,,,,,,,15.534
1229,4.282,4.675,11.32,3.34,,,,,,,,,,,,,20.209
1230,4.282,4.675,11.32,3.339,,,,,,,,,,,,,19.739
1232,4.282,4.676,11.32,3.344,,,,,,,,,,,,,19.956
1233,4.283,4.675,11.32,3.344,,,,,,,,,,,,,19.947
1234,4.283,4.675,11.32,3.345,,,,,,,,,,,,,20.745
1235,4.283,4.675,11.32,3.347,,,,,,,,,,,,,117.179
1236,4.283,4.676,11.32,3.347,,,,,,,,,,,,,8.179
1237,4.282,4.675,11.32,3.347,,,,,,,,,,,,,1.463
1238,4.282,4.675,11.32,3.346,,,,,,,,,,,,,1.215
1239,4.282,4.675,11.32,3.345,,,,,,,,,,,,,1.287
1240,4.281,4.676,11.32,3.34,,,,,,,,,,,,,1.325
1241,4.28,4.675,11.32,3.34,,,,,,,,,,,,,13.187
1242,4.28,4.675,11.32,3.337,,,,,,,,,,,,,15.607
1243,4.28,4.675,11.32,3.337,,,,,,,,,,,,,20.965
1244,4.281,4.676,11.32,3.339,,,,,,,,,,,,,20.301
1245,4.28,4.675,11.32,3.339,,,,,,,,,,,,,18.841
1246,4.28,4.675,11.32,3.338,,,,,,,,,,,,,20.887
1247,4.28,4.675,11.32,3.34,,,,,,,,,,,,,22.92
1248,4.28,4.675,11.32,3.34,,,,,,,,,,,,,16.625
1249,4.281,4.675,11.32,3.341,,,,,,,,,,,,,28.698
1250,4.281,4.675,11.32,3.34,,,,,,,,,,,,,36.338
1251,4.281,4.676,11.32,3.339,,,,,,,,,,,,,33.006
1252,4.28,4.675,11.32,3.339,,,,,,,,,,,,,35.132
1253,4.279,4.675,11.32,3.338,,,,,,,,,,,,,1.368
1255,4.279,4.676,11.32,3.338,,,,,,,,,,,,,4.522
1256,4.279,4.675,11.32,3.338,,,,,,,,,,,,,14.492
1257,4.28,4.675,11.32,3.339,,,,,,,,,,,,,19.953
1258,4.28,4.675,11.32,3.339,,,,,,,,,,,,,22.937
1259,4.28,4.676,11.32,3.343,,,,,,,,,,,,,19.263
1260,4.281,4.675,11.32,3.343,,,,,,,,,,,,,17.98
1261,4.28,4.675,11.32,3.344,,,,,,,,,,,,,20.718
1263,4.279,4.676,11.32,3.341,,,,,,,,,,,,,20.184
1264,4.278,4.675,11.32,3.341,,,,,,,,,,,,,32.51
1265,4.277,4.675,11.32,3.342,,,,,,,,,,,,,6.447
1266,4.277,4.676,11.32,3.343,,,,,,,,,,,,,20.064
1267,4.277,4.676,11.32,3.344,,,,,,,,,,,,,19.604
1268,4.277,4.675,11.32,3.344,,,,,,,,,,,,,28.787
1269,4.278,4.675,11.32,3.343,,,,,,,,,,,,,14.151
1271,4.278,4.675,11.32,3.343,,,,,,,,,,,,,20.484
1272,4.278,4.676,11.32,3.343,,,,,,,,,,,,,19.967
1273,4.278,4.676,11.32,3.345,,,,,,,,,,,,,18.932
1275,4.278,4.676,11.32,3.345,,,,,,,,,,,,,26.092
1276,4.279,4.676,11.32,3.345,,,,,,,,,,,,,10.739
1277,4.278,4.676,11.32,3.345,,,,,,,,,,,,,18.68
1278,4.278,4.676,11.32,3.346,,,,,,,,,,,,,19.176
1279,4.278,4.676,11.32,3.346,,,,,,,,,,,,,22.312
1280,4.278,4.676,11.32,3.345,,,,,,,,,,,,,18.816
1281,4.278,4.676,11.32,3.344,,,,,,,,,,,,,19.286
1283,4.278,4.676,11.32,3.343,,,,,,,,,,,,,16.72
1284,4.278,4.676,11.32,3.344,,,,,,,,,,,,,19.183
1285,4.278,4.676,11.32,3.344,,,,,,,,,,,,,19.782
1286,4.279,4.676,11.32,3.345,,,,,,,,,,,,,20.199
1290,4.279,4.676,11.32,3.346,,,,,,,,,,,,,19.968
1291,4.279,4.676,11.32,3.346,,,,,,,,,,,,,21.001
1292,4.279,4.676,11.32,3.345,,,,,,,,,,,,,21.883
1294,4.279,4.676,11.32,3.344,,,,,,,,,,,,,19.677
1295,4.279,4.676,11.32,3.344,,,,,,,,,,,,,20.763
1296,4.279,4.676,11.32,3.343,,,,,,,,,,,,,19.446
1297,4.279,4.676,11.32,3.344,,,,,,,,,,,,,20.493
1298,4.279,4.676,11.32,3.344,,,,,,,,,,,,,33.819
1299,4.278,4.676,11.32,3.344,,,,,,,,,,,,,5.264
1300,4.278,4.676,11.32,3.345,,,,,,,,,,,,,23.369
1301,4.278,4.676,11.32,3.343,,,,,,,,,,,,,17.16
1302,4.278,4.676,11.32,3.343,,,,,,,,,,,,,20.045
1303,4.278,4.676,11.32,3.341,,,,,,,,,,,,,20.926
1304,4.278,4.676,11.32,3.341,,,,,,,,,,,,,19.635
1305,4.278,4.676,11.32,3.342,,,,,,,,,,,,,24.213
1308,4.278,4.675,11.32,3.343,,,,,,,,,,,,,19.421
1309,4.278,4.676,11.32,3.344,,,,,,,,,,,,,20.231
1310,4.278,4.676,11.32,3.344,,,,,,,,,,,,,26.946
1311,4.278,4.676,11.32,3.344,,,,,,,,,,,,,12.934
1312,4.279,4.676,11.32,3.343,,,,,,,,,,,,,20.136
1313,4.279,4.676,11.32,3.343,,,,,,,,,,,,,20.055
1314,4.278,4.675,11.32,3.343,,,,,,,,,,,,,45.093
1315,4.278,4.676,11.32,3.343,,,,,,,,,,,,,7.383
1316,4.278,4.676,11.32,3.343,,,,,,,,,,,,,7.416
1317,4.278,4.676,11.32,3.343,,,,,,,,,,,,,20.113
1318,4.278,4.675,11.32,3.343,,,,,,,,,,,,,20.655
1319,4.279,4.675,11.32,3.346,,,,,,,,,,,,,18.975
1320,4.279,4.676,11.32,3.343,,,,,,,,,,,,,20.217
1321,4.278,4.675,11.32,3.344,,,,,,,,,,,,,19.973
1322,4.279,4.676,11.32,3.344,,,,,,,,,,,,,24.106
1324,4.279,4.676,11.32,3.346,,,,,,,,,,,,,10.207
1325,4.279,4.676,11.32,3.346,,,,,,,,,,,,,15.542
1326,4.279,4.675,11.32,3.346,,,,,,,,,,,,,9.052
1327,4.279,4.675,11.32,3.346,,,,,,,,,,,,,21.917
1328,4.279,4.676,11.32,3.346,,,,,,,,,,,,,20.713
1329,4.28,4.676,11.32,3.346,,,,,,,,,,,,,16.02
1330,4.28,4.676,11.32,3.345,,,,,,,,,,,,,19.965
1331,4.28,4.676,11.32,3.345,,,,,,,,,,,,,19.964
1332,4.28,4.676,11.32,3.345,,,,,,,,,,,,,19.955
1333,4.28,4.676,11.32,3.345,,,,,,,,,,,,,25.381
1334,4.28,4.676,11.32,3.345,,,,,,,,,,,,,16.872
1335,4.28,4.676,11.32,3.345,,,,,,,,,,,,,19.748
1336,4.28,4.676,11.32,3.344,,,,,,,,,,,,,20.454
1337,4.279,4.676,11.32,3.344,,,,,,,,,,,,,18.237
1338,4.279,4.676,11.32,3.344,,,,,,,,,,,,,19.633
1339,4.279,4.676,11.32,3.345,,,,,,,,,,,,,20.028
1340,4.279,4.676,11.32,3.344,,,,,,,,,,,,,19.851
1341,4.279,4.676,11.32,3.344,,,,,,,,,,,,,25.954
1342,4.279,4.676,11.32,3.344,,,,,,,,,,,,,21.438
1343,4.279,4.676,11.32,3.346,,,,,,,,,,,,,13.359
1344,4.279,4.676,11.32,3.346,,,,,,,,,,,,,20.017
1347,4.281,4.676,11.32,3.346,,,,,,,,,,,,,20.399
1348,4.28,4.676,11.32,3.345,,,,,,,,,,,,,19.526
1349,4.28,4.676,11.32,3.345,,,,,,,,,,,,,22.32
1350,4.28,4.676,11.32,3.346,,,,,,,,,,,,,33.197
1351,4.28,4.676,11.32,3.345,,,,,,,,,,,,,11.082
1352,4.28,4.676,11.32,3.345,,,,,,,,,,,,,30.974
1353,4.279,4.676,11.32,3.344,,,,,,,,,,,,,8.739
1354,4.279,4.676,11.32,3.345,,,,,,,,,,,,,13.754
1355,4.279,4.676,11.32,3.348,,,,,,,,,,,,,20.039
1358,4.278,4.676,11.32,3.349,,,,,,,,,,,,,20.185
1360,4.278,4.676,11.32,3.35,,,,,,,,,,,,,19.311
1361,4.279,4.676,11.32,3.35,,,,,,,,,,,,,19.949
1362,4.279,4.676,11.32,3.348,,,,,,,,,,,,,20.021
1363,4.278,4.676,11.32,3.346,,,,,,,,,,,,,19.926
1364,4.279,4.676,11.32,3.346,,,,,,,,,,,,,21.24
1365,4.279,4.676,11.32,3.346,,,,,,,,,,,,,18.7
1366,4.279,4.676,11.32,3.345,,,,,,,,,,,,,22.038
1367,4.279,4.676,11.32,3.344,,,,,,,,,,,,,18.162
1368,4.279,4.676,11.32,3.344,,,,,,,,,,,,,19.974
1369,4.279,4.676,11.32,3.343,,,,,,,,,,,,,20.006
1370,4.279,4.676,11.32,3.345,,,,,,,,,,,,,19.977
1373,4.279,4.675,11.32,3.344,,,,,,,,,,,,,19.451
1377,4.279,4.676,11.32,3.344,,,,,,,,,,,,,19.028
1378,4.279,4.676,11.32,3.344,,,,,,,,,,,,,44.011
1379,4.279,4.675,11.32,3.344,,,,,,,,,,,,,3.975
1380,4.279,4.676,11.32,3.344,,,,,,,,,,,,,11.885
1381,4.279,4.676,11.32,3.345,,,,,,,,,,,,,23.064
1382,4.279,4.676,11.32,3.344,,,,,,,,,,,,,17.186
1383,4.279,4.675,11.32,3.344,,,,,,,,,,,,,21.102
1384,4.279,4.675,11.32,3.345,,,,,,,,,,,,,20.296
1385,4.279,4.675,11.32,3.345,,,,,,,,,,,,,18.598
1386,4.279,4.676,11.32,3.344,,,,,,,,,,,,,19.892
1390,4.279,4.676,11.32,3.343,,,,,,,,,,,,,0.186
1391,4.279,4.675,11.32,3.343,,,,,,,,,,,,,1.06
1392,4.279,4.675,11.32,3.344,,,,,,,,,,,,,0.648
1393,4.279,4.675,11.32,3.344,,,,,,,,,,,,,0.602
1394,4.279,4.676,11.32,3.344,,,,,,,,,,,,,0.644
1395,4.279,4.676,11.32,3.344,,,,,,,,,,,,,0.601
1396,4.279,4.676,11.32,3.344,,,,,,,,,,,,,0.636
1397,4.279,4.676,11.32,3.344,,,,,,,,,,,,,0.961
1400,4.279,4.675,11.32,3.344,,,,,,,,,,,,,257.72
1401,4.279,4.676,11.32,3.344,,,,,,,,,,,,,1.778
1404,4.279,4.675,11.32,3.344,,,,,,,,,,,,,0.077
1405,4.279,4.676,11.32,3.344,,,,,,,,,,,,,0.591
1406,4.279,4.675,11.32,3.344,,,,,,,,,,,,,0.6
1407,4.279,4.675,11.32,3.344,,,,,,,,,,,,,0.578
1408,4.279,4.675,11.32,3.344,,,,,,,,,,,,,0.571
1409,4.279,4.676,11.32,3.344,,,,,,,,,,,,,0.622
1410,4.279,4.676,11.32,3.344,,,,,,,,,,,,,0.931
1411,4.279,4.676,11.32,3.344,,,,,,,,,,,,,0.682
1412,4.279,4.676,11.32,3.344,,,,,,,,,,,,,0.657
1413,4.279,4.676,11.32,3.344,,,,,,,,,,,,,205.004
1414,4.279,4.676,11.32,3.344,,,,,,,,,,,,,1.35
1415,4.279,4.676,11.32,3.345,,,,,,,,,,,,,0.738
1416,4.279,4.676,11.32,3.345,,,,,,,,,,,,,0.807
1417,4.279,4.676,11.32,3.345,,,,,,,,,,,,,0.707
1421,4.279,4.676,11.32,3.345,,,,,,,,,,,,,0.124
1422,4.279,4.676,11.32,3.345,,,,,,,,,,,,,0.721
1423,4.279,4.676,11.32,3.345,,,,,,,,,,,,,0.839
1424,4.279,4.676,11.32,3.345,,,,,,,,,,,,,16.452
1425,4.279,4.675,11.32,3.345,,,,,,,,,,,,,20.147
1426,4.279,4.675,11.32,3.345,,,,,,,,,,,,,23.626
1427,4.279,4.675,11.32,3.345,,,,,,,,,,,,,240.701
1428,4.279,4.676,11.32,3.345,,,,,,,,,,,,,1.318
1429,4.279,4.675,11.32,3.345,,,,,,,,,,,,,0.679
1430,4.279,4.675,11.32,3.344,,,,,,,,,,,,,0.658
1431,4.279,4.675,11.32,3.344,,,,,,,,,,,,,0.59
1432,4.279,4.676,11.32,3.344,,,,,,,,,,,,,0.588
1433,4.279,4.675,11.32,3.344,,,,,,,,,,,,,0.576
1434,4.279,4.675,11.32,3.344,,,,,,,,,,,,,0.564
1435,4.279,4.675,11.32,3.344,,,,,,,,,,,,,0.611
1436,4.279,4.676,11.32,3.344,,,,,,,,,,,,,0.619
1437,4.279,4.675,11.32,3.344,,,,,,,,,,,,,0.965
1438,4.279,4.676,11.32,3.344,,,,,,,,,,,,,1.196
1439,4.279,4.676,11.32,3.344,,,,,,,,,,,,,7.289
1440,4.279,4.676,11.32,3.344,,,,,,,,,,,,,19.985
1441,4.279,4.675,11.32,3.344,,,,,,,,,,,,,167.858
1442,4.279,4.676,11.32,3.344,,,,,,,,,,,,,1.407
1443,4.279,4.676,11.32,3.344,,,,,,,,,,,,,0.741
1444,4.279,4.676,11.32,3.344,,,,,,,,,,,,,0.622
1445,4.279,4.675,11.32,3.344,,,,,,,,,,,,,0.595
1446,4.279,4.675,11.32,3.344,,,,,,,,,,,,,0.587
1447,4.279,4.676,11.32,3.344,,,,,,,,,,,,,1.112
1448,4.279,4.676,11.32,3.344,,,,,,,,,,,,,0.684
1449,4.279,4.675,11.32,3.344,,,,,,,,,,,,,6.593
1450,4.279,4.675,11.32,3.344,,,,,,,,,,,,,25.432
1452,4.279,4.676,11.32,3.344,,,,,,,,,,,,,25.18
1453,4.279,4.675,11.32,3.344,,,,,,,,,,,,,15.897
1454,4.279,4.675,11.32,3.344,,,,,,,,,,,,,18.563
1458,4.279,4.675,11.32,3.344,,,,,,,,,,,,,0.111
1459,4.279,4.676,11.32,3.344,,,,,,,,,,,,,1.299
1460,4.279,4.675,11.32,3.344,,,,,,,,,,,,,0.702
1461,4.279,4.675,11.32,3.344,,,,,,,,,,,,,0.633
1462,4.279,4.675,11.32,3.344,,,,,,,,,,,,,0.592
1463,4.279,4.676,11.32,3.344,,,,,,,,,,,,,0.574
1464,4.279,4.676,11.32,3.344,,,,,,,,,,,,,2.287
1465,4.279,4.676,11.32,3.344,,,,,,,,,,,,,18.558
1466,4.279,4.676,11.32,3.344,,,,,,,,,,,,,21.829
1467,4.279,4.676,11.32,3.344,,,,,,,,,,,,,18.34
1468,4.279,4.675,11.32,3.344,,,,,,,,,,,,,170.358
1469,4.279,4.675,11.32,3.344,,,,,,,,,,,,,6.034
1470,4.279,4.675,11.32,3.344,,,,,,,,,,,,,1.003
1473,4.279,4.675,11.32,3.344,,,,,,,,,,,,,0.234
1474,4.279,4.676,11.32,3.344,,,,,,,,,,,,,0.868
1478,4.279,4.676,11.32,3.344,,,,,,,,,,,,,18.859
1479,4.279,4.676,11.32,3.344,,,,,,,,,,,,,25.359
1480,4.279,4.675,11.32,3.344,,,,,,,,,,,,,28.611
1481,4.279,4.675,11.32,3.344,,,,,,,,,,,,,7.055
1482,4.279,4.676,11.32,3.344,,,,,,,,,,,,,260.525
1485,4.279,4.675,11.32,3.344,,,,,,,,,,,,,0.075
1486,4.279,4.676,11.32,3.344,,,,,,,,,,,,,0.713
1487,4.279,4.675,11.32,3.344,,,,,,,,,,,,,0.608
1488,4.279,4.675,11.32,3.344,,,,,,,,,,,,,0.679
1489,4.279,4.675,11.32,3.344,,,,,,,,,,,,,0.656
1490,4.279,4.676,11.32,3.344,,,,,,,,,,,,,0.599
1491,4.279,4.676,11.32,3.344,,,,,,,,,,,,,0.615
1492,4.279,4.676,11.32,3.344,,,,,,,,,,,,,0.827
1493,4.279,4.676,11.32,3.344,,,,,,,,,,,,,0.71
1494,4.279,4.676,11.32,3.344,,,,,,,,,,,,,0.642
1495,4.279,4.675,11.32,3.344,,,,,,,,,,,,,10.742
1496,4.279,4.675,11.32,3.344,,,,,,,,,,,,,146.667
1497,4.279,4.676,11.32,3.344,,,,,,,,,,,,,1.205
1498,4.279,4.676,11.32,3.344,,,,,,,,,,,,,0.731
1501,4.279,4.676,11.32,3.344,,,,,,,,,,,,,0.089
1504,4.279,4.676,11.32,3.344,,,,,,,,,,,,,20.457
1505,4.279,4.676,11.32,3.344,,,,,,,,,,,,,19.733
1506,4.279,4.675,11.32,3.344,,,,,,,,,,,,,20.1
1507,4.279,4.675,11.32,3.344,,,,,,,,,,,,,19.812
1508,4.279,4.675,11.32,3.344,,,,,,,,,,,,,19.939
1510,4.279,4.675,11.32,3.344,,,,,,,,,,,,,0.266
1511,4.279,4.675,11.32,3.344,,,,,,,,,,,,,1.231
1513,4.279,4.676,11.32,3.344,,,,,,,,,,,,,0.117
1514,4.279,4.675,11.32,3.344,,,,,,,,,,,,,1.003
1515,4.279,4.675,11.32,3.344,,,,,,,,,,,,,0.658
1516,4.279,4.675,11.32,3.344,,,,,,,,,,,,,0.611
1517,4.279,4.676,11.32,3.344,,,,,,,,,,,,,0.728
1520,4.279,4.676,11.32,3.344,,,,,,,,,,,,,0.168
1521,4.279,4.676,11.32,3.344,,,,,,,,,,,,,8.073
1522,4.279,4.675,11.32,3.344,,,,,,,,,,,,,20.078
1523,4.279,4.675,11.32,3.344,,,,,,,,,,,,,260.14
1525,4.279,4.676,11.32,3.344,,,,,,,,,,,,,0.144
1526,4.279,4.675,11.32,3.344,,,,,,,,,,,,,0.695
1527,4.279,4.675,11.32,3.344,,,,,,,,,,,,,0.622
1528,4.279,4.676,11.32,3.344,,,,,,,,,,,,,0.604
1529,4.279,4.675,11.32,3.344,,,,,,,,,,,,,0.591
1530,4.279,4.675,11.32,3.344,,,,,,,,,,,,,0.624
1532,4.279,4.676,11.32,3.344,,,,,,,,,,,,,0.128
1533,4.279,4.676,11.32,3.344,,,,,,,,,,,,,0.776
1534,4.279,4.676,11.32,3.344,,,,,,,,,,,,,0.933
1535,4.279,4.676,11.32,3.344,,,,,,,,,,,,,1.18
1536,4.279,4.676,11.32,3.344,,,,,,,,,,,,,205.568
1537,4.279,4.675,11.32,3.344,,,,,,,,,,,,,1.603
1538,4.279,4.676,11.32,3.344,,,,,,,,,,,,,0.76
1539,4.279,4.676,11.32,3.344,,,,,,,,,,,,,0.622
1540,4.279,4.676,11.32,3.344,,,,,,,,,,,,,0.826
1541,4.279,4.675,11.32,3.344,,,,,,,,,,,,,0.912
1542,4.279,4.675,11.32,3.344,,,,,,,,,,,,,0.879
1543,4.279,4.675,11.32,3.344,,,,,,,,,,,,,0.775
1545,4.279,4.676,11.32,3.344,,,,,,,,,,,,,0.164
1546,4.279,4.676,11.32,3.344,,,,,,,,,,,,,0.804
1547,4.279,4.676,11.32,3.344,,,,,,,,,,,,,18.636
1548,4.279,4.676,11.32,3.344,,,,,,,,,,,,,21.75
1549,4.279,4.675,11.32,3.344,,,,,,,,,,,,,16.832
1550,4.279,4.675,11.32,3.344,,,,,,,,,,,,,239.926
1551,4.279,4.676,11.32,3.344,,,,,,,,,,,,,1.313
1552,4.279,4.675,11.32,3.344,,,,,,,,,,,,,0.664
1553,4.279,4.675,11.32,3.344,,,,,,,,,,,,,0.605
1554,4.279,4.675,11.32,3.344,,,,,,,,,,,,,0.587
1555,4.279,4.676,11.32,3.344,,,,,,,,,,,,,0.579
1556,4.279,4.675,11.32,3.344,,,,,,,,,,,,,0.583
1557,4.279,4.675,11.32,3.344,,,,,,,,,,,,,0.578
1558,4.279,4.675,11.32,3.344,,,,,,,,,,,,,0.588
1559,4.279,4.676,11.32,3.344,,,,,,,,,,,,,0.628
1560,4.279,4.675,11.32,3.344,,,,,,,,,,,,,0.818
1561,4.279,4.675,11.32,3.344,,,,,,,,,,,,,0.689
1562,4.279,4.675,11.32,3.344,,,,,,,,,,,,,12.891
1563,4.279,4.676,11.32,3.344,,,,,,,,,,,,,22.708
1564,4.279,4.675,11.32,3.344,,,,,,,,,,,,,256.937
1565,4.279,4.675,11.32,3.344,,,,,,,,,,,,,1.194
1566,4.279,4.675,11.32,3.344,,,,,,,,,,,,,0.806
1568,4.279,4.675,11.32,3.344,,,,,,,,,,,,,0.144
1569,4.279,4.675,11.32,3.344,,,,,,,,,,,,,0.905
1570,4.279,4.675,11.32,3.344,,,,,,,,,,,,,0.661
1571,4.279,4.676,11.32,3.344,,,,,,,,,,,,,0.626
1572,4.279,4.676,11.32,3.344,,,,,,,,,,,,,0.659
1573,4.279,4.676,11.32,3.344,,,,,,,,,,,,,1.066
1575,4.279,4.676,11.32,3.344,,,,,,,,,,,,,0.107
1576,4.279,4.675,11.32,3.344,,,,,,,,,,,,,3.746
1577,4.279,4.675,11.32,3.344,,,,,,,,,,,,,202.174
1578,4.279,4.676,11.32,3.344,,,,,,,,,,,,,1.42
1579,4.279,4.675,11.32,3.344,,,,,,,,,,,,,0.818
1580,4.279,4.675,11.32,3.344,,,,,,,,,,,,,0.616
1581,4.279,4.675,11.32,3.344,,,,,,,,,,,,,0.607
1583,4.279,4.675,11.32,3.344,,,,,,,,,,,,,0.105
1584,4.279,4.675,11.32,3.344,,,,,,,,,,,,,0.766
1586,4.279,4.676,11.32,3.344,,,,,,,,,,,,,0.125
1587,4.279,4.675,11.32,3.344,,,,,,,,,,,,,1.103
1588,4.279,4.675,11.32,3.344,,,,,,,,,,,,,19.593
1589,4.279,4.675,11.32,3.344,,,,,,,,,,,,,27.783
1590,4.279,4.676,11.32,3.344,,,,,,,,,,,,,12.1
1591,4.279,4.676,11.32,3.344,,,,,,,,,,,,,263.335
1592,4.279,4.675,11.32,3.344,,,,,,,,,,,,,1.371
1593,4.279,4.675,11.32,3.344,,,,,,,,,,,,,0.679
1594,4.279,4.675,11.32,3.344,,,,,,,,,,,,,0.868
1595,4.279,4.675,11.32,3.344,,,,,,,,,,,,,0.912
1596,4.279,4.675,11.32,3.344,,,,,,,,,,,,,0.652
1597,4.279,4.676,11.32,3.344,,,,,,,,,,,,,0.61
1598,4.279,4.675,11.32,3.344,,,,,,,,,,,,,0.646
1599,4.279,4.675,11.32,3.344,,,,,,,,,,,,,0.691
1600,4.279,4.675,11.32,3.344,,,,,,,,,,,,,0.753
1601,4.279,4.676,11.32,3.344,,,,,,,,,,,,,0.896
1602,4.279,4.676,11.32,3.344,,,,,,,,,,,,,0.962
1603,4.279,4.675,11.32,3.344,,,,,,,,,,,,,157.984
1604,4.279,4.675,11.32,3.344,,,,,,,,,,,,,5.337
1605,4.279,4.676,11.32,3.344,,,,,,,,,,,,,1.213
1606,4.279,4.675,11.32,3.344,,,,,,,,,,,,,1.048
1607,4.279,4.675,11.32,3.344,,,,,,,,,,,,,1.057
1608,4.279,4.675,11.32,3.344,,,,,,,,,,,,,0.847
1609,4.279,4.676,11.32,3.344,,,,,,,,,,,,,0.695
1610,4.279,4.676,11.32,3.344,,,,,,,,,,,,,0.695
1611,4.279,4.676,11.32,3.344,,,,,,,,,,,,,0.856
1612,4.279,4.676,11.32,3.344,,,,,,,,,,,,,2.773
1613,4.279,4.676,11.32,3.344,,,,,,,,,,,,,16.248
1614,4.279,4.675,11.32,3.344,,,,,,,,,,,,,20.024
1615,4.279,4.675,11.32,3.344,,,,,,,,,,,,,20.692
1616,4.279,4.675,11.32,3.344,,,,,,,,,,,,,19.386
1617,4.279,4.676,11.32,3.344,,,,,,,,,,,,,20.055
1618,4.279,4.675,11.32,3.344,,,,,,,,,,,,,172.812
1619,4.279,4.675,11.32,3.344,,,,,,,,,,,,,5.582
1620,4.279,4.675,11.32,3.344,,,,,,,,,,,,,1.116
1621,4.279,4.676,11.32,3.344,,,,,,,,,,,,,1.006
1622,4.279,4.675,11.32,3.344,,,,,,,,,,,,,0.812
1623,4.279,4.675,11.32,3.344,,,,,,,,,,,,,0.808
1624,4.279,4.676,11.32,3.344,,,,,,,,,,,,,0.643
1625,4.279,4.676,11.32,3.344,,,,,,,,,,,,,0.615
1626,4.279,4.676,11.32,3.344,,,,,,,,,,,,,2.839
1627,4.279,4.676,11.32,3.344,,,,,,,,,,,,,14.297
1628,4.279,4.676,11.32,3.344,,,,,,,,,,,,,23.884
1629,4.279,4.676,11.32,3.344,,,,,,,,,,,,,15.577
1630,4.279,4.675,11.32,3.344,,,,,,,,,,,,,19.851
1633,4.279,4.676,11.32,3.345,,,,,,,,,,,,,0.256
1634,4.279,4.676,11.32,3.345,,,,,,,,,,,,,1.337
1635,4.279,4.676,11.32,3.344,,,,,,,,,,,,,0.848
1637,4.279,4.675,11.32,3.344,,,,,,,,,,,,,0.102
1638,4.279,4.675,11.32,3.344,,,,,,,,,,,,,0.598
1639,4.279,4.675,11.32,3.344,,,,,,,,,,,,,0.626
1641,4.279,4.675,11.32,3.345,,,,,,,,,,,,,21.481
1642,4.279,4.676,11.32,3.344,,,,,,,,,,,,,18.703
1643,4.279,4.676,11.32,3.345,,,,,,,,,,,,,52.484
1644,4.279,4.676,11.32,3.344,,,,,,,,,,,,,227.558
1645,4.279,4.675,11.32,3.344,,,,,,,,,,,,,1.801
1646,4.279,4.675,11.32,3.344,,,,,,,,,,,,,0.985
1647,4.279,4.676,11.32,3.344,,,,,,,,,,,,,0.739
1648,4.279,4.676,11.32,3.344,,,,,,,,,,,,,0.666
1649,4.279,4.675,11.32,3.344,,,,,,,,,,,,,0.635
1650,4.279,4.675,11.32,3.344,,,,,,,,,,,,,0.728
1651,4.279,4.676,11.32,3.344,,,,,,,,,,,,,1.278
1652,4.279,4.675,11.32,3.344,,,,,,,,,,,,,1.147
1653,4.279,4.675,11.32,3.344,,,,,,,,,,,,,0.783
1654,4.279,4.675,11.32,3.345,,,,,,,,,,,,,0.721
1655,4.279,4.676,11.32,3.345,,,,,,,,,,,,,0.66
1656,4.279,4.676,11.32,3.345,,,,,,,,,,,,,0.808
1657,4.279,4.675,11.32,3.345,,,,,,,,,,,,,8.94
1658,4.279,4.675,11.32,3.344,,,,,,,,,,,,,20.079
1659,4.279,4.676,11.32,3.344,,,,,,,,,,,,,160.049
1660,4.279,4.675,11.32,3.344,,,,,,,,,,,,,29.165
1661,4.279,4.675,11.32,3.344,,,,,,,,,,,,,1.298
1663,4.279,4.676,11.32,3.344,,,,,,,,,,,,,0.131
1664,4.279,4.675,11.32,3.344,,,,,,,,,,,,,0.905
1665,4.279,4.675,11.32,3.344,,,,,,,,,,,,,0.613
1666,4.279,4.675,11.32,3.344,,,,,,,,,,,,,1.048
1667,4.279,4.676,11.32,3.344,,,,,,,,,,,,,0.962
1668,4.279,4.675,11.32,3.344,,,,,,,,,,,,,15.393
1669,4.279,4.676,11.32,3.344,,,,,,,,,,,,,10.304
1670,4.279,4.676,11.32,3.344,,,,,,,,,,,,,19.232
1671,4.279,4.676,11.32,3.344,,,,,,,,,,,,,27.718
1672,4.279,4.676,11.32,3.344,,,,,,,,,,,,,12.153
1673,4.279,4.676,11.32,3.344,,,,,,,,,,,,,237.653
1674,4.279,4.676,11.32,3.344,,,,,,,,,,,,,1.338
1677,4.279,4.675,11.32,3.344,,,,,,,,,,,,,0.085
1678,4.279,4.676,11.32,3.344,,,,,,,,,,,,,0.633
1679,4.279,4.675,11.32,3.344,,,,,,,,,,,,,0.75
1680,4.279,4.675,11.32,3.344,,,,,,,,,,,,,0.625
1682,4.279,4.676,11.32,3.344,,,,,,,,,,,,,0.179
1683,4.279,4.676,11.32,3.344,,,,,,,,,,,,,0.723
1684,4.279,4.675,11.32,3.344,,,,,,,,,,,,,0.743
1685,4.279,4.675,11.32,3.344,,,,,,,,,,,,,15.642
1686,4.279,4.676,11.32,3.344,,,,,,,,,,,,,20.14
1687,4.279,4.675,11.32,3.344,,,,,,,,,,,,,260.639
1688,4.279,4.675,11.32,3.344,,,,,,,,,,,,,1.316
1690,4.279,4.676,11.32,3.344,,,,,,,,,,,,,0.105
1691,4.279,4.675,11.32,3.344,,,,,,,,,,,,,0.611
1692,4.279,4.675,11.32,3.344,,,,,,,,,,,,,0.604
1693,4.279,4.675,11.32,3.344,,,,,,,,,,,,,0.601
1695,4.279,4.676,11.32,3.344,,,,,,,,,,,,,0.116
1696,4.279,4.676,11.32,3.344,,,,,,,,,,,,,0.601
1698,4.279,4.676,11.32,3.344,,,,,,,,,,,,,0.222
1699,4.279,4.676,11.32,3.344,,,,,,,,,,,,,1.091
1700,4.279,4.676,11.32,3.344,,,,,,,,,,,,,205.002
1701,4.279,4.676,11.32,3.344,,,,,,,,,,,,,1.469
1705,4.279,4.675,11.32,3.344,,,,,,,,,,,,,0.092
1706,4.279,4.676,11.32,3.344,,,,,,,,,,,,,0.912
1707,4.279,4.675,11.32,3.344,,,,,,,,,,,,,0.79
1708,4.279,4.675,11.32,3.344,,,,,,,,,,,,,0.668
1709,4.279,4.676,11.32,3.344,,,,,,,,,,,,,0.709
1710,4.279,4.675,11.32,3.344,,,,,,,,,,,,,2.569
1711,4.279,4.675,11.32,3.344,,,,,,,,,,,,,19.683
1712,4.279,4.675,11.32,3.344,,,,,,,,,,,,,19.942
1713,4.279,4.676,11.32,3.344,,,,,,,,,,,,,20.067
1714,4.279,4.675,11.32,3.344,,,,,,,,,,,,,234.674
1715,4.279,4.676,11.32,3.344,,,,,,,,,,,,,1.381
1716,4.279,4.676,11.32,3.344,,,,,,,,,,,,,1.219
1720,4.279,4.675,11.32,3.344,,,,,,,,,,,,,0.077
1721,4.279,4.676,11.32,3.344,,,,,,,,,,,,,0.595
1724,4.279,4.676,11.32,3.344,,,,,,,,,,,,,0.102
1726,4.279,4.675,11.32,3.344,,,,,,,,,,,,,17.834
1727,4.279,4.675,11.32,3.344,,,,,,,,,,,,,20.099
1728,4.279,4.676,11.32,3.344,,,,,,,,,,,,,260.42
1729,4.279,4.676,11.32,3.344,,,,,,,,,,,,,1.724
1730,4.279,4.675,11.32,3.344,,,,,,,,,,,,,1.112
1731,4.279,4.675,11.32,3.344,,,,,,,,,,,,,0.901
1732,4.279,4.676,11.32,3.344,,,,,,,,,,,,,0.741
1733,4.279,4.675,11.32,3.344,,,,,,,,,,,,,0.825
1734,4.279,4.675,11.32,3.344,,,,,,,,,,,,,0.946
1735,4.279,4.675,11.32,3.344,,,,,,,,,,,,,0.921
1736,4.279,4.676,11.32,3.345,,,,,,,,,,,,,0.845
1737,4.279,4.675,11.32,3.345,,,,,,,,,,,,,0.736
1738,4.279,4.676,11.32,3.345,,,,,,,,,,,,,0.704
1739,4.279,4.676,11.32,3.345,,,,,,,,,,,,,0.685
1740,4.279,4.676,11.32,3.345,,,,,,,,,,,,,0.66
1741,4.279,4.676,11.32,3.345,,,,,,,,,,,,,8.754
1742,4.279,4.676,11.32,3.345,,,,,,,,,,,,,19.953
1743,4.279,4.676,11.32,3.345,,,,,,,,,,,,,19.78
1744,4.279,4.676,11.32,3.345,,,,,,,,,,,,,20.363
1745,4.279,4.676,11.32,3.345,,,,,,,,,,,,,20.497
1746,4.279,4.676,11.32,3.345,,,,,,,,,,,,,19.344
1747,4.279,4.676,11.32,3.345,,,,,,,,,,,,,19.955
1749,4.279,4.676,11.32,3.345,,,,,,,,,,,,,20.003
1750,4.279,4.676,11.32,3.345,,,,,,,,,,,,,21.438
1753,4.279,4.676,11.32,3.345,,,,,,,,,,,,,20.777
1754,4.279,4.676,11.32,3.345,,,,,,,,,,,,,25.262
1755,4.279,4.676,11.32,3.345,,,,,,,,,,,,,14.882
1758,4.281,4.676,11.32,3.345,,,,,,,,,,,,,17.835
1759,4.281,4.676,11.32,3.34,,,,,,,,,,,,,19.034
1760,4.281,4.676,11.32,3.34,,,,,,,,,,,,,23.126
1761,4.279,4.675,11.32,3.336,,,,,,,,,,,,,17.631
1763,4.28,4.676,11.32,3.341,,,,,,,,,,,,,15.917
1764,4.28,4.676,11.32,3.341,,,,,,,,,,,,,16.818
1765,4.28,4.675,11.32,3.338,,,,,,,,,,,,,19.913
1766,4.281,4.675,11.32,3.339,,,,,,,,,,,,,52.957
1767,4.281,4.676,11.32,3.342,,,,,,,,,,,,,6.885
1770,4.28,4.676,11.32,3.339,,,,,,,,,,,,,21.065
1771,4.28,4.676,11.32,3.34,,,,,,,,,,,,,18.662
1772,4.28,4.676,11.32,3.34,,,,,,,,,,,,,19.132
1773,4.28,4.676,11.32,3.341,,,,,,,,,,,,,19.99
1774,4.28,4.676,11.32,3.339,,,,,,,,,,,,,18.928
1775,4.28,4.676,11.32,3.339,,,,,,,,,,,,,25.14
1776,4.28,4.676,11.32,3.339,,,,,,,,,,,,,14.804
1777,4.28,4.676,11.32,3.34,,,,,,,,,,,,,25.906
1778,4.28,4.676,11.32,3.341,,,,,,,,,,,,,14.038
1779,4.28,4.676,11.32,3.34,,,,,,,,,,,,,22.318
1780,4.28,4.676,11.32,3.34,,,,,,,,,,,,,17.295
1781,4.28,4.676,11.32,3.341,,,,,,,,,,,,,22.452
1782,4.28,4.676,11.32,3.341,,,,,,,,,,,,,17.816
1785,4.28,4.676,11.32,3.341,,,,,,,,,,,,,19.966
1786,4.28,4.676,11.32,3.341,,,,,,,,,,,,,20.241
1789,4.281,4.676,11.32,3.341,,,,,,,,,,,,,11.402
1790,4.281,4.676,11.32,3.341,,,,,,,,,,,,,20.339
1791,4.28,4.676,11.32,3.341,,,,,,,,,,,,,19.399
1792,4.28,4.676,11.32,3.341,,,,,,,,,,,,,19.707
1793,4.28,4.676,11.32,3.341,,,,,,,,,,,,,19.959
1795,4.28,4.676,11.32,3.341,,,,,,,,,,,,,16.925
1796,4.28,4.676,11.32,3.341,,,,,,,,,,,,,21.89
1798,4.281,4.676,11.32,3.341,,,,,,,,,,,,,120.357
1799,4.281,4.676,11.32,3.341,,,,,,,,,,,,,29.438
1800,4.28,4.676,11.32,3.341,,,,,,,,,,,,,1.247
1801,4.28,4.676,11.32,3.341,,,,,,,,,,,,,0.74
1802,4.28,4.676,11.32,3.34,,,,,,,,,,,,,0.622
1803,4.28,4.676,11.32,3.34,,,,,,,,,,,,,0.602
1804,4.28,4.676,11.32,3.34,,,,,,,,,,,,,19.419
1805,4.28,4.676,11.32,3.341,,,,,,,,,,,,,4.392
1806,4.28,4.676,11.32,3.34,,,,,,,,,,,,,13.793
1807,4.28,4.676,11.32,3.34,,,,,,,,,,,,,13.796
1810,4.28,4.676,11.32,3.34,,,,,,,,,,,,,21.701
1811,4.28,4.676,11.32,3.34,,,,,,,,,,,,,18.53
1812,4.28,4.676,11.32,3.339,,,,,,,,,,,,,28.91
1813,4.28,4.676,11.32,3.339,,,,,,,,,,,,,7.607
1814,4.28,4.676,11.32,3.339,,,,,,,,,,,,,33.273
1815,4.28,4.676,11.32,3.34,,,,,,,,,,,,,14.016
1816,4.28,4.676,11.32,3.34,,,,,,,,,,,,,15.201
1818,4.28,4.676,11.32,3.34,,,,,,,,,,,,,11.235
1819,4.28,4.676,11.32,3.34,,,,,,,,,,,,,16.296
1820,4.28,4.676,11.32,3.341,,,,,,,,,,,,,20.833
1821,4.28,4.676,11.32,3.341,,,,,,,,,,,,,17.928
1822,4.28,4.676,11.32,3.341,,,,,,,,,,,,,21.483
1823,4.281,4.676,11.32,3.341,,,,,,,,,,,,,17.425
1824,4.281,4.676,11.32,3.341,,,,,,,,,,,,,19.971
1825,4.28,4.676,11.32,3.341,,,,,,,,,,,,,19.944
1829,4.28,4.676,11.32,3.341,,,,,,,,,,,,,20.085
1830,4.28,4.676,11.32,3.341,,,,,,,,,,,,,19.957
1831,4.28,4.676,11.32,3.341,,,,,,,,,,,,,20.15
1832,4.28,4.676,11.32,3.34,,,,,,,,,,,,,20.266
1833,4.28,4.676,11.32,3.34,,,,,,,,,,,,,19.674
1834,4.28,4.676,11.32,3.34,,,,,,,,,,,,,20.19
1835,4.28,4.676,11.32,3.34,,,,,,,,,,,,,26.445
1837,4.28,4.676,11.32,3.34,,,,,,,,,,,,,4.235
1838,4.28,4.676,11.32,3.34,,,,,,,,,,,,,7.371
1839,4.28,4.676,11.32,3.339,,,,,,,,,,,,,22.374
1840,4.28,4.676,11.32,3.339,,,,,,,,,,,,,17.682
1841,4.28,4.676,11.32,3.339,,,,,,,,,,,,,19.969
1842,4.28,4.676,11.32,3.34,,,,,,,,,,,,,23.763
1843,4.28,4.676,11.32,3.339,,,,,,,,,,,,,17.385
1845,4.28,4.676,11.32,3.34,,,,,,,,,,,,,21.729
1846,4.28,4.676,11.32,3.34,,,,,,,,,,,,,19.936
1847,4.28,4.676,11.32,3.34,,,,,,,,,,,,,18.813
1848,4.28,4.676,11.32,3.34,,,,,,,,,,,,,19.708
1849,4.28,4.676,11.32,3.34,,,,,,,,,,,,,19.953
1850,4.28,4.676,11.32,3.34,,,,,,,,,,,,,22.697
1851,4.28,4.676,11.32,3.341,,,,,,,,,,,,,17.204
1852,4.28,4.676,11.32,3.341,,,,,,,,,,,,,20.165
1853,4.28,4.676,11.32,3.341,,,,,,,,,,,,,20.11
1854,4.281,4.676,11.32,3.341,,,,,,,,,,,,,19.876
1855,4.281,4.676,11.32,3.341,,,,,,,,,,,,,19.99
1859,4.28,4.676,11.32,3.341,,,,,,,,,,,,,17.915
1860,4.28,4.676,11.32,3.341,,,,,,,,,,,,,19.965
1861,4.28,4.676,11.32,3.341,,,,,,,,,,,,,21.342
1862,4.28,4.676,11.32,3.342,,,,,,,,,,,,,18.855
1863,4.28,4.676,11.32,3.341,,,,,,,,,,,,,19.953
1866,4.28,4.676,11.32,3.341,,,,,,,,,,,,,20.807
1867,4.28,4.676,11.32,3.34,,,,,,,,,,,,,41.055
1868,4.28,4.676,11.32,3.34,,,,,,,,,,,,,4.888
1869,4.28,4.676,11.32,3.34,,,,,,,,,,,,,12.404
1871,4.28,4.676,11.32,3.341,,,,,,,,,,,,,20.043
1872,4.279,4.676,11.32,3.341,,,,,,,,,,,,,20.304
1873,4.279,4.676,11.32,3.34,,,,,,,,,,,,,19.608
1874,4.279,4.676,11.32,3.341,,,,,,,,,,,,,19.982
1875,4.279,4.676,11.32,3.341,,,,,,,,,,,,,20.169
1876,4.279,4.676,11.32,3.341,,,,,,,,,,,,,19.925
1877,4.279,4.676,11.32,3.341,,,,,,,,,,,,,24.868
1878,4.279,4.676,11.32,3.342,,,,,,,,,,,,,15.351
1879,4.28,4.676,11.32,3.342,,,,,,,,,,,,,21.849
1880,4.28,4.676,11.32,3.342,,,,,,,,,,,,,17.864
1881,4.28,4.676,11.32,3.342,,,,,,,,,,,,,23.723
1883,4.28,4.676,11.32,3.342,,,,,,,,,,,,,17.911
1884,4.28,4.676,11.32,3.341,,,,,,,,,,,,,21.821
1885,4.279,4.676,11.32,3.341,,,,,,,,,,,,,17.581
1886,4.279,4.676,11.32,3.342,,,,,,,,,,,,,21.122
1887,4.279,4.676,11.32,3.342,,,,,,,,,,,,,24.018
1888,4.28,4.676,11.32,3.342,,,,,,,,,,,,,16.538
1890,4.279,4.676,11.32,3.341,,,,,,,,,,,,,18.307
1891,4.279,4.676,11.32,3.341,,,,,,,,,,,,,37.667
1892,4.279,4.676,11.32,3.341,,,,,,,,,,,,,8.236
1893,4.279,4.676,11.32,3.341,,,,,,,,,,,,,17.953
1895,4.279,4.676,11.32,3.342,,,,,,,,,,,,,12.522
1896,4.28,4.676,11.32,3.341,,,,,,,,,,,,,1.174
1897,4.28,4.676,11.32,3.341,,,,,,,,,,,,,62.455
1898,4.28,4.676,11.32,3.342,,,,,,,,,,,,,4.972
1899,4.28,4.676,11.32,3.342,,,,,,,,,,,,,0.932
1900,4.28,4.676,11.32,3.341,,,,,,,,,,,,,5.846
1901,4.28,4.676,11.32,3.341,,,,,,,,,,,,,20.757
1902,4.28,4.676,11.32,3.341,,,,,,,,,,,,,32.967
1903,4.279,4.676,11.32,3.341,,,,,,,,,,,,,9.751
1904,4.279,4.676,11.32,3.341,,,,,,,,,,,,,16.144
1905,4.279,4.676,11.32,3.341,,,,,,,,,,,,,23.847
1906,4.28,4.676,11.32,3.341,,,,,,,,,,,,,22.368
1910,4.279,4.676,11.32,3.34,,,,,,,,,,,,,0.362
1911,4.279,4.676,11.32,3.34,,,,,,,,,,,,,1.555
1912,4.279,4.676,11.32,3.34,,,,,,,,,,,,,1.008
1914,4.279,4.676,11.32,3.34,,,,,,,,,,,,,0.119
1915,4.279,4.676,11.32,3.34,,,,,,,,,,,,,1.272
1916,4.279,4.676,11.32,3.341,,,,,,,,,,,,,5.338
1918,4.279,4.676,11.32,3.34,,,,,,,,,,,,,22.683
1919,4.279,4.676,11.32,3.34,,,,,,,,,,,,,3.774
1920,4.279,4.676,11.32,3.341,,,,,,,,,,,,,16.357
1921,4.279,4.676,11.32,3.34,,,,,,,,,,,,,114.45
1922,4.279,4.676,11.32,3.34,,,,,,,,,,,,,15.15
1923,4.279,4.676,11.32,3.34,,,,,,,,,,,,,1.786
1924,4.279,4.676,11.32,3.341,,,,,,,,,,,,,0.92
1928,4.279,4.676,11.32,3.341,,,,,,,,,,,,,33.836
1929,4.279,4.676,11.32,3.341,,,,,,,,,,,,,1.254
1933,4.279,4.676,11.32,3.34,,,,,,,,,,,,,12.574
1934,4.279,4.676,11.32,3.34,,,,,,,,,,,,,20.928
1936,4.279,4.676,11.32,3.34,,,,,,,,,,,,,19.33
1937,4.279,4.676,11.32,3.34,,,,,,,,,,,,,22.914
1938,4.279,4.675,11.32,3.34,,,,,,,,,,,,,18.449
1939,4.279,4.675,11.32,3.34,,,,,,,,,,,,,19.162
1940,4.279,4.676,11.32,3.34,,,,,,,,,,,,,23.325
1941,4.279,4.676,11.32,3.34,,,,,,,,,,,,,15.818
1942,4.279,4.676,11.32,3.34,,,,,,,,,,,,,21.787
1943,4.279,4.676,11.32,3.34,,,,,,,,,,,,,18.175
1944,4.279,4.676,11.32,3.34,,,,,,,,,,,,,27.082
1945,4.279,4.676,11.32,3.34,,,,,,,,,,,,,16.185
1946,4.279,4.676,11.32,3.34,,,,,,,,,,,,,22.824
1947,4.279,4.676,11.32,3.34,,,,,,,,,,,,,16.215
1948,4.279,4.676,11.32,3.341,,,,,,,,,,,,,18.438
1949,4.279,4.676,11.32,3.341,,,,,,,,,,,,,25.023
1950,4.279,4.676,11.32,3.341,,,,,,,,,,,,,38.892
1952,4.279,4.676,11.32,3.34,,,,,,,,,,,,,15.035
1953,4.279,4.676,11.32,3.34,,,,,,,,,,,,,19.889
1954,4.279,4.676,11.32,3.34,,,,,,,,,,,,,39.68
1955,4.279,4.676,11.32,3.34,,,,,,,,,,,,,7.59
1956,4.279,4.676,11.32,3.34,,,,,,,,,,,,,9.798
1957,4.279,4.676,11.32,3.34,,,,,,,,,,,,,22.605
1958,4.279,4.676,11.32,3.34,,,,,,,,,,,,,16.058
1959,4.279,4.676,11.32,3.341,,,,,,,,,,,,,51.979
1960,4.279,4.676,11.32,3.341,,,,,,,,,,,,,4.013
1961,4.279,4.676,11.32,3.34,,,,,,,,,,,,,5.447
1962,4.279,4.676,11.32,3.341,,,,,,,,,,,,,19.683
1963,4.279,4.676,11.32,3.341,,,,,,,,,,,,,23.112
1966,4.279,4.676,11.32,3.34,,,,,,,,,,,,,19.94
1967,4.279,4.676,11.32,3.34,,,,,,,,,,,,,5.5
1968,4.279,4.676,11.32,3.34,,,,,,,,,,,,,14.312
1969,4.279,4.676,11.32,3.34,,,,,,,,,,,,,19.841
1970,4.279,4.676,11.32,3.34,,,,,,,,,,,,,20.605
1971,4.279,4.676,11.32,3.34,,,,,,,,,,,,,27.38
1972,4.279,4.676,11.32,3.34,,,,,,,,,,,,,12.483
1973,4.279,4.676,11.32,3.34,,,,,,,,,,,,,22.658
1976,4.279,4.676,11.32,3.34,,,,,,,,,,,,,29.17
1977,4.279,4.676,11.32,3.34,,,,,,,,,,,,,75.559
1979,4.279,4.676,11.32,3.34,,,,,,,,,,,,,0.247
1980,4.279,4.676,11.32,3.34,,,,,,,,,,,,,1.353
1981,4.279,4.676,11.32,3.34,,,,,,,,,,,,,1.125
1983,4.279,4.676,11.32,3.34,,,,,,,,,,,,,19.856
1984,4.279,4.676,11.32,3.34,,,,,,,,,,,,,6.198
1985,4.279,4.676,11.32,3.34,,,,,,,,,,,,,10.394
1986,4.279,4.676,11.32,3.34,,,,,,,,,,,,,12.391
1987,4.279,4.676,11.32,3.34,,,,,,,,,,,,,60.942
1988,4.279,4.676,11.32,3.34,,,,,,,,,,,,,7.183
1989,4.279,4.676,11.32,3.34,,,,,,,,,,,,,1.474
1991,4.279,4.676,11.32,3.339,,,,,,,,,,,,,4.646
1992,4.279,4.676,11.32,3.34,,,,,,,,,,,,,1.322
1994,4.279,4.676,11.32,3.339,,,,,,,,,,,,,28.51
1995,4.279,4.676,11.32,3.339,,,,,,,,,,,,,26.471
1996,4.279,4.676,11.32,3.34,,,,,,,,,,,,,9.97
1997,4.279,4.676,11.32,3.34,,,,,,,,,,,,,21.61
1998,4.279,4.676,11.32,3.339,,,,,,,,,,,,,34.461
1999,4.279,4.676,11.32,3.339,,,,,,,,,,,,,9.722
2000,4.279,4.676,11.32,3.34,,,,,,,,,,,,,10.429
2001,4.279,4.676,11.32,3.34,,,,,,,,,,,,,97.934
2005,4.279,4.676,11.32,3.34,,,,,,,,,,,,,0.148
2006,4.279,4.676,11.32,3.339,,,,,,,,,,,,,7.608
2007,4.279,4.676,11.32,3.339,,,,,,,,,,,,,23.144
2008,4.279,4.676,11.32,3.339,,,,,,,,,,,,,7.533
2009,4.279,4.676,11.32,3.34,,,,,,,,,,,,,16.656
2010,4.279,4.676,11.32,3.34,,,,,,,,,,,,,26.272
2011,4.279,4.676,11.32,3.34,,,,,,,,,,,,,25.493
2012,4.279,4.676,11.32,3.34,,,,,,,,,,,,,6.332
2013,4.279,4.676,11.32,3.34,,,,,,,,,,,,,24.894
2014,4.279,4.676,11.32,3.34,,,,,,,,,,,,,24.846
2015,4.279,4.676,11.32,3.34,,,,,,,,,,,,,163.187
2016,4.279,4.676,11.32,3.339,,,,,,,,,,,,,6.798
2020,4.279,4.676,11.32,3.339,,,,,,,,,,,,,0.181
2021,4.279,4.676,11.32,3.34,,,,,,,,,,,,,0.999
2022,4.279,4.676,11.32,3.34,,,,,,,,,,,,,0.711
2023,4.279,4.676,11.32,3.339,,,,,,,,,,,,,17.304
2024,4.279,4.676,11.32,3.339,,,,,,,,,,,,,17.525
2025,4.279,4.676,11.32,3.34,,,,,,,,,,,,,7.561
2026,4.279,4.676,11.32,3.34,,,,,,,,,,,,,12.555
2027,4.279,4.676,11.32,3.34,,,,,,,,,,,,,32.552
2028,4.279,4.676,11.32,3.339,,,,,,,,,,,,,10.062
2029,4.279,4.676,11.32,3.34,,,,,,,,,,,,,35.28
2030,4.279,4.676,11.32,3.34,,,,,,,,,,,,,6.945
2031,4.279,4.676,11.32,3.34,,,,,,,,,,,,,32.756
2032,4.279,4.676,11.32,3.339,,,,,,,,,,,,,12.056
2033,4.279,4.676,11.32,3.34,,,,,,,,,,,,,132.024
2034,4.279,4.676,11.32,3.34,,,,,,,,,,,,,20.988
2035,4.279,4.676,11.32,3.34,,,,,,,,,,,,,1.37
2036,4.279,4.676,11.32,3.339,,,,,,,,,,,,,0.878
2037,4.279,4.676,11.32,3.339,,,,,,,,,,,,,0.671
2038,4.279,4.676,11.32,3.34,,,,,,,,,,,,,0.621
2039,4.279,4.676,11.32,3.34,,,,,,,,,,,,,0.62
2040,4.279,4.676,11.32,3.339,,,,,,,,,,,,,1.966
2041,4.279,4.676,11.32,3.339,,,,,,,,,,,,,23.128
2042,4.279,4.676,11.32,3.339,,,,,,,,,,,,,13.063
2043,4.279,4.676,11.32,3.34,,,,,,,,,,,,,15.875
2044,4.279,4.676,11.32,3.339,,,,,,,,,,,,,25.357
2045,4.279,4.676,11.32,3.339,,,,,,,,,,,,,28.671
2046,4.279,4.676,11.32,3.339,,,,,,,,,,,,,8.296
2047,4.279,4.676,11.32,3.34,,,,,,,,,,,,,16.797
2048,4.279,4.676,11.32,3.339,,,,,,,,,,,,,19.678
2049,4.279,4.675,11.32,3.339,,,,,,,,,,,,,19.99
2050,4.279,4.676,11.32,3.339,,,,,,,,,,,,,20.976
2051,4.279,4.676,11.32,3.34,,,,,,,,,,,,,40.286
2052,4.279,4.676,11.32,3.34,,,,,,,,,,,,,7.236
2053,4.279,4.676,11.32,3.34,,,,,,,,,,,,,11.592
2054,4.279,4.676,11.32,3.339,,,,,,,,,,,,,20.58
2055,4.279,4.676,11.32,3.339,,,,,,,,,,,,,23.378
2057,4.279,4.676,11.32,3.34,,,,,,,,,,,,,10.317
2058,4.279,4.676,11.32,3.339,,,,,,,,,,,,,19.614
2059,4.279,4.676,11.32,3.339,,,,,,,,,,,,,20.193
2060,4.279,4.676,11.32,3.339,,,,,,,,,,,,,89.688
2061,4.279,4.676,11.32,3.339,,,,,,,,,,,,,4.738
2062,4.279,4.676,11.32,3.339,,,,,,,,,,,,,1.127
2063,4.279,4.676,11.32,3.339,,,,,,,,,,,,,1.021
2064,4.279,4.676,11.32,3.339,,,,,,,,,,,,,17.262
2065,4.279,4.675,11.32,3.339,,,,,,,,,,,,,7.72
2067,4.279,4.676,11.32,3.339,,,,,,,,,,,,,25.168
2068,4.279,4.676,11.32,3.339,,,,,,,,,,,,,29.452
2069,4.279,4.676,11.32,3.339,,,,,,,,,,,,,30.615
2071,4.279,4.676,11.32,3.339,,,,,,,,,,,,,19.08
2072,4.279,4.676,11.32,3.339,,,,,,,,,,,,,26.871
2073,4.279,4.676,11.32,3.339,,,,,,,,,,,,,6.595
2074,4.279,4.676,11.32,3.339,,,,,,,,,,,,,22.289
2075,4.279,4.676,11.32,3.339,,,,,,,,,,,,,26.567
2076,4.279,4.675,11.32,3.339,,,,,,,,,,,,,24.647
2077,4.279,4.676,11.32,3.339,,,,,,,,,,,,,5.533
2079,4.279,4.676,11.32,3.34,,,,,,,,,,,,,50.884
2080,4.279,4.676,11.32,3.34,,,,,,,,,,,,,7.112
2081,4.279,4.676,11.32,3.339,,,,,,,,,,,,,1.296
2082,4.279,4.676,11.32,3.339,,,,,,,,,,,,,17.685
2083,4.279,4.676,11.32,3.34,,,,,,,,,,,,,27.059
2084,4.279,4.676,11.32,3.34,,,,,,,,,,,,,10.298
2085,4.279,4.676,11.32,3.34,,,,,,,,,,,,,22.677
2086,4.279,4.676,11.32,3.34,,,,,,,,,,,,,21.116
2087,4.279,4.676,11.32,3.34,,,,,,,,,,,,,19.06
2088,4.279,4.676,11.32,3.339,,,,,,,,,,,,,17.553
2089,4.279,4.676,11.32,3.34,,,,,,,,,,,,,19.432
2090,4.279,4.676,11.32,3.34,,,,,,,,,,,,,52.764
2091,4.279,4.675,11.32,3.34,,,,,,,,,,,,,10.128
2092,4.279,4.676,11.32,3.339,,,,,,,,,,,,,16.202
2094,4.279,4.676,11.32,3.34,,,,,,,,,,,,,27.382
2097,4.279,4.676,11.32,3.34,,,,,,,,,,,,,24.568
2099,4.279,4.676,11.32,3.339,,,,,,,,,,,,,24.827
2100,4.279,4.676,11.32,3.339,,,,,,,,,,,,,1.317
2101,4.279,4.676,11.32,3.34,,,,,,,,,,,,,5.698
2102,4.279,4.676,11.32,3.339,,,,,,,,,,,,,7.604
2103,4.279,4.675,11.32,3.339,,,,,,,,,,,,,24.374
2104,4.279,4.676,11.32,3.339,,,,,,,,,,,,,15.563
2105,4.279,4.676,11.32,3.34,,,,,,,,,,,,,46.79
2107,4.279,4.675,11.32,3.339,,,,,,,,,,,,,24.199
2108,4.279,4.676,11.32,3.339,,,,,,,,,,,,,9.72
2109,4.279,4.676,11.32,3.339,,,,,,,,,,,,,47.027
2110,4.279,4.676,11.32,3.339,,,,,,,,,,,,,11.212
2111,4.279,4.676,11.32,3.339,,,,,,,,,,,,,7.531
2112,4.279,4.676,11.32,3.339,,,,,,,,,,,,,8.409
2113,4.279,4.676,11.32,3.339,,,,,,,,,,,,,22.11
2114,4.279,4.676,11.32,3.339,,,,,,,,,,,,,26.612
2115,4.279,4.676,11.32,3.339,,,,,,,,,,,,,18.57
2116,4.279,4.676,11.32,3.339,,,,,,,,,,,,,19.506
2117,4.279,4.676,11.32,3.339,,,,,,,,,,,,,16.179
2118,4.279,4.676,11.32,3.339,,,,,,,,,,,,,30.429
2119,4.279,4.676,11.32,3.339,,,,,,,,,,,,,25.07
2120,4.279,4.676,11.32,3.339,,,,,,,,,,,,,4.828
2121,4.279,4.676,11.32,3.339,,,,,,,,,,,,,27.258
2122,4.279,4.675,11.32,3.339,,,,,,,,,,,,,21.116
2123,4.279,4.676,11.32,3.339,,,,,,,,,,,,,7.697
2124,4.279,4.676,11.32,3.339,,,,,,,,,,,,,20.213
2125,4.279,4.676,11.32,3.339,,,,,,,,,,,,,19.976
2126,4.279,4.676,11.32,3.339,,,,,,,,,,,,,38.5
2127,4.279,4.676,11.32,3.339,,,,,,,,,,,,,4.95
2128,4.279,4.676,11.32,3.339,,,,,,,,,,,,,17.327
2129,4.279,4.676,11.32,3.339,,,,,,,,,,,,,18.421
2130,4.279,4.675,11.32,3.339,,,,,,,,,,,,,66.817
2131,4.279,4.676,11.32,3.339,,,,,,,,,,,,,21.791
2132,4.279,4.676,11.32,3.339,,,,,,,,,,,,,1.333
2133,4.279,4.676,11.32,3.339,,,,,,,,,,,,,3.436
2136,4.279,4.676,11.32,3.34,,,,,,,,,,,,,34.03
2137,4.279,4.676,11.32,3.339,,,,,,,,,,,,,18.348
2138,4.279,4.676,11.32,3.339,,,,,,,,,,,,,25.908
2139,4.279,4.676,11.32,3.34,,,,,,,,,,,,,7.896
2140,4.279,4.676,11.32,3.34,,,,,,,,,,,,,15.403
2143,4.279,4.676,11.32,3.339,,,,,,,,,,,,,4.123
2144,4.279,4.676,11.32,3.339,,,,,,,,,,,,,18.439
2145,4.279,4.676,11.32,3.339,,,,,,,,,,,,,31.495
2146,4.279,4.676,11.32,3.339,,,,,,,,,,,,,8.979
2147,4.279,4.676,11.32,3.339,,,,,,,,,,,,,19.461
2148,4.279,4.676,11.32,3.339,,,,,,,,,,,,,24.568
2149,4.279,4.676,11.32,3.339,,,,,,,,,,,,,33.263
2150,4.279,4.676,11.32,3.339,,,,,,,,,,,,,27.083
2151,4.279,4.676,11.32,3.339,,,,,,,,,,,,,5.361
2152,4.279,4.676,11.32,3.339,,,,,,,,,,,,,18.322
2153,4.279,4.676,11.32,3.339,,,,,,,,,,,,,21.947
2154,4.279,4.676,11.32,3.339,,,,,,,,,,,,,9.963
2155,4.279,4.676,11.32,3.339,,,,,,,,,,,,,20.741
2156,4.279,4.676,11.32,3.339,,,,,,,,,,,,,26.902
2159,4.279,4.676,11.32,3.339,,,,,,,,,,,,,20.794
2160,4.279,4.676,11.32,3.339,,,,,,,,,,,,,26.953
2163,4.279,4.676,11.32,3.339,,,,,,,,,,,,,23.327
2164,4.279,4.676,11.32,3.34,,,,,,,,,,,,,16.601
2165,4.279,4.675,11.32,3.34,,,,,,,,,,,,,20.384
2166,4.279,4.675,11.32,3.34,,,,,,,,,,,,,19.054
2168,4.279,4.676,11.32,3.34,,,,,,,,,,,,,52.36
2169,4.279,4.676,11.32,3.339,,,,,,,,,,,,,4.614
2170,4.279,4.676,11.32,3.34,,,,,,,,,,,,,1.083
2171,4.279,4.676,11.32,3.34,,,,,,,,,,,,,20.671
2172,4.279,4.676,11.32,3.34,,,,,,,,,,,,,18.718
2173,4.279,4.676,11.32,3.339,,,,,,,,,,,,,18.633
2174,4.279,4.676,11.32,3.34,,,,,,,,,,,,,16.368
2175,4.279,4.676,11.32,3.339,,,,,,,,,,,,,25.172
2176,4.279,4.676,11.32,3.339,,,,,,,,,,,,,26.616
2177,4.279,4.675,11.32,3.339,,,,,,,,,,,,,9.998
2178,4.279,4.675,11.32,3.34,,,,,,,,,,,,,17.117
2179,4.279,4.676,11.32,3.339,,,,,,,,,,,,,19.636
2180,4.279,4.675,11.32,3.339,,,,,,,,,,,,,19.906
2181,4.279,4.676,11.32,3.339,,,,,,,,,,,,,20.131
2182,4.279,4.676,11.32,3.34,,,,,,,,,,,,,24.828
2183,4.279,4.676,11.32,3.34,,,,,,,,,,,,,24.903
2184,4.279,4.676,11.32,3.34,,,,,,,,,,,,,15.067
2185,4.279,4.676,11.32,3.339,,,,,,,,,,,,,14.934
2187,4.279,4.676,11.32,3.34,,,,,,,,,,,,,8.682
2188,4.279,4.676,11.32,3.34,,,,,,,,,,,,,1.624
2189,4.279,4.676,11.32,3.34,,,,,,,,,,,,,1.143
2190,4.279,4.676,11.32,3.34,,,,,,,,,,,,,10.521
2191,4.279,4.676,11.32,3.34,,,,,,,,,,,,,28.938
2192,4.279,4.675,11.32,3.339,,,,,,,,,,,,,7.64
2193,4.279,4.675,11.32,3.34,,,,,,,,,,,,,26.339
2194,4.279,4.676,11.32,3.34,,,,,,,,,,,,,35.712
2195,4.279,4.676,11.32,3.34,,,,,,,,,,,,,15.37
2196,4.279,4.676,11.32,3.34,,,,,,,,,,,,,4.187
2197,4.279,4.676,11.32,3.34,,,,,,,,,,,,,18.47
2198,4.279,4.676,11.32,3.34,,,,,,,,,,,,,21.227
2199,4.279,4.676,11.32,3.34,,,,,,,,,,,,,33.897
2200,4.279,4.676,11.32,3.34,,,,,,,,,,,,,10.285
2201,4.279,4.676,11.32,3.34,,,,,,,,,,,,,41.677
2202,4.279,4.676,11.32,3.34,,,,,,,,,,,,,4.497
2203,4.279,4.675,11.32,3.34,,,,,,,,,,,,,55.411
2204,4.279,4.676,11.32,3.339,,,,,,,,,,,,,6.276
2205,4.279,4.676,11.32,3.34,,,,,,,,,,,,,1.413
2206,4.279,4.676,11.32,3.34,,,,,,,,,,,,,13.795
2207,4.279,4.676,11.32,3.34,,,,,,,,,,,,,11.757
2208,4.279,4.676,11.32,3.34,,,,,,,,,,,,,73.832
2210,4.279,4.676,11.32,3.34,,,,,,,,,,,,,0.172
2211,4.279,4.676,11.32,3.34,,,,,,,,,,,,,21.94
2212,4.279,4.676,11.32,3.34,,,,,,,,,,,,,5.556
2213,4.279,4.676,11.32,3.34,,,,,,,,,,,,,17.22
2214,4.279,4.676,11.32,3.339,,,,,,,,,,,,,17.935
2215,4.279,4.676,11.32,3.339,,,,,,,,,,,,,19.094
2216,4.279,4.676,11.32,3.339,,,,,,,,,,,,,19.351
2218,4.279,4.676,11.32,3.34,,,,,,,,,,,,,32.719
2219,4.279,4.676,11.32,3.339,,,,,,,,,,,,,8.537
2221,4.279,4.676,11.32,3.339,,,,,,,,,,,,,25.193
2222,4.279,4.676,11.32,3.339,,,,,,,,,,,,,14.837
2223,4.279,4.676,11.32,3.339,,,,,,,,,,,,,21.736
2225,4.279,4.676,11.32,3.34,,,,,,,,,,,,,26.635
2228,4.279,4.675,11.32,3.34,,,,,,,,,,,,,20.508
2229,4.279,4.676,11.32,3.34,,,,,,,,,,,,,40.434
2230,4.279,4.676,11.32,3.34,,,,,,,,,,,,,4.487
2231,4.279,4.676,11.32,3.34,,,,,,,,,,,,,18.829
2232,4.279,4.676,11.32,3.34,,,,,,,,,,,,,55.517
2233,4.279,4.676,11.32,3.34,,,,,,,,,,,,,5.343
2234,4.279,4.675,11.32,3.34,,,,,,,,,,,,,1.415
2235,4.279,4.675,11.32,3.34,,,,,,,,,,,,,13.107
2236,4.279,4.676,11.32,3.34,,,,,,,,,,,,,24.207
2237,4.279,4.676,11.32,3.34,,,,,,,,,,,,,17.887
2238,4.279,4.676,11.32,3.34,,,,,,,,,,,,,22.072
2239,4.279,4.676,11.32,3.34,,,,,,,,,,,,,18.19
2240,4.279,4.676,11.32,3.34,,,,,,,,,,,,,19.022
2241,4.279,4.676,11.32,3.34,,,,,,,,,,,,,37.419
2242,4.279,4.675,11.32,3.339,,,,,,,,,,,,,4.704
2243,4.279,4.675,11.32,3.34,,,,,,,,,,,,,17.931
2244,4.279,4.676,11.32,3.34,,,,,,,,,,,,,23.799
2245,4.279,4.676,11.32,3.34,,,,,,,,,,,,,29.708
2246,4.279,4.676,11.32,3.34,,,,,,,,,,,,,10.474
2247,4.279,4.676,11.32,3.34,,,,,,,,,,,,,18.674
2248,4.279,4.676,11.32,3.34,,,,,,,,,,,,,23.224
2249,4.279,4.676,11.32,3.34,,,,,,,,,,,,,27.243
2250,4.279,4.676,11.32,3.34,,,,,,,,,,,,,10.9
2251,4.279,4.676,11.32,3.34,,,,,,,,,,,,,14.97
2252,4.279,4.676,11.32,3.34,,,,,,,,,,,,,27.643
2253,4.279,4.676,11.32,3.34,,,,,,,,,,,,,24.102
2254,4.279,4.676,11.32,3.34,,,,,,,,,,,,,8.154
2255,4.279,4.676,11.32,3.34,,,,,,,,,,,,,21.775
2256,4.279,4.676,11.32,3.34,,,,,,,,,,,,,20.977
2257,4.279,4.676,11.32,3.34,,,,,,,,,,,,,32.523
2258,4.279,4.676,11.32,3.34,,,,,,,,,,,,,4.565
2259,4.279,4.676,11.32,3.34,,,,,,,,,,,,,22.299
2262,4.279,4.676,11.32,3.34,,,,,,,,,,,,,29.447
2264,4.279,4.676,11.32,3.34,,,,,,,,,,,,,29.674
2265,4.279,4.676,11.32,3.34,,,,,,,,,,,,,24.347
2266,4.279,4.676,11.32,3.34,,,,,,,,,,,,,4.321
2267,4.279,4.676,11.32,3.34,,,,,,,,,,,,,24.799
2270,4.279,4.676,11.32,3.34,,,,,,,,,,,,,7.852
2271,4.279,4.676,11.32,3.339,,,,,,,,,,,,,6.947
2272,4.279,4.676,11.32,3.339,,,,,,,,,,,,,28.937
2273,4.279,4.675,11.32,3.34,,,,,,,,,,,,,21.427
2274,4.279,4.675,11.32,3.34,,,,,,,,,,,,,5.338
2279,4.279,4.676,11.32,3.34,,,,,,,,,,,,,24.032
2280,4.279,4.676,11.32,3.34,,,,,,,,,,,,,26.41
2281,4.279,4.676,11.32,3.34,,,,,,,,,,,,,8.066
2282,4.279,4.676,11.32,3.34,,,,,,,,,,,,,19.556
2283,4.279,4.676,11.32,3.34,,,,,,,,,,,,,26.665
2284,4.279,4.676,11.32,3.34,,,,,,,,,,,,,71.375
2285,4.279,4.676,11.32,3.34,,,,,,,,,,,,,12.873
2286,4.279,4.676,11.32,3.34,,,,,,,,,,,,,1.182
2287,4.279,4.676,11.32,3.34,,,,,,,,,,,,,0.864
2288,4.279,4.676,11.32,3.34,,,,,,,,,,,,,7.117
2289,4.279,4.676,11.32,3.34,,,,,,,,,,,,,17.385
2290,4.279,4.676,11.32,3.34,,,,,,,,,,,,,26.771
2291,4.279,4.676,11.32,3.34,,,,,,,,,,,,,24.722
2292,4.279,4.676,11.32,3.339,,,,,,,,,,,,,11.177
2294,4.279,4.676,11.32,3.34,,,,,,,,,,,,,28.084
2295,4.279,4.676,11.32,3.34,,,,,,,,,,,,,13.977
2296,4.279,4.676,11.32,3.339,,,,,,,,,,,,,17.712
2297,4.279,4.676,11.32,3.34,,,,,,,,,,,,,20.443
2298,4.279,4.676,11.32,3.339,,,,,,,,,,,,,21.251
2299,4.279,4.676,11.32,3.339,,,,,,,,,,,,,18.191
2300,4.279,4.675,11.32,3.339,,,,,,,,,,,,,41.255
2301,4.279,4.675,11.32,3.34,,,,,,,,,,,,,4.962
2302,4.279,4.676,11.32,3.34,,,,,,,,,,,,,21.946
2305,4.279,4.676,11.32,3.34,,,,,,,,,,,,,29.095
2306,4.279,4.676,11.32,3.34,,,,,,,,,,,,,11.056
2307,4.279,4.675,11.32,3.34,,,,,,,,,,,,,33.803
2308,4.279,4.676,11.32,3.339,,,,,,,,,,,,,7.582
2309,4.279,4.676,11.32,3.34,,,,,,,,,,,,,20.833
2310,4.279,4.676,11.32,3.339,,,,,,,,,,,,,38.319
2314,4.279,4.676,11.32,3.34,,,,,,,,,,,,,18.134
2315,4.279,4.676,11.32,3.34,,,,,,,,,,,,,19.937
2316,4.279,4.676,11.32,3.339,,,,,,,,,,,,,20.019
2317,4.279,4.676,11.32,3.339,,,,,,,,,,,,,19.554
2318,4.279,4.676,11.32,3.339,,,,,,,,,,,,,19.698
2319,4.279,4.675,11.32,3.34,,,,,,,,,,,,,21.49
2320,4.279,4.675,11.32,3.34,,,,,,,,,,,,,18.461
2321,4.279,4.676,11.32,3.34,,,,,,,,,,,,,33.289
2322,4.279,4.675,11.32,3.34,,,,,,,,,,,,,7.139
2323,4.279,4.676,11.32,3.34,,,,,,,,,,,,,21.359
2324,4.279,4.676,11.32,3.34,,,,,,,,,,,,,18.325
2325,4.279,4.676,11.32,3.34,,,,,,,,,,,,,26.911
2326,4.279,4.675,11.32,3.34,,,,,,,,,,,,,27.144
2327,4.279,4.676,11.32,3.34,,,,,,,,,,,,,5.826
2329,4.279,4.676,11.32,3.34,,,,,,,,,,,,,19.849
2330,4.279,4.676,11.32,3.34,,,,,,,,,,,,,19.584
2331,4.279,4.676,11.32,3.339,,,,,,,,,,,,,26.374
2332,4.279,4.676,11.32,3.339,,,,,,,,,,,,,14.837
2333,4.279,4.676,11.32,3.34,,,,,,,,,,,,,74.095
2334,4.279,4.676,11.32,3.34,,,,,,,,,,,,,12.23
2335,4.279,4.676,11.32,3.339,,,,,,,,,,,,,1.172
2336,4.279,4.676,11.32,3.34,,,,,,,,,,,,,8.744
2337,4.279,4.676,11.32,3.339,,,,,,,,,,,,,13.472
2338,4.279,4.675,11.32,3.339,,,,,,,,,,,,,9.864
2339,4.279,4.675,11.32,3.34,,,,,,,,,,,,,18.943
2340,4.279,4.676,11.32,3.34,,,,,,,,,,,,,24.023
2341,4.279,4.676,11.32,3.34,,,,,,,,,,,,,25.9
2342,4.279,4.676,11.32,3.34,,,,,,,,,,,,,13.666
2343,4.279,4.676,11.32,3.34,,,,,,,,,,,,,16.276
2344,4.279,4.676,11.32,3.339,,,,,,,,,,,,,25.909
2347,4.279,4.675,11.32,3.34,,,,,,,,,,,,,4.569
2351,4.279,4.676,11.32,3.34,,,,,,,,,,,,,19.705
2352,4.279,4.676,11.32,3.339,,,,,,,,,,,,,20.249
2353,4.279,4.676,11.32,3.339,,,,,,,,,,,,,19.953
2354,4.279,4.675,11.32,3.339,,,,,,,,,,,,,20.376
2355,4.279,4.675,11.32,3.34,,,,,,,,,,,,,20.85
2356,4.279,4.676,11.32,3.339,,,,,,,,,,,,,19.457
2357,4.279,4.676,11.32,3.339,,,,,,,,,,,,,22.292
2358,4.279,4.676,11.32,3.34,,,,,,,,,,,,,21.283
2359,4.279,4.676,11.32,3.34,,,,,,,,,,,,,19.147
2361,4.279,4.676,11.32,3.34,,,,,,,,,,,,,27.438
2362,4.279,4.676,11.32,3.34,,,,,,,,,,,,,34.851
2364,4.279,4.676,11.32,3.34,,,,,,,,,,,,,12.671
2365,4.279,4.676,11.32,3.34,,,,,,,,,,,,,20.473
2366,4.279,4.676,11.32,3.34,,,,,,,,,,,,,32.016
2367,4.279,4.676,11.32,3.34,,,,,,,,,,,,,11.974
2370,4.279,4.676,11.32,3.339,,,,,,,,,,,,,15.836
2371,4.279,4.676,11.32,3.339,,,,,,,,,,,,,20.181
2372,4.279,4.676,11.32,3.339,,,,,,,,,,,,,31.291
2373,4.279,4.676,11.32,3.34,,,,,,,,,,,,,8.364
2374,4.279,4.676,11.32,3.34,,,,,,,,,,,,,19.493
2375,4.279,4.676,11.32,3.339,,,,,,,,,,,,,24.325
2376,4.279,4.676,11.32,3.339,,,,,,,,,,,,,15.772
2377,4.279,4.676,11.32,3.339,,,,,,,,,,,,,20.008
2378,4.279,4.676,11.32,3.34,,,,,,,,,,,,,22.273
2379,4.279,4.676,11.32,3.34,,,,,,,,,,,,,17.682
2380,4.279,4.676,11.32,3.34,,,,,,,,,,,,,24.057
2381,4.279,4.676,11.32,3.339,,,,,,,,,,,,,46.923
2382,4.279,4.676,11.32,3.34,,,,,,,,,,,,,8.644
2384,4.279,4.676,11.32,3.34,,,,,,,,,,,,,14.114
2385,4.279,4.676,11.32,3.34,,,,,,,,,,,,,16.876
2387,4.279,4.676,11.32,3.34,,,,,,,,,,,,,19.381
2388,4.279,4.676,11.32,3.34,,,,,,,,,,,,,21.36
2391,4.279,4.676,11.32,3.339,,,,,,,,,,,,,16.228
2392,4.279,4.676,11.32,3.34,,,,,,,,,,,,,19.863
2393,4.279,4.676,11.32,3.34,,,,,,,,,,,,,33.514
2395,4.279,4.675,11.32,3.34,,,,,,,,,,,,,14.878
2396,4.279,4.676,11.32,3.339,,,,,,,,,,,,,19.927
2398,4.279,4.676,11.32,3.339,,,,,,,,,,,,,24.073
2399,4.279,4.676,11.32,3.339,,,,,,,,,,,,,17.419
2400,4.279,4.676,11.32,3.339,,,,,,,,,,,,,25.862
2401,4.279,4.676,11.32,3.34,,,,,,,,,,,,,17.15
2402,4.279,4.676,11.32,3.34,,,,,,,,,,,,,16.595
2403,4.279,4.676,11.32,3.34,,,,,,,,,,,,,20.223
2404,4.279,4.676,11.32,3.339,,,,,,,,,,,,,19.732
2405,4.279,4.676,11.32,3.34,,,,,,,,,,,,,24.11
2406,4.279,4.676,11.32,3.339,,,,,,,,,,,,,23.423
2407,4.279,4.676,11.32,3.339,,,,,,,,,,,,,12.413
2408,4.279,4.676,11.32,3.339,,,,,,,,,,,,,19.905
2409,4.279,4.676,11.32,3.34,,,,,,,,,,,,,21.556
2411,4.279,4.676,11.32,3.34,,,,,,,,,,,,,10.562
2412,4.279,4.676,11.32,3.34,,,,,,,,,,,,,19.391
2413,4.279,4.676,11.32,3.339,,,,,,,,,,,,,24.574
2414,4.279,4.676,11.32,3.34,,,,,,,,,,,,,21.279
2415,4.279,4.675,11.32,3.34,,,,,,,,,,,,,31.875
2418,4.279,4.676,11.32,3.34,,,,,,,,,,,,,19.722
2419,4.279,4.676,11.32,3.34,,,,,,,,,,,,,16.87
2420,4.279,4.676,11.32,3.34,,,,,,,,,,,,,19.732
2421,4.279,4.676,11.32,3.34,,,,,,,,,,,,,20.77
2424,4.279,4.676,11.32,3.34,,,,,,,,,,,,,19.88
2425,4.279,4.676,11.32,3.34,,,,,,,,,,,,,29.47
2426,4.279,4.676,11.32,3.34,,,,,,,,,,,,,10.989
2427,4.279,4.676,11.32,3.34,,,,,,,,,,,,,20.244
2429,4.279,4.676,11.32,3.34,,,,,,,,,,,,,22.268
2430,4.279,4.676,11.32,3.34,,,,,,,,,,,,,53.065
2431,4.279,4.676,11.32,3.34,,,,,,,,,,,,,5.547
2432,4.279,4.676,11.32,3.34,,,,,,,,,,,,,8.225
2433,4.279,4.676,11.32,3.34,,,,,,,,,,,,,16.613
2434,4.279,4.676,11.32,3.34,,,,,,,,,,,,,30.697
2435,4.279,4.676,11.32,3.34,,,,,,,,,,,,,4.207
2436,4.279,4.676,11.32,3.34,,,,,,,,,,,,,19.866
2437,4.279,4.676,11.32,3.34,,,,,,,,,,,,,37.593
2438,4.279,4.676,11.32,3.34,,,,,,,,,,,,,14.703
2439,4.279,4.676,11.32,3.34,,,,,,,,,,,,,9.442
2440,4.279,4.676,11.32,3.34,,,,,,,,,,,,,20.186
2441,4.279,4.676,11.32,3.34,,,,,,,,,,,,,17.946
2442,4.279,4.676,11.32,3.34,,,,,,,,,,,,,19.71
2443,4.279,4.676,11.32,3.34,,,,,,,,,,,,,20.024
2444,4.279,4.676,11.32,3.34,,,,,,,,,,,,,22.098
2445,4.279,4.676,11.32,3.34,,,,,,,,,,,,,21.648
2446,4.279,4.675,11.32,3.34,,,,,,,,,,,,,16.87
2447,4.279,4.675,11.32,3.34,,,,,,,,,,,,,23.328
2448,4.279,4.676,11.32,3.34,,,,,,,,,,,,,17.823
2449,4.279,4.676,11.32,3.34,,,,,,,,,,,,,19.301
2450,4.279,4.676,11.32,3.34,,,,,,,,,,,,,19.848
2451,4.279,4.676,11.32,3.34,,,,,,,,,,,,,19.33
2452,4.279,4.676,11.32,3.34,,,,,,,,,,,,,25.261
2453,4.279,4.676,11.32,3.34,,,,,,,,,,,,,14.904
2454,4.279,4.676,11.32,3.34,,,,,,,,,,,,,22.549
2455,4.279,4.676,11.32,3.34,,,,,,,,,,,,,19.511
2456,4.279,4.676,11.32,3.34,,,,,,,,,,,,,54.083
2459,4.279,4.676,11.32,3.34,,,,,,,,,,,,,5.605
2460,4.279,4.676,11.32,3.339,,,,,,,,,,,,,9.788
2461,4.279,4.676,11.32,3.339,,,,,,,,,,,,,9.972
2462,4.279,4.676,11.32,3.339,,,,,,,,,,,,,24.852
2463,4.279,4.676,11.32,3.339,,,,,,,,,,,,,14.425
2464,4.279,4.676,11.32,3.339,,,,,,,,,,,,,20.1
2465,4.279,4.676,11.32,3.339,,,,,,,,,,,,,35.553
2466,4.279,4.676,11.32,3.34,,,,,,,,,,,,,4.561
2468,4.279,4.676,11.32,3.339,,,,,,,,,,,,,12.884
2469,4.279,4.676,11.32,3.34,,,,,,,,,,,,,19.872
2471,4.279,4.676,11.32,3.34,,,,,,,,,,,,,19.663
2472,4.279,4.676,11.32,3.34,,,,,,,,,,,,,19.702
2473,4.279,4.676,11.32,3.34,,,,,,,,,,,,,23.027
2474,4.279,4.676,11.32,3.34,,,,,,,,,,,,,16.67
2475,4.279,4.676,11.32,3.34,,,,,,,,,,,,,20.215
2476,4.279,4.675,11.32,3.34,,,,,,,,,,,,,19.977
2477,4.279,4.676,11.32,3.34,,,,,,,,,,,,,23.047
2478,4.279,4.676,11.32,3.34,,,,,,,,,,,,,17.135
2479,4.279,4.676,11.32,3.34,,,,,,,,,,,,,47.071
2482,4.279,4.676,11.32,3.34,,,,,,,,,,,,,19.7
2484,4.279,4.676,11.32,3.34,,,,,,,,,,,,,19.922
2485,4.279,4.676,11.32,3.34,,,,,,,,,,,,,20.927
2486,4.279,4.676,11.32,3.34,,,,,,,,,,,,,18.734
2487,4.279,4.676,11.32,3.34,,,,,,,,,,,,,20.578
2488,4.279,4.675,11.32,3.34,,,,,,,,,,,,,20.202
2489,4.279,4.675,11.32,3.339,,,,,,,,,,,,,21.272
2490,4.279,4.676,11.32,3.34,,,,,,,,,,,,,18.512
2491,4.279,4.676,11.32,3.34,,,,,,,,,,,,,19.358
2492,4.279,4.676,11.32,3.34,,,,,,,,,,,,,20.789
2493,4.279,4.676,11.32,3.34,,,,,,,,,,,,,19.412
2495,4.279,4.676,11.32,3.34,,,,,,,,,,,,,15.786
2496,4.279,4.676,11.32,3.34,,,,,,,,,,,,,33.832
2497,4.279,4.676,11.32,3.34,,,,,,,,,,,,,7.609
2498,4.279,4.676,11.32,3.339,,,,,,,,,,,,,22.083
2501,4.279,4.675,11.32,3.34,,,,,,,,,,,,,18.23
2502,4.279,4.676,11.32,3.34,,,,,,,,,,,,,17.117
2503,4.279,4.676,11.32,3.34,,,,,,,,,,,,,19.414
2504,4.279,4.676,11.32,3.339,,,,,,,,,,,,,20.219
2505,4.279,4.676,11.32,3.34,,,,,,,,,,,,,24.075
2507,4.279,4.676,11.32,3.34,,,,,,,,,,,,,15.136
2508,4.279,4.676,11.32,3.339,,,,,,,,,,,,,20.065
2509,4.279,4.676,11.32,3.339,,,,,,,,,,,,,20.928
2510,4.279,4.676,11.32,3.339,,,,,,,,,,,,,42.014
2511,4.279,4.676,11.32,3.339,,,,,,,,,,,,,10.744
2512,4.279,4.676,11.32,3.339,,,,,,,,,,,,,8.154
2513,4.279,4.676,11.32,3.339,,,,,,,,,,,,,18.488
2514,4.279,4.676,11.32,3.339,,,,,,,,,,,,,19.47
2515,4.279,4.676,11.32,3.339,,,,,,,,,,,,,19.715
2516,4.279,4.676,11.32,3.34,,,,,,,,,,,,,23.589
2517,4.279,4.676,11.32,3.339,,,,,,,,,,,,,17.378
2518,4.279,4.676,11.32,3.339,,,,,,,,,,,,,19.463
2519,4.279,4.676,11.32,3.339,,,,,,,,,,,,,22.815
2520,4.279,4.676,11.32,3.34,,,,,,,,,,,,,23.775
2521,4.279,4.676,11.32,3.339,,,,,,,,,,,,,14.286
2522,4.279,4.676,11.32,3.339,,,,,,,,,,,,,20.378
2523,4.279,4.676,11.32,3.339,,,,,,,,,,,,,18.59
2524,4.279,4.676,11.32,3.34,,,,,,,,,,,,,19.961
2526,4.279,4.676,11.32,3.339,,,,,,,,,,,,,19.858
2527,4.279,4.676,11.32,3.339,,,,,,,,,,,,,20.01
2528,4.279,4.676,11.32,3.34,,,,,,,,,,,,,21.118
2529,4.279,4.676,11.32,3.34,,,,,,,,,,,,,19.804
2530,4.279,4.676,11.32,3.34,,,,,,,,,,,,,21.184
2531,4.279,4.676,11.32,3.339,,,,,,,,,,,,,17.002
2532,4.279,4.676,11.32,3.34,,,,,,,,,,,,,51.195
2533,4.279,4.676,11.32,3.339,,,,,,,,,,,,,4.229
2534,4.279,4.676,11.32,3.339,,,,,,,,,,,,,6.971
2535,4.279,4.675,11.32,3.34,,,,,,,,,,,,,19.478
2536,4.279,4.675,11.32,3.34,,,,,,,,,,,,,22.042
2537,4.279,4.676,11.32,3.34,,,,,,,,,,,,,17.948
2538,4.279,4.676,11.32,3.34,,,,,,,,,,,,,19.924
2539,4.279,4.676,11.32,3.34,,,,,,,,,,,,,19.954
2540,4.279,4.676,11.32,3.34,,,,,,,,,,,,,19.97
2541,4.279,4.676,11.32,3.34,,,,,,,,,,,,,20.76
2542,4.279,4.676,11.32,3.34,,,,,,,,,,,,,21.756
2543,4.279,4.676,11.32,3.34,,,,,,,,,,,,,19.299
2544,4.279,4.676,11.32,3.34,,,,,,,,,,,,,19.102
2545,4.279,4.676,11.32,3.34,,,,,,,,,,,,,19.205
2546,4.279,4.676,11.32,3.34,,,,,,,,,,,,,22.564
2547,4.279,4.676,11.32,3.34,,,,,,,,,,,,,17.648
2548,4.279,4.676,11.32,3.34,,,,,,,,,,,,,20.192
2551,4.279,4.676,11.32,3.34,,,,,,,,,,,,,10.535
2552,4.279,4.676,11.32,3.34,,,,,,,,,,,,,29.541
2555,4.279,4.676,11.32,3.34,,,,,,,,,,,,,18.952
2556,4.279,4.676,11.32,3.34,,,,,,,,,,,,,20.843
2557,4.279,4.676,11.32,3.34,,,,,,,,,,,,,25.135
2558,4.279,4.676,11.32,3.34,,,,,,,,,,,,,14.3
2559,4.279,4.676,11.32,3.34,,,,,,,,,,,,,20.003
2560,4.279,4.676,11.32,3.34,,,,,,,,,,,,,20.082
2561,4.279,4.675,11.32,3.34,,,,,,,,,,,,,52.513
2562,4.279,4.676,11.32,3.339,,,,,,,,,,,,,4.631
2564,4.279,4.676,11.32,3.34,,,,,,,,,,,,,15.963
2565,4.279,4.676,11.32,3.34,,,,,,,,,,,,,19.882
2566,4.279,4.676,11.32,3.34,,,,,,,,,,,,,19.691
2567,4.279,4.676,11.32,3.34,,,,,,,,,,,,,20.769
2569,4.279,4.676,11.32,3.34,,,,,,,,,,,,,19.827
2570,4.279,4.676,11.32,3.34,,,,,,,,,,,,,19.732
2571,4.279,4.676,11.32,3.34,,,,,,,,,,,,,20.451
2572,4.279,4.676,11.32,3.34,,,,,,,,,,,,,19.709
2573,4.279,4.675,11.32,3.34,,,,,,,,,,,,,20.759
2574,4.279,4.675,11.32,3.34,,,,,,,,,,,,,19.664
2576,4.279,4.676,11.32,3.34,,,,,,,,,,,,,10.984
2577,4.279,4.676,11.32,3.34,,,,,,,,,,,,,25.649
2578,4.279,4.676,11.32,3.34,,,,,,,,,,,,,15.086
2579,4.279,4.676,11.32,3.34,,,,,,,,,,,,,19.585
2580,4.279,4.675,11.32,3.34,,,,,,,,,,,,,20.324
2581,4.279,4.676,11.32,3.34,,,,,,,,,,,,,19.599
2582,4.279,4.676,11.32,3.339,,,,,,,,,,,,,19.456
2583,4.279,4.676,11.32,3.34,,,,,,,,,,,,,20.365
2584,4.279,4.676,11.32,3.34,,,,,,,,,,,,,19.954
2585,4.279,4.676,11.32,3.34,,,,,,,,,,,,,20.056
2586,4.279,4.676,11.32,3.34,,,,,,,,,,,,,20.141
2587,4.279,4.676,11.32,3.34,,,,,,,,,,,,,25.673
2588,4.279,4.676,11.32,3.34,,,,,,,,,,,,,15.103
2589,4.279,4.676,11.32,3.34,,,,,,,,,,,,,19.159
2590,4.279,4.676,11.32,3.34,,,,,,,,,,,,,23.149
2591,4.279,4.676,11.32,3.34,,,,,,,,,,,,,35.711
2592,4.279,4.676,11.32,3.34,,,,,,,,,,,,,3.992
2593,4.279,4.676,11.32,3.34,,,,,,,,,,,,,17.005
2594,4.279,4.676,11.32,3.34,,,,,,,,,,,,,19.974
2595,4.279,4.676,11.32,3.34,,,,,,,,,,,,,19.972
2596,4.279,4.676,11.32,3.34,,,,,,,,,,,,,25.121
2599,4.279,4.676,11.32,3.34,,,,,,,,,,,,,20.112
2600,4.279,4.676,11.32,3.34,,,,,,,,,,,,,19.804
2601,4.279,4.676,11.32,3.34,,,,,,,,,,,,,19.624
2602,4.279,4.676,11.32,3.339,,,,,,,,,,,,,19.765
2603,4.279,4.676,11.32,3.339,,,,,,,,,,,,,20.012
2604,4.279,4.676,11.32,3.339,,,,,,,,,,,,,19.951
2605,4.279,4.676,11.32,3.34,,,,,,,,,,,,,20.744
2606,4.279,4.676,11.32,3.339,,,,,,,,,,,,,19.472
2610,4.279,4.676,11.32,3.339,,,,,,,,,,,,,25.596
2611,4.279,4.676,11.32,3.339,,,,,,,,,,,,,16.138
2612,4.279,4.676,11.32,3.339,,,,,,,,,,,,,17.893
2615,4.279,4.676,11.32,3.34,,,,,,,,,,,,,20.692
2616,4.279,4.676,11.32,3.34,,,,,,,,,,,,,19.053
2618,4.279,4.676,11.32,3.339,,,,,,,,,,,,,20.831
2619,4.279,4.676,11.32,3.339,,,,,,,,,,,,,19.625
2620,4.279,4.676,11.32,3.34,,,,,,,,,,,,,21.786
2622,4.279,4.676,11.32,3.339,,,,,,,,,,,,,18.624
2623,4.279,4.676,11.32,3.339,,,,,,,,,,,,,20.487
2624,4.279,4.676,11.32,3.34,,,,,,,,,,,,,19.434
2625,4.279,4.676,11.32,3.339,,,,,,,,,,,,,20.227
2626,4.279,4.676,11.32,3.339,,,,,,,,,,,,,43.062
2627,4.279,4.676,11.32,3.339,,,,,,,,,,,,,3.988
2628,4.279,4.676,11.32,3.339,,,,,,,,,,,,,12.606
2629,4.279,4.676,11.32,3.339,,,,,,,,,,,,,19.971
2630,4.279,4.676,11.32,3.339,,,,,,,,,,,,,20.229
2631,4.279,4.675,11.32,3.339,,,,,,,,,,,,,19.964
2632,4.279,4.675,11.32,3.339,,,,,,,,,,,,,20.894
2633,4.279,4.676,11.32,3.339,,,,,,,,,,,,,30.487
2634,4.279,4.676,11.32,3.339,,,,,,,,,,,,,11.457
2635,4.279,4.676,11.32,3.339,,,,,,,,,,,,,17.047
2636,4.279,4.676,11.32,3.339,,,,,,,,,,,,,20.068
2637,4.279,4.676,11.32,3.339,,,,,,,,,,,,,19.895
2638,4.279,4.675,11.32,3.339,,,,,,,,,,,,,20.35
2639,4.279,4.675,11.32,3.339,,,,,,,,,,,,,19.982
2640,4.279,4.676,11.32,3.339,,,,,,,,,,,,,21.613
2641,4.279,4.676,11.32,3.339,,,,,,,,,,,,,18.184
2642,4.279,4.675,11.32,3.339,,,,,,,,,,,,,20.123
2643,4.279,4.675,11.32,3.339,,,,,,,,,,,,,21.102
2644,4.279,4.676,11.32,3.339,,,,,,,,,,,,,18.987
2645,4.279,4.676,11.32,3.339,,,,,,,,,,,,,20.443
2646,4.279,4.676,11.32,3.339,,,,,,,,,,,,,20.18
2647,4.279,4.676,11.32,3.339,,,,,,,,,,,,,23.284
2648,4.279,4.676,11.32,3.339,,,,,,,,,,,,,20.137
2649,4.279,4.676,11.32,3.339,,,,,,,,,,,,,15.734
2650,4.279,4.676,11.32,3.339,,,,,,,,,,,,,20.222
2651,4.279,4.676,11.32,3.339,,,,,,,,,,,,,22.04
2652,4.279,4.676,11.32,3.339,,,,,,,,,,,,,17.782
2653,4.279,4.676,11.32,3.339,,,,,,,,,,,,,20.284
2654,4.279,4.676,11.32,3.339,,,,,,,,,,,,,19.492
2655,4.279,4.676,11.32,3.339,,,,,,,,,,,,,20.279
2656,4.279,4.676,11.32,3.339,,,,,,,,,,,,,21.709
2657,4.279,4.676,11.32,3.339,,,,,,,,,,,,,19.216
2658,4.279,4.676,11.32,3.339,,,,,,,,,,,,,18.947
2659,4.279,4.676,11.32,3.339,,,,,,,,,,,,,20.286
2660,4.279,4.676,11.32,3.339,,,,,,,,,,,,,48.608
2661,4.279,4.676,11.32,3.339,,,,,,,,,,,,,4.228
2662,4.279,4.676,11.32,3.339,,,,,,,,,,,,,6.891
2664,4.279,4.676,11.32,3.339,,,,,,,,,,,,,14.771
2665,4.279,4.676,11.32,3.339,,,,,,,,,,,,,19.78
2666,4.279,4.676,11.32,3.339,,,,,,,,,,,,,19.991
2667,4.279,4.676,11.32,3.339,,,,,,,,,,,,,20.362
2668,4.279,4.676,11.32,3.339,,,,,,,,,,,,,19.64
2669,4.279,4.676,11.32,3.339,,,,,,,,,,,,,19.982
2670,4.279,4.676,11.32,3.339,,,,,,,,,,,,,20.334
2671,4.279,4.676,11.32,3.339,,,,,,,,,,,,,20.135
2672,4.279,4.676,11.32,3.339,,,,,,,,,,,,,19.592
2673,4.279,4.676,11.32,3.339,,,,,,,,,,,,,19.985
2674,4.279,4.676,11.32,3.339,,,,,,,,,,,,,22.452
2675,4.279,4.676,11.32,3.339,,,,,,,,,,,,,17.514
2676,4.279,4.676,11.32,3.339,,,,,,,,,,,,,20.204
2677,4.279,4.676,11.32,3.339,,,,,,,,,,,,,19.856
2678,4.279,4.676,11.32,3.339,,,,,,,,,,,,,19.965
2679,4.279,4.676,11.32,3.339,,,,,,,,,,,,,20.244
2680,4.279,4.676,11.32,3.339,,,,,,,,,,,,,19.827
2681,4.279,4.676,11.32,3.339,,,,,,,,,,,,,20.081
2682,4.279,4.676,11.32,3.339,,,,,,,,,,,,,20.599
2683,4.279,4.676,11.32,3.339,,,,,,,,,,,,,19.22
2684,4.279,4.676,11.32,3.339,,,,,,,,,,,,,20.469
2685,4.279,4.676,11.32,3.339,,,,,,,,,,,,,19.467
2686,4.279,4.676,11.32,3.339,,,,,,,,,,,,,20.221
2687,4.279,4.676,11.32,3.339,,,,,,,,,,,,,24.888
2688,4.279,4.676,11.32,3.339,,,,,,,,,,,,,15.053
2689,4.279,4.676,11.32,3.339,,,,,,,,,,,,,19.962
2690,4.279,4.676,11.32,3.339,,,,,,,,,,,,,20.75
2693,4.279,4.676,11.32,3.339,,,,,,,,,,,,,24.227
2694,4.279,4.676,11.32,3.339,,,,,,,,,,,,,15.316
2695,4.279,4.676,11.32,3.339,,,,,,,,,,,,,20.23
2696,4.279,4.675,11.32,3.339,,,,,,,,,,,,,21.487
2697,4.279,4.675,11.32,3.339,,,,,,,,,,,,,40.8
2698,4.279,4.676,11.32,3.339,,,,,,,,,,,,,1.472
2702,4.279,4.676,11.32,3.339,,,,,,,,,,,,,17.477
2703,4.279,4.676,11.32,3.339,,,,,,,,,,,,,19.722
2704,4.279,4.676,11.32,3.339,,,,,,,,,,,,,19.961
2705,4.279,4.676,11.32,3.339,,,,,,,,,,,,,20.32
2706,4.279,4.676,11.32,3.34,,,,,,,,,,,,,19.598
2707,4.279,4.676,11.32,3.34,,,,,,,,,,,,,29.231
2708,4.279,4.675,11.32,3.339,,,,,,,,,,,,,10.753
2709,4.279,4.675,11.32,3.339,,,,,,,,,,,,,27.422
2710,4.279,4.676,11.32,3.339,,,,,,,,,,,,,13.688
2711,4.279,4.676,11.32,3.339,,,,,,,,,,,,,19.039
2712,4.279,4.676,11.32,3.339,,,,,,,,,,,,,19.944
2713,4.279,4.676,11.32,3.339,,,,,,,,,,,,,20.011
2714,4.279,4.676,11.32,3.339,,,,,,,,,,,,,19.938
2715,4.279,4.676,11.32,3.339,,,,,,,,,,,,,20.179
2716,4.279,4.676,11.32,3.339,,,,,,,,,,,,,19.706
2717,4.279,4.676,11.32,3.339,,,,,,,,,,,,,20.963
2719,4.279,4.676,11.32,3.339,,,,,,,,,,,,,19.974
2720,4.279,4.676,11.32,3.339,,,,,,,,,,,,,23.822
2721,4.279,4.676,11.32,3.339,,,,,,,,,,,,,16.196
2722,4.279,4.676,11.32,3.339,,,,,,,,,,,,,19.888
2723,4.279,4.675,11.32,3.339,,,,,,,,,,,,,19.959
2725,4.279,4.676,11.32,3.339,,,,,,,,,,,,,20.106
2726,4.279,4.676,11.32,3.339,,,,,,,,,,,,,20.106
2727,4.279,4.676,11.32,3.339,,,,,,,,,,,,,19.67
2730,4.279,4.676,11.32,3.339,,,,,,,,,,,,,37.479
2731,4.279,4.676,11.32,3.339,,,,,,,,,,,,,5.288
2732,4.279,4.676,11.32,3.339,,,,,,,,,,,,,17.152
2733,4.279,4.676,11.32,3.339,,,,,,,,,,,,,19.989
2734,4.279,4.676,11.32,3.339,,,,,,,,,,,,,20.193
2735,4.279,4.676,11.32,3.339,,,,,,,,,,,,,20.114
2736,4.279,4.676,11.32,3.339,,,,,,,,,,,,,21.397
2737,4.279,4.676,11.32,3.339,,,,,,,,,,,,,18.373
2738,4.279,4.676,11.32,3.339,,,,,,,,,,,,,20.025
2739,4.279,4.676,11.32,3.339,,,,,,,,,,,,,19.963
2740,4.279,4.676,11.32,3.339,,,,,,,,,,,,,20.085
2741,4.279,4.676,11.32,3.34,,,,,,,,,,,,,19.845
2742,4.279,4.675,11.32,3.34,,,,,,,,,,,,,19.928
2743,4.279,4.675,11.32,3.339,,,,,,,,,,,,,23.641
2744,4.279,4.676,11.32,3.339,,,,,,,,,,,,,16.602
2745,4.279,4.676,11.32,3.339,,,,,,,,,,,,,20.107
2746,4.279,4.675,11.32,3.339,,,,,,,,,,,,,22.126
2747,4.279,4.675,11.32,3.339,,,,,,,,,,,,,18.178
2748,4.279,4.676,11.32,3.339,,,,,,,,,,,,,19.721
2751,4.279,4.676,11.32,3.339,,,,,,,,,,,,,22.655
2752,4.279,4.676,11.32,3.339,,,,,,,,,,,,,17.41
2753,4.279,4.676,11.32,3.339,,,,,,,,,,,,,19.806
2754,4.279,4.676,11.32,3.339,,,,,,,,,,,,,21.164
2756,4.279,4.676,11.32,3.339,,,,,,,,,,,,,20.275
2757,4.279,4.675,11.32,3.339,,,,,,,,,,,,,19.501
2758,4.279,4.676,11.32,3.339,,,,,,,,,,,,,20.267
2759,4.279,4.676,11.32,3.339,,,,,,,,,,,,,19.943
2760,4.279,4.676,11.32,3.34,,,,,,,,,,,,,19.988
2763,4.279,4.676,11.32,3.339,,,,,,,,,,,,,31.645
2764,4.279,4.676,11.32,3.339,,,,,,,,,,,,,6.326
2765,4.279,4.676,11.32,3.339,,,,,,,,,,,,,19.716
2766,4.279,4.676,11.32,3.339,,,,,,,,,,,,,19.867
2767,4.279,4.676,11.32,3.34,,,,,,,,,,,,,26.08
2768,4.279,4.676,11.32,3.339,,,,,,,,,,,,,14.056
2769,4.279,4.676,11.32,3.339,,,,,,,,,,,,,23.296
2770,4.279,4.676,11.32,3.339,,,,,,,,,,,,,16.902
2771,4.279,4.676,11.32,3.339,,,,,,,,,,,,,19.697
2772,4.279,4.676,11.32,3.339,,,,,,,,,,,,,19.983
2773,4.279,4.676,11.32,3.339,,,,,,,,,,,,,20.002
2774,4.279,4.676,11.32,3.339,,,,,,,,,,,,,19.919
2775,4.279,4.676,11.32,3.339,,,,,,,,,,,,,19.966
2776,4.279,4.676,11.32,3.339,,,,,,,,,,,,,20.285
2777,4.279,4.676,11.32,3.339,,,,,,,,,,,,,20.442
2778,4.279,4.676,11.32,3.339,,,,,,,,,,,,,19.479
2779,4.279,4.676,11.32,3.339,,,,,,,,,,,,,19.913
2780,4.279,4.676,11.32,3.339,,,,,,,,,,,,,20.259
2781,4.279,4.676,11.32,3.339,,,,,,,,,,,,,19.958
2782,4.279,4.676,11.32,3.339,,,,,,,,,,,,,19.708
2783,4.279,4.676,11.32,3.339,,,,,,,,,,,,,19.999
2784,4.279,4.676,11.32,3.339,,,,,,,,,,,,,20.194
2785,4.279,4.675,11.32,3.339,,,,,,,,,,,,,20.063
2786,4.279,4.675,11.32,3.339,,,,,,,,,,,,,21.461
2787,4.279,4.676,11.32,3.339,,,,,,,,,,,,,18.395
2788,4.279,4.676,11.32,3.339,,,,,,,,,,,,,23.583
2789,4.279,4.676,11.32,3.339,,,,,,,,,,,,,17.621
2791,4.279,4.676,11.32,3.339,,,,,,,,,,,,,19.916
2792,4.279,4.676,11.32,3.339,,,,,,,,,,,,,19.85
2793,4.279,4.676,11.32,3.339,,,,,,,,,,,,,25.07
2794,4.279,4.676,11.32,3.339,,,,,,,,,,,,,16.597
2795,4.279,4.676,11.32,3.339,,,,,,,,,,,,,19.547
2796,4.279,4.675,11.32,3.339,,,,,,,,,,,,,18.777
2797,4.279,4.675,11.32,3.339,,,,,,,,,,,,,19.988
2798,4.279,4.676,11.32,3.339,,,,,,,,,,,,,19.947
2799,4.279,4.676,11.32,3.339,,,,,,,,,,,,,38.48
2800,4.279,4.676,11.32,3.339,,,,,,,,,,,,,4.009
2801,4.279,4.676,11.32,3.339,,,,,,,,,,,,,18.707
2802,4.279,4.676,11.32,3.339,,,,,,,,,,,,,20.006
2803,4.279,4.676,11.32,3.339,,,,,,,,,,,,,19.92
2804,4.279,4.676,11.32,3.339,,,,,,,,,,,,,20.75
2805,4.279,4.676,11.32,3.339,,,,,,,,,,,,,19.717
2806,4.279,4.676,11.32,3.339,,,,,,,,,,,,,24.606
2807,4.279,4.675,11.32,3.339,,,,,,,,,,,,,16.792
2808,4.279,4.676,11.32,3.339,,,,,,,,,,,,,20.309
2809,4.279,4.676,11.32,3.339,,,,,,,,,,,,,51.319
2810,4.279,4.676,11.32,3.339,,,,,,,,,,,,,6.415
2811,4.279,4.676,11.32,3.339,,,,,,,,,,,,,3.854
2812,4.279,4.676,11.32,3.339,,,,,,,,,,,,,18.037
2813,4.279,4.676,11.32,3.339,,,,,,,,,,,,,18.151
2814,4.279,4.676,11.32,3.339,,,,,,,,,,,,,19.954
2815,4.279,4.676,11.32,3.339,,,,,,,,,,,,,21.288
2816,4.279,4.676,11.32,3.339,,,,,,,,,,,,,18.908
2817,4.279,4.676,11.32,3.339,,,,,,,,,,,,,19.999
2819,4.279,4.675,11.32,3.339,,,,,,,,,,,,,19.758
2820,4.279,4.675,11.32,3.339,,,,,,,,,,,,,20.266
2821,4.279,4.676,11.32,3.339,,,,,,,,,,,,,20.208
2824,4.279,4.676,11.32,3.339,,,,,,,,,,,,,20.24
2825,4.279,4.676,11.32,3.339,,,,,,,,,,,,,19.952
2828,4.279,4.676,11.32,3.339,,,,,,,,,,,,,19.71
2830,4.279,4.676,11.32,3.339,,,,,,,,,,,,,19.955
2831,4.279,4.676,11.32,3.339,,,,,,,,,,,,,20.065
2832,4.279,4.676,11.32,3.339,,,,,,,,,,,,,20.134
2833,4.279,4.676,11.32,3.339,,,,,,,,,,,,,19.999
2834,4.279,4.675,11.32,3.339,,,,,,,,,,,,,19.968
2835,4.279,4.676,11.32,3.339,,,,,,,,,,,,,44.064
2836,4.279,4.676,11.32,3.339,,,,,,,,,,,,,4.493
2837,4.279,4.676,11.32,3.339,,,,,,,,,,,,,11.258
2838,4.279,4.676,11.32,3.339,,,,,,,,,,,,,21.521
2839,4.279,4.676,11.32,3.339,,,,,,,,,,,,,18.82
2840,4.279,4.676,11.32,3.339,,,,,,,,,,,,,23.516
2841,4.279,4.676,11.32,3.339,,,,,,,,,,,,,16.347
2844,4.279,4.676,11.32,3.339,,,,,,,,,,,,,15.566
2845,4.279,4.676,11.32,3.339,,,,,,,,,,,,,23.75
2846,4.279,4.676,11.32,3.339,,,,,,,,,,,,,16.113
2848,4.279,4.676,11.32,3.339,,,,,,,,,,,,,22.322
2849,4.279,4.676,11.32,3.339,,,,,,,,,,,,,17.897
2850,4.279,4.676,11.32,3.339,,,,,,,,,,,,,19.96
2851,4.279,4.676,11.32,3.34,,,,,,,,,,,,,20.01
2852,4.279,4.676,11.32,3.339,,,,,,,,,,,,,19.967
2853,4.279,4.676,11.32,3.339,,,,,,,,,,,,,24.032
2854,4.279,4.676,11.32,3.339,,,,,,,,,,,,,15.971
2855,4.279,4.676,11.32,3.34,,,,,,,,,,,,,20.386
2856,4.279,4.676,11.32,3.339,,,,,,,,,,,,,21.289
2857,4.279,4.676,11.32,3.339,,,,,,,,,,,,,18.395
2858,4.279,4.676,11.32,3.339,,,,,,,,,,,,,19.972
2859,4.279,4.676,11.32,3.339,,,,,,,,,,,,,21.238
2860,4.279,4.676,11.32,3.339,,,,,,,,,,,,,18.684
2861,4.279,4.676,11.32,3.339,,,,,,,,,,,,,21.245
2862,4.279,4.676,11.32,3.339,,,,,,,,,,,,,18.745
2863,4.279,4.676,11.32,3.339,,,,,,,,,,,,,19.979
2864,4.279,4.676,11.32,3.34,,,,,,,,,,,,,20.622
2865,4.279,4.676,11.32,3.34,,,,,,,,,,,,,35.982
2866,4.279,4.676,11.32,3.34,,,,,,,,,,,,,5.125
2868,4.279,4.676,11.32,3.34,,,,,,,,,,,,,20.015
2869,4.279,4.676,11.32,3.34,,,,,,,,,,,,,20.845
2870,4.279,4.676,11.32,3.34,,,,,,,,,,,,,19.144
2871,4.279,4.676,11.32,3.339,,,,,,,,,,,,,20.669
2872,4.279,4.676,11.32,3.339,,,,,,,,,,,,,19.438
2873,4.279,4.676,11.32,3.339,,,,,,,,,,,,,20.002
2874,4.279,4.676,11.32,3.34,,,,,,,,,,,,,19.991
2875,4.279,4.676,11.32,3.339,,,,,,,,,,,,,19.972
2876,4.279,4.676,11.32,3.339,,,,,,,,,,,,,19.921
2877,4.279,4.676,11.32,3.339,,,,,,,,,,,,,19.968
2878,4.279,4.676,11.32,3.34,,,,,,,,,,,,,20.237
2879,4.279,4.676,11.32,3.339,,,,,,,,,,,,,19.773
2880,4.279,4.675,11.32,3.339,,,,,,,,,,,,,19.897
2881,4.279,4.676,11.32,3.339,,,,,,,,,,,,,23.04
2882,4.279,4.676,11.32,3.34,,,,,,,,,,,,,17.176
2883,4.279,4.676,11.32,3.339,,,,,,,,,,,,,19.936
2884,4.279,4.676,11.32,3.339,,,,,,,,,,,,,21.194
2885,4.279,4.676,11.32,3.339,,,,,,,,,,,,,23.382
2886,4.279,4.676,11.32,3.34,,,,,,,,,,,,,17.737
2888,4.279,4.676,11.32,3.34,,,,,,,,,,,,,19.477
2889,4.279,4.676,11.32,3.339,,,,,,,,,,,,,20.263
2890,4.279,4.676,11.32,3.34,,,,,,,,,,,,,19.965
2891,4.279,4.676,11.32,3.34,,,,,,,,,,,,,23.58
2892,4.279,4.676,11.32,3.34,,,,,,,,,,,,,16.35
2893,4.279,4.676,11.32,3.339,,,,,,,,,,,,,19.976
2894,4.279,4.676,11.32,3.34,,,,,,,,,,,,,23.565
2895,4.279,4.676,11.32,3.34,,,,,,,,,,,,,16.374
2896,4.279,4.676,11.32,3.34,,,,,,,,,,,,,25.561
2897,4.279,4.676,11.32,3.339,,,,,,,,,,,,,15.906
2898,4.279,4.676,11.32,3.339,,,,,,,,,,,,,18.701
2899,4.279,4.676,11.32,3.34,,,,,,,,,,,,,61.702
2900,4.279,4.675,11.32,3.34,,,,,,,,,,,,,4.505
2901,4.279,4.675,11.32,3.34,,,,,,,,,,,,,1.067
2902,4.279,4.676,11.32,3.34,,,,,,,,,,,,,14.656
2903,4.279,4.676,11.32,3.34,,,,,,,,,,,,,19.17
2904,4.279,4.676,11.32,3.339,,,,,,,,,,,,,21.014
2905,4.279,4.676,11.32,3.34,,,,,,,,,,,,,18.946
2906,4.279,4.676,11.32,3.34,,,,,,,,,,,,,19.953
2907,4.279,4.676,11.32,3.34,,,,,,,,,,,,,23.941
2908,4.279,4.676,11.32,3.34,,,,,,,,,,,,,16.284
2909,4.279,4.676,11.32,3.34,,,,,,,,,,,,,20.886
2910,4.279,4.676,11.32,3.34,,,,,,,,,,,,,19.84
2911,4.279,4.676,11.32,3.34,,,,,,,,,,,,,18.922
2912,4.279,4.676,11.32,3.339,,,,,,,,,,,,,22.428
2914,4.279,4.676,11.32,3.34,,,,,,,,,,,,,20.148
2915,4.279,4.676,11.32,3.34,,,,,,,,,,,,,22.039
2916,4.279,4.676,11.32,3.339,,,,,,,,,,,,,17.688
2918,4.279,4.676,11.32,3.34,,,,,,,,,,,,,19.703
2919,4.279,4.676,11.32,3.34,,,,,,,,,,,,,20.27
2920,4.279,4.676,11.32,3.339,,,,,,,,,,,,,19.933
2921,4.279,4.676,11.32,3.339,,,,,,,,,,,,,19.717
2922,4.279,4.676,11.32,3.34,,,,,,,,,,,,,20.218
2923,4.279,4.676,11.32,3.34,,,,,,,,,,,,,19.991
2924,4.279,4.676,11.32,3.339,,,,,,,,,,,,,19.961
2926,4.279,4.676,11.32,3.339,,,,,,,,,,,,,26.095
2927,4.279,4.676,11.32,3.339,,,,,,,,,,,,,14.074
2929,4.279,4.676,11.32,3.34,,,,,,,,,,,,,20.056
2930,4.279,4.676,11.32,3.34,,,,,,,,,,,,,46.835
2931,4.279,4.676,11.32,3.339,,,,,,,,,,,,,4.035
2932,4.279,4.676,11.32,3.339,,,,,,,,,,,,,9.983
2933,4.279,4.676,11.32,3.34,,,,,,,,,,,,,22.839
2936,4.279,4.676,11.32,3.339,,,,,,,,,,,,,20.256
2937,4.279,4.676,11.32,3.34,,,,,,,,,,,,,18.685
2938,4.279,4.676,11.32,3.34,,,,,,,,,,,,,20.22
2939,4.279,4.676,11.32,3.339,,,,,,,,,,,,,20.13
2940,4.279,4.676,11.32,3.339,,,,,,,,,,,,,24.416
2941,4.279,4.676,11.32,3.34,,,,,,,,,,,,,15.439
2945,4.279,4.676,11.32,3.34,,,,,,,,,,,,,19.183
2946,4.279,4.676,11.32,3.34,,,,,,,,,,,,,19.976
2947,4.279,4.676,11.32,3.34,,,,,,,,,,,,,19.991
2948,4.279,4.676,11.32,3.34,,,,,,,,,,,,,19.936
2949,4.279,4.676,11.32,3.34,,,,,,,,,,,,,22.23
2950,4.279,4.676,11.32,3.34,,,,,,,,,,,,,17.725
2951,4.279,4.676,11.32,3.34,,,,,,,,,,,,,20.226
2952,4.279,4.676,11.32,3.34,,,,,,,,,,,,,19.722
2953,4.279,4.676,11.32,3.34,,,,,,,,,,,,,20.351
2954,4.279,4.676,11.32,3.34,,,,,,,,,,,,,25.752
2955,4.279,4.676,11.32,3.34,,,,,,,,,,,,,14.308
2956,4.279,4.676,11.32,3.34,,,,,,,,,,,,,20.481
2957,4.279,4.676,11.32,3.34,,,,,,,,,,,,,19.219
2958,4.279,4.676,11.32,3.34,,,,,,,,,,,,,20.289
2959,4.279,4.676,11.32,3.34,,,,,,,,,,,,,19.905
2963,4.279,4.676,11.32,3.34,,,,,,,,,,,,,50.481
2965,4.279,4.676,11.32,3.339,,,,,,,,,,,,,6.715
2966,4.279,4.676,11.32,3.34,,,,,,,,,,,,,14.622
2967,4.279,4.676,11.32,3.34,,,,,,,,,,,,,19.981
2968,4.279,4.676,11.32,3.34,,,,,,,,,,,,,20.198
2969,4.279,4.676,11.32,3.34,,,,,,,,,,,,,24.296
2970,4.279,4.676,11.32,3.34,,,,,,,,,,,,,20.785
2971,4.279,4.676,11.32,3.34,,,,,,,,,,,,,14.853
2972,4.279,4.676,11.32,3.339,,,,,,,,,,,,,19.98
2973,4.279,4.676,11.32,3.339,,,,,,,,,,,,,19.953
2974,4.279,4.676,11.32,3.34,,,,,,,,,,,,,19.998
2975,4.279,4.676,11.32,3.34,,,,,,,,,,,,,26.099
2976,4.279,4.676,11.32,3.34,,,,,,,,,,,,,13.918
2977,4.279,4.676,11.32,3.34,,,,,,,,,,,,,20.392
2978,4.279,4.676,11.32,3.34,,,,,,,,,,,,,19.945
2980,4.279,4.676,11.32,3.34,,,,,,,,,,,,,25.387
2981,4.279,4.676,11.32,3.34,,,,,,,,,,,,,20.877
2983,4.279,4.676,11.32,3.34,,,,,,,,,,,,,20.22
2984,4.279,4.676,11.32,3.34,,,,,,,,,,,,,20.646
2985,4.279,4.676,11.32,3.34,,,,,,,,,,,,,19.428
2986,4.279,4.676,11.32,3.34,,,,,,,,,,,,,19.834
2987,4.279,4.676,11.32,3.34,,,,,,,,,,,,,20.993
2988,4.279,4.676,11.32,3.34,,,,,,,,,,,,,19.194
2989,4.279,4.676,11.32,3.34,,,,,,,,,,,,,19.693
2991,4.279,4.676,11.32,3.34,,,,,,,,,,,,,18.93
2992,4.279,4.676,11.32,3.34,,,,,,,,,,,,,22.312
2993,4.279,4.676,11.32,3.34,,,,,,,,,,,,,18.652
2994,4.279,4.676,11.32,3.339,,,,,,,,,,,,,34.069
2995,4.279,4.676,11.32,3.34,,,,,,,,,,,,,5.763
2996,4.279,4.676,11.32,3.34,,,,,,,,,,,,,19.173
2997,4.279,4.676,11.32,3.34,,,,,,,,,,,,,19.881
2998,4.279,4.676,11.32,3.339,,,,,,,,,,,,,20.2
2999,4.279,4.676,11.32,3.34,,,,,,,,,,,,,21.314
3000,4.279,4.676,11.32,3.34,,,,,,,,,,,,,19.662
3001,4.279,4.676,11.32,3.34,,,,,,,,,,,,,19.608
3002,4.279,4.676,11.32,3.34,,,,,,,,,,,,,20.078
3003,4.279,4.676,11.32,3.34,,,,,,,,,,,,,20.208
3004,4.279,4.676,11.32,3.34,,,,,,,,,,,,,19.992
3005,4.279,4.676,11.32,3.34,,,,,,,,,,,,,20.451
3006,4.279,4.676,11.32,3.34,,,,,,,,,,,,,19.476
3007,4.279,4.676,11.32,3.34,,,,,,,,,,,,,19.984
3008,4.279,4.676,11.32,3.34,,,,,,,,,,,,,20.059
3009,4.279,4.676,11.32,3.34,,,,,,,,,,,,,20.602
3010,4.279,4.676,11.32,3.34,,,,,,,,,,,,,19.735
3011,4.279,4.676,11.32,3.34,,,,,,,,,,,,,19.71
3012,4.279,4.676,11.32,3.34,,,,,,,,,,,,,29.207
3013,4.279,4.676,11.32,3.339,,,,,,,,,,,,,10.724
3014,4.279,4.676,11.32,3.34,,,,,,,,,,,,,20.54
3015,4.279,4.676,11.32,3.34,,,,,,,,,,,,,19.404
3016,4.279,4.676,11.32,3.34,,,,,,,,,,,,,21.768
3017,4.279,4.676,11.32,3.339,,,,,,,,,,,,,18.191
3018,4.279,4.676,11.32,3.34,,,,,,,,,,,,,19.963
3021,4.279,4.676,11.32,3.339,,,,,,,,,,,,,15.028
3022,4.279,4.676,11.32,3.339,,,,,,,,,,,,,15.765
3023,4.279,4.676,11.32,3.339,,,,,,,,,,,,,30.914
3024,4.279,4.676,11.32,3.34,,,,,,,,,,,,,10.062
3025,4.279,4.676,11.32,3.339,,,,,,,,,,,,,16.769
3026,4.279,4.676,11.32,3.339,,,,,,,,,,,,,25.131
3027,4.279,4.676,11.32,3.339,,,,,,,,,,,,,19.721
3029,4.279,4.676,11.32,3.339,,,,,,,,,,,,,37.145
3030,4.279,4.676,11.32,3.339,,,,,,,,,,,,,4.316
3031,4.279,4.676,11.32,3.339,,,,,,,,,,,,,10.738
3032,4.279,4.676,11.32,3.34,,,,,,,,,,,,,21.294
3033,4.279,4.676,11.32,3.34,,,,,,,,,,,,,29.944
3034,4.279,4.676,11.32,3.34,,,,,,,,,,,,,9.215
3035,4.279,4.676,11.32,3.339,,,,,,,,,,,,,19.974
3036,4.279,4.676,11.32,3.34,,,,,,,,,,,,,19.716
3037,4.279,4.676,11.32,3.339,,,,,,,,,,,,,23.057
3038,4.279,4.676,11.32,3.339,,,,,,,,,,,,,16.807
3039,4.279,4.676,11.32,3.339,,,,,,,,,,,,,20.067
3040,4.279,4.676,11.32,3.34,,,,,,,,,,,,,20.512
3041,4.279,4.676,11.32,3.34,,,,,,,,,,,,,20.016
3044,4.279,4.676,11.32,3.339,,,,,,,,,,,,,20.481
3045,4.279,4.676,11.32,3.339,,,,,,,,,,,,,19.471
3046,4.279,4.676,11.32,3.339,,,,,,,,,,,,,20.101
3047,4.279,4.676,11.32,3.339,,,,,,,,,,,,,21.668
3048,4.279,4.676,11.32,3.34,,,,,,,,,,,,,18.17
3049,4.279,4.676,11.32,3.339,,,,,,,,,,,,,24.366
3050,4.279,4.676,11.32,3.339,,,,,,,,,,,,,16.88
3051,4.279,4.676,11.32,3.339,,,,,,,,,,,,,17.554
3052,4.279,4.676,11.32,3.339,,,,,,,,,,,,,21.288
3053,4.279,4.676,11.32,3.339,,,,,,,,,,,,,22.568
3054,4.279,4.676,11.32,3.339,,,,,,,,,,,,,17.365
3055,4.279,4.676,11.32,3.339,,,,,,,,,,,,,20.135
3056,4.279,4.676,11.32,3.339,,,,,,,,,,,,,46.039
3057,4.279,4.676,11.32,3.339,,,,,,,,,,,,,5.71
3058,4.279,4.676,11.32,3.339,,,,,,,,,,,,,10.791
3059,4.279,4.676,11.32,3.339,,,,,,,,,,,,,18.99
3060,4.279,4.676,11.32,3.339,,,,,,,,,,,,,18.41
3061,4.279,4.676,11.32,3.339,,,,,,,,,,,,,20.308
3062,4.279,4.675,11.32,3.34,,,,,,,,,,,,,19.719
3063,4.279,4.675,11.32,3.339,,,,,,,,,,,,,19.898
3064,4.279,4.676,11.32,3.339,,,,,,,,,,,,,21.493
3065,4.279,4.676,11.32,3.339,,,,,,,,,,,,,25.804
3066,4.279,4.676,11.32,3.339,,,,,,,,,,,,,12.978
3068,4.279,4.676,11.32,3.339,,,,,,,,,,,,,22.636
3069,4.279,4.676,11.32,3.339,,,,,,,,,,,,,17.361
3070,4.279,4.676,11.32,3.34,,,,,,,,,,,,,25.464
3071,4.279,4.676,11.32,3.339,,,,,,,,,,,,,14.473
3072,4.279,4.676,11.32,3.34,,,,,,,,,,,,,28.374
3073,4.279,4.676,11.32,3.34,,,,,,,,,,,,,11.503
3074,4.279,4.676,11.32,3.339,,,,,,,,,,,,,21.375
3075,4.279,4.676,11.32,3.339,,,,,,,,,,,,,20.713
3076,4.279,4.676,11.32,3.339,,,,,,,,,,,,,18.09
3077,4.279,4.676,11.32,3.339,,,,,,,,,,,,,20.448
3078,4.279,4.676,11.32,3.339,,,,,,,,,,,,,22.069
3079,4.279,4.676,11.32,3.34,,,,,,,,,,,,,17.528
3080,4.279,4.676,11.32,3.34,,,,,,,,,,,,,21.386
3081,4.279,4.676,11.32,3.339,,,,,,,,,,,,,18.386
3084,4.279,4.676,11.32,3.34,,,,,,,,,,,,,47.43
3085,4.279,4.676,11.32,3.339,,,,,,,,,,,,,3.956
3086,4.279,4.676,11.32,3.339,,,,,,,,,,,,,10.616
3087,4.279,4.676,11.32,3.34,,,,,,,,,,,,,17.625
3088,4.279,4.676,11.32,3.34,,,,,,,,,,,,,19.903
3089,4.279,4.676,11.32,3.339,,,,,,,,,,,,,19.365
3090,4.279,4.676,11.32,3.339,,,,,,,,,,,,,20.103
3091,4.279,4.676,11.32,3.34,,,,,,,,,,,,,24.111
3092,4.279,4.676,11.32,3.34,,,,,,,,,,,,,16.112
3093,4.279,4.676,11.32,3.34,,,,,,,,,,,,,19.717
3094,4.279,4.676,11.32,3.339,,,,,,,,,,,,,21.993
3095,4.279,4.676,11.32,3.34,,,,,,,,,,,,,19.515
3096,4.279,4.676,11.32,3.34,,,,,,,,,,,,,19.382
3097,4.279,4.676,11.32,3.34,,,,,,,,,,,,,18.951
3098,4.279,4.676,11.32,3.34,,,,,,,,,,,,,20.479
3099,4.279,4.676,11.32,3.34,,,,,,,,,,,,,19.743
3100,4.279,4.676,11.32,3.34,,,,,,,,,,,,,20.984
3101,4.279,4.676,11.32,3.34,,,,,,,,,,,,,22.669
3102,4.279,4.676,11.32,3.34,,,,,,,,,,,,,17.308
3103,4.279,4.676,11.32,3.34,,,,,,,,,,,,,19.906
3104,4.279,4.676,11.32,3.34,,,,,,,,,,,,,20.265
3105,4.279,4.676,11.32,3.34,,,,,,,,,,,,,19.913
3106,4.279,4.676,11.32,3.339,,,,,,,,,,,,,21.178
3107,4.279,4.676,11.32,3.339,,,,,,,,,,,,,18.803
3108,4.279,4.676,11.32,3.34,,,,,,,,,,,,,20.072
3109,4.279,4.676,11.32,3.34,,,,,,,,,,,,,21.153
3110,4.279,4.676,11.32,3.34,,,,,,,,,,,,,19.556
3111,4.279,4.676,11.32,3.34,,,,,,,,,,,,,19.084
3112,4.279,4.676,11.32,3.34,,,,,,,,,,,,,19.973
3113,4.279,4.676,11.32,3.339,,,,,,,,,,,,,23.048
3114,4.279,4.676,11.32,3.339,,,,,,,,,,,,,20.737
3115,4.279,4.675,11.32,3.339,,,,,,,,,,,,,37.502
3116,4.279,4.676,11.32,3.339,,,,,,,,,,,,,3.871
3117,4.279,4.676,11.32,3.339,,,,,,,,,,,,,14.961
3118,4.279,4.676,11.32,3.339,,,,,,,,,,,,,19.949
3119,4.279,4.676,11.32,3.339,,,,,,,,,,,,,20.232
3120,4.279,4.676,11.32,3.339,,,,,,,,,,,,,28.428
3121,4.279,4.676,11.32,3.339,,,,,,,,,,,,,11.234
3123,4.279,4.676,11.32,3.339,,,,,,,,,,,,,19.948
3124,4.279,4.676,11.32,3.339,,,,,,,,,,,,,19.955
3125,4.279,4.676,11.32,3.34,,,,,,,,,,,,,20.443
3126,4.279,4.676,11.32,3.339,,,,,,,,,,,,,19.645
3127,4.279,4.676,11.32,3.339,,,,,,,,,,,,,20.115
3128,4.279,4.676,11.32,3.339,,,,,,,,,,,,,20.262
3129,4.279,4.676,11.32,3.339,,,,,,,,,,,,,19.479
3130,4.279,4.676,11.32,3.339,,,,,,,,,,,,,19.97
3131,4.279,4.676,11.32,3.339,,,,,,,,,,,,,22.473
3132,4.279,4.676,11.32,3.339,,,,,,,,,,,,,20.714
3133,4.279,4.676,11.32,3.339,,,,,,,,,,,,,16.98
3134,4.279,4.676,11.32,3.339,,,,,,,,,,,,,21.439
3135,4.279,4.676,11.32,3.339,,,,,,,,,,,,,18.449
3136,4.279,4.676,11.32,3.339,,,,,,,,,,,,,19.956
3137,4.279,4.676,11.32,3.339,,,,,,,,,,,,,22.111
3138,4.279,4.676,11.32,3.339,,,,,,,,,,,,,17.865
3139,4.279,4.676,11.32,3.339,,,,,,,,,,,,,29.503
3140,4.279,4.676,11.32,3.339,,,,,,,,,,,,,10.886
3142,4.279,4.676,11.32,3.339,,,,,,,,,,,,,20.032
3143,4.279,4.676,11.32,3.339,,,,,,,,,,,,,19.914
3144,4.279,4.676,11.32,3.339,,,,,,,,,,,,,19.937
3145,4.279,4.676,11.32,3.339,,,,,,,,,,,,,20.516
3146,4.279,4.676,11.32,3.339,,,,,,,,,,,,,19.447
3147,4.279,4.676,11.32,3.339,,,,,,,,,,,,,23.546
3148,4.279,4.676,11.32,3.339,,,,,,,,,,,,,16.553
3149,4.279,4.676,11.32,3.339,,,,,,,,,,,,,20.083
3150,4.279,4.676,11.32,3.339,,,,,,,,,,,,,47.657
3151,4.279,4.676,11.32,3.339,,,,,,,,,,,,,3.969
3152,4.279,4.676,11.32,3.34,,,,,,,,,,,,,10.497
3153,4.279,4.676,11.32,3.34,,,,,,,,,,,,,19.797
3154,4.279,4.676,11.32,3.34,,,,,,,,,,,,,17.893
3155,4.279,4.676,11.32,3.34,,,,,,,,,,,,,22.302
3156,4.279,4.676,11.32,3.34,,,,,,,,,,,,,21.118
3157,4.279,4.676,11.32,3.34,,,,,,,,,,,,,16.874
3158,4.279,4.676,11.32,3.34,,,,,,,,,,,,,22.416
3159,4.279,4.676,11.32,3.34,,,,,,,,,,,,,17.53
3160,4.279,4.676,11.32,3.34,,,,,,,,,,,,,19.867
3161,4.279,4.676,11.32,3.34,,,,,,,,,,,,,20.832
3162,4.279,4.676,11.32,3.34,,,,,,,,,,,,,19.086
3163,4.279,4.676,11.32,3.34,,,,,,,,,,,,,21.512
3164,4.279,4.676,11.32,3.34,,,,,,,,,,,,,18.688
3165,4.279,4.676,11.32,3.34,,,,,,,,,,,,,20.736
3166,4.279,4.676,11.32,3.34,,,,,,,,,,,,,23.679
3167,4.279,4.676,11.32,3.34,,,,,,,,,,,,,15.551
3168,4.279,4.676,11.32,3.34,,,,,,,,,,,,,19.91
3169,4.279,4.676,11.32,3.34,,,,,,,,,,,,,20.777
3170,4.279,4.676,11.32,3.34,,,,,,,,,,,,,19.178
3178,4.279,4.676,11.32,3.34,,,,,,,,,,,,,48.281
3179,4.279,4.676,11.32,3.34,,,,,,,,,,,,,5.945
3180,4.279,4.676,11.32,3.34,,,,,,,,,,,,,7.363
3181,4.279,4.676,11.32,3.339,,,,,,,,,,,,,17.918
3182,4.279,4.676,11.32,3.339,,,,,,,,,,,,,20.159
3183,4.279,4.676,11.32,3.34,,,,,,,,,,,,,20.014
3184,4.279,4.676,11.32,3.34,,,,,,,,,,,,,19.705
3185,4.279,4.676,11.32,3.339,,,,,,,,,,,,,19.829
3186,4.279,4.676,11.32,3.339,,,,,,,,,,,,,21.677
3187,4.279,4.676,11.32,3.34,,,,,,,,,,,,,18.666
3188,4.279,4.676,11.32,3.34,,,,,,,,,,,,,20.213
3189,4.279,4.676,11.32,3.339,,,,,,,,,,,,,19.722
3190,4.279,4.676,11.32,3.339,,,,,,,,,,,,,19.984
3192,4.279,4.676,11.32,3.34,,,,,,,,,,,,,20.04
3193,4.279,4.676,11.32,3.339,,,,,,,,,,,,,20.255
3194,4.279,4.676,11.32,3.339,,,,,,,,,,,,,19.602
3195,4.279,4.676,11.32,3.34,,,,,,,,,,,,,20.056
3196,4.279,4.676,11.32,3.34,,,,,,,,,,,,,21.543
3197,4.279,4.676,11.32,3.339,,,,,,,,,,,,,19.321
3199,4.279,4.676,11.32,3.34,,,,,,,,,,,,,20.286
3200,4.279,4.676,11.32,3.34,,,,,,,,,,,,,20.699
3201,4.279,4.676,11.32,3.339,,,,,,,,,,,,,20.265
3202,4.279,4.676,11.32,3.339,,,,,,,,,,,,,19.665
3203,4.279,4.676,11.32,3.34,,,,,,,,,,,,,20.217
3204,4.279,4.676,11.32,3.34,,,,,,,,,,,,,19.654
3205,4.279,4.676,11.32,3.34,,,,,,,,,,,,,23.886
3207,4.279,4.676,11.32,3.339,,,,,,,,,,,,,49.028
3208,4.279,4.676,11.32,3.339,,,,,,,,,,,,,3.962
3209,4.279,4.676,11.32,3.339,,,,,,,,,,,,,6.955
3210,4.279,4.676,11.32,3.339,,,,,,,,,,,,,25.449
3213,4.279,4.675,11.32,3.339,,,,,,,,,,,,,22.935
3214,4.279,4.676,11.32,3.339,,,,,,,,,,,,,17.342
3215,4.279,4.676,11.32,3.339,,,,,,,,,,,,,19.861
3216,4.279,4.676,11.32,3.339,,,,,,,,,,,,,20.01
3217,4.279,4.676,11.32,3.34,,,,,,,,,,,,,19.854
3219,4.279,4.676,11.32,3.339,,,,,,,,,,,,,15.946
3220,4.279,4.676,11.32,3.339,,,,,,,,,,,,,19.899
3222,4.279,4.676,11.32,3.34,,,,,,,,,,,,,20.265
3225,4.279,4.676,11.32,3.34,,,,,,,,,,,,,22.371
3226,4.279,4.676,11.32,3.34,,,,,,,,,,,,,19.399
3227,4.279,4.676,11.32,3.34,,,,,,,,,,,,,18.167
3228,4.279,4.676,11.32,3.339,,,,,,,,,,,,,20.415
3229,4.279,4.676,11.32,3.34,,,,,,,,,,,,,19.77
3230,4.279,4.676,11.32,3.34,,,,,,,,,,,,,20.473
3231,4.279,4.676,11.32,3.34,,,,,,,,,,,,,20.634
3233,4.279,4.676,11.32,3.34,,,,,,,,,,,,,18.603
3234,4.279,4.676,11.32,3.34,,,,,,,,,,,,,20.034
3235,4.279,4.676,11.32,3.34,,,,,,,,,,,,,20.079
3236,4.279,4.676,11.32,3.339,,,,,,,,,,,,,22.901
3237,4.279,4.676,11.32,3.34,,,,,,,,,,,,,20.768
3238,4.279,4.676,11.32,3.34,,,,,,,,,,,,,16.218
3239,4.279,4.676,11.32,3.34,,,,,,,,,,,,,20.946
3240,4.279,4.676,11.32,3.34,,,,,,,,,,,,,19.137
3241,4.279,4.676,11.32,3.339,,,,,,,,,,,,,20.181
3242,4.279,4.676,11.32,3.339,,,,,,,,,,,,,22.612
3243,4.279,4.676,11.32,3.34,,,,,,,,,,,,,46.815
3244,4.279,4.676,11.32,3.34,,,,,,,,,,,,,5.82
3245,4.279,4.676,11.32,3.339,,,,,,,,,,,,,5.509
3246,4.279,4.676,11.32,3.339,,,,,,,,,,,,,19.35
3247,4.279,4.676,11.32,3.34,,,,,,,,,,,,,21.986
3248,4.279,4.676,11.32,3.34,,,,,,,,,,,,,19.109
3249,4.279,4.676,11.32,3.34,,,,,,,,,,,,,29.11
3250,4.279,4.676,11.32,3.34,,,,,,,,,,,,,10.638
3251,4.279,4.676,11.32,3.34,,,,,,,,,,,,,18.92
3252,4.279,4.676,11.32,3.34,,,,,,,,,,,,,22.424
3253,4.279,4.676,11.32,3.34,,,,,,,,,,,,,19.676
3254,4.279,4.676,11.32,3.34,,,,,,,,,,,,,23.663
3255,4.279,4.676,11.32,3.34,,,,,,,,,,,,,14.435
3256,4.279,4.676,11.32,3.34,,,,,,,,,,,,,24.395
3257,4.279,4.676,11.32,3.34,,,,,,,,,,,,,15.449
3258,4.279,4.676,11.32,3.339,,,,,,,,,,,,,20.051
3259,4.279,4.676,11.32,3.34,,,,,,,,,,,,,19.772
3260,4.279,4.676,11.32,3.34,,,,,,,,,,,,,20.232
3261,4.279,4.676,11.32,3.34,,,,,,,,,,,,,19.708
3262,4.279,4.676,11.32,3.34,,,,,,,,,,,,,20.468
3264,4.279,4.676,11.32,3.34,,,,,,,,,,,,,19.917
3267,4.279,4.676,11.32,3.34,,,,,,,,,,,,,21.314
3268,4.279,4.676,11.32,3.34,,,,,,,,,,,,,16.818
3269,4.279,4.676,11.32,3.34,,,,,,,,,,,,,19.787
3270,4.279,4.676,11.32,3.34,,,,,,,,,,,,,19.987
3272,4.279,4.676,11.32,3.34,,,,,,,,,,,,,6.241
3273,4.279,4.676,11.32,3.34,,,,,,,,,,,,,1.442
3274,4.279,4.676,11.32,3.339,,,,,,,,,,,,,15.133
3275,4.279,4.676,11.32,3.34,,,,,,,,,,,,,21.52
3276,4.279,4.676,11.32,3.34,,,,,,,,,,,,,18.487
3277,4.279,4.676,11.32,3.34,,,,,,,,,,,,,19.905
3278,4.279,4.676,11.32,3.339,,,,,,,,,,,,,20.486
3279,4.279,4.676,11.32,3.34,,,,,,,,,,,,,19.747
3280,4.279,4.676,11.32,3.34,,,,,,,,,,,,,20.002
3281,4.279,4.676,11.32,3.34,,,,,,,,,,,,,19.902
3282,4.279,4.676,11.32,3.339,,,,,,,,,,,,,19.953
3283,4.279,4.676,11.32,3.339,,,,,,,,,,,,,21.04
3287,4.279,4.676,11.32,3.339,,,,,,,,,,,,,19.799
3290,4.279,4.676,11.32,3.34,,,,,,,,,,,,,19.937
3292,4.279,4.676,11.32,3.339,,,,,,,,,,,,,19.424
3293,4.279,4.676,11.32,3.34,,,,,,,,,,,,,26.552
3294,4.279,4.676,11.32,3.34,,,,,,,,,,,,,13.738
3295,4.279,4.676,11.32,3.339,,,,,,,,,,,,,19.938
3296,4.279,4.676,11.32,3.339,,,,,,,,,,,,,20.017
3297,4.279,4.676,11.32,3.34,,,,,,,,,,,,,20.019
3298,4.279,4.676,11.32,3.34,,,,,,,,,,,,,23.438
3299,4.279,4.676,11.32,3.339,,,,,,,,,,,,,17.202
3300,4.279,4.676,11.32,3.339,,,,,,,,,,,,,20.406
3301,4.279,4.676,11.32,3.339,,,,,,,,,,,,,20.058
3302,4.279,4.676,11.32,3.339,,,,,,,,,,,,,19.8
3303,4.279,4.676,11.32,3.339,,,,,,,,,,,,,25.606
3306,4.279,4.676,11.32,3.339,,,,,,,,,,,,,20.531
3309,4.279,4.676,11.32,3.339,,,,,,,,,,,,,13.515
3310,4.279,4.676,11.32,3.34,,,,,,,,,,,,,20.544
3311,4.279,4.676,11.32,3.34,,,,,,,,,,,,,18.628
3312,4.279,4.676,11.32,3.339,,,,,,,,,,,,,17.469
3313,4.279,4.676,11.32,3.339,,,,,,,,,,,,,17.891
3315,4.279,4.676,11.32,3.339,,,,,,,,,,,,,18.18
3316,4.279,4.676,11.32,3.339,,,,,,,,,,,,,20.284
3317,4.279,4.676,11.32,3.34,,,,,,,,,,,,,19.772
3318,4.279,4.676,11.32,3.339,,,,,,,,,,,,,19.896
3319,4.279,4.676,11.32,3.339,,,,,,,,,,,,,20.162
3320,4.279,4.676,11.32,3.339,,,,,,,,,,,,,19.949
3322,4.279,4.676,11.32,3.34,,,,,,,,,,,,,19.905
3323,4.279,4.676,11.32,3.34,,,,,,,,,,,,,19.196
3324,4.279,4.676,11.32,3.339,,,,,,,,,,,,,19.415
3325,4.279,4.676,11.32,3.34,,,,,,,,,,,,,21.91
3326,4.279,4.676,11.32,3.34,,,,,,,,,,,,,19.308
3327,4.279,4.676,11.32,3.34,,,,,,,,,,,,,20.964
3328,4.279,4.676,11.32,3.339,,,,,,,,,,,,,18.405
3329,4.279,4.676,11.32,3.339,,,,,,,,,,,,,31.021
3330,4.279,4.676,11.32,3.34,,,,,,,,,,,,,9.381
3331,4.279,4.676,11.32,3.34,,,,,,,,,,,,,22.943
3332,4.279,4.676,11.32,3.34,,,,,,,,,,,,,16.843
3333,4.279,4.676,11.32,3.34,,,,,,,,,,,,,19.734
3334,4.279,4.676,11.32,3.34,,,,,,,,,,,,,20.189
3335,4.279,4.676,11.32,3.339,,,,,,,,,,,,,27.862
3336,4.279,4.676,11.32,3.34,,,,,,,,,,,,,20.21
3337,4.279,4.676,11.32,3.34,,,,,,,,,,,,,11.833
3338,4.279,4.676,11.32,3.34,,,,,,,,,,,,,19.874
3339,4.279,4.676,11.32,3.339,,,,,,,,,,,,,35.627
3340,4.279,4.676,11.32,3.34,,,,,,,,,,,,,5.568
3341,4.279,4.676,11.32,3.34,,,,,,,,,,,,,19.104
3342,4.279,4.676,11.32,3.34,,,,,,,,,,,,,19.832
3343,4.279,4.676,11.32,3.339,,,,,,,,,,,,,20.081
3345,4.279,4.676,11.32,3.339,,,,,,,,,,,,,21.757
3346,4.279,4.676,11.32,3.339,,,,,,,,,,,,,19.213
3347,4.279,4.676,11.32,3.339,,,,,,,,,,,,,19.048
3348,4.279,4.676,11.32,3.339,,,,,,,,,,,,,19.865
3349,4.279,4.676,11.32,3.339,,,,,,,,,,,,,19.922
3352,4.279,4.676,11.32,3.339,,,,,,,,,,,,,19.637
3353,4.279,4.676,11.32,3.339,,,,,,,,,,,,,20.096
3354,4.279,4.676,11.32,3.339,,,,,,,,,,,,,19.854
3355,4.279,4.676,11.32,3.339,,,,,,,,,,,,,22.651
3356,4.279,4.676,11.32,3.339,,,,,,,,,,,,,17.551
3357,4.279,4.676,11.32,3.339,,,,,,,,,,,,,20.506
3358,4.279,4.676,11.32,3.339,,,,,,,,,,,,,19.423
3359,4.279,4.676,11.32,3.339,,,,,,,,,,,,,20.028
3360,4.279,4.676,11.32,3.339,,,,,,,,,,,,,22.525
3361,4.279,4.676,11.32,3.339,,,,,,,,,,,,,17.503
3362,4.279,4.676,11.32,3.339,,,,,,,,,,,,,19.825
3363,4.279,4.676,11.32,3.339,,,,,,,,,,,,,20.067
3364,4.279,4.676,11.32,3.339,,,,,,,,,,,,,20.134
3365,4.279,4.676,11.32,3.339,,,,,,,,,,,,,19.885
3366,4.279,4.676,11.32,3.339,,,,,,,,,,,,,19.798
3367,4.279,4.676,11.32,3.339,,,,,,,,,,,,,20.223
3368,4.279,4.676,11.32,3.339,,,,,,,,,,,,,19.959
3369,4.279,4.676,11.32,3.339,,,,,,,,,,,,,19.971
3370,4.279,4.676,11.32,3.339,,,,,,,,,,,,,22.01
3371,4.279,4.676,11.32,3.339,,,,,,,,,,,,,18.215
3373,4.279,4.676,11.32,3.339,,,,,,,,,,,,,19.354
3374,4.279,4.676,11.32,3.339,,,,,,,,,,,,,18.838
3376,4.279,4.676,11.32,3.339,,,,,,,,,,,,,4.464
3377,4.279,4.676,11.32,3.339,,,,,,,,,,,,,7.033
3378,4.279,4.676,11.32,3.339,,,,,,,,,,,,,19.434
3379,4.279,4.676,11.32,3.339,,,,,,,,,,,,,19.732
3380,4.279,4.676,11.32,3.339,,,,,,,,,,,,,19.178
3381,4.279,4.676,11.32,3.339,,,,,,,,,,,,,19.989
3382,4.279,4.676,11.32,3.339,,,,,,,,,,,,,20.124
3383,4.279,4.676,11.32,3.339,,,,,,,,,,,,,20.275
3384,4.279,4.676,11.32,3.339,,,,,,,,,,,,,19.862
3385,4.279,4.676,11.32,3.339,,,,,,,,,,,,,22.204
3386,4.279,4.676,11.32,3.339,,,,,,,,,,,,,17.908
3387,4.279,4.676,11.32,3.34,,,,,,,,,,,,,19.781
3388,4.279,4.676,11.32,3.34,,,,,,,,,,,,,19.889
3389,4.279,4.676,11.32,3.339,,,,,,,,,,,,,22.033
3390,4.279,4.676,11.32,3.339,,,,,,,,,,,,,20.663
3391,4.279,4.676,11.32,3.339,,,,,,,,,,,,,17.629
3392,4.279,4.676,11.32,3.339,,,,,,,,,,,,,21.6
3393,4.279,4.676,11.32,3.339,,,,,,,,,,,,,18.173
3394,4.279,4.676,11.32,3.339,,,,,,,,,,,,,19.965
3398,4.279,4.676,11.32,3.34,,,,,,,,,,,,,21.328
3400,4.279,4.676,11.32,3.339,,,,,,,,,,,,,21.086
3401,4.279,4.676,11.32,3.339,,,,,,,,,,,,,19.952
3402,4.279,4.676,11.32,3.339,,,,,,,,,,,,,32.551
3403,4.279,4.676,11.32,3.34,,,,,,,,,,,,,8.072
3404,4.279,4.676,11.32,3.34,,,,,,,,,,,,,34.251
3405,4.279,4.676,11.32,3.34,,,,,,,,,,,,,4.258
3406,4.279,4.676,11.32,3.34,,,,,,,,,,,,,20.825
3407,4.279,4.676,11.32,3.34,,,,,,,,,,,,,25.677
3408,4.279,4.676,11.32,3.34,,,,,,,,,,,,,14.553
3409,4.279,4.676,11.32,3.34,,,,,,,,,,,,,19.975
3410,4.279,4.676,11.32,3.34,,,,,,,,,,,,,19.74
3411,4.279,4.676,11.32,3.34,,,,,,,,,,,,,25.107
3412,4.279,4.676,11.32,3.34,,,,,,,,,,,,,21.51
3413,4.279,4.676,11.32,3.34,,,,,,,,,,,,,14.137
3414,4.279,4.676,11.32,3.34,,,,,,,,,,,,,19.621
3415,4.279,4.676,11.32,3.34,,,,,,,,,,,,,19.817
3416,4.279,4.676,11.32,3.34,,,,,,,,,,,,,19.986
3417,4.279,4.676,11.32,3.34,,,,,,,,,,,,,19.954
3418,4.279,4.676,11.32,3.34,,,,,,,,,,,,,19.969
3419,4.279,4.676,11.32,3.34,,,,,,,,,,,,,19.965
3420,4.279,4.676,11.32,3.339,,,,,,,,,,,,,20.238
3421,4.279,4.676,11.32,3.339,,,,,,,,,,,,,19.839
3422,4.279,4.676,11.32,3.34,,,,,,,,,,,,,19.82
3423,4.279,4.676,11.32,3.34,,,,,,,,,,,,,22.807
3424,4.279,4.676,11.32,3.339,,,,,,,,,,,,,18.193
3427,4.279,4.676,11.32,3.339,,,,,,,,,,,,,19.139
3428,4.279,4.676,11.32,3.339,,,,,,,,,,,,,19.385
3431,4.279,4.676,11.32,3.339,,,,,,,,,,,,,19.706
3432,4.279,4.676,11.32,3.339,,,,,,,,,,,,,21.013
3434,4.279,4.676,11.32,3.339,,,,,,,,,,,,,20.281
3435,4.279,4.676,11.32,3.339,,,,,,,,,,,,,20.16
3436,4.279,4.676,11.32,3.339,,,,,,,,,,,,,19.483
3437,4.279,4.676,11.32,3.339,,,,,,,,,,,,,41.912
3438,4.279,4.676,11.32,3.339,,,,,,,,,,,,,4.888
3439,4.279,4.676,11.32,3.339,,,,,,,,,,,,,13.559
3440,4.279,4.676,11.32,3.339,,,,,,,,,,,,,19.766
3441,4.279,4.676,11.32,3.339,,,,,,,,,,,,,20.067
3442,4.279,4.676,11.32,3.339,,,,,,,,,,,,,20.143
3443,4.279,4.676,11.32,3.339,,,,,,,,,,,,,19.679
3444,4.279,4.676,11.32,3.339,,,,,,,,,,,,,20.794
3445,4.279,4.676,11.32,3.339,,,,,,,,,,,,,19.142
3446,4.279,4.676,11.32,3.339,,,,,,,,,,,,,19.99
3447,4.279,4.676,11.32,3.339,,,,,,,,,,,,,20.354
3448,4.279,4.676,11.32,3.34,,,,,,,,,,,,,19.894
3449,4.279,4.676,11.32,3.339,,,,,,,,,,,,,20.144
3452,4.279,4.676,11.32,3.339,,,,,,,,,,,,,18.146
3453,4.279,4.676,11.32,3.339,,,,,,,,,,,,,19.965
3456,4.279,4.676,11.32,3.339,,,,,,,,,,,,,20.989
3457,4.279,4.676,11.32,3.339,,,,,,,,,,,,,20.318
3458,4.279,4.676,11.32,3.339,,,,,,,,,,,,,21.936
3460,4.279,4.676,11.32,3.34,,,,,,,,,,,,,17.85
3461,4.279,4.676,11.32,3.34,,,,,,,,,,,,,20.048
3462,4.279,4.676,11.32,3.339,,,,,,,,,,,,,28.943
3463,4.279,4.676,11.32,3.339,,,,,,,,,,,,,11.158
3464,4.279,4.676,11.32,3.339,,,,,,,,,,,,,22.127
3465,4.279,4.676,11.32,3.339,,,,,,,,,,,,,35.079
3466,4.279,4.676,11.32,3.339,,,,,,,,,,,,,16.569
3467,4.279,4.676,11.32,3.34,,,,,,,,,,,,,9.226
3468,4.279,4.676,11.32,3.339,,,,,,,,,,,,,16.927
3472,4.279,4.676,11.32,3.34,,,,,,,,,,,,,20.014
3473,4.279,4.676,11.32,3.34,,,,,,,,,,,,,20.175
3474,4.279,4.676,11.32,3.339,,,,,,,,,,,,,19.724
3475,4.279,4.676,11.32,3.34,,,,,,,,,,,,,19.96
3477,4.279,4.676,11.32,3.34,,,,,,,,,,,,,20.737
3478,4.279,4.676,11.32,3.34,,,,,,,,,,,,,19.227
3479,4.279,4.676,11.32,3.34,,,,,,,,,,,,,20.831
3480,4.279,4.676,11.32,3.34,,,,,,,,,,,,,20.087
3481,4.279,4.676,11.32,3.34,,,,,,,,,,,,,19.195
3482,4.279,4.676,11.32,3.34,,,,,,,,,,,,,19.985
3483,4.279,4.676,11.32,3.339,,,,,,,,,,,,,19.99
3484,4.279,4.676,11.32,3.339,,,,,,,,,,,,,19.938
3485,4.279,4.676,11.32,3.339,,,,,,,,,,,,,20.33
3486,4.279,4.676,11.32,3.339,,,,,,,,,,,,,21.409
3487,4.279,4.676,11.32,3.339,,,,,,,,,,,,,18.425
3488,4.279,4.676,11.32,3.339,,,,,,,,,,,,,19.983
3489,4.279,4.676,11.32,3.339,,,,,,,,,,,,,20.136
3490,4.279,4.676,11.32,3.34,,,,,,,,,,,,,20.15
3492,4.279,4.676,11.32,3.339,,,,,,,,,,,,,9.679
3493,4.279,4.676,11.32,3.339,,,,,,,,,,,,,24.126
3494,4.279,4.676,11.32,3.339,,,,,,,,,,,,,15.837
3495,4.279,4.676,11.32,3.339,,,,,,,,,,,,,19.762
3496,4.279,4.676,11.32,3.339,,,,,,,,,,,,,21.261
3497,4.279,4.676,11.32,3.339,,,,,,,,,,,,,24.331
3498,4.279,4.676,11.32,3.339,,,,,,,,,,,,,18.724
3499,4.279,4.676,11.32,3.339,,,,,,,,,,,,,15.879
3500,4.279,4.676,11.32,3.339,,,,,,,,,,,,,21.253
3501,4.279,4.676,11.32,3.339,,,,,,,,,,,,,20.202
3502,4.279,4.676,11.32,3.339,,,,,,,,,,,,,19.167
3503,4.279,4.676,11.32,3.339,,,,,,,,,,,,,22.039
3506,4.279,4.676,11.32,3.339,,,,,,,,,,,,,20.002
3507,4.279,4.676,11.32,3.339,,,,,,,,,,,,,20.385
3508,4.279,4.675,11.32,3.339,,,,,,,,,,,,,22.911
3509,4.279,4.675,11.32,3.339,,,,,,,,,,,,,16.608
3510,4.279,4.676,11.32,3.339,,,,,,,,,,,,,20.211
3513,4.279,4.676,11.32,3.339,,,,,,,,,,,,,20.32
3514,4.279,4.676,11.32,3.339,,,,,,,,,,,,,18.562
3515,4.279,4.676,11.32,3.339,,,,,,,,,,,,,19.981
3516,4.279,4.676,11.32,3.339,,,,,,,,,,,,,20.214
3518,4.279,4.676,11.32,3.339,,,,,,,,,,,,,14.901
3519,4.279,4.676,11.32,3.339,,,,,,,,,,,,,21.119
3520,4.279,4.676,11.32,3.339,,,,,,,,,,,,,18.814
3521,4.279,4.676,11.32,3.339,,,,,,,,,,,,,20.228
3522,4.279,4.676,11.32,3.34,,,,,,,,,,,,,20.041
3523,4.279,4.676,11.32,3.34,,,,,,,,,,,,,22.752
3524,4.279,4.676,11.32,3.339,,,,,,,,,,,,,17.112
3525,4.279,4.676,11.32,3.339,,,,,,,,,,,,,19.971
3526,4.279,4.676,11.32,3.339,,,,,,,,,,,,,20.229
3527,4.279,4.676,11.32,3.339,,,,,,,,,,,,,19.728
3528,4.279,4.676,11.32,3.339,,,,,,,,,,,,,20.667
3529,4.279,4.676,11.32,3.339,,,,,,,,,,,,,19.442
3531,4.279,4.676,11.32,3.34,,,,,,,,,,,,,20.993
3532,4.279,4.676,11.32,3.339,,,,,,,,,,,,,40.186
3533,4.279,4.676,11.32,3.339,,,,,,,,,,,,,4.084
3534,4.279,4.676,11.32,3.339,,,,,,,,,,,,,15.198
3535,4.279,4.675,11.32,3.339,,,,,,,,,,,,,20.151
3536,4.279,4.675,11.32,3.34,,,,,,,,,,,,,19.26
3538,4.279,4.676,11.32,3.339,,,,,,,,,,,,,19.974
3539,4.279,4.675,11.32,3.339,,,,,,,,,,,,,21.772
3540,4.279,4.675,11.32,3.339,,,,,,,,,,,,,28.084
3541,4.279,4.676,11.32,3.339,,,,,,,,,,,,,10.136
3542,4.279,4.676,11.32,3.339,,,,,,,,,,,,,19.871
3543,4.279,4.676,11.32,3.339,,,,,,,,,,,,,25.641
3544,4.279,4.676,11.32,3.339,,,,,,,,,,,,,14.304
3545,4.279,4.676,11.32,3.339,,,,,,,,,,,,,20.215
3546,4.279,4.676,11.32,3.339,,,,,,,,,,,,,20.06
3547,4.279,4.676,11.32,3.339,,,,,,,,,,,,,21.196
3548,4.279,4.676,11.32,3.34,,,,,,,,,,,,,18.644
3549,4.279,4.676,11.32,3.34,,,,,,,,,,,,,22.655
3553,4.279,4.676,11.32,3.34,,,,,,,,,,,,,19.704
3554,4.279,4.676,11.32,3.34,,,,,,,,,,,,,19.989
3555,4.279,4.676,11.32,3.34,,,,,,,,,,,,,20.489
3556,4.279,4.676,11.32,3.34,,,,,,,,,,,,,19.577
3557,4.279,4.676,11.32,3.34,,,,,,,,,,,,,19.858
3558,4.279,4.676,11.32,3.34,,,,,,,,,,,,,20.048
3559,4.279,4.676,11.32,3.34,,,,,,,,,,,,,20.653
3560,4.279,4.676,11.32,3.34,,,,,,,,,,,,,20.979
3561,4.279,4.676,11.32,3.34,,,,,,,,,,,,,18.464
3562,4.279,4.676,11.32,3.34,,,,,,,,,,,,,20.374
3563,4.279,4.676,11.32,3.34,,,,,,,,,,,,,21.124
3564,4.279,4.676,11.32,3.34,,,,,,,,,,,,,18.384
3565,4.279,4.676,11.32,3.34,,,,,,,,,,,,,19.951
3566,4.279,4.676,11.32,3.34,,,,,,,,,,,,,20.013
3567,4.279,4.676,11.32,3.34,,,,,,,,,,,,,22.333
3568,4.279,4.676,11.32,3.34,,,,,,,,,,,,,34.441
3569,4.279,4.676,11.32,3.34,,,,,,,,,,,,,4.338
3570,4.279,4.676,11.32,3.34,,,,,,,,,,,,,19.005
3571,4.279,4.676,11.32,3.34,,,,,,,,,,,,,19.951
3572,4.279,4.676,11.32,3.34,,,,,,,,,,,,,20.036
3573,4.279,4.676,11.32,3.34,,,,,,,,,,,,,19.918
3574,4.279,4.676,11.32,3.34,,,,,,,,,,,,,19.962
3575,4.279,4.676,11.32,3.34,,,,,,,,,,,,,19.97
3576,4.279,4.676,11.32,3.34,,,,,,,,,,,,,20.899
3577,4.279,4.676,11.32,3.34,,,,,,,,,,,,,19.273
3578,4.279,4.676,11.32,3.34,,,,,,,,,,,,,19.992
3579,4.279,4.676,11.32,3.339,,,,,,,,,,,,,19.967
3580,4.279,4.676,11.32,3.339,,,,,,,,,,,,,21.171
3581,4.279,4.676,11.32,3.339,,,,,,,,,,,,,19.678
3582,4.279,4.676,11.32,3.34,,,,,,,,,,,,,19.499
3583,4.279,4.676,11.32,3.34,,,,,,,,,,,,,19.53
3584,4.279,4.676,11.32,3.339,,,,,,,,,,,,,20.232
3585,4.279,4.676,11.32,3.339,,,,,,,,,,,,,23.522
3586,4.279,4.676,11.32,3.34,,,,,,,,,,,,,17.714
3587,4.279,4.676,11.32,3.34,,,,,,,,,,,,,19.679
3591,4.279,4.676,11.32,3.34,,,,,,,,,,,,,11.239
3592,4.279,4.676,11.32,3.34,,,,,,,,,,,,,19.965
3593,4.279,4.676,11.32,3.339,,,,,,,,,,,,,21.518
3594,4.279,4.676,11.32,3.34,,,,,,,,,,,,,18.71
3595,4.279,4.676,11.32,3.34,,,,,,,,,,,,,19.912
3600,4.279,4.676,11.32,3.34,,,,,,,,,,,,,21.308
3601,4.279,4.676,11.32,3.339,,,,,,,,,,,,,19.717
3602,4.279,4.676,11.32,3.339,,,,,,,,,,,,,37.705
3603,4.279,4.676,11.32,3.34,,,,,,,,,,,,,4.665
3604,4.279,4.676,11.32,3.34,,,,,,,,,,,,,17.787
3605,4.279,4.676,11.32,3.34,,,,,,,,,,,,,19.97
3606,4.279,4.676,11.32,3.339,,,,,,,,,,,,,43.268
3607,4.279,4.676,11.32,3.34,,,,,,,,,,,,,11.55
3608,4.279,4.676,11.32,3.34,,,,,,,,,,,,,5.84
3609,4.279,4.676,11.32,3.34,,,,,,,,,,,,,19.362
3611,4.279,4.676,11.32,3.34,,,,,,,,,,,,,20.01
3612,4.279,4.676,11.32,3.34,,,,,,,,,,,,,19.938
3613,4.279,4.676,11.32,3.34,,,,,,,,,,,,,21.256
3614,4.279,4.676,11.32,3.34,,,,,,,,,,,,,18.913
3615,4.279,4.676,11.32,3.34,,,,,,,,,,,,,24.332
3616,4.279,4.676,11.32,3.34,,,,,,,,,,,,,17.353
3617,4.279,4.676,11.32,3.34,,,,,,,,,,,,,18.131
3619,4.279,4.676,11.32,3.34,,,,,,,,,,,,,19.695
3620,4.279,4.676,11.32,3.34,,,,,,,,,,,,,19.988
3621,4.279,4.676,11.32,3.34,,,,,,,,,,,,,22.063
3622,4.279,4.676,11.32,3.34,,,,,,,,,,,,,18.039
3623,4.279,4.676,11.32,3.34,,,,,,,,,,,,,19.807
3624,4.279,4.676,11.32,3.339,,,,,,,,,,,,,20.541
3625,4.279,4.676,11.32,3.34,,,,,,,,,,,,,19.394
3626,4.279,4.676,11.32,3.34,,,,,,,,,,,,,21.253
3627,4.279,4.676,11.32,3.34,,,,,,,,,,,,,18.921
3628,4.279,4.676,11.32,3.34,,,,,,,,,,,,,19.983
3629,4.279,4.676,11.32,3.34,,,,,,,,,,,,,19.967
3630,4.279,4.676,11.32,3.34,,,,,,,,,,,,,19.953
3631,4.279,4.676,11.32,3.34,,,,,,,,,,,,,20.246
3632,4.279,4.676,11.32,3.34,,,,,,,,,,,,,41.989
3634,4.279,4.676,11.32,3.34,,,,,,,,,,,,,13.708
3635,4.279,4.676,11.32,3.34,,,,,,,,,,,,,19.955
3636,4.279,4.676,11.32,3.34,,,,,,,,,,,,,31.186
3638,4.279,4.676,11.32,3.34,,,,,,,,,,,,,19.716
3639,4.279,4.676,11.32,3.34,,,,,,,,,,,,,20.251
3640,4.279,4.676,11.32,3.34,,,,,,,,,,,,,19.705
3641,4.279,4.676,11.32,3.34,,,,,,,,,,,,,19.963
3642,4.279,4.676,11.32,3.34,,,,,,,,,,,,,20.011
3643,4.279,4.676,11.32,3.339,,,,,,,,,,,,,20.205
3644,4.279,4.676,11.32,3.34,,,,,,,,,,,,,20.001
3645,4.279,4.676,11.32,3.34,,,,,,,,,,,,,19.919
3646,4.279,4.676,11.32,3.34,,,,,,,,,,,,,20.117
3647,4.279,4.676,11.32,3.34,,,,,,,,,,,,,24.436
3648,4.279,4.676,11.32,3.34,,,,,,,,,,,,,15.345
3649,4.279,4.676,11.32,3.34,,,,,,,,,,,,,20.373
3650,4.279,4.676,11.32,3.34,,,,,,,,,,,,,22.201
3651,4.279,4.676,11.32,3.34,,,,,,,,,,,,,17.584
3652,4.279,4.676,11.32,3.34,,,,,,,,,,,,,20.182
3653,4.279,4.676,11.32,3.34,,,,,,,,,,,,,19.787
3654,4.279,4.676,11.32,3.34,,,,,,,,,,,,,20.738
3655,4.279,4.676,11.32,3.34,,,,,,,,,,,,,19.262
3656,4.279,4.676,11.32,3.34,,,,,,,,,,,,,19.888
3657,4.279,4.676,11.32,3.34,,,,,,,,,,,,,19.996
3658,4.279,4.676,11.32,3.34,,,,,,,,,,,,,20.193
3659,4.279,4.676,11.32,3.34,,,,,,,,,,,,,49.059
3660,4.279,4.676,11.32,3.34,,,,,,,,,,,,,3.942
3661,4.279,4.676,11.32,3.34,,,,,,,,,,,,,7.062
3662,4.279,4.676,11.32,3.34,,,,,,,,,,,,,19.825
3665,4.279,4.676,11.32,3.34,,,,,,,,,,,,,19.68
3666,4.279,4.676,11.32,3.34,,,,,,,,,,,,,21.52
3667,4.279,4.676,11.32,3.34,,,,,,,,,,,,,18.939
3668,4.279,4.676,11.32,3.34,,,,,,,,,,,,,19.715
3669,4.279,4.676,11.32,3.34,,,,,,,,,,,,,20.703
3670,4.279,4.676,11.32,3.34,,,,,,,,,,,,,19.209
3671,4.279,4.676,11.32,3.34,,,,,,,,,,,,,20.934
3672,4.279,4.676,11.32,3.34,,,,,,,,,,,,,19.467
3673,4.279,4.676,11.32,3.34,,,,,,,,,,,,,23.484
3674,4.279,4.676,11.32,3.34,,,,,,,,,,,,,20.822
3675,4.279,4.676,11.32,3.34,,,,,,,,,,,,,15.412
3676,4.279,4.676,11.32,3.34,,,,,,,,,,,,,20.28
3677,4.279,4.675,11.32,3.34,,,,,,,,,,,,,19.903
3678,4.279,4.676,11.32,3.34,,,,,,,,,,,,,22.657
3679,4.279,4.676,11.32,3.34,,,,,,,,,,,,,18.498
3680,4.279,4.676,11.32,3.34,,,,,,,,,,,,,18.526
3681,4.279,4.676,11.32,3.34,,,,,,,,,,,,,19.963
3682,4.279,4.676,11.32,3.34,,,,,,,,,,,,,26.9
3683,4.279,4.676,11.32,3.34,,,,,,,,,,,,,31.638
3686,4.279,4.676,11.32,3.34,,,,,,,,,,,,,22.875
3687,4.279,4.676,11.32,3.34,,,,,,,,,,,,,17.623
3688,4.279,4.676,11.32,3.34,,,,,,,,,,,,,18.139
3689,4.279,4.676,11.32,3.34,,,,,,,,,,,,,20.215
3690,4.279,4.676,11.32,3.34,,,,,,,,,,,,,19.974
3691,4.279,4.676,11.32,3.34,,,,,,,,,,,,,33.836
3692,4.279,4.676,11.32,3.34,,,,,,,,,,,,,7.064
3693,4.279,4.676,11.32,3.34,,,,,,,,,,,,,18.996
3694,4.279,4.676,11.32,3.34,,,,,,,,,,,,,20.901
3695,4.279,4.676,11.32,3.34,,,,,,,,,,,,,20.624
3696,4.279,4.676,11.32,3.34,,,,,,,,,,,,,18.38
3697,4.279,4.676,11.32,3.34,,,,,,,,,,,,,20.224
3698,4.279,4.676,11.32,3.34,,,,,,,,,,,,,19.985
3699,4.279,4.676,11.32,3.34,,,,,,,,,,,,,22.045
3700,4.279,4.675,11.32,3.34,,,,,,,,,,,,,18.939
3701,4.279,4.676,11.32,3.34,,,,,,,,,,,,,23.053
3702,4.279,4.676,11.32,3.34,,,,,,,,,,,,,18.941
3703,4.279,4.676,11.32,3.34,,,,,,,,,,,,,17.895
3704,4.279,4.676,11.32,3.34,,,,,,,,,,,,,23.591
3705,4.279,4.676,11.32,3.34,,,,,,,,,,,,,16.615
3706,4.279,4.676,11.32,3.34,,,,,,,,,,,,,19.691
3708,4.279,4.675,11.32,3.339,,,,,,,,,,,,,19.862
3709,4.279,4.675,11.32,3.339,,,,,,,,,,,,,19.906
3710,4.279,4.676,11.32,3.339,,,,,,,,,,,,,20.897
3711,4.279,4.676,11.32,3.339,,,,,,,,,,,,,19.06
3712,4.279,4.676,11.32,3.339,,,,,,,,,,,,,20.07
3713,4.279,4.676,11.32,3.339,,,,,,,,,,,,,20.892
3714,4.279,4.676,11.32,3.339,,,,,,,,,,,,,18.971
3715,4.279,4.676,11.32,3.339,,,,,,,,,,,,,20.459
3716,4.279,4.676,11.32,3.339,,,,,,,,,,,,,19.965
3717,4.279,4.676,11.32,3.34,,,,,,,,,,,,,19.973
3718,4.279,4.676,11.32,3.34,,,,,,,,,,,,,45.969
3719,4.279,4.676,11.32,3.34,,,,,,,,,,,,,4.171
3720,4.279,4.676,11.32,3.339,,,,,,,,,,,,,9.732
3721,4.279,4.676,11.32,3.34,,,,,,,,,,,,,22.586
3723,4.279,4.676,11.32,3.34,,,,,,,,,,,,,14.301
3724,4.279,4.676,11.32,3.339,,,,,,,,,,,,,16.908
3725,4.279,4.676,11.32,3.34,,,,,,,,,,,,,20.042
3726,4.279,4.676,11.32,3.34,,,,,,,,,,,,,19.894
3727,4.279,4.675,11.32,3.34,,,,,,,,,,,,,20.285
3728,4.279,4.676,11.32,3.34,,,,,,,,,,,,,19.589
3729,4.279,4.676,11.32,3.339,,,,,,,,,,,,,20.289
3731,4.279,4.676,11.32,3.34,,,,,,,,,,,,,23.24
3732,4.279,4.676,11.32,3.34,,,,,,,,,,,,,18.013
3733,4.279,4.676,11.32,3.34,,,,,,,,,,,,,19.08
3734,4.279,4.676,11.32,3.339,,,,,,,,,,,,,19.818
3735,4.279,4.676,11.32,3.339,,,,,,,,,,,,,19.986
3736,4.279,4.676,11.32,3.339,,,,,,,,,,,,,22.27
3737,4.279,4.676,11.32,3.339,,,,,,,,,,,,,17.652
3738,4.279,4.676,11.32,3.339,,,,,,,,,,,,,20.266
3739,4.279,4.676,11.32,3.339,,,,,,,,,,,,,19.929
3740,4.279,4.676,11.32,3.339,,,,,,,,,,,,,19.976
3741,4.279,4.676,11.32,3.339,,,,,,,,,,,,,19.948
3742,4.279,4.676,11.32,3.339,,,,,,,,,,,,,19.972
3743,4.279,4.675,11.32,3.339,,,,,,,,,,,,,19.986
3744,4.279,4.675,11.32,3.339,,,,,,,,,,,,,19.937
3745,4.279,4.676,11.32,3.34,,,,,,,,,,,,,20.181
3746,4.279,4.676,11.32,3.34,,,,,,,,,,,,,21.221
3747,4.279,4.676,11.32,3.339,,,,,,,,,,,,,19.277
3749,4.279,4.676,11.32,3.34,,,,,,,,,,,,,19.136
3750,4.279,4.676,11.32,3.34,,,,,,,,,,,,,20.004
3751,4.279,4.676,11.32,3.339,,,,,,,,,,,,,21.808
3752,4.279,4.676,11.32,3.339,,,,,,,,,,,,,18.204
3753,4.279,4.676,11.32,3.339,,,,,,,,,,,,,21.978
3754,4.279,4.676,11.32,3.339,,,,,,,,,,,,,34.801
3755,4.279,4.676,11.32,3.34,,,,,,,,,,,,,4.059
3756,4.279,4.676,11.32,3.34,,,,,,,,,,,,,19.968
3757,4.279,4.676,11.32,3.34,,,,,,,,,,,,,19.189
3758,4.279,4.676,11.32,3.34,,,,,,,,,,,,,20.225
3759,4.279,4.676,11.32,3.34,,,,,,,,,,,,,20.56
3760,4.279,4.676,11.32,3.34,,,,,,,,,,,,,19.137
3761,4.279,4.676,11.32,3.339,,,,,,,,,,,,,21.14
3762,4.279,4.676,11.32,3.339,,,,,,,,,,,,,19.245
3763,4.279,4.676,11.32,3.34,,,,,,,,,,,,,20.385
3764,4.279,4.676,11.32,3.34,,,,,,,,,,,,,21.936
3765,4.279,4.676,11.32,3.339,,,,,,,,,,,,,18.447
3766,4.279,4.676,11.32,3.339,,,,,,,,,,,,,18.93
3767,4.279,4.676,11.32,3.339,,,,,,,,,,,,,19.962
3768,4.279,4.676,11.32,3.34,,,,,,,,,,,,,24.98
3769,4.279,4.676,11.32,3.34,,,,,,,,,,,,,14.888
3770,4.279,4.676,11.32,3.339,,,,,,,,,,,,,20.042
3771,4.279,4.676,11.32,3.34,,,,,,,,,,,,,20.214
3772,4.279,4.676,11.32,3.339,,,,,,,,,,,,,21.005
3773,4.279,4.676,11.32,3.339,,,,,,,,,,,,,18.866
3774,4.279,4.676,11.32,3.339,,,,,,,,,,,,,22.6
3775,4.279,4.676,11.32,3.339,,,,,,,,,,,,,17.411
3776,4.279,4.676,11.32,3.34,,,,,,,,,,,,,20.746
3777,4.279,4.675,11.32,3.34,,,,,,,,,,,,,19.187
3778,4.279,4.676,11.32,3.339,,,,,,,,,,,,,21.518
3779,4.279,4.676,11.32,3.339,,,,,,,,,,,,,18.666
3780,4.279,4.676,11.32,3.34,,,,,,,,,,,,,20.152
3783,4.279,4.676,11.32,3.339,,,,,,,,,,,,,22.078
3784,4.279,4.676,11.32,3.339,,,,,,,,,,,,,24.312
3785,4.279,4.676,11.32,3.339,,,,,,,,,,,,,73.186
3786,4.279,4.676,11.32,3.339,,,,,,,,,,,,,4.073
3787,4.279,4.676,11.32,3.339,,,,,,,,,,,,,1.393
3788,4.279,4.676,11.32,3.339,,,,,,,,,,,,,0.827
3789,4.279,4.676,11.32,3.339,,,,,,,,,,,,,14.492
3790,4.279,4.676,11.32,3.339,,,,,,,,,,,,,26.642
3791,4.279,4.676,11.32,3.339,,,,,,,,,,,,,15.949
3792,4.279,4.676,11.32,3.339,,,,,,,,,,,,,30.689
3793,4.279,4.676,11.32,3.339,,,,,,,,,,,,,15.432
3794,4.279,4.676,11.32,3.34,,,,,,,,,,,,,15.067
3795,4.279,4.676,11.32,3.339,,,,,,,,,,,,,29.656
3796,4.279,4.676,11.32,3.339,,,,,,,,,,,,,8.607
3797,4.279,4.676,11.32,3.339,,,,,,,,,,,,,21.832
3798,4.279,4.676,11.32,3.339,,,,,,,,,,,,,16.196
3799,4.279,4.676,11.32,3.339,,,,,,,,,,,,,19.653
3800,4.279,4.676,11.32,3.339,,,,,,,,,,,,,21.278
3801,4.279,4.676,11.32,3.339,,,,,,,,,,,,,19.659
3802,4.279,4.676,11.32,3.339,,,,,,,,,,,,,19.991
3803,4.279,4.676,11.32,3.339,,,,,,,,,,,,,20.206
3804,4.279,4.675,11.32,3.339,,,,,,,,,,,,,22.06
3805,4.279,4.676,11.32,3.339,,,,,,,,,,,,,20.755
3807,4.279,4.676,11.32,3.339,,,,,,,,,,,,,19.881
3808,4.279,4.676,11.32,3.339,,,,,,,,,,,,,20.212
3809,4.279,4.676,11.32,3.339,,,,,,,,,,,,,20.33
3810,4.279,4.676,11.32,3.339,,,,,,,,,,,,,34.174
3811,4.279,4.676,11.32,3.339,,,,,,,,,,,,,5.597
3812,4.279,4.676,11.32,3.339,,,,,,,,,,,,,19.776
3813,4.279,4.676,11.32,3.339,,,,,,,,,,,,,21.318
3814,4.279,4.676,11.32,3.34,,,,,,,,,,,,,19.68
3817,4.279,4.676,11.32,3.339,,,,,,,,,,,,,43.979
3819,4.279,4.676,11.32,3.339,,,,,,,,,,,,,14.142
3820,4.279,4.676,11.32,3.339,,,,,,,,,,,,,17.61
3821,4.279,4.676,11.32,3.339,,,,,,,,,,,,,20.079
3822,4.279,4.676,11.32,3.339,,,,,,,,,,,,,19.866
3823,4.279,4.676,11.32,3.339,,,,,,,,,,,,,20.129
3824,4.279,4.676,11.32,3.339,,,,,,,,,,,,,20.04
3825,4.279,4.676,11.32,3.34,,,,,,,,,,,,,20.512
3826,4.279,4.676,11.32,3.339,,,,,,,,,,,,,19.185
3827,4.279,4.675,11.32,3.339,,,,,,,,,,,,,19.981
3828,4.279,4.676,11.32,3.339,,,,,,,,,,,,,25.514
3829,4.279,4.676,11.32,3.339,,,,,,,,,,,,,14.662
3830,4.279,4.676,11.32,3.339,,,,,,,,,,,,,19.973
3831,4.279,4.676,11.32,3.339,,,,,,,,,,,,,19.977
3832,4.279,4.676,11.32,3.339,,,,,,,,,,,,,19.97
3833,4.279,4.676,11.32,3.339,,,,,,,,,,,,,20.351
3834,4.279,4.676,11.32,3.339,,,,,,,,,,,,,19.57
3835,4.279,4.676,11.32,3.339,,,,,,,,,,,,,21.549
3836,4.279,4.676,11.32,3.339,,,,,,,,,,,,,21.336
3837,4.279,4.676,11.32,3.339,,,,,,,,,,,,,17.316
3840,4.279,4.676,11.32,3.339,,,,,,,,,,,,,19.842
3841,4.279,4.676,11.32,3.339,,,,,,,,,,,,,31.331
3844,4.279,4.675,11.32,3.339,,,,,,,,,,,,,19.406
3845,4.279,4.676,11.32,3.34,,,,,,,,,,,,,19.973
3846,4.279,4.675,11.32,3.34,,,,,,,,,,,,,24.339
3847,4.279,4.675,11.32,3.339,,,,,,,,,,,,,42.765
3848,4.279,4.675,11.32,3.339,,,,,,,,,,,,,15.362
3849,4.279,4.676,11.32,3.339,,,,,,,,,,,,,1.362
3850,4.279,4.676,11.32,3.339,,,,,,,,,,,,,18.848
3851,4.279,4.676,11.32,3.339,,,,,,,,,,,,,19.492
3852,4.279,4.676,11.32,3.339,,,,,,,,,,,,,22.75
3853,4.279,4.676,11.32,3.339,,,,,,,,,,,,,15.103
3854,4.279,4.676,11.32,3.339,,,,,,,,,,,,,19.962
3855,4.279,4.676,11.32,3.339,,,,,,,,,,,,,19.954
3856,4.279,4.676,11.32,3.339,,,,,,,,,,,,,19.996
3857,4.279,4.676,11.32,3.339,,,,,,,,,,,,,21.233
3860,4.279,4.676,11.32,3.339,,,,,,,,,,,,,20.315
3862,4.279,4.676,11.32,3.339,,,,,,,,,,,,,17.405
3863,4.279,4.676,11.32,3.34,,,,,,,,,,,,,14.756
3864,4.279,4.676,11.32,3.34,,,,,,,,,,,,,21.117
3865,4.279,4.676,11.32,3.339,,,,,,,,,,,,,18.893
3866,4.279,4.676,11.32,3.339,,,,,,,,,,,,,19.696
3867,4.279,4.676,11.32,3.34,,,,,,,,,,,,,22.051
3868,4.279,4.676,11.32,3.339,,,,,,,,,,,,,18.247
3869,4.279,4.676,11.32,3.339,,,,,,,,,,,,,19.981
3870,4.279,4.676,11.32,3.34,,,,,,,,,,,,,20.679
3871,4.279,4.676,11.32,3.34,,,,,,,,,,,,,19.151
3873,4.279,4.675,11.32,3.339,,,,,,,,,,,,,20.261
3874,4.279,4.675,11.32,3.34,,,,,,,,,,,,,20.195
3876,4.279,4.676,11.32,3.34,,,,,,,,,,,,,22.15
3877,4.279,4.676,11.32,3.34,,,,,,,,,,,,,17.913
3878,4.279,4.676,11.32,3.34,,,,,,,,,,,,,22.541
3879,4.279,4.676,11.32,3.34,,,,,,,,,,,,,17.892
3880,4.279,4.676,11.32,3.339,,,,,,,,,,,,,19.625
3881,4.279,4.676,11.32,3.339,,,,,,,,,,,,,37.349
3882,4.279,4.676,11.32,3.34,,,,,,,,,,,,,4.128
3883,4.279,4.676,11.32,3.34,,,,,,,,,,,,,18.543
3884,4.279,4.676,11.32,3.339,,,,,,,,,,,,,19.936
3885,4.279,4.676,11.32,3.339,,,,,,,,,,,,,22.658
3886,4.279,4.676,11.32,3.339,,,,,,,,,,,,,17.295
3887,4.279,4.676,11.32,3.339,,,,,,,,,,,,,22.531
3888,4.279,4.676,11.32,3.34,,,,,,,,,,,,,17.586
3889,4.279,4.676,11.32,3.34,,,,,,,,,,,,,20.208
3890,4.279,4.676,11.32,3.34,,,,,,,,,,,,,21.663
3892,4.279,4.676,11.32,3.34,,,,,,,,,,,,,20.027
3893,4.279,4.676,11.32,3.34,,,,,,,,,,,,,21.676
3894,4.279,4.676,11.32,3.34,,,,,,,,,,,,,18.424
3895,4.279,4.676,11.32,3.339,,,,,,,,,,,,,19.719
3898,4.279,4.676,11.32,3.339,,,,,,,,,,,,,21.08
3899,4.279,4.676,11.32,3.34,,,,,,,,,,,,,21.719
3900,4.279,4.676,11.32,3.34,,,,,,,,,,,,,18.386
3901,4.279,4.676,11.32,3.339,,,,,,,,,,,,,19.988
3902,4.279,4.676,11.32,3.34,,,,,,,,,,,,,20.228
3903,4.279,4.676,11.32,3.339,,,,,,,,,,,,,22.54
3904,4.279,4.676,11.32,3.339,,,,,,,,,,,,,17.151
3905,4.279,4.676,11.32,3.34,,,,,,,,,,,,,21.505
3906,4.279,4.676,11.32,3.34,,,,,,,,,,,,,18.663
3907,4.279,4.676,11.32,3.34,,,,,,,,,,,,,21.889
3908,4.279,4.676,11.32,3.34,,,,,,,,,,,,,23.616
3909,4.279,4.676,11.32,3.34,,,,,,,,,,,,,14.465
3910,4.279,4.676,11.32,3.34,,,,,,,,,,,,,42.191
3911,4.279,4.676,11.32,3.339,,,,,,,,,,,,,3.972
3912,4.279,4.676,11.32,3.339,,,,,,,,,,,,,14.967
3913,4.279,4.676,11.32,3.34,,,,,,,,,,,,,18.841
3914,4.279,4.676,11.32,3.34,,,,,,,,,,,,,20.311
3915,4.279,4.676,11.32,3.34,,,,,,,,,,,,,19.942
3916,4.279,4.676,11.32,3.34,,,,,,,,,,,,,20.272
3917,4.279,4.676,11.32,3.34,,,,,,,,,,,,,19.525
3918,4.279,4.676,11.32,3.34,,,,,,,,,,,,,19.905
3919,4.279,4.676,11.32,3.34,,,,,,,,,,,,,21.795
3920,4.279,4.676,11.32,3.34,,,,,,,,,,,,,18.389
3923,4.279,4.676,11.32,3.34,,,,,,,,,,,,,19.992
3924,4.279,4.676,11.32,3.339,,,,,,,,,,,,,21.98
3925,4.279,4.676,11.32,3.34,,,,,,,,,,,,,19.063
3926,4.279,4.676,11.32,3.34,,,,,,,,,,,,,19.38
3927,4.279,4.676,11.32,3.34,,,,,,,,,,,,,20.473
3928,4.279,4.676,11.32,3.34,,,,,,,,,,,,,19.518
3929,4.279,4.676,11.32,3.34,,,,,,,,,,,,,19.644
3930,4.279,4.676,11.32,3.34,,,,,,,,,,,,,24.365
3931,4.279,4.676,11.32,3.34,,,,,,,,,,,,,15.681
3932,4.279,4.676,11.32,3.34,,,,,,,,,,,,,19.845
3933,4.279,4.676,11.32,3.34,,,,,,,,,,,,,23.41
3934,4.279,4.676,11.32,3.34,,,,,,,,,,,,,17.068
3935,4.279,4.676,11.32,3.34,,,,,,,,,,,,,25.373
3936,4.279,4.676,11.32,3.34,,,,,,,,,,,,,14.814
3937,4.279,4.676,11.32,3.34,,,,,,,,,,,,,20.228
3938,4.279,4.676,11.32,3.34,,,,,,,,,,,,,19.581
3939,4.279,4.676,11.32,3.34,,,,,,,,,,,,,19.858
3940,4.279,4.676,11.32,3.34,,,,,,,,,,,,,29.813
3942,4.279,4.676,11.32,3.34,,,,,,,,,,,,,19.766
3943,4.279,4.676,11.32,3.34,,,,,,,,,,,,,21.245
3944,4.279,4.676,11.32,3.34,,,,,,,,,,,,,18.65
3945,4.279,4.676,11.32,3.34,,,,,,,,,,,,,19.695
3946,4.279,4.676,11.32,3.34,,,,,,,,,,,,,20.483
3947,4.279,4.676,11.32,3.34,,,,,,,,,,,,,31.683
3949,4.279,4.676,11.32,3.34,,,,,,,,,,,,,21.339
3950,4.279,4.675,11.32,3.34,,,,,,,,,,,,,18.615
3951,4.279,4.676,11.32,3.34,,,,,,,,,,,,,22.019
3952,4.279,4.676,11.32,3.34,,,,,,,,,,,,,17.631
3954,4.279,4.676,11.32,3.34,,,,,,,,,,,,,21.09
3955,4.279,4.676,11.32,3.34,,,,,,,,,,,,,14.296
3956,4.279,4.676,11.32,3.34,,,,,,,,,,,,,20.252
3957,4.279,4.676,11.32,3.34,,,,,,,,,,,,,20.474
3958,4.279,4.676,11.32,3.34,,,,,,,,,,,,,19.558
3959,4.279,4.676,11.32,3.34,,,,,,,,,,,,,19.863
3961,4.279,4.676,11.32,3.34,,,,,,,,,,,,,20.753
3962,4.279,4.676,11.32,3.34,,,,,,,,,,,,,19.953
3963,4.279,4.676,11.32,3.34,,,,,,,,,,,,,19.46
3964,4.279,4.676,11.32,3.34,,,,,,,,,,,,,20.513
3967,4.279,4.676,11.32,3.34,,,,,,,,,,,,,18.446
3968,4.279,4.676,11.32,3.34,,,,,,,,,,,,,19.503
3969,4.279,4.676,11.32,3.34,,,,,,,,,,,,,20.167
3970,4.279,4.676,11.32,3.34,,,,,,,,,,,,,19.783
3971,4.279,4.676,11.32,3.34,,,,,,,,,,,,,28.643
3972,4.279,4.676,11.32,3.34,,,,,,,,,,,,,13.583
3973,4.279,4.675,11.32,3.34,,,,,,,,,,,,,19.685
3974,4.279,4.676,11.32,3.34,,,,,,,,,,,,,23.302
3975,4.279,4.676,11.32,3.34,,,,,,,,,,,,,34.64
3976,4.279,4.676,11.32,3.34,,,,,,,,,,,,,4.661
3977,4.279,4.676,11.32,3.34,,,,,,,,,,,,,15.441
3978,4.279,4.676,11.32,3.34,,,,,,,,,,,,,20.242
3979,4.279,4.676,11.32,3.34,,,,,,,,,,,,,19.974
3980,4.279,4.676,11.32,3.34,,,,,,,,,,,,,19.972
3981,4.279,4.676,11.32,3.34,,,,,,,,,,,,,19.985
3982,4.279,4.676,11.32,3.34,,,,,,,,,,,,,21.498
3984,4.279,4.676,11.32,3.34,,,,,,,,,,,,,19.294
3985,4.279,4.676,11.32,3.34,,,,,,,,,,,,,15.914
3986,4.279,4.676,11.32,3.34,,,,,,,,,,,,,19.817
3987,4.279,4.676,11.32,3.34,,,,,,,,,,,,,29.261
3991,4.279,4.676,11.32,3.34,,,,,,,,,,,,,17.662
3992,4.279,4.676,11.32,3.34,,,,,,,,,,,,,20.486
3993,4.279,4.676,11.32,3.34,,,,,,,,,,,,,19.507
3995,4.279,4.676,11.32,3.34,,,,,,,,,,,,,19.733
3996,4.279,4.676,11.32,3.34,,,,,,,,,,,,,19.828
3997,4.279,4.676,11.32,3.34,,,,,,,,,,,,,20.678
3998,4.279,4.676,11.32,3.34,,,,,,,,,,,,,21.256
3999,4.279,4.676,11.32,3.34,,,,,,,,,,,,,18.17
4002,4.279,4.676,11.32,3.34,,,,,,,,,,,,,232.427
4003,4.279,4.676,11.32,3.34,,,,,,,,,,,,,1.423
4004,4.279,4.676,11.32,3.34,,,,,,,,,,,,,0.804
4005,4.279,4.675,11.32,3.339,,,,,,,,,,,,,0.686
4006,4.279,4.675,11.32,3.34,,,,,,,,,,,,,0.664
4007,4.279,4.676,11.32,3.339,,,,,,,,,,,,,0.661
4008,4.279,4.676,11.32,3.339,,,,,,,,,,,,,0.735
4009,4.279,4.676,11.32,3.34,,,,,,,,,,,,,0.991
4010,4.279,4.676,11.32,3.34,,,,,,,,,,,,,1.488
4011,4.279,4.676,11.32,3.34,,,,,,,,,,,,,1.224
4012,4.279,4.676,11.32,3.34,,,,,,,,,,,,,0.87
4013,4.279,4.676,11.32,3.34,,,,,,,,,,,,,186.36
4014,4.279,4.676,11.32,3.34,,,,,,,,,,,,,1.311
4015,4.279,4.676,11.32,3.34,,,,,,,,,,,,,0.757
4016,4.279,4.676,11.32,3.34,,,,,,,,,,,,,0.686
4017,4.279,4.676,11.32,3.34,,,,,,,,,,,,,0.665
4018,4.279,4.676,11.32,3.34,,,,,,,,,,,,,0.658
4019,4.279,4.675,11.32,3.34,,,,,,,,,,,,,0.669
4020,4.279,4.676,11.32,3.34,,,,,,,,,,,,,0.852
4021,4.279,4.676,11.32,3.34,,,,,,,,,,,,,1.258
4022,4.279,4.676,11.32,3.34,,,,,,,,,,,,,0.931
4023,4.279,4.676,11.32,3.34,,,,,,,,,,,,,4.592
4024,4.279,4.676,11.32,3.34,,,,,,,,,,,,,19.024
4026,4.279,4.676,11.32,3.34,,,,,,,,,,,,,154.409
4027,4.279,4.676,11.32,3.34,,,,,,,,,,,,,1.445
4028,4.279,4.676,11.32,3.34,,,,,,,,,,,,,0.753
4029,4.279,4.676,11.32,3.34,,,,,,,,,,,,,0.667
4030,4.279,4.676,11.32,3.34,,,,,,,,,,,,,0.688
4031,4.279,4.676,11.32,3.34,,,,,,,,,,,,,0.645
4032,4.279,4.676,11.32,3.34,,,,,,,,,,,,,0.686
4034,4.279,4.676,11.32,3.34,,,,,,,,,,,,,21.098
4037,4.279,4.676,11.32,3.34,,,,,,,,,,,,,28.056
4038,4.279,4.676,11.32,3.34,,,,,,,,,,,,,120.176
4039,4.279,4.676,11.32,3.34,,,,,,,,,,,,,1.517
4040,4.279,4.676,11.32,3.34,,,,,,,,,,,,,0.789
4042,4.279,4.676,11.32,3.34,,,,,,,,,,,,,0.118
4043,4.279,4.676,11.32,3.34,,,,,,,,,,,,,1.053
4046,4.279,4.676,11.32,3.34,,,,,,,,,,,,,20.213
4047,4.279,4.676,11.32,3.34,,,,,,,,,,,,,20.234
4048,4.279,4.676,11.32,3.34,,,,,,,,,,,,,21.262
4049,4.279,4.676,11.32,3.34,,,,,,,,,,,,,18.513
4050,4.279,4.675,11.32,3.34,,,,,,,,,,,,,185.74
4051,4.279,4.675,11.32,3.339,,,,,,,,,,,,,1.353
4052,4.279,4.675,11.32,3.34,,,,,,,,,,,,,0.94
4053,4.279,4.676,11.32,3.339,,,,,,,,,,,,,0.855
4054,4.279,4.676,11.32,3.339,,,,,,,,,,,,,0.784
4055,4.279,4.675,11.32,3.339,,,,,,,,,,,,,0.737
4056,4.279,4.675,11.32,3.34,,,,,,,,,,,,,0.754
4057,4.279,4.676,11.32,3.34,,,,,,,,,,,,,0.741
4060,4.279,4.676,11.32,3.34,,,,,,,,,,,,,20.934
4061,4.279,4.676,11.32,3.339,,,,,,,,,,,,,18.074
4062,4.279,4.676,11.32,3.339,,,,,,,,,,,,,152.018
4063,4.279,4.676,11.32,3.34,,,,,,,,,,,,,1.5
4065,4.279,4.676,11.32,3.34,,,,,,,,,,,,,0.124
4066,4.279,4.676,11.32,3.34,,,,,,,,,,,,,0.711
4067,4.279,4.676,11.32,3.34,,,,,,,,,,,,,0.757
4068,4.279,4.676,11.32,3.34,,,,,,,,,,,,,0.77
4069,4.279,4.676,11.32,3.34,,,,,,,,,,,,,4.048
4070,4.279,4.676,11.32,3.34,,,,,,,,,,,,,49.506
4071,4.279,4.676,11.32,3.34,,,,,,,,,,,,,4.716
4072,4.279,4.676,11.32,3.34,,,,,,,,,,,,,6.325
4073,4.279,4.676,11.32,3.34,,,,,,,,,,,,,18.908
4074,4.279,4.676,11.32,3.34,,,,,,,,,,,,,217.986
4075,4.279,4.676,11.32,3.34,,,,,,,,,,,,,1.495
4077,4.279,4.676,11.32,3.34,,,,,,,,,,,,,0.101
4078,4.279,4.676,11.32,3.34,,,,,,,,,,,,,0.651
4079,4.279,4.676,11.32,3.34,,,,,,,,,,,,,0.639
4080,4.279,4.676,11.32,3.34,,,,,,,,,,,,,0.64
4081,4.279,4.676,11.32,3.34,,,,,,,,,,,,,0.633
4082,4.279,4.676,11.32,3.339,,,,,,,,,,,,,0.631
4083,4.279,4.676,11.32,3.34,,,,,,,,,,,,,0.662
4084,4.279,4.676,11.32,3.339,,,,,,,,,,,,,1.091
4085,4.279,4.675,11.32,3.339,,,,,,,,,,,,,14.645
4086,4.278,4.675,11.32,3.337,,,,,,,,,,,,,182.798
4087,4.278,4.675,11.32,3.341,,,,,,,,,,,,,1.451
4088,4.28,4.676,11.32,3.342,,,,,,,,,,,,,1.174
4089,4.279,4.675,11.32,3.342,,,,,,,,,,,,,1.177
4090,4.279,4.675,11.32,3.34,,,,,,,,,,,,,0.761
4092,4.279,4.676,11.32,3.341,,,,,,,,,,,,,0.153
4093,4.279,4.676,11.32,3.341,,,,,,,,,,,,,1.141
4094,4.28,4.676,11.32,3.342,,,,,,,,,,,,,0.917
4095,4.28,4.676,11.32,3.338,,,,,,,,,,,,,11.865
4096,4.279,4.675,11.32,3.338,,,,,,,,,,,,,19.079
4097,4.279,4.675,11.32,3.338,,,,,,,,,,,,,144.359
4098,4.279,4.675,11.32,3.341,,,,,,,,,,,,,4.119
4099,4.279,4.676,11.32,3.341,,,,,,,,,,,,,1.318
4100,4.279,4.676,11.32,3.341,,,,,,,,,,,,,0.905
4101,4.279,4.675,11.32,3.338,,,,,,,,,,,,,0.722
4102,4.279,4.675,11.32,3.338,,,,,,,,,,,,,1.255
4103,4.279,4.676,11.32,3.34,,,,,,,,,,,,,1.093
4106,4.279,4.676,11.32,3.338,,,,,,,,,,,,,18.382
4107,4.279,4.676,11.32,3.339,,,,,,,,,,,,,20.166
4108,4.279,4.676,11.32,3.339,,,,,,,,,,,,,19.8
4109,4.279,4.676,11.32,3.34,,,,,,,,,,,,,19.882
4110,4.279,4.676,11.32,3.339,,,,,,,,,,,,,372.203
4111,4.279,4.676,11.32,3.339,,,,,,,,,,,,,1.467
4112,4.279,4.676,11.32,3.339,,,,,,,,,,,,,0.712
4113,4.279,4.676,11.32,3.339,,,,,,,,,,,,,0.693
4114,4.279,4.676,11.32,3.339,,,,,,,,,,,,,0.685
4115,4.279,4.676,11.32,3.339,,,,,,,,,,,,,0.687
4116,4.279,4.676,11.32,3.339,,,,,,,,,,,,,0.91
4117,4.279,4.676,11.32,3.339,,,,,,,,,,,,,0.865
4118,4.279,4.676,11.32,3.339,,,,,,,,,,,,,0.837
4119,4.279,4.676,11.32,3.339,,,,,,,,,,,,,0.974
4120,4.279,4.676,11.32,3.339,,,,,,,,,,,,,0.765
4121,4.279,4.676,11.32,3.339,,,,,,,,,,,,,0.716
4123,4.279,4.676,11.32,3.339,,,,,,,,,,,,,0.204
4124,4.279,4.676,11.32,3.339,,,,,,,,,,,,,1.081
4125,4.279,4.676,11.32,3.339,,,,,,,,,,,,,0.836
4126,4.279,4.676,11.32,3.339,,,,,,,,,,,,,0.683
4127,4.279,4.676,11.32,3.339,,,,,,,,,,,,,0.649
4128,4.279,4.675,11.32,3.339,,,,,,,,,,,,,0.666
4129,4.279,4.675,11.32,3.34,,,,,,,,,,,,,13.942
4130,4.279,4.676,11.32,3.339,,,,,,,,,,,,,22.257
4131,4.279,4.676,11.32,3.339,,,,,,,,,,,,,17.643
4132,4.279,4.676,11.32,3.339,,,,,,,,,,,,,20.133
4134,4.279,4.676,11.32,3.339,,,,,,,,,,,,,131.6
4135,4.279,4.675,11.32,3.339,,,,,,,,,,,,,4.584
4136,4.279,4.676,11.32,3.339,,,,,,,,,,,,,1.022
4137,4.279,4.676,11.32,3.339,,,,,,,,,,,,,0.789
4138,4.279,4.676,11.32,3.34,,,,,,,,,,,,,0.741
4139,4.279,4.676,11.32,3.34,,,,,,,,,,,,,1.029
4140,4.279,4.676,11.32,3.339,,,,,,,,,,,,,1.777
4141,4.279,4.676,11.32,3.339,,,,,,,,,,,,,21.497
4142,4.279,4.676,11.32,3.34,,,,,,,,,,,,,17.174
4143,4.279,4.676,11.32,3.34,,,,,,,,,,,,,19.798
4144,4.279,4.676,11.32,3.339,,,,,,,,,,,,,21.44
4145,4.279,4.676,11.32,3.339,,,,,,,,,,,,,18.685
4146,4.279,4.676,11.32,3.339,,,,,,,,,,,,,138.419
4147,4.279,4.676,11.32,3.339,,,,,,,,,,,,,4.905
4148,4.279,4.676,11.32,3.339,,,,,,,,,,,,,1.245
4149,4.279,4.676,11.32,3.339,,,,,,,,,,,,,1.165
4152,4.279,4.675,11.32,3.339,,,,,,,,,,,,,0.101
4153,4.279,4.676,11.32,3.339,,,,,,,,,,,,,12.874
4154,4.279,4.676,11.32,3.339,,,,,,,,,,,,,20.967
4155,4.279,4.676,11.32,3.339,,,,,,,,,,,,,18.977
4156,4.279,4.676,11.32,3.339,,,,,,,,,,,,,19.998
4157,4.279,4.676,11.32,3.339,,,,,,,,,,,,,23.71
4158,4.279,4.676,11.32,3.339,,,,,,,,,,,,,122.382
4159,4.279,4.676,11.32,3.339,,,,,,,,,,,,,1.244
4160,4.279,4.676,11.32,3.339,,,,,,,,,,,,,0.781
4161,4.279,4.676,11.32,3.339,,,,,,,,,,,,,0.681
4162,4.279,4.675,11.32,3.339,,,,,,,,,,,,,0.644
4163,4.279,4.676,11.32,3.339,,,,,,,,,,,,,0.633
4165,4.279,4.676,11.32,3.339,,,,,,,,,,,,,28.14
4166,4.279,4.675,11.32,3.339,,,,,,,,,,,,,13.853
4167,4.279,4.675,11.32,3.339,,,,,,,,,,,,,18.001
4168,4.279,4.676,11.32,3.339,,,,,,,,,,,,,20.223
4169,4.279,4.676,11.32,3.339,,,,,,,,,,,,,20.073
4170,4.279,4.676,11.32,3.339,,,,,,,,,,,,,19.99
4171,4.279,4.676,11.32,3.339,,,,,,,,,,,,,224.934
4173,4.279,4.676,11.32,3.339,,,,,,,,,,,,,0.109
4174,4.279,4.675,11.32,3.339,,,,,,,,,,,,,0.718
4175,4.279,4.675,11.32,3.339,,,,,,,,,,,,,0.686
4176,4.279,4.676,11.32,3.339,,,,,,,,,,,,,0.671
4179,4.279,4.676,11.32,3.339,,,,,,,,,,,,,0.106
4180,4.279,4.676,11.32,3.339,,,,,,,,,,,,,0.733
4181,4.279,4.676,11.32,3.339,,,,,,,,,,,,,0.986
4182,4.279,4.675,11.32,3.339,,,,,,,,,,,,,200.985
4183,4.279,4.675,11.32,3.339,,,,,,,,,,,,,1.44
4184,4.279,4.676,11.32,3.339,,,,,,,,,,,,,0.723
4185,4.279,4.675,11.32,3.339,,,,,,,,,,,,,1.045
4186,4.279,4.676,11.32,3.339,,,,,,,,,,,,,0.686
4187,4.279,4.676,11.32,3.339,,,,,,,,,,,,,0.659
4188,4.279,4.676,11.32,3.339,,,,,,,,,,,,,0.635
4189,4.279,4.676,11.32,3.339,,,,,,,,,,,,,0.668
4190,4.279,4.676,11.32,3.339,,,,,,,,,,,,,1.089
4191,4.279,4.676,11.32,3.339,,,,,,,,,,,,,1.011
4192,4.279,4.676,11.32,3.339,,,,,,,,,,,,,1.013
4193,4.279,4.676,11.32,3.339,,,,,,,,,,,,,19.089
4194,4.279,4.676,11.32,3.339,,,,,,,,,,,,,142.697
4195,4.279,4.676,11.32,3.339,,,,,,,,,,,,,4.049
4196,4.279,4.676,11.32,3.339,,,,,,,,,,,,,1.134
4197,4.279,4.676,11.32,3.339,,,,,,,,,,,,,0.816
4198,4.279,4.676,11.32,3.339,,,,,,,,,,,,,0.683
4199,4.279,4.676,11.32,3.339,,,,,,,,,,,,,0.779
4200,4.279,4.676,11.32,3.339,,,,,,,,,,,,,0.712
4201,4.279,4.676,11.32,3.339,,,,,,,,,,,,,16.133
4202,4.279,4.676,11.32,3.339,,,,,,,,,,,,,13.948
4203,4.279,4.676,11.32,3.339,,,,,,,,,,,,,20.014
4204,4.279,4.676,11.32,3.339,,,,,,,,,,,,,23.448
4205,4.279,4.676,11.32,3.339,,,,,,,,,,,,,16.058
4206,4.279,4.676,11.32,3.339,,,,,,,,,,,,,151.311
4207,4.279,4.676,11.32,3.339,,,,,,,,,,,,,4.051
4208,4.279,4.676,11.32,3.339,,,,,,,,,,,,,1.401
4209,4.279,4.676,11.32,3.339,,,,,,,,,,,,,0.992
4210,4.279,4.676,11.32,3.339,,,,,,,,,,,,,0.826
4211,4.279,4.676,11.32,3.339,,,,,,,,,,,,,1.109
4212,4.279,4.676,11.32,3.339,,,,,,,,,,,,,0.842
4213,4.279,4.676,11.32,3.339,,,,,,,,,,,,,2.654
4214,4.279,4.676,11.32,3.339,,,,,,,,,,,,,16.855
4216,4.279,4.676,11.32,3.339,,,,,,,,,,,,,19.608
4217,4.279,4.676,11.32,3.339,,,,,,,,,,,,,25.235
4218,4.279,4.676,11.32,3.339,,,,,,,,,,,,,14.884
4219,4.279,4.676,11.32,3.339,,,,,,,,,,,,,183.356
4220,4.279,4.675,11.32,3.339,,,,,,,,,,,,,1.312
4221,4.279,4.675,11.32,3.339,,,,,,,,,,,,,0.824
4222,4.279,4.676,11.32,3.339,,,,,,,,,,,,,0.715
4223,4.279,4.676,11.32,3.339,,,,,,,,,,,,,1.084
4224,4.279,4.676,11.32,3.339,,,,,,,,,,,,,0.843
4225,4.279,4.676,11.32,3.339,,,,,,,,,,,,,0.767
4226,4.279,4.676,11.32,3.339,,,,,,,,,,,,,1.017
4227,4.279,4.676,11.32,3.339,,,,,,,,,,,,,1.882
4228,4.279,4.676,11.32,3.339,,,,,,,,,,,,,10.04
4230,4.279,4.676,11.32,3.339,,,,,,,,,,,,,142.923
4231,4.279,4.676,11.32,3.339,,,,,,,,,,,,,4.461
4232,4.279,4.676,11.32,3.339,,,,,,,,,,,,,1.25
4233,4.279,4.676,11.32,3.339,,,,,,,,,,,,,1.133
4235,4.279,4.676,11.32,3.339,,,,,,,,,,,,,0.109
4236,4.279,4.676,11.32,3.339,,,,,,,,,,,,,0.676
4237,4.279,4.676,11.32,3.339,,,,,,,,,,,,,9.102
4239,4.279,4.676,11.32,3.339,,,,,,,,,,,,,20.761
4240,4.279,4.676,11.32,3.339,,,,,,,,,,,,,22.629
4241,4.279,4.676,11.32,3.339,,,,,,,,,,,,,17.401
4243,4.279,4.676,11.32,3.339,,,,,,,,,,,,,219.12
4244,4.279,4.676,11.32,3.339,,,,,,,,,,,,,1.575
4246,4.279,4.676,11.32,3.339,,,,,,,,,,,,,0.208
4247,4.279,4.676,11.32,3.339,,,,,,,,,,,,,1.034
4248,4.279,4.676,11.32,3.339,,,,,,,,,,,,,0.813
4249,4.279,4.676,11.32,3.339,,,,,,,,,,,,,0.781
4250,4.279,4.676,11.32,3.339,,,,,,,,,,,,,0.8
4251,4.279,4.676,11.32,3.339,,,,,,,,,,,,,0.906
4252,4.279,4.676,11.32,3.339,,,,,,,,,,,,,1.062
4253,4.279,4.676,11.32,3.339,,,,,,,,,,,,,1.125
4254,4.279,4.675,11.32,3.339,,,,,,,,,,,,,11.808
4255,4.279,4.676,11.32,3.339,,,,,,,,,,,,,179.095
4256,4.279,4.676,11.32,3.339,,,,,,,,,,,,,1.515
4257,4.279,4.676,11.32,3.339,,,,,,,,,,,,,0.788
4258,4.279,4.676,11.32,3.339,,,,,,,,,,,,,0.748
4259,4.279,4.676,11.32,3.339,,,,,,,,,,,,,0.713
4260,4.279,4.676,11.32,3.339,,,,,,,,,,,,,0.88
4261,4.279,4.676,11.32,3.339,,,,,,,,,,,,,0.708
4262,4.279,4.676,11.32,3.339,,,,,,,,,,,,,0.892
4263,4.279,4.676,11.32,3.339,,,,,,,,,,,,,1.295
4264,4.279,4.676,11.32,3.339,,,,,,,,,,,,,13.459
4265,4.279,4.676,11.32,3.339,,,,,,,,,,,,,19.71
4266,4.279,4.675,11.32,3.339,,,,,,,,,,,,,142.995
4267,4.279,4.675,11.32,3.339,,,,,,,,,,,,,8.575
4268,4.279,4.676,11.32,3.339,,,,,,,,,,,,,1.183
4269,4.279,4.676,11.32,3.339,,,,,,,,,,,,,0.923
4270,4.279,4.676,11.32,3.339,,,,,,,,,,,,,0.767
4271,4.279,4.676,11.32,3.339,,,,,,,,,,,,,0.675
4272,4.279,4.676,11.32,3.339,,,,,,,,,,,,,0.657
4273,4.279,4.676,11.32,3.339,,,,,,,,,,,,,4.015
4274,4.279,4.676,11.32,3.339,,,,,,,,,,,,,20.591
4275,4.279,4.676,11.32,3.339,,,,,,,,,,,,,19.855
4276,4.279,4.676,11.32,3.339,,,,,,,,,,,,,20.065
4277,4.279,4.676,11.32,3.339,,,,,,,,,,,,,19.894
4278,4.279,4.676,11.32,3.339,,,,,,,,,,,,,19.954
4279,4.279,4.676,11.32,3.339,,,,,,,,,,,,,214.831
4280,4.279,4.676,11.32,3.339,,,,,,,,,,,,,1.527
4281,4.279,4.676,11.32,3.339,,,,,,,,,,,,,1.407
4282,4.279,4.675,11.32,3.339,,,,,,,,,,,,,1.415
4283,4.279,4.675,11.32,3.339,,,,,,,,,,,,,1.901
4284,4.279,4.676,11.32,3.339,,,,,,,,,,,,,1.823
4285,4.279,4.676,11.32,3.339,,,,,,,,,,,,,1.821
4286,4.279,4.676,11.32,3.339,,,,,,,,,,,,,1.7
4287,4.279,4.676,11.32,3.339,,,,,,,,,,,,,1.662
4288,4.279,4.676,11.32,3.339,,,,,,,,,,,,,1.547
4289,4.279,4.676,11.32,3.339,,,,,,,,,,,,,3.873
4290,4.279,4.676,11.32,3.339,,,,,,,,,,,,,9.253
4291,4.279,4.676,11.32,3.339,,,,,,,,,,,,,174.393
4293,4.279,4.675,11.32,3.339,,,,,,,,,,,,,0.141
4294,4.279,4.675,11.32,3.339,,,,,,,,,,,,,1.11
4295,4.279,4.676,11.32,3.339,,,,,,,,,,,,,0.889
4298,4.279,4.676,11.32,3.339,,,,,,,,,,,,,0.081
4299,4.279,4.676,11.32,3.339,,,,,,,,,,,,,1.208
4300,4.279,4.676,11.32,3.339,,,,,,,,,,,,,18.561
4301,4.279,4.676,11.32,3.339,,,,,,,,,,,,,44.787
4302,4.279,4.676,11.32,3.339,,,,,,,,,,,,,143.556
4304,4.279,4.676,11.32,3.339,,,,,,,,,,,,,0.148
4305,4.279,4.676,11.32,3.339,,,,,,,,,,,,,0.813
4306,4.279,4.676,11.32,3.339,,,,,,,,,,,,,0.76
4308,4.279,4.676,11.32,3.339,,,,,,,,,,,,,0.12
4309,4.279,4.676,11.32,3.339,,,,,,,,,,,,,1.063
4310,4.279,4.676,11.32,3.339,,,,,,,,,,,,,8.258
4311,4.279,4.676,11.32,3.339,,,,,,,,,,,,,17.847
4312,4.279,4.676,11.32,3.339,,,,,,,,,,,,,20.018
4313,4.279,4.676,11.32,3.339,,,,,,,,,,,,,19.976
4314,4.279,4.676,11.32,3.339,,,,,,,,,,,,,20.206
4315,4.279,4.676,11.32,3.339,,,,,,,,,,,,,20.226
4316,4.279,4.675,11.32,3.339,,,,,,,,,,,,,21.619
4317,4.279,4.676,11.32,3.339,,,,,,,,,,,,,18.161
4318,4.279,4.676,11.32,3.339,,,,,,,,,,,,,19.897
4320,4.279,4.676,11.32,3.339,,,,,,,,,,,,,19.751
4321,4.279,4.676,11.32,3.339,,,,,,,,,,,,,19.945
4322,4.279,4.676,11.32,3.339,,,,,,,,,,,,,21.96
4323,4.279,4.676,11.32,3.339,,,,,,,,,,,,,18.243
4324,4.279,4.675,11.32,3.339,,,,,,,,,,,,,20.128
4325,4.279,4.675,11.32,3.339,,,,,,,,,,,,,20.091
4326,4.279,4.676,11.32,3.339,,,,,,,,,,,,,20.974
4327,4.279,4.676,11.32,3.339,,,,,,,,,,,,,25.235
4328,4.279,4.676,11.32,3.339,,,,,,,,,,,,,17.734
4329,4.279,4.676,11.32,3.339,,,,,,,,,,,,,17.897
4333,4.279,4.676,11.32,3.339,,,,,,,,,,,,,45.295
4334,4.279,4.676,11.32,3.339,,,,,,,,,,,,,5.261
4337,4.279,4.676,11.32,3.339,,,,,,,,,,,,,20.251
4339,4.279,4.676,11.32,3.339,,,,,,,,,,,,,17.397
4340,4.279,4.676,11.32,3.339,,,,,,,,,,,,,19.772
4341,4.279,4.676,11.32,3.339,,,,,,,,,,,,,19.941
4342,4.279,4.676,11.32,3.339,,,,,,,,,,,,,19.946
4343,4.279,4.676,11.32,3.339,,,,,,,,,,,,,23.32
4344,4.279,4.676,11.32,3.339,,,,,,,,,,,,,18.338
4345,4.279,4.676,11.32,3.339,,,,,,,,,,,,,19.525
4346,4.279,4.676,11.32,3.339,,,,,,,,,,,,,19.868
4347,4.279,4.676,11.32,3.339,,,,,,,,,,,,,23.04
4348,4.279,4.676,11.32,3.339,,,,,,,,,,,,,22.979
4349,4.279,4.676,11.32,3.339,,,,,,,,,,,,,14.5
4350,4.279,4.676,11.32,3.339,,,,,,,,,,,,,19.9
4351,4.279,4.676,11.32,3.339,,,,,,,,,,,,,18.686
4352,4.279,4.676,11.32,3.34,,,,,,,,,,,,,24.364
4353,4.279,4.676,11.32,3.339,,,,,,,,,,,,,25.019
4356,4.279,4.676,11.32,3.34,,,,,,,,,,,,,19.91
4358,4.279,4.676,11.32,3.34,,,,,,,,,,,,,19.983
4359,4.279,4.676,11.32,3.339,,,,,,,,,,,,,21.517
4360,4.279,4.676,11.32,3.339,,,,,,,,,,,,,18.675
4361,4.279,4.676,11.32,3.34,,,,,,,,,,,,,19.95
4362,4.279,4.676,11.32,3.34,,,,,,,,,,,,,20.014
4363,4.279,4.676,11.32,3.339,,,,,,,,,,,,,19.929
4364,4.279,4.676,11.32,3.339,,,,,,,,,,,,,20.098
4365,4.279,4.676,11.32,3.339,,,,,,,,,,,,,37.684
4366,4.279,4.676,11.32,3.339,,,,,,,,,,,,,4.069
4367,4.279,4.676,11.32,3.339,,,,,,,,,,,,,18.015
4369,4.279,4.676,11.32,3.339,,,,,,,,,,,,,22.922
4370,4.279,4.676,11.32,3.339,,,,,,,,,,,,,17.88
4371,4.279,4.676,11.32,3.339,,,,,,,,,,,,,19.442
4373,4.279,4.676,11.32,3.339,,,,,,,,,,,,,19.719
4374,4.279,4.676,11.32,3.339,,,,,,,,,,,,,23.874
4375,4.279,4.676,11.32,3.339,,,,,,,,,,,,,16.208
4376,4.279,4.676,11.32,3.339,,,,,,,,,,,,,19.883
4377,4.279,4.676,11.32,3.339,,,,,,,,,,,,,20.181
4378,4.279,4.676,11.32,3.339,,,,,,,,,,,,,24.073
4379,4.279,4.676,11.32,3.339,,,,,,,,,,,,,15.894
4380,4.279,4.676,11.32,3.339,,,,,,,,,,,,,19.914
4381,4.279,4.676,11.32,3.339,,,,,,,,,,,,,19.978
4382,4.279,4.676,11.32,3.339,,,,,,,,,,,,,19.948
4384,4.279,4.676,11.32,3.339,,,,,,,,,,,,,18.479
4385,4.279,4.676,11.32,3.339,,,,,,,,,,,,,20.115
4386,4.279,4.676,11.32,3.339,,,,,,,,,,,,,19.528
4387,4.279,4.676,11.32,3.339,,,,,,,,,,,,,22.026
4389,4.279,4.675,11.32,3.339,,,,,,,,,,,,,20.276
4390,4.279,4.676,11.32,3.339,,,,,,,,,,,,,20.239
4391,4.279,4.676,11.32,3.339,,,,,,,,,,,,,18.959
4392,4.279,4.676,11.32,3.339,,,,,,,,,,,,,19.821
4393,4.279,4.676,11.32,3.339,,,,,,,,,,,,,19.819
4394,4.279,4.676,11.32,3.339,,,,,,,,,,,,,20.389
4395,4.279,4.676,11.32,3.339,,,,,,,,,,,,,21.759
4396,4.279,4.676,11.32,3.339,,,,,,,,,,,,,18.483
4397,4.279,4.676,11.32,3.339,,,,,,,,,,,,,19.526
4398,4.279,4.676,11.32,3.339,,,,,,,,,,,,,19.963
4399,4.279,4.676,11.32,3.339,,,,,,,,,,,,,22.732
4400,4.279,4.676,11.32,3.339,,,,,,,,,,,,,18.738
4401,4.279,4.676,11.32,3.339,,,,,,,,,,,,,41.909
4402,4.279,4.676,11.32,3.339,,,,,,,,,,,,,7.515
4403,4.279,4.676,11.32,3.339,,,,,,,,,,,,,10.491
4404,4.279,4.676,11.32,3.339,,,,,,,,,,,,,23.831
4405,4.279,4.676,11.32,3.339,,,,,,,,,,,,,15.897
4406,4.279,4.676,11.32,3.339,,,,,,,,,,,,,19.943
4407,4.279,4.676,11.32,3.339,,,,,,,,,,,,,19.959
4408,4.279,4.676,11.32,3.339,,,,,,,,,,,,,20.145
4409,4.279,4.676,11.32,3.339,,,,,,,,,,,,,21.564
4410,4.279,4.676,11.32,3.339,,,,,,,,,,,,,19.206
4411,4.279,4.676,11.32,3.339,,,,,,,,,,,,,19.277
4412,4.279,4.676,11.32,3.339,,,,,,,,,,,,,19.874
4413,4.279,4.676,11.32,3.339,,,,,,,,,,,,,20.513
4414,4.279,4.676,11.32,3.339,,,,,,,,,,,,,19.689
4415,4.279,4.676,11.32,3.339,,,,,,,,,,,,,19.931
4416,4.279,4.675,11.32,3.339,,,,,,,,,,,,,20.807
4417,4.279,4.676,11.32,3.339,,,,,,,,,,,,,18.933
4418,4.279,4.676,11.32,3.339,,,,,,,,,,,,,21.833
4419,4.279,4.676,11.32,3.339,,,,,,,,,,,,,19.383
4420,4.279,4.676,11.32,3.339,,,,,,,,,,,,,20.998
4421,4.279,4.676,11.32,3.339,,,,,,,,,,,,,18.013
4422,4.279,4.676,11.32,3.339,,,,,,,,,,,,,19.868
4423,4.279,4.676,11.32,3.339,,,,,,,,,,,,,22.808
4424,4.279,4.676,11.32,3.339,,,,,,,,,,,,,17.206
4425,4.279,4.676,11.32,3.339,,,,,,,,,,,,,20.022
4426,4.279,4.676,11.32,3.339,,,,,,,,,,,,,21.613
4429,4.279,4.676,11.32,3.339,,,,,,,,,,,,,12.644
4431,4.279,4.676,11.32,3.339,,,,,,,,,,,,,24.28
4432,4.279,4.676,11.32,3.339,,,,,,,,,,,,,15.594
4433,4.279,4.676,11.32,3.339,,,,,,,,,,,,,19.977
4434,4.279,4.676,11.32,3.339,,,,,,,,,,,,,20.028
4435,4.279,4.675,11.32,3.339,,,,,,,,,,,,,20.46
4436,4.279,4.676,11.32,3.339,,,,,,,,,,,,,25
4438,4.279,4.676,11.32,3.339,,,,,,,,,,,,,12.804
4439,4.279,4.676,11.32,3.339,,,,,,,,,,,,,19.687
4440,4.279,4.676,11.32,3.339,,,,,,,,,,,,,20.024
4442,4.279,4.676,11.32,3.339,,,,,,,,,,,,,19.67
4443,4.279,4.676,11.32,3.339,,,,,,,,,,,,,19.987
4444,4.279,4.676,11.32,3.339,,,,,,,,,,,,,21.52
4445,4.279,4.676,11.32,3.339,,,,,,,,,,,,,18.596
4446,4.279,4.676,11.32,3.339,,,,,,,,,,,,,19.952
4447,4.279,4.676,11.32,3.339,,,,,,,,,,,,,20.144
4448,4.279,4.676,11.32,3.339,,,,,,,,,,,,,19.628
4449,4.279,4.676,11.32,3.339,,,,,,,,,,,,,21.049
4450,4.279,4.676,11.32,3.339,,,,,,,,,,,,,19.115
4451,4.279,4.676,11.32,3.339,,,,,,,,,,,,,20.132
4452,4.279,4.676,11.32,3.339,,,,,,,,,,,,,19.939
4453,4.279,4.676,11.32,3.339,,,,,,,,,,,,,20.066
4454,4.279,4.676,11.32,3.339,,,,,,,,,,,,,21.539
4455,4.279,4.676,11.32,3.339,,,,,,,,,,,,,23.105
4456,4.279,4.676,11.32,3.339,,,,,,,,,,,,,15.19
4457,4.279,4.676,11.32,3.339,,,,,,,,,,,,,20.215
4458,4.279,4.676,11.32,3.339,,,,,,,,,,,,,19.234
4459,4.279,4.676,11.32,3.339,,,,,,,,,,,,,21.007
4460,4.279,4.676,11.32,3.339,,,,,,,,,,,,,19.702
4461,4.279,4.676,11.32,3.339,,,,,,,,,,,,,19.953
4462,4.279,4.676,11.32,3.339,,,,,,,,,,,,,41.481
4463,4.279,4.676,11.32,3.339,,,,,,,,,,,,,2.387
4464,4.279,4.676,11.32,3.339,,,,,,,,,,,,,16.083
4465,4.279,4.676,11.32,3.339,,,,,,,,,,,,,19.937
4469,4.279,4.676,11.32,3.339,,,,,,,,,,,,,21.358
4470,4.279,4.676,11.32,3.339,,,,,,,,,,,,,17.535
4471,4.279,4.676,11.32,3.339,,,,,,,,,,,,,22.292
4472,4.279,4.676,11.32,3.339,,,,,,,,,,,,,21.258
4473,4.279,4.676,11.32,3.339,,,,,,,,,,,,,17.019
4474,4.279,4.675,11.32,3.339,,,,,,,,,,,,,19.966
4475,4.279,4.675,11.32,3.339,,,,,,,,,,,,,19.596
4476,4.279,4.676,11.32,3.339,,,,,,,,,,,,,20.705
4477,4.279,4.676,11.32,3.339,,,,,,,,,,,,,19.096
4478,4.279,4.676,11.32,3.339,,,,,,,,,,,,,20.633
4479,4.279,4.676,11.32,3.339,,,,,,,,,,,,,19.555
4481,4.279,4.676,11.32,3.339,,,,,,,,,,,,,19.454
4482,4.279,4.676,11.32,3.339,,,,,,,,,,,,,19.913
4483,4.279,4.676,11.32,3.339,,,,,,,,,,,,,20.788
4484,4.279,4.676,11.32,3.339,,,,,,,,,,,,,19.394
4485,4.279,4.676,11.32,3.339,,,,,,,,,,,,,20.746
4486,4.279,4.676,11.32,3.339,,,,,,,,,,,,,19.233
4487,4.279,4.676,11.32,3.339,,,,,,,,,,,,,19.678
4488,4.279,4.676,11.32,3.339,,,,,,,,,,,,,25.769
4489,4.279,4.676,11.32,3.339,,,,,,,,,,,,,14.377
4490,4.279,4.676,11.32,3.339,,,,,,,,,,,,,20.029
4491,4.279,4.676,11.32,3.339,,,,,,,,,,,,,19.967
4493,4.279,4.676,11.32,3.339,,,,,,,,,,,,,20.074
4494,4.279,4.676,11.32,3.339,,,,,,,,,,,,,19.914
4495,4.279,4.676,11.32,3.339,,,,,,,,,,,,,20.442
4496,4.279,4.676,11.32,3.339,,,,,,,,,,,,,22.04
4497,4.279,4.676,11.32,3.339,,,,,,,,,,,,,37.613
4498,4.279,4.676,11.32,3.339,,,,,,,,,,,,,3.999
4499,4.279,4.676,11.32,3.339,,,,,,,,,,,,,16.084
4500,4.279,4.676,11.32,3.339,,,,,,,,,,,,,27.733
4501,4.279,4.676,11.32,3.339,,,,,,,,,,,,,17.219
4502,4.279,4.676,11.32,3.339,,,,,,,,,,,,,15.872
4503,4.279,4.676,11.32,3.339,,,,,,,,,,,,,22.91
4504,4.279,4.676,11.32,3.339,,,,,,,,,,,,,17.323
4505,4.279,4.676,11.32,3.339,,,,,,,,,,,,,21.206
4506,4.279,4.676,11.32,3.339,,,,,,,,,,,,,18.737
4507,4.279,4.676,11.32,3.339,,,,,,,,,,,,,19.927
4508,4.279,4.676,11.32,3.339,,,,,,,,,,,,,20.113
4509,4.279,4.676,11.32,3.339,,,,,,,,,,,,,19.808
4511,4.279,4.676,11.32,3.339,,,,,,,,,,,,,18.891
4512,4.279,4.676,11.32,3.339,,,,,,,,,,,,,17.645
4513,4.279,4.675,11.32,3.339,,,,,,,,,,,,,20.741
4514,4.279,4.675,11.32,3.339,,,,,,,,,,,,,19.182
4515,4.279,4.676,11.32,3.339,,,,,,,,,,,,,20.218
4516,4.279,4.676,11.32,3.339,,,,,,,,,,,,,25.222
4517,4.279,4.676,11.32,3.339,,,,,,,,,,,,,14.728
4518,4.279,4.676,11.32,3.339,,,,,,,,,,,,,20.128
4519,4.279,4.676,11.32,3.339,,,,,,,,,,,,,19.91
4520,4.279,4.676,11.32,3.339,,,,,,,,,,,,,20.593
4521,4.279,4.676,11.32,3.339,,,,,,,,,,,,,19.769
4522,4.279,4.676,11.32,3.339,,,,,,,,,,,,,19.451
4523,4.279,4.676,11.32,3.339,,,,,,,,,,,,,20.34
4524,4.279,4.676,11.32,3.339,,,,,,,,,,,,,19.848
4525,4.279,4.676,11.32,3.339,,,,,,,,,,,,,23.183
4526,4.279,4.676,11.32,3.339,,,,,,,,,,,,,42.795
4527,4.279,4.676,11.32,3.339,,,,,,,,,,,,,3.905
4528,4.279,4.676,11.32,3.339,,,,,,,,,,,,,10.162
4529,4.279,4.676,11.32,3.339,,,,,,,,,,,,,27.879
4530,4.279,4.676,11.32,3.339,,,,,,,,,,,,,12.062
4531,4.279,4.676,11.32,3.339,,,,,,,,,,,,,20.423
4532,4.279,4.676,11.32,3.339,,,,,,,,,,,,,20.87
4533,4.279,4.676,11.32,3.339,,,,,,,,,,,,,19.051
4535,4.279,4.676,11.32,3.339,,,,,,,,,,,,,19.2
4536,4.279,4.676,11.32,3.339,,,,,,,,,,,,,19.964
4537,4.279,4.676,11.32,3.339,,,,,,,,,,,,,24.42
4541,4.279,4.676,11.32,3.339,,,,,,,,,,,,,20.183
4542,4.279,4.676,11.32,3.339,,,,,,,,,,,,,19.745
4543,4.279,4.675,11.32,3.339,,,,,,,,,,,,,20.018
4544,4.279,4.676,11.32,3.339,,,,,,,,,,,,,19.966
4545,4.279,4.676,11.32,3.339,,,,,,,,,,,,,23.309
4546,4.279,4.676,11.32,3.339,,,,,,,,,,,,,16.618
4549,4.279,4.676,11.32,3.339,,,,,,,,,,,,,19.865
4550,4.279,4.676,11.32,3.339,,,,,,,,,,,,,19.969
4551,4.279,4.676,11.32,3.339,,,,,,,,,,,,,19.975
4552,4.279,4.676,11.32,3.339,,,,,,,,,,,,,19.903
4554,4.279,4.676,11.32,3.339,,,,,,,,,,,,,19.684
4555,4.279,4.675,11.32,3.339,,,,,,,,,,,,,20.498
4556,4.279,4.675,11.32,3.339,,,,,,,,,,,,,19.72
4557,4.279,4.676,11.32,3.339,,,,,,,,,,,,,19.978
4558,4.279,4.676,11.32,3.339,,,,,,,,,,,,,20.113
4559,4.279,4.676,11.32,3.339,,,,,,,,,,,,,25.085
4560,4.279,4.676,11.32,3.339,,,,,,,,,,,,,14.74
4561,4.279,4.676,11.32,3.339,,,,,,,,,,,,,19.942
4562,4.279,4.676,11.32,3.339,,,,,,,,,,,,,54.397
4563,4.279,4.675,11.32,3.339,,,,,,,,,,,,,6.961
4564,4.279,4.675,11.32,3.339,,,,,,,,,,,,,4.655
4565,4.279,4.676,11.32,3.339,,,,,,,,,,,,,14.213
4566,4.279,4.676,11.32,3.339,,,,,,,,,,,,,21.368
4567,4.279,4.676,11.32,3.339,,,,,,,,,,,,,18.455
4570,4.279,4.676,11.32,3.339,,,,,,,,,,,,,20.046
4571,4.279,4.676,11.32,3.339,,,,,,,,,,,,,20.45
4572,4.279,4.676,11.32,3.339,,,,,,,,,,,,,19.652
4573,4.279,4.676,11.32,3.339,,,,,,,,,,,,,19.987
4574,4.279,4.676,11.32,3.339,,,,,,,,,,,,,23.821
4575,4.279,4.676,11.32,3.339,,,,,,,,,,,,,16.112
4576,4.279,4.676,11.32,3.339,,,,,,,,,,,,,23.26
4577,4.279,4.676,11.32,3.339,,,,,,,,,,,,,16.691
4578,4.279,4.676,11.32,3.339,,,,,,,,,,,,,19.963
4579,4.279,4.676,11.32,3.339,,,,,,,,,,,,,20.255
4580,4.279,4.676,11.32,3.339,,,,,,,,,,,,,21.927
4583,4.279,4.675,11.32,3.339,,,,,,,,,,,,,19.972
4584,4.279,4.676,11.32,3.339,,,,,,,,,,,,,19.979
4585,4.279,4.676,11.32,3.339,,,,,,,,,,,,,19.963
4586,4.279,4.675,11.32,3.339,,,,,,,,,,,,,20.207
4587,4.279,4.675,11.32,3.339,,,,,,,,,,,,,19.99
4589,4.279,4.676,11.32,3.339,,,,,,,,,,,,,19.922
4590,4.279,4.676,11.32,3.339,,,,,,,,,,,,,19.813
4592,4.279,4.676,11.32,3.339,,,,,,,,,,,,,19.209
4593,4.279,4.676,11.32,3.339,,,,,,,,,,,,,19.629
4594,4.279,4.676,11.32,3.339,,,,,,,,,,,,,19.983
4595,4.279,4.676,11.32,3.339,,,,,,,,,,,,,20.341
4596,4.279,4.676,11.32,3.339,,,,,,,,,,,,,19.856
4599,4.279,4.676,11.32,3.339,,,,,,,,,,,,,3.979
4600,4.279,4.676,11.32,3.339,,,,,,,,,,,,,9.978
4601,4.279,4.676,11.32,3.339,,,,,,,,,,,,,20.35
4602,4.279,4.676,11.32,3.339,,,,,,,,,,,,,19.178
4603,4.279,4.676,11.32,3.339,,,,,,,,,,,,,21.784
4606,4.279,4.676,11.32,3.339,,,,,,,,,,,,,21.353
4607,4.279,4.676,11.32,3.339,,,,,,,,,,,,,19.232
4608,4.279,4.676,11.32,3.339,,,,,,,,,,,,,19.259
4609,4.279,4.676,11.32,3.339,,,,,,,,,,,,,21.04
4610,4.279,4.676,11.32,3.339,,,,,,,,,,,,,18.854
4611,4.279,4.676,11.32,3.339,,,,,,,,,,,,,19.977
4612,4.279,4.676,11.32,3.339,,,,,,,,,,,,,20.213
4613,4.279,4.676,11.32,3.339,,,,,,,,,,,,,23.32
4614,4.279,4.676,11.32,3.339,,,,,,,,,,,,,16.634
4615,4.279,4.676,11.32,3.339,,,,,,,,,,,,,20.344
4616,4.279,4.675,11.32,3.339,,,,,,,,,,,,,19.577
4617,4.279,4.675,11.32,3.339,,,,,,,,,,,,,20.427
4618,4.279,4.675,11.32,3.339,,,,,,,,,,,,,21.055
4619,4.279,4.676,11.32,3.339,,,,,,,,,,,,,18.425
4623,4.279,4.676,11.32,3.339,,,,,,,,,,,,,18.926
4624,4.279,4.676,11.32,3.339,,,,,,,,,,,,,22.463
4625,4.279,4.676,11.32,3.339,,,,,,,,,,,,,18.471
4626,4.279,4.676,11.32,3.339,,,,,,,,,,,,,21.32
4627,4.279,4.676,11.32,3.339,,,,,,,,,,,,,18.699
4628,4.279,4.676,11.32,3.339,,,,,,,,,,,,,33.244
4629,4.279,4.676,11.32,3.339,,,,,,,,,,,,,22.806
4631,4.279,4.676,11.32,3.339,,,,,,,,,,,,,19.273
4632,4.279,4.676,11.32,3.339,,,,,,,,,,,,,20.094
4633,4.279,4.676,11.32,3.339,,,,,,,,,,,,,19.869
4634,4.279,4.676,11.32,3.339,,,,,,,,,,,,,23.682
4635,4.279,4.676,11.32,3.339,,,,,,,,,,,,,16.517
4636,4.279,4.676,11.32,3.339,,,,,,,,,,,,,19.973
4638,4.279,4.676,11.32,3.339,,,,,,,,,,,,,18.939
4639,4.279,4.676,11.32,3.339,,,,,,,,,,,,,21.22
4640,4.279,4.676,11.32,3.339,,,,,,,,,,,,,20.544
4641,4.279,4.676,11.32,3.339,,,,,,,,,,,,,18.005
4642,4.279,4.676,11.32,3.339,,,,,,,,,,,,,19.963
4643,4.279,4.676,11.32,3.339,,,,,,,,,,,,,20.742
4644,4.279,4.676,11.32,3.339,,,,,,,,,,,,,29.096
4645,4.279,4.676,11.32,3.339,,,,,,,,,,,,,26.733
4646,4.279,4.676,11.32,3.339,,,,,,,,,,,,,3.999
4647,4.279,4.676,11.32,3.339,,,,,,,,,,,,,20.819
4648,4.279,4.676,11.32,3.339,,,,,,,,,,,,,19.495
4649,4.279,4.676,11.32,3.339,,,,,,,,,,,,,26.862
4650,4.279,4.676,11.32,3.339,,,,,,,,,,,,,13.034
4651,4.279,4.675,11.32,3.339,,,,,,,,,,,,,19.206
4652,4.279,4.675,11.32,3.339,,,,,,,,,,,,,25.853
4653,4.279,4.676,11.32,3.339,,,,,,,,,,,,,14.243
4654,4.279,4.676,11.32,3.339,,,,,,,,,,,,,33.322
4655,4.279,4.675,11.32,3.339,,,,,,,,,,,,,7.469
4656,4.279,4.675,11.32,3.339,,,,,,,,,,,,,19.195
4657,4.279,4.676,11.32,3.339,,,,,,,,,,,,,19.996
4658,4.279,4.676,11.32,3.339,,,,,,,,,,,,,20.373
4659,4.279,4.675,11.32,3.339,,,,,,,,,,,,,45.328
4661,4.279,4.676,11.32,3.339,,,,,,,,,,,,,10.108
4662,4.279,4.676,11.32,3.339,,,,,,,,,,,,,19.723
4663,4.279,4.676,11.32,3.339,,,,,,,,,,,,,19.961
4664,4.279,4.676,11.32,3.339,,,,,,,,,,,,,19.979
4665,4.279,4.676,11.32,3.339,,,,,,,,,,,,,19.963
4668,4.279,4.676,11.32,3.339,,,,,,,,,,,,,20.103
4669,4.279,4.676,11.32,3.339,,,,,,,,,,,,,19.308
4670,4.279,4.676,11.32,3.339,,,,,,,,,,,,,23.449
4671,4.279,4.676,11.32,3.339,,,,,,,,,,,,,17.02
4673,4.279,4.676,11.32,3.339,,,,,,,,,,,,,25.072
4677,4.279,4.676,11.32,3.339,,,,,,,,,,,,,19.684
4678,4.279,4.676,11.32,3.339,,,,,,,,,,,,,19.975
4679,4.279,4.676,11.32,3.339,,,,,,,,,,,,,19.964
4680,4.279,4.676,11.32,3.339,,,,,,,,,,,,,19.965
4681,4.279,4.676,11.32,3.339,,,,,,,,,,,,,20.095
4682,4.279,4.675,11.32,3.339,,,,,,,,,,,,,19.876
4683,4.279,4.675,11.32,3.339,,,,,,,,,,,,,20.341
4684,4.279,4.676,11.32,3.339,,,,,,,,,,,,,20.748
4687,4.279,4.675,11.32,3.339,,,,,,,,,,,,,39.38
4688,4.279,4.676,11.32,3.339,,,,,,,,,,,,,4.181
4689,4.279,4.676,11.32,3.339,,,,,,,,,,,,,25.441
4690,4.279,4.676,11.32,3.339,,,,,,,,,,,,,12.092
4691,4.279,4.676,11.32,3.339,,,,,,,,,,,,,18.607
4692,4.279,4.676,11.32,3.339,,,,,,,,,,,,,21.321
4696,4.279,4.676,11.32,3.339,,,,,,,,,,,,,23.411
4697,4.279,4.675,11.32,3.339,,,,,,,,,,,,,16.667
4698,4.279,4.675,11.32,3.339,,,,,,,,,,,,,19.973
4699,4.279,4.676,11.32,3.339,,,,,,,,,,,,,19.86
4701,4.279,4.676,11.32,3.339,,,,,,,,,,,,,20.781
4702,4.279,4.676,11.32,3.339,,,,,,,,,,,,,21.557
4703,4.279,4.676,11.32,3.339,,,,,,,,,,,,,17.995
4704,4.279,4.676,11.32,3.339,,,,,,,,,,,,,19.469
4705,4.279,4.676,11.32,3.339,,,,,,,,,,,,,19.825
4706,4.279,4.676,11.32,3.339,,,,,,,,,,,,,20.001
4707,4.279,4.676,11.32,3.339,,,,,,,,,,,,,22.526
4710,4.279,4.675,11.32,3.339,,,,,,,,,,,,,17.617
4711,4.279,4.676,11.32,3.339,,,,,,,,,,,,,19.984
4712,4.279,4.676,11.32,3.339,,,,,,,,,,,,,20.213
4713,4.279,4.675,11.32,3.339,,,,,,,,,,,,,19.727
4714,4.279,4.675,11.32,3.339,,,,,,,,,,,,,20.043
4715,4.279,4.676,11.32,3.339,,,,,,,,,,,,,19.885
4716,4.279,4.676,11.32,3.339,,,,,,,,,,,,,20.057
4717,4.279,4.676,11.32,3.339,,,,,,,,,,,,,20.155
4718,4.279,4.676,11.32,3.339,,,,,,,,,,,,,20.462
4719,4.279,4.676,11.32,3.339,,,,,,,,,,,,,23.241
4720,4.279,4.676,11.32,3.339,,,,,,,,,,,,,20.952
4721,4.279,4.676,11.32,3.339,,,,,,,,,,,,,20.074
4722,4.279,4.676,11.32,3.339,,,,,,,,,,,,,15.093
4723,4.279,4.676,11.32,3.339,,,,,,,,,,,,,20.004
4724,4.279,4.676,11.32,3.339,,,,,,,,,,,,,35.362
4725,4.279,4.676,11.32,3.339,,,,,,,,,,,,,4.938
4726,4.279,4.676,11.32,3.339,,,,,,,,,,,,,19.867
4727,4.279,4.676,11.32,3.339,,,,,,,,,,,,,20.022
4730,4.279,4.676,11.32,3.339,,,,,,,,,,,,,22.53
4731,4.279,4.676,11.32,3.339,,,,,,,,,,,,,30.335
4732,4.279,4.675,11.32,3.339,,,,,,,,,,,,,9.588
4733,4.279,4.675,11.32,3.339,,,,,,,,,,,,,17.405
4734,4.279,4.676,11.32,3.339,,,,,,,,,,,,,20.606
4735,4.279,4.676,11.32,3.339,,,,,,,,,,,,,19.57
4736,4.279,4.676,11.32,3.339,,,,,,,,,,,,,19.974
4738,4.279,4.676,11.32,3.339,,,,,,,,,,,,,19.767
4741,4.279,4.675,11.32,3.339,,,,,,,,,,,,,19.962
4742,4.279,4.676,11.32,3.339,,,,,,,,,,,,,20.387
4743,4.279,4.676,11.32,3.339,,,,,,,,,,,,,22.132
4744,4.279,4.676,11.32,3.339,,,,,,,,,,,,,17.661
4745,4.279,4.676,11.32,3.339,,,,,,,,,,,,,19.939
4746,4.279,4.676,11.32,3.339,,,,,,,,,,,,,19.971
4747,4.279,4.675,11.32,3.339,,,,,,,,,,,,,19.989
4748,4.279,4.676,11.32,3.339,,,,,,,,,,,,,22.793
4749,4.279,4.676,11.32,3.339,,,,,,,,,,,,,17.746
4750,4.279,4.676,11.32,3.339,,,,,,,,,,,,,19.602
4753,4.279,4.676,11.32,3.339,,,,,,,,,,,,,19.947
4754,4.279,4.676,11.32,3.339,,,,,,,,,,,,,20.38
4755,4.279,4.676,11.32,3.339,,,,,,,,,,,,,19.573
4756,4.279,4.676,11.32,3.339,,,,,,,,,,,,,24.832
4757,4.279,4.676,11.32,3.339,,,,,,,,,,,,,16.451
4758,4.279,4.676,11.32,3.339,,,,,,,,,,,,,251.634
4759,4.279,4.676,11.32,3.339,,,,,,,,,,,,,1.673
4760,4.279,4.676,11.32,3.339,,,,,,,,,,,,,0.942
4761,4.279,4.676,11.32,3.339,,,,,,,,,,,,,0.791
4762,4.279,4.675,11.32,3.339,,,,,,,,,,,,,1.008
4763,4.279,4.675,11.32,3.339,,,,,,,,,,,,,1.153
4765,4.279,4.676,11.32,3.339,,,,,,,,,,,,,0.165
4766,4.279,4.676,11.32,3.339,,,,,,,,,,,,,1.071
4767,4.279,4.675,11.32,3.339,,,,,,,,,,,,,1.068
4768,4.279,4.675,11.32,3.339,,,,,,,,,,,,,0.928
4769,4.279,4.676,11.32,3.339,,,,,,,,,,,,,0.947
4770,4.279,4.676,11.32,3.339,,,,,,,,,,,,,0.853
4771,4.279,4.676,11.32,3.339,,,,,,,,,,,,,15.445
4772,4.279,4.676,11.32,3.339,,,,,,,,,,,,,26.257
4773,4.279,4.676,11.32,3.339,,,,,,,,,,,,,13.755
4774,4.279,4.675,11.32,3.339,,,,,,,,,,,,,20.228
4775,4.279,4.675,11.32,3.339,,,,,,,,,,,,,20.115
4776,4.279,4.676,11.32,3.339,,,,,,,,,,,,,48.404
4777,4.279,4.676,11.32,3.339,,,,,,,,,,,,,5.492
4778,4.279,4.676,11.32,3.339,,,,,,,,,,,,,15.764
4779,4.279,4.676,11.32,3.339,,,,,,,,,,,,,10.004
4780,4.279,4.676,11.32,3.339,,,,,,,,,,,,,19.961
4781,4.279,4.676,11.32,3.339,,,,,,,,,,,,,22.335
4782,4.279,4.676,11.32,3.339,,,,,,,,,,,,,17.94
4784,4.279,4.676,11.32,3.339,,,,,,,,,,,,,23.284
4785,4.279,4.675,11.32,3.339,,,,,,,,,,,,,17.964
4786,4.279,4.676,11.32,3.339,,,,,,,,,,,,,20.172
4788,4.279,4.676,11.32,3.339,,,,,,,,,,,,,19.976
4789,4.279,4.676,11.32,3.339,,,,,,,,,,,,,19.711
4790,4.279,4.676,11.32,3.339,,,,,,,,,,,,,20.214
4791,4.279,4.676,11.32,3.339,,,,,,,,,,,,,39.731
4792,4.279,4.676,11.32,3.339,,,,,,,,,,,,,5.933
4793,4.279,4.676,11.32,3.339,,,,,,,,,,,,,112.117
4794,4.279,4.676,11.32,3.339,,,,,,,,,,,,,49.032
4795,4.279,4.676,11.32,3.339,,,,,,,,,,,,,1.473
4796,4.279,4.676,11.32,3.339,,,,,,,,,,,,,0.763
4799,4.279,4.676,11.32,3.339,,,,,,,,,,,,,0.17
4800,4.279,4.676,11.32,3.339,,,,,,,,,,,,,1.025
4801,4.279,4.676,11.32,3.339,,,,,,,,,,,,,12.036
4802,4.279,4.676,11.32,3.339,,,,,,,,,,,,,17.703
4803,4.279,4.676,11.32,3.339,,,,,,,,,,,,,20.011
4805,4.279,4.676,11.32,3.339,,,,,,,,,,,,,21.796
4806,4.279,4.676,11.32,3.339,,,,,,,,,,,,,18.087
4807,4.279,4.676,11.32,3.339,,,,,,,,,,,,,25.617
4808,4.279,4.676,11.32,3.339,,,,,,,,,,,,,19.469
4809,4.279,4.676,11.32,3.339,,,,,,,,,,,,,15.071
4810,4.279,4.676,11.32,3.339,,,,,,,,,,,,,20.074
4812,4.279,4.676,11.32,3.339,,,,,,,,,,,,,20.159
4813,4.279,4.676,11.32,3.339,,,,,,,,,,,,,19.836
4814,4.279,4.676,11.32,3.339,,,,,,,,,,,,,19.899
4815,4.279,4.676,11.32,3.339,,,,,,,,,,,,,22.602
4816,4.279,4.676,11.32,3.339,,,,,,,,,,,,,17.578
4817,4.279,4.676,11.32,3.339,,,,,,,,,,,,,20.002
4818,4.279,4.676,11.32,3.339,,,,,,,,,,,,,19.99
4820,4.279,4.676,11.32,3.339,,,,,,,,,,,,,21.636
4821,4.279,4.676,11.32,3.339,,,,,,,,,,,,,18.546
4822,4.279,4.676,11.32,3.339,,,,,,,,,,,,,19.71
4823,4.279,4.676,11.32,3.339,,,,,,,,,,,,,33.278
4824,4.279,4.676,11.32,3.339,,,,,,,,,,,,,7.056
4825,4.279,4.676,11.32,3.339,,,,,,,,,,,,,19.902
4826,4.279,4.676,11.32,3.339,,,,,,,,,,,,,20.14
4827,4.279,4.676,11.32,3.339,,,,,,,,,,,,,19.835
4828,4.279,4.676,11.32,3.339,,,,,,,,,,,,,19.836
4829,4.279,4.676,11.32,3.339,,,,,,,,,,,,,20.298
4830,4.279,4.676,11.32,3.339,,,,,,,,,,,,,20.189
4831,4.279,4.676,11.32,3.339,,,,,,,,,,,,,45.993
4832,4.279,4.676,11.32,3.339,,,,,,,,,,,,,6.308
4833,4.279,4.676,11.32,3.339,,,,,,,,,,,,,10.677
4834,4.279,4.676,11.32,3.339,,,,,,,,,,,,,17.323
4835,4.279,4.676,11.32,3.339,,,,,,,,,,,,,19.43
4836,4.279,4.675,11.32,3.339,,,,,,,,,,,,,19.712
4837,4.279,4.675,11.32,3.339,,,,,,,,,,,,,20.073
4838,4.279,4.676,11.32,3.339,,,,,,,,,,,,,19.949
4841,4.279,4.676,11.32,3.339,,,,,,,,,,,,,19.733
4842,4.279,4.676,11.32,3.339,,,,,,,,,,,,,20.047
4843,4.279,4.676,11.32,3.339,,,,,,,,,,,,,19.908
4844,4.279,4.676,11.32,3.339,,,,,,,,,,,,,23.065
4845,4.279,4.676,11.32,3.339,,,,,,,,,,,,,17.333
4846,4.279,4.676,11.32,3.339,,,,,,,,,,,,,19.51
4847,4.279,4.676,11.32,3.339,,,,,,,,,,,,,20.214
4848,4.279,4.676,11.32,3.339,,,,,,,,,,,,,20.003
4849,4.279,4.676,11.32,3.339,,,,,,,,,,,,,20.044
4850,4.279,4.676,11.32,3.339,,,,,,,,,,,,,19.994
4851,4.279,4.676,11.32,3.339,,,,,,,,,,,,,21.043
4852,4.279,4.676,11.32,3.339,,,,,,,,,,,,,19.039
4853,4.279,4.676,11.32,3.339,,,,,,,,,,,,,19.709
4857,4.279,4.676,11.32,3.339,,,,,,,,,,,,,20.22
4858,4.279,4.676,11.32,3.339,,,,,,,,,,,,,22.038
4859,4.279,4.675,11.32,3.339,,,,,,,,,,,,,18.41
4860,4.279,4.675,11.32,3.339,,,,,,,,,,,,,20.851
4862,4.279,4.676,11.32,3.339,,,,,,,,,,,,,20.124
4863,4.279,4.675,11.32,3.339,,,,,,,,,,,,,19.876
4864,4.279,4.675,11.32,3.339,,,,,,,,,,,,,22.62
4865,4.279,4.676,11.32,3.339,,,,,,,,,,,,,33.911
4866,4.279,4.676,11.32,3.339,,,,,,,,,,,,,3.794
4867,4.279,4.676,11.32,3.339,,,,,,,,,,,,,24.87
4868,4.279,4.676,11.32,3.339,,,,,,,,,,,,,15.52
4869,4.279,4.676,11.32,3.339,,,,,,,,,,,,,35.49
4870,4.279,4.676,11.32,3.339,,,,,,,,,,,,,7.81
4871,4.279,4.676,11.32,3.339,,,,,,,,,,,,,17.292
4873,4.279,4.676,11.32,3.339,,,,,,,,,,,,,20.008
4876,4.279,4.676,11.32,3.339,,,,,,,,,,,,,19.927
4877,4.279,4.676,11.32,3.339,,,,,,,,,,,,,20.248
4880,4.279,4.676,11.32,3.339,,,,,,,,,,,,,19.285
4881,4.279,4.676,11.32,3.339,,,,,,,,,,,,,19.9
4882,4.279,4.676,11.32,3.339,,,,,,,,,,,,,20.235
4883,4.279,4.676,11.32,3.339,,,,,,,,,,,,,19.822
4884,4.279,4.676,11.32,3.339,,,,,,,,,,,,,20.275
4885,4.279,4.676,11.32,3.339,,,,,,,,,,,,,19.977
4886,4.279,4.676,11.32,3.339,,,,,,,,,,,,,19.628
4887,4.279,4.676,11.32,3.339,,,,,,,,,,,,,20.103
4888,4.279,4.676,11.32,3.339,,,,,,,,,,,,,19.972
4889,4.279,4.676,11.32,3.339,,,,,,,,,,,,,20.199
4890,4.279,4.676,11.32,3.339,,,,,,,,,,,,,26.09
4891,4.279,4.676,11.32,3.339,,,,,,,,,,,,,14.024
4892,4.279,4.676,11.32,3.339,,,,,,,,,,,,,20.595
4895,4.279,4.676,11.32,3.339,,,,,,,,,,,,,24.183
4897,4.279,4.676,11.32,3.339,,,,,,,,,,,,,22.988
4898,4.279,4.676,11.32,3.339,,,,,,,,,,,,,16.838
4899,4.279,4.676,11.32,3.339,,,,,,,,,,,,,47.259
4900,4.279,4.676,11.32,3.339,,,,,,,,,,,,,4.991
4901,4.279,4.676,11.32,3.339,,,,,,,,,,,,,12.653
4902,4.279,4.676,11.32,3.339,,,,,,,,,,,,,15.956
4903,4.279,4.676,11.32,3.339,,,,,,,,,,,,,20.189
4904,4.279,4.676,11.32,3.339,,,,,,,,,,,,,19.914
4905,4.279,4.676,11.32,3.339,,,,,,,,,,,,,20.313
4906,4.279,4.676,11.32,3.339,,,,,,,,,,,,,19.873
4907,4.279,4.676,11.32,3.339,,,,,,,,,,,,,20.498
4908,4.279,4.676,11.32,3.339,,,,,,,,,,,,,22.274
4909,4.279,4.676,11.32,3.339,,,,,,,,,,,,,16.81
4910,4.279,4.676,11.32,3.339,,,,,,,,,,,,,20.564
4911,4.279,4.676,11.32,3.339,,,,,,,,,,,,,21.313
4915,4.279,4.676,11.32,3.339,,,,,,,,,,,,,20.416
4916,4.279,4.676,11.32,3.339,,,,,,,,,,,,,19.833
4917,4.279,4.676,11.32,3.339,,,,,,,,,,,,,19.598
4918,4.279,4.676,11.32,3.339,,,,,,,,,,,,,20.569
4919,4.279,4.676,11.32,3.339,,,,,,,,,,,,,19.704
4922,4.279,4.676,11.32,3.339,,,,,,,,,,,,,19.956
4923,4.279,4.676,11.32,3.339,,,,,,,,,,,,,20.342
4924,4.279,4.676,11.32,3.339,,,,,,,,,,,,,19.838
4925,4.279,4.676,11.32,3.339,,,,,,,,,,,,,20.041
4926,4.279,4.676,11.32,3.339,,,,,,,,,,,,,19.904
4927,4.279,4.676,11.32,3.339,,,,,,,,,,,,,20.979
4928,4.279,4.676,11.32,3.339,,,,,,,,,,,,,19.033
4929,4.279,4.676,11.32,3.339,,,,,,,,,,,,,19.791
4930,4.279,4.676,11.32,3.339,,,,,,,,,,,,,20.363
4931,4.279,4.676,11.32,3.339,,,,,,,,,,,,,51.999
4932,4.279,4.675,11.32,3.339,,,,,,,,,,,,,4.135
4933,4.279,4.675,11.32,3.339,,,,,,,,,,,,,4.788
4934,4.279,4.676,11.32,3.339,,,,,,,,,,,,,18.655
4935,4.279,4.676,11.32,3.339,,,,,,,,,,,,,20.573
4936,4.279,4.676,11.32,3.339,,,,,,,,,,,,,19.773
4937,4.279,4.676,11.32,3.339,,,,,,,,,,,,,19.952
4938,4.279,4.676,11.32,3.339,,,,,,,,,,,,,21.146
4939,4.279,4.676,11.32,3.339,,,,,,,,,,,,,18.843
4940,4.279,4.676,11.32,3.339,,,,,,,,,,,,,20.096
4941,4.279,4.676,11.32,3.339,,,,,,,,,,,,,26.837
4942,4.279,4.676,11.32,3.339,,,,,,,,,,,,,13.088
4943,4.279,4.676,11.32,3.339,,,,,,,,,,,,,21.007
4944,4.279,4.675,11.32,3.339,,,,,,,,,,,,,25.879
4945,4.279,4.675,11.32,3.339,,,,,,,,,,,,,13.258
4946,4.279,4.676,11.32,3.339,,,,,,,,,,,,,21.167
4947,4.279,4.676,11.32,3.339,,,,,,,,,,,,,21.901
4948,4.279,4.676,11.32,3.339,,,,,,,,,,,,,16.891
4950,4.279,4.676,11.32,3.339,,,,,,,,,,,,,17.524
4951,4.279,4.676,11.32,3.339,,,,,,,,,,,,,19.936
4952,4.279,4.676,11.32,3.339,,,,,,,,,,,,,20.023
4954,4.279,4.676,11.32,3.339,,,,,,,,,,,,,19.854
4955,4.279,4.676,11.32,3.339,,,,,,,,,,,,,20.424
4956,4.279,4.676,11.32,3.339,,,,,,,,,,,,,23.404
4957,4.279,4.676,11.32,3.339,,,,,,,,,,,,,16.006
4958,4.279,4.676,11.32,3.339,,,,,,,,,,,,,20.224
4959,4.279,4.676,11.32,3.339,,,,,,,,,,,,,22.248
4960,4.279,4.676,11.32,3.339,,,,,,,,,,,,,19.102
4962,4.279,4.676,11.32,3.339,,,,,,,,,,,,,19.678
4963,4.279,4.676,11.32,3.339,,,,,,,,,,,,,20.347
4964,4.279,4.676,11.32,3.339,,,,,,,,,,,,,20.227
4965,4.279,4.676,11.32,3.339,,,,,,,,,,,,,30.034
4966,4.279,4.676,11.32,3.339,,,,,,,,,,,,,29.976
4967,4.279,4.676,11.32,3.339,,,,,,,,,,,,,4.042
4968,4.279,4.676,11.32,3.339,,,,,,,,,,,,,15.682
4969,4.279,4.676,11.32,3.339,,,,,,,,,,,,,23.194
4970,4.279,4.676,11.32,3.339,,,,,,,,,,,,,16.98
4971,4.279,4.676,11.32,3.339,,,,,,,,,,,,,20.134
4972,4.279,4.676,11.32,3.339,,,,,,,,,,,,,19.682
4973,4.279,4.676,11.32,3.339,,,,,,,,,,,,,20.57
4974,4.279,4.676,11.32,3.339,,,,,,,,,,,,,20.209
4975,4.279,4.676,11.32,3.339,,,,,,,,,,,,,19.632
4976,4.279,4.676,11.32,3.339,,,,,,,,,,,,,19.485
4977,4.279,4.676,11.32,3.339,,,,,,,,,,,,,20.023
4978,4.279,4.676,11.32,3.339,,,,,,,,,,,,,22.015
4979,4.279,4.676,11.32,3.339,,,,,,,,,,,,,18.126
4980,4.279,4.676,11.32,3.339,,,,,,,,,,,,,20.596
4981,4.279,4.676,11.32,3.339,,,,,,,,,,,,,19.409
4982,4.279,4.676,11.32,3.339,,,,,,,,,,,,,21.467
4983,4.279,4.676,11.32,3.339,,,,,,,,,,,,,18.532
4984,4.279,4.676,11.32,3.339,,,,,,,,,,,,,20.111
4988,4.279,4.676,11.32,3.339,,,,,,,,,,,,,20.558
4989,4.279,4.676,11.32,3.339,,,,,,,,,,,,,18.587
4990,4.279,4.675,11.32,3.339,,,,,,,,,,,,,20.811
4991,4.279,4.675,11.32,3.339,,,,,,,,,,,,,19.461
4992,4.279,4.676,11.32,3.339,,,,,,,,,,,,,19.91
4993,4.279,4.675,11.32,3.339,,,,,,,,,,,,,20.145
4994,4.279,4.676,11.32,3.339,,,,,,,,,,,,,24.862
4995,4.279,4.676,11.32,3.339,,,,,,,,,,,,,20.861
4996,4.279,4.676,11.32,3.339,,,,,,,,,,,,,14.202
4997,4.279,4.675,11.32,3.339,,,,,,,,,,,,,19.761
4998,4.279,4.676,11.32,3.339,,,,,,,,,,,,,28.71
4999,4.279,4.676,11.32,3.339,,,,,,,,,,,,,15.218
5000,4.279,4.676,11.32,3.339,,,,,,,,,,,,,28.931
5001,4.279,4.676,11.32,3.339,,,,,,,,,,,,,47.293
5002,4.279,4.676,11.32,3.339,,,,,,,,,,,,,4.024
5003,4.279,4.676,11.32,3.339,,,,,,,,,,,,,1.494
5004,4.279,4.676,11.32,3.339,,,,,,,,,,,,,16.733
5005,4.279,4.675,11.32,3.339,,,,,,,,,,,,,34.302
5006,4.279,4.675,11.32,3.339,,,,,,,,,,,,,7.134
5007,4.279,4.676,11.32,3.339,,,,,,,,,,,,,17.393
5008,4.279,4.676,11.32,3.339,,,,,,,,,,,,,19.715
5009,4.279,4.676,11.32,3.339,,,,,,,,,,,,,22.01
5011,4.279,4.676,11.32,3.339,,,,,,,,,,,,,9.719
5014,4.279,4.676,11.32,3.339,,,,,,,,,,,,,20.141
5015,4.279,4.676,11.32,3.339,,,,,,,,,,,,,20.256
5016,4.279,4.676,11.32,3.339,,,,,,,,,,,,,19.829
5017,4.279,4.676,11.32,3.339,,,,,,,,,,,,,20.926
5018,4.279,4.676,11.32,3.339,,,,,,,,,,,,,19.013
5020,4.279,4.676,11.32,3.339,,,,,,,,,,,,,19.457
5021,4.279,4.676,11.32,3.339,,,,,,,,,,,,,18.935
5022,4.279,4.676,11.32,3.339,,,,,,,,,,,,,26.139
5023,4.279,4.676,11.32,3.339,,,,,,,,,,,,,13.538
5024,4.279,4.676,11.32,3.339,,,,,,,,,,,,,20.839
5025,4.279,4.676,11.32,3.339,,,,,,,,,,,,,19.477
5026,4.279,4.676,11.32,3.339,,,,,,,,,,,,,20.161
5027,4.279,4.676,11.32,3.339,,,,,,,,,,,,,19.631
5028,4.279,4.676,11.32,3.339,,,,,,,,,,,,,23.159
5029,4.279,4.676,11.32,3.339,,,,,,,,,,,,,16.847
5030,4.279,4.676,11.32,3.339,,,,,,,,,,,,,20.7
5032,4.279,4.676,11.32,3.339,,,,,,,,,,,,,45.825
5033,4.279,4.676,11.32,3.339,,,,,,,,,,,,,4.016
5034,4.279,4.676,11.32,3.339,,,,,,,,,,,,,9.138
5035,4.279,4.676,11.32,3.339,,,,,,,,,,,,,21.19
5036,4.279,4.676,11.32,3.339,,,,,,,,,,,,,18.529
5037,4.279,4.676,11.32,3.339,,,,,,,,,,,,,19.843
5038,4.279,4.676,11.32,3.339,,,,,,,,,,,,,21.244
5039,4.279,4.676,11.32,3.339,,,,,,,,,,,,,18.659
5040,4.279,4.676,11.32,3.339,,,,,,,,,,,,,20.029
5041,4.279,4.676,11.32,3.339,,,,,,,,,,,,,20.441
5042,4.279,4.676,11.32,3.339,,,,,,,,,,,,,19.707
5043,4.279,4.676,11.32,3.339,,,,,,,,,,,,,21.27
5044,4.279,4.676,11.32,3.339,,,,,,,,,,,,,18.731
5045,4.279,4.676,11.32,3.339,,,,,,,,,,,,,22.558
5046,4.279,4.676,11.32,3.339,,,,,,,,,,,,,18.291
5047,4.279,4.676,11.32,3.339,,,,,,,,,,,,,19.248
5048,4.279,4.676,11.32,3.339,,,,,,,,,,,,,20.745
5049,4.279,4.676,11.32,3.339,,,,,,,,,,,,,18.927
5050,4.279,4.676,11.32,3.339,,,,,,,,,,,,,20.221
5051,4.279,4.676,11.32,3.339,,,,,,,,,,,,,22.658
5052,4.279,4.676,11.32,3.339,,,,,,,,,,,,,17.27
5053,4.279,4.676,11.32,3.339,,,,,,,,,,,,,20.05
5054,4.279,4.676,11.32,3.339,,,,,,,,,,,,,21.797
5057,4.279,4.676,11.32,3.339,,,,,,,,,,,,,20.419
5058,4.279,4.676,11.32,3.339,,,,,,,,,,,,,19.447
5059,4.279,4.676,11.32,3.339,,,,,,,,,,,,,19.948
5060,4.279,4.676,11.32,3.339,,,,,,,,,,,,,20.148
5061,4.279,4.676,11.32,3.339,,,,,,,,,,,,,19.804
5064,4.279,4.676,11.32,3.339,,,,,,,,,,,,,19.645
5065,4.279,4.676,11.32,3.339,,,,,,,,,,,,,20.382
5066,4.279,4.676,11.32,3.339,,,,,,,,,,,,,19.969
5067,4.279,4.676,11.32,3.339,,,,,,,,,,,,,19.795
5068,4.279,4.676,11.32,3.339,,,,,,,,,,,,,42.26
5069,4.279,4.676,11.32,3.339,,,,,,,,,,,,,3.998
5070,4.279,4.676,11.32,3.339,,,,,,,,,,,,,26.746
5071,4.279,4.675,11.32,3.339,,,,,,,,,,,,,13.863
5072,4.279,4.675,11.32,3.339,,,,,,,,,,,,,13.234
5074,4.279,4.676,11.32,3.339,,,,,,,,,,,,,17.146
5075,4.279,4.676,11.32,3.339,,,,,,,,,,,,,20.004
5076,4.279,4.676,11.32,3.339,,,,,,,,,,,,,20.088
5077,4.279,4.676,11.32,3.339,,,,,,,,,,,,,20.078
5078,4.279,4.676,11.32,3.339,,,,,,,,,,,,,25.898
5079,4.279,4.676,11.32,3.339,,,,,,,,,,,,,13.795
5080,4.279,4.676,11.32,3.339,,,,,,,,,,,,,20.216
5082,4.279,4.676,11.32,3.339,,,,,,,,,,,,,20.896
5083,4.279,4.676,11.32,3.339,,,,,,,,,,,,,24.03
5084,4.279,4.676,11.32,3.339,,,,,,,,,,,,,23.58
5087,4.279,4.676,11.32,3.339,,,,,,,,,,,,,20.548
5088,4.279,4.676,11.32,3.339,,,,,,,,,,,,,21.429
5089,4.279,4.676,11.32,3.339,,,,,,,,,,,,,18.218
5090,4.279,4.676,11.32,3.339,,,,,,,,,,,,,20.186
5091,4.279,4.676,11.32,3.339,,,,,,,,,,,,,19.869
5092,4.279,4.676,11.32,3.339,,,,,,,,,,,,,19.794
5095,4.279,4.676,11.32,3.339,,,,,,,,,,,,,20.2
5097,4.279,4.676,11.32,3.339,,,,,,,,,,,,,35.837
5098,4.279,4.676,11.32,3.339,,,,,,,,,,,,,4.754
5099,4.279,4.676,11.32,3.339,,,,,,,,,,,,,19.531
5103,4.279,4.676,11.32,3.339,,,,,,,,,,,,,19.833
5105,4.279,4.676,11.32,3.339,,,,,,,,,,,,,21.856
5106,4.279,4.676,11.32,3.339,,,,,,,,,,,,,20.065
5107,4.279,4.676,11.32,3.339,,,,,,,,,,,,,19.686
5109,4.279,4.676,11.32,3.339,,,,,,,,,,,,,19.858
5110,4.279,4.676,11.32,3.339,,,,,,,,,,,,,22.28
5111,4.279,4.676,11.32,3.339,,,,,,,,,,,,,17.646
5112,4.279,4.676,11.32,3.339,,,,,,,,,,,,,21.026
5113,4.279,4.676,11.32,3.339,,,,,,,,,,,,,21.116
5114,4.279,4.676,11.32,3.339,,,,,,,,,,,,,25.981
5115,4.279,4.676,11.32,3.339,,,,,,,,,,,,,17.658
5116,4.279,4.675,11.32,3.339,,,,,,,,,,,,,14.339
5117,4.279,4.676,11.32,3.339,,,,,,,,,,,,,20.778
5119,4.279,4.676,11.32,3.339,,,,,,,,,,,,,19.983
5120,4.279,4.676,11.32,3.339,,,,,,,,,,,,,23.577
5121,4.279,4.676,11.32,3.339,,,,,,,,,,,,,16.65
5122,4.279,4.676,11.32,3.339,,,,,,,,,,,,,24.073
5124,4.279,4.676,11.32,3.339,,,,,,,,,,,,,18.959
5125,4.279,4.676,11.32,3.339,,,,,,,,,,,,,22.626
5126,4.279,4.676,11.32,3.339,,,,,,,,,,,,,17.295
5128,4.279,4.676,11.32,3.339,,,,,,,,,,,,,19.849
5129,4.279,4.676,11.32,3.339,,,,,,,,,,,,,20.569
5130,4.279,4.676,11.32,3.339,,,,,,,,,,,,,19.727
5131,4.279,4.676,11.32,3.339,,,,,,,,,,,,,20.941
5132,4.279,4.676,11.32,3.339,,,,,,,,,,,,,18.865
5133,4.279,4.676,11.32,3.339,,,,,,,,,,,,,43.461
5134,4.279,4.676,11.32,3.339,,,,,,,,,,,,,3.863
5135,4.279,4.676,11.32,3.339,,,,,,,,,,,,,12.846
5136,4.279,4.676,11.32,3.339,,,,,,,,,,,,,20.887
5137,4.279,4.676,11.32,3.339,,,,,,,,,,,,,18.82
5138,4.279,4.676,11.32,3.339,,,,,,,,,,,,,23.291
5139,4.279,4.676,11.32,3.339,,,,,,,,,,,,,16.899
5140,4.279,4.676,11.32,3.339,,,,,,,,,,,,,19.912
5142,4.279,4.676,11.32,3.339,,,,,,,,,,,,,19.968
5143,4.279,4.676,11.32,3.339,,,,,,,,,,,,,20.241
5144,4.279,4.676,11.32,3.339,,,,,,,,,,,,,20.144
5145,4.279,4.676,11.32,3.339,,,,,,,,,,,,,26.231
5146,4.279,4.676,11.32,3.339,,,,,,,,,,,,,18.253
5147,4.279,4.676,11.32,3.339,,,,,,,,,,,,,15.413
5148,4.279,4.676,11.32,3.339,,,,,,,,,,,,,19.852
5149,4.279,4.676,11.32,3.339,,,,,,,,,,,,,20.437
5150,4.279,4.676,11.32,3.339,,,,,,,,,,,,,19.43
5151,4.279,4.676,11.32,3.339,,,,,,,,,,,,,31.555
5152,4.279,4.676,11.32,3.339,,,,,,,,,,,,,8.805
5153,4.279,4.676,11.32,3.339,,,,,,,,,,,,,19.56
5154,4.279,4.676,11.32,3.339,,,,,,,,,,,,,20.302
5155,4.279,4.676,11.32,3.339,,,,,,,,,,,,,20.396
5156,4.279,4.676,11.32,3.339,,,,,,,,,,,,,19.452
5157,4.279,4.676,11.32,3.339,,,,,,,,,,,,,24.875
5158,4.279,4.676,11.32,3.339,,,,,,,,,,,,,15.208
5159,4.279,4.676,11.32,3.339,,,,,,,,,,,,,20.251
5160,4.279,4.676,11.32,3.339,,,,,,,,,,,,,23.154
5161,4.279,4.676,11.32,3.339,,,,,,,,,,,,,49.667
5162,4.279,4.676,11.32,3.339,,,,,,,,,,,,,4.017
5163,4.279,4.676,11.32,3.339,,,,,,,,,,,,,4.158
5165,4.279,4.676,11.32,3.339,,,,,,,,,,,,,19.991
5166,4.279,4.676,11.32,3.339,,,,,,,,,,,,,19.991
5167,4.279,4.676,11.32,3.339,,,,,,,,,,,,,19.969
5169,4.279,4.676,11.32,3.339,,,,,,,,,,,,,19.415
5170,4.279,4.676,11.32,3.339,,,,,,,,,,,,,20.336
5171,4.279,4.676,11.32,3.339,,,,,,,,,,,,,19.888
5172,4.279,4.676,11.32,3.339,,,,,,,,,,,,,21.995
5173,4.279,4.676,11.32,3.339,,,,,,,,,,,,,18.02
5174,4.279,4.676,11.32,3.339,,,,,,,,,,,,,19.873
5175,4.279,4.676,11.32,3.339,,,,,,,,,,,,,19.986
5176,4.279,4.676,11.32,3.339,,,,,,,,,,,,,19.97
5177,4.279,4.676,11.32,3.339,,,,,,,,,,,,,27.11
5178,4.279,4.676,11.32,3.339,,,,,,,,,,,,,13.163
5179,4.279,4.676,11.32,3.339,,,,,,,,,,,,,19.896
5180,4.279,4.676,11.32,3.339,,,,,,,,,,,,,21.803
5181,4.279,4.676,11.32,3.339,,,,,,,,,,,,,18.1
5182,4.279,4.676,11.32,3.339,,,,,,,,,,,,,21.631
5183,4.279,4.676,11.32,3.339,,,,,,,,,,,,,18.433
5184,4.279,4.676,11.32,3.339,,,,,,,,,,,,,19.857
5187,4.279,4.676,11.32,3.339,,,,,,,,,,,,,18.608
5188,4.279,4.676,11.32,3.339,,,,,,,,,,,,,19.909
5189,4.279,4.676,11.32,3.339,,,,,,,,,,,,,20.164
5190,4.279,4.676,11.32,3.339,,,,,,,,,,,,,19.98
5193,4.279,4.676,11.32,3.339,,,,,,,,,,,,,15.15
5194,4.279,4.676,11.32,3.339,,,,,,,,,,,,,19.738
5195,4.279,4.676,11.32,3.339,,,,,,,,,,,,,22.812
5196,4.279,4.676,11.32,3.339,,,,,,,,,,,,,83.466
5197,4.279,4.676,11.32,3.339,,,,,,,,,,,,,8.693
5198,4.279,4.676,11.32,3.339,,,,,,,,,,,,,1.526
5199,4.279,4.676,11.32,3.339,,,,,,,,,,,,,1.238
5200,4.279,4.676,11.32,3.339,,,,,,,,,,,,,4.378
5201,4.279,4.676,11.32,3.339,,,,,,,,,,,,,21.544
5202,4.279,4.676,11.32,3.339,,,,,,,,,,,,,18.724
5203,4.279,4.676,11.32,3.339,,,,,,,,,,,,,19.108
5204,4.279,4.676,11.32,3.339,,,,,,,,,,,,,20.16
5205,4.279,4.676,11.32,3.339,,,,,,,,,,,,,19.62
5206,4.279,4.676,11.32,3.339,,,,,,,,,,,,,21.236
5209,4.279,4.676,11.32,3.339,,,,,,,,,,,,,19.967
5210,4.279,4.676,11.32,3.339,,,,,,,,,,,,,20.741
5211,4.279,4.676,11.32,3.339,,,,,,,,,,,,,19.481
5212,4.279,4.676,11.32,3.339,,,,,,,,,,,,,20.971
5213,4.279,4.676,11.32,3.339,,,,,,,,,,,,,18.955
5215,4.279,4.676,11.32,3.339,,,,,,,,,,,,,19.941
5218,4.279,4.676,11.32,3.339,,,,,,,,,,,,,19.911
5219,4.279,4.676,11.32,3.339,,,,,,,,,,,,,20.163
5222,4.279,4.676,11.32,3.339,,,,,,,,,,,,,19.87
5226,4.279,4.676,11.32,3.339,,,,,,,,,,,,,9.863
5227,4.279,4.676,11.32,3.339,,,,,,,,,,,,,19.73
5228,4.279,4.676,11.32,3.339,,,,,,,,,,,,,19.968
5229,4.279,4.676,11.32,3.339,,,,,,,,,,,,,20.114
5230,4.279,4.676,11.32,3.339,,,,,,,,,,,,,19.8
5231,4.279,4.676,11.32,3.339,,,,,,,,,,,,,19.988
5232,4.279,4.676,11.32,3.339,,,,,,,,,,,,,19.99
5233,4.279,4.676,11.32,3.339,,,,,,,,,,,,,23.82
5234,4.279,4.676,11.32,3.339,,,,,,,,,,,,,16.361
5235,4.279,4.676,11.32,3.339,,,,,,,,,,,,,19.729
5236,4.279,4.676,11.32,3.339,,,,,,,,,,,,,20.198
5237,4.279,4.676,11.32,3.339,,,,,,,,,,,,,19.983
5239,4.279,4.676,11.32,3.339,,,,,,,,,,,,,20.005
5240,4.279,4.676,11.32,3.339,,,,,,,,,,,,,22.388
5241,4.279,4.676,11.32,3.339,,,,,,,,,,,,,18.987
5242,4.279,4.676,11.32,3.339,,,,,,,,,,,,,21.068
5243,4.279,4.676,11.32,3.339,,,,,,,,,,,,,17.908
5244,4.279,4.676,11.32,3.339,,,,,,,,,,,,,21.526
5245,4.279,4.676,11.32,3.339,,,,,,,,,,,,,18.172
5246,4.279,4.676,11.32,3.339,,,,,,,,,,,,,20.73
5247,4.279,4.676,11.32,3.339,,,,,,,,,,,,,19.18
5248,4.279,4.676,11.32,3.339,,,,,,,,,,,,,23.581
5249,4.279,4.676,11.32,3.339,,,,,,,,,,,,,16.451
5250,4.279,4.676,11.32,3.339,,,,,,,,,,,,,20.12
5253,4.279,4.676,11.32,3.339,,,,,,,,,,,,,20.117
5254,4.279,4.676,11.32,3.339,,,,,,,,,,,,,19.992
5255,4.279,4.676,11.32,3.339,,,,,,,,,,,,,20.353
5256,4.279,4.676,11.32,3.339,,,,,,,,,,,,,19.418
5257,4.279,4.676,11.32,3.339,,,,,,,,,,,,,19.985
5258,4.279,4.676,11.32,3.339,,,,,,,,,,,,,19.962
5259,4.279,4.676,11.32,3.339,,,,,,,,,,,,,43.277
5260,4.279,4.676,11.32,3.339,,,,,,,,,,,,,6.602
5261,4.279,4.676,11.32,3.339,,,,,,,,,,,,,10.283
5262,4.279,4.676,11.32,3.339,,,,,,,,,,,,,19.961
5263,4.279,4.676,11.32,3.339,,,,,,,,,,,,,19.957
5265,4.279,4.676,11.32,3.339,,,,,,,,,,,,,20.672
5266,4.279,4.676,11.32,3.339,,,,,,,,,,,,,18.453
5267,4.279,4.676,11.32,3.339,,,,,,,,,,,,,19.93
5268,4.279,4.676,11.32,3.339,,,,,,,,,,,,,19.748
5269,4.279,4.676,11.32,3.339,,,,,,,,,,,,,20.219
5270,4.279,4.676,11.32,3.339,,,,,,,,,,,,,20.079
5271,4.279,4.676,11.32,3.339,,,,,,,,,,,,,21.636
5272,4.279,4.676,11.32,3.339,,,,,,,,,,,,,19.732
5273,4.279,4.676,11.32,3.339,,,,,,,,,,,,,18.434
5274,4.279,4.676,11.32,3.339,,,,,,,,,,,,,19.968
5275,4.279,4.676,11.32,3.339,,,,,,,,,,,,,20.008
5276,4.279,4.676,11.32,3.339,,,,,,,,,,,,,20.144
5277,4.279,4.676,11.32,3.339,,,,,,,,,,,,,20.782
5278,4.279,4.676,11.32,3.339,,,,,,,,,,,,,19.927
5279,4.279,4.676,11.32,3.339,,,,,,,,,,,,,157.925
5281,4.279,4.676,11.32,3.339,,,,,,,,,,,,,0.298
5282,4.279,4.676,11.32,3.339,,,,,,,,,,,,,1.214
5283,4.279,4.676,11.32,3.339,,,,,,,,,,,,,0.86
5284,4.279,4.676,11.32,3.339,,,,,,,,,,,,,0.762
5285,4.279,4.676,11.32,3.339,,,,,,,,,,,,,1.241
5286,4.279,4.676,11.32,3.339,,,,,,,,,,,,,1.187
5287,4.279,4.676,11.32,3.339,,,,,,,,,,,,,0.96
5288,4.279,4.676,11.32,3.339,,,,,,,,,,,,,12.282
5289,4.279,4.676,11.32,3.339,,,,,,,,,,,,,42.549
5290,4.279,4.676,11.32,3.339,,,,,,,,,,,,,3.764
5291,4.279,4.676,11.32,3.339,,,,,,,,,,,,,15.601
5293,4.279,4.676,11.32,3.339,,,,,,,,,,,,,198.894
5294,4.279,4.676,11.32,3.339,,,,,,,,,,,,,1.434
5295,4.279,4.676,11.32,3.339,,,,,,,,,,,,,0.964
5296,4.279,4.676,11.32,3.339,,,,,,,,,,,,,0.815
5297,4.279,4.676,11.32,3.339,,,,,,,,,,,,,0.861
5298,4.279,4.676,11.32,3.339,,,,,,,,,,,,,0.721
5299,4.279,4.676,11.32,3.339,,,,,,,,,,,,,0.729
5300,4.279,4.676,11.32,3.339,,,,,,,,,,,,,1.007
5301,4.279,4.676,11.32,3.339,,,,,,,,,,,,,0.884
5302,4.279,4.676,11.32,3.339,,,,,,,,,,,,,0.877
5304,4.279,4.676,11.32,3.339,,,,,,,,,,,,,19.473
5305,4.279,4.676,11.32,3.339,,,,,,,,,,,,,20.687
5306,4.279,4.676,11.32,3.339,,,,,,,,,,,,,19.415
5307,4.279,4.676,11.32,3.339,,,,,,,,,,,,,223.836
5308,4.279,4.676,11.32,3.339,,,,,,,,,,,,,1.563
5309,4.279,4.676,11.32,3.339,,,,,,,,,,,,,0.885
5310,4.279,4.676,11.32,3.339,,,,,,,,,,,,,0.76
5311,4.279,4.676,11.32,3.339,,,,,,,,,,,,,0.684
5313,4.279,4.676,11.32,3.339,,,,,,,,,,,,,0.153
5314,4.279,4.676,11.32,3.339,,,,,,,,,,,,,1.063
5315,4.279,4.676,11.32,3.339,,,,,,,,,,,,,0.798
5318,4.279,4.676,11.32,3.339,,,,,,,,,,,,,185.183
5319,4.279,4.676,11.32,3.339,,,,,,,,,,,,,9.528
5320,4.279,4.676,11.32,3.339,,,,,,,,,,,,,1.386
5321,4.279,4.676,11.32,3.339,,,,,,,,,,,,,1.036
5322,4.279,4.676,11.32,3.339,,,,,,,,,,,,,1
5323,4.279,4.676,11.32,3.339,,,,,,,,,,,,,1.182
5324,4.279,4.676,11.32,3.339,,,,,,,,,,,,,1.258
5325,4.279,4.676,11.32,3.339,,,,,,,,,,,,,0.886
5326,4.279,4.676,11.32,3.339,,,,,,,,,,,,,0.931
5327,4.279,4.676,11.32,3.339,,,,,,,,,,,,,0.832
5328,4.279,4.676,11.32,3.339,,,,,,,,,,,,,5.046
5329,4.279,4.676,11.32,3.339,,,,,,,,,,,,,19.944
5330,4.279,4.676,11.32,3.339,,,,,,,,,,,,,23.628
5331,4.279,4.676,11.32,3.339,,,,,,,,,,,,,30.653
5334,4.279,4.676,11.32,3.339,,,,,,,,,,,,,190.802
5335,4.279,4.676,11.32,3.339,,,,,,,,,,,,,1.461
5336,4.279,4.676,11.32,3.339,,,,,,,,,,,,,0.97
5337,4.279,4.676,11.32,3.339,,,,,,,,,,,,,0.773
5338,4.279,4.676,11.32,3.339,,,,,,,,,,,,,1.115
5339,4.279,4.676,11.32,3.339,,,,,,,,,,,,,0.772
5340,4.279,4.676,11.32,3.339,,,,,,,,,,,,,0.796
5341,4.279,4.676,11.32,3.339,,,,,,,,,,,,,0.847
5342,4.279,4.676,11.32,3.339,,,,,,,,,,,,,1.029
5343,4.279,4.676,11.32,3.339,,,,,,,,,,,,,0.815
5344,4.279,4.676,11.32,3.339,,,,,,,,,,,,,7.453
5345,4.279,4.676,11.32,3.339,,,,,,,,,,,,,20.038
5346,4.279,4.676,11.32,3.339,,,,,,,,,,,,,19.905
5347,4.279,4.676,11.32,3.339,,,,,,,,,,,,,20.057
5348,4.279,4.676,11.32,3.339,,,,,,,,,,,,,261.787
5349,4.279,4.676,11.32,3.339,,,,,,,,,,,,,1.575
5350,4.279,4.676,11.32,3.339,,,,,,,,,,,,,0.763
5351,4.279,4.676,11.32,3.339,,,,,,,,,,,,,0.776
5352,4.279,4.676,11.32,3.339,,,,,,,,,,,,,1.003
5353,4.279,4.676,11.32,3.339,,,,,,,,,,,,,0.811
5355,4.279,4.676,11.32,3.339,,,,,,,,,,,,,0.093
5356,4.279,4.676,11.32,3.339,,,,,,,,,,,,,0.687
5358,4.279,4.676,11.32,3.339,,,,,,,,,,,,,0.14
5359,4.279,4.676,11.32,3.339,,,,,,,,,,,,,0.741
5360,4.279,4.676,11.32,3.339,,,,,,,,,,,,,158.749
5361,4.279,4.676,11.32,3.339,,,,,,,,,,,,,1.362
5362,4.279,4.676,11.32,3.339,,,,,,,,,,,,,0.897
5363,4.279,4.676,11.32,3.339,,,,,,,,,,,,,0.751
5364,4.279,4.676,11.32,3.339,,,,,,,,,,,,,0.691
5366,4.279,4.676,11.32,3.339,,,,,,,,,,,,,0.175
5367,4.279,4.676,11.32,3.339,,,,,,,,,,,,,1.007
5368,4.279,4.676,11.32,3.339,,,,,,,,,,,,,0.878
5369,4.279,4.676,11.32,3.339,,,,,,,,,,,,,5.038
5370,4.279,4.676,11.32,3.339,,,,,,,,,,,,,19.862
5371,4.279,4.676,11.32,3.339,,,,,,,,,,,,,20.541
5373,4.279,4.676,11.32,3.339,,,,,,,,,,,,,19.326
5374,4.279,4.676,11.32,3.339,,,,,,,,,,,,,21.287
5375,4.279,4.676,11.32,3.339,,,,,,,,,,,,,198.229
5377,4.279,4.676,11.32,3.339,,,,,,,,,,,,,0.214
5378,4.279,4.675,11.32,3.339,,,,,,,,,,,,,1.083
5379,4.279,4.676,11.32,3.339,,,,,,,,,,,,,0.871
5380,4.279,4.676,11.32,3.339,,,,,,,,,,,,,0.791
5381,4.279,4.676,11.32,3.339,,,,,,,,,,,,,0.922
5382,4.279,4.676,11.32,3.339,,,,,,,,,,,,,1.06
5383,4.279,4.676,11.32,3.339,,,,,,,,,,,,,1.142
5384,4.279,4.676,11.32,3.339,,,,,,,,,,,,,0.959
5385,4.279,4.676,11.32,3.339,,,,,,,,,,,,,11.738
5386,4.279,4.676,11.32,3.339,,,,,,,,,,,,,26.139
5387,4.279,4.676,11.32,3.339,,,,,,,,,,,,,15.136
5388,4.279,4.676,11.32,3.339,,,,,,,,,,,,,164.902
5389,4.279,4.676,11.32,3.339,,,,,,,,,,,,,4.177
5390,4.279,4.676,11.32,3.339,,,,,,,,,,,,,1.086
5391,4.279,4.676,11.32,3.339,,,,,,,,,,,,,0.824
5392,4.279,4.676,11.32,3.339,,,,,,,,,,,,,0.834
5393,4.279,4.676,11.32,3.339,,,,,,,,,,,,,1.089
5394,4.279,4.676,11.32,3.339,,,,,,,,,,,,,0.733
5395,4.279,4.676,11.32,3.339,,,,,,,,,,,,,0.699
5396,4.279,4.676,11.32,3.339,,,,,,,,,,,,,4.806
5397,4.279,4.676,11.32,3.339,,,,,,,,,,,,,23.553
5398,4.279,4.676,11.32,3.339,,,,,,,,,,,,,15.886
5400,4.279,4.676,11.32,3.339,,,,,,,,,,,,,19.188
5401,4.279,4.675,11.32,3.339,,,,,,,,,,,,,19.613
5402,4.279,4.676,11.32,3.339,,,,,,,,,,,,,260.353
5403,4.279,4.676,11.32,3.339,,,,,,,,,,,,,1.789
5404,4.279,4.676,11.32,3.339,,,,,,,,,,,,,0.86
5405,4.279,4.676,11.32,3.339,,,,,,,,,,,,,0.846
5406,4.279,4.675,11.32,3.339,,,,,,,,,,,,,0.926
5407,4.279,4.675,11.32,3.339,,,,,,,,,,,,,0.849
5409,4.279,4.675,11.32,3.339,,,,,,,,,,,,,0.191
5410,4.279,4.676,11.32,3.339,,,,,,,,,,,,,1.095
5411,4.279,4.676,11.32,3.339,,,,,,,,,,,,,0.981
5412,4.279,4.676,11.32,3.339,,,,,,,,,,,,,1.22
5413,4.279,4.676,11.32,3.339,,,,,,,,,,,,,1.101
5414,4.279,4.676,11.32,3.339,,,,,,,,,,,,,715.882
5415,4.279,4.676,11.32,3.339,,,,,,,,,,,,,1.328
5416,4.279,4.676,11.32,3.339,,,,,,,,,,,,,0.812
5417,4.279,4.676,11.32,3.339,,,,,,,,,,,,,0.727
5419,4.279,4.676,11.32,3.339,,,,,,,,,,,,,0.143
5422,4.279,4.676,11.32,3.339,,,,,,,,,,,,,0.205
5423,4.279,4.676,11.32,3.339,,,,,,,,,,,,,1.118
5424,4.279,4.676,11.32,3.339,,,,,,,,,,,,,0.915
5425,4.279,4.676,11.32,3.339,,,,,,,,,,,,,0.746
5426,4.279,4.676,11.32,3.339,,,,,,,,,,,,,0.691
5427,4.279,4.676,11.32,3.339,,,,,,,,,,,,,0.749
5429,4.279,4.676,11.32,3.339,,,,,,,,,,,,,16.328
5430,4.279,4.676,11.32,3.339,,,,,,,,,,,,,21.22
5433,4.279,4.676,11.32,3.339,,,,,,,,,,,,,24.589
5434,4.279,4.676,11.32,3.339,,,,,,,,,,,,,212.962
5435,4.279,4.676,11.32,3.339,,,,,,,,,,,,,1.704
5436,4.279,4.676,11.32,3.339,,,,,,,,,,,,,1.037
5437,4.279,4.676,11.32,3.339,,,,,,,,,,,,,0.943
5438,4.279,4.676,11.32,3.339,,,,,,,,,,,,,0.835
5439,4.279,4.676,11.32,3.339,,,,,,,,,,,,,0.718
5440,4.279,4.676,11.32,3.339,,,,,,,,,,,,,0.702
5441,4.279,4.676,11.32,3.339,,,,,,,,,,,,,1.117
5442,4.279,4.676,11.32,3.339,,,,,,,,,,,,,0.784
5443,4.279,4.676,11.32,3.339,,,,,,,,,,,,,0.693
5444,4.279,4.676,11.32,3.339,,,,,,,,,,,,,1.269
5445,4.279,4.676,11.32,3.339,,,,,,,,,,,,,14.266
5446,4.279,4.676,11.32,3.339,,,,,,,,,,,,,19.913
5447,4.279,4.676,11.32,3.339,,,,,,,,,,,,,20.026
5448,4.279,4.676,11.32,3.339,,,,,,,,,,,,,229.627
5449,4.279,4.676,11.32,3.339,,,,,,,,,,,,,1.57
5452,4.279,4.675,11.32,3.339,,,,,,,,,,,,,0.265
5454,4.279,4.676,11.32,3.339,,,,,,,,,,,,,0.117
5455,4.279,4.676,11.32,3.339,,,,,,,,,,,,,0.756
5456,4.279,4.676,11.32,3.339,,,,,,,,,,,,,0.818
5457,4.279,4.676,11.32,3.339,,,,,,,,,,,,,1.029
5460,4.279,4.676,11.32,3.339,,,,,,,,,,,,,193.928
5461,4.279,4.676,11.32,3.339,,,,,,,,,,,,,7.348
5462,4.279,4.676,11.32,3.339,,,,,,,,,,,,,1.364
5463,4.279,4.676,11.32,3.339,,,,,,,,,,,,,1.27
5464,4.279,4.676,11.32,3.339,,,,,,,,,,,,,0.81
5465,4.279,4.676,11.32,3.339,,,,,,,,,,,,,0.711
5466,4.279,4.675,11.32,3.339,,,,,,,,,,,,,0.906
5467,4.279,4.675,11.32,3.339,,,,,,,,,,,,,1.066
5468,4.279,4.676,11.32,3.339,,,,,,,,,,,,,0.911
5469,4.279,4.676,11.32,3.339,,,,,,,,,,,,,0.733
5470,4.279,4.676,11.32,3.339,,,,,,,,,,,,,5.739
5471,4.279,4.676,11.32,3.339,,,,,,,,,,,,,19.893
5472,4.279,4.676,11.32,3.339,,,,,,,,,,,,,24.587
5473,4.279,4.676,11.32,3.339,,,,,,,,,,,,,15.345
5474,4.279,4.676,11.32,3.339,,,,,,,,,,,,,28.62
5475,4.279,4.676,11.32,3.339,,,,,,,,,,,,,199.188
5476,4.279,4.676,11.32,3.339,,,,,,,,,,,,,1.592
5477,4.279,4.676,11.32,3.339,,,,,,,,,,,,,0.782
5478,4.279,4.675,11.32,3.339,,,,,,,,,,,,,0.707
5479,4.279,4.675,11.32,3.339,,,,,,,,,,,,,0.703
5480,4.279,4.676,11.32,3.339,,,,,,,,,,,,,0.7
5481,4.279,4.675,11.32,3.339,,,,,,,,,,,,,0.658
5482,4.279,4.676,11.32,3.339,,,,,,,,,,,,,0.682
5483,4.279,4.676,11.32,3.339,,,,,,,,,,,,,1.136
5484,4.279,4.676,11.32,3.339,,,,,,,,,,,,,0.915
5485,4.279,4.676,11.32,3.339,,,,,,,,,,,,,4.433
5486,4.279,4.676,11.32,3.339,,,,,,,,,,,,,20.023
5487,4.279,4.676,11.32,3.339,,,,,,,,,,,,,19.969
5488,4.279,4.676,11.32,3.339,,,,,,,,,,,,,23.8
5489,4.279,4.675,11.32,3.339,,,,,,,,,,,,,158.24
5490,4.279,4.675,11.32,3.339,,,,,,,,,,,,,1.514
5491,4.279,4.676,11.32,3.339,,,,,,,,,,,,,0.811
5492,4.279,4.676,11.32,3.339,,,,,,,,,,,,,1.211
5493,4.279,4.676,11.32,3.339,,,,,,,,,,,,,0.74
5494,4.279,4.676,11.32,3.339,,,,,,,,,,,,,0.677
5495,4.279,4.676,11.32,3.339,,,,,,,,,,,,,0.866
5496,4.279,4.676,11.32,3.339,,,,,,,,,,,,,0.954
5497,4.279,4.675,11.32,3.339,,,,,,,,,,,,,11.192
5498,4.279,4.675,11.32,3.339,,,,,,,,,,,,,20.126
5499,4.279,4.676,11.32,3.339,,,,,,,,,,,,,20.262
5500,4.279,4.676,11.32,3.339,,,,,,,,,,,,,19.701
5501,4.279,4.675,11.32,3.339,,,,,,,,,,,,,19.867
5502,4.279,4.675,11.32,3.339,,,,,,,,,,,,,167.777
5503,4.279,4.676,11.32,3.339,,,,,,,,,,,,,4.03
5504,4.279,4.676,11.32,3.339,,,,,,,,,,,,,1.289
5505,4.279,4.676,11.32,3.339,,,,,,,,,,,,,0.908
5508,4.279,4.676,11.32,3.339,,,,,,,,,,,,,0.147
5509,4.279,4.676,11.32,3.339,,,,,,,,,,,,,0.854
5510,4.279,4.676,11.32,3.339,,,,,,,,,,,,,6.808
5511,4.279,4.676,11.32,3.339,,,,,,,,,,,,,17.032
5512,4.279,4.676,11.32,3.339,,,,,,,,,,,,,20.064
5513,4.279,4.676,11.32,3.339,,,,,,,,,,,,,20.28
5515,4.279,4.676,11.32,3.339,,,,,,,,,,,,,20.846
5516,4.279,4.676,11.32,3.339,,,,,,,,,,,,,222.151
5517,4.279,4.676,11.32,3.339,,,,,,,,,,,,,1.629
5518,4.279,4.676,11.32,3.339,,,,,,,,,,,,,1.031
5519,4.279,4.675,11.32,3.339,,,,,,,,,,,,,1.079
5520,4.279,4.676,11.32,3.339,,,,,,,,,,,,,0.992
5521,4.279,4.676,11.32,3.339,,,,,,,,,,,,,0.983
5522,4.279,4.676,11.32,3.339,,,,,,,,,,,,,0.981
5523,4.279,4.676,11.32,3.339,,,,,,,,,,,,,1.241
5524,4.279,4.676,11.32,3.339,,,,,,,,,,,,,1.265
5525,4.279,4.676,11.32,3.339,,,,,,,,,,,,,1.115
5526,4.279,4.676,11.32,3.339,,,,,,,,,,,,,0.987
5527,4.279,4.675,11.32,3.339,,,,,,,,,,,,,7.735
5528,4.279,4.676,11.32,3.339,,,,,,,,,,,,,17.818
5529,4.279,4.676,11.32,3.339,,,,,,,,,,,,,20.37
5531,4.279,4.676,11.32,3.339,,,,,,,,,,,,,0.245
5532,4.279,4.676,11.32,3.339,,,,,,,,,,,,,1.539
5533,4.279,4.676,11.32,3.339,,,,,,,,,,,,,0.935
5534,4.279,4.676,11.32,3.339,,,,,,,,,,,,,0.861
5535,4.279,4.675,11.32,3.339,,,,,,,,,,,,,0.768
5536,4.279,4.675,11.32,3.339,,,,,,,,,,,,,0.982
5537,4.279,4.676,11.32,3.339,,,,,,,,,,,,,0.835
5538,4.279,4.676,11.32,3.339,,,,,,,,,,,,,0.866
5539,4.279,4.676,11.32,3.339,,,,,,,,,,,,,0.991
5540,4.279,4.676,11.32,3.339,,,,,,,,,,,,,0.934
5541,4.279,4.676,11.32,3.339,,,,,,,,,,,,,0.981
5542,4.279,4.676,11.32,3.339,,,,,,,,,,,,,13.971
5543,4.279,4.676,11.32,3.339,,,,,,,,,,,,,157.569
5544,4.279,4.676,11.32,3.339,,,,,,,,,,,,,4.314
5545,4.279,4.676,11.32,3.339,,,,,,,,,,,,,1.409
5546,4.279,4.675,11.32,3.339,,,,,,,,,,,,,1.112
5547,4.279,4.676,11.32,3.339,,,,,,,,,,,,,1.093
5548,4.279,4.676,11.32,3.339,,,,,,,,,,,,,0.867
5549,4.279,4.676,11.32,3.339,,,,,,,,,,,,,0.766
5550,4.279,4.675,11.32,3.339,,,,,,,,,,,,,0.913
5551,4.279,4.675,11.32,3.339,,,,,,,,,,,,,12.789
5553,4.279,4.676,11.32,3.339,,,,,,,,,,,,,15.632
5554,4.279,4.676,11.32,3.339,,,,,,,,,,,,,26.503
5555,4.279,4.676,11.32,3.339,,,,,,,,,,,,,37.999
5556,4.279,4.676,11.32,3.339,,,,,,,,,,,,,201.155
5557,4.279,4.676,11.32,3.339,,,,,,,,,,,,,1.494
5558,4.279,4.676,11.32,3.339,,,,,,,,,,,,,1.415
5559,4.279,4.676,11.32,3.339,,,,,,,,,,,,,1.019
5560,4.279,4.676,11.32,3.339,,,,,,,,,,,,,0.766
5562,4.279,4.676,11.32,3.339,,,,,,,,,,,,,0.141
5563,4.279,4.676,11.32,3.339,,,,,,,,,,,,,0.837
5564,4.279,4.676,11.32,3.339,,,,,,,,,,,,,1.232
5565,4.279,4.676,11.32,3.339,,,,,,,,,,,,,1.649
5566,4.279,4.676,11.32,3.339,,,,,,,,,,,,,1.249
5567,4.279,4.676,11.32,3.339,,,,,,,,,,,,,3.683
5568,4.279,4.676,11.32,3.339,,,,,,,,,,,,,18.845
5569,4.279,4.676,11.32,3.339,,,,,,,,,,,,,20.76
5570,4.279,4.676,11.32,3.339,,,,,,,,,,,,,18.775
5572,4.279,4.676,11.32,3.339,,,,,,,,,,,,,0.216
5573,4.279,4.676,11.32,3.339,,,,,,,,,,,,,1.684
5574,4.279,4.676,11.32,3.339,,,,,,,,,,,,,0.826
5575,4.279,4.676,11.32,3.339,,,,,,,,,,,,,0.716
5577,4.279,4.676,11.32,3.339,,,,,,,,,,,,,0.11
5578,4.279,4.676,11.32,3.339,,,,,,,,,,,,,0.69
5579,4.279,4.676,11.32,3.339,,,,,,,,,,,,,0.779
5580,4.279,4.676,11.32,3.339,,,,,,,,,,,,,0.862
5581,4.279,4.676,11.32,3.339,,,,,,,,,,,,,1.033
5582,4.279,4.676,11.32,3.339,,,,,,,,,,,,,0.816
5583,4.279,4.676,11.32,3.339,,,,,,,,,,,,,267.911
5584,4.279,4.676,11.32,3.339,,,,,,,,,,,,,1.59
5585,4.279,4.676,11.32,3.339,,,,,,,,,,,,,0.876
5586,4.279,4.676,11.32,3.339,,,,,,,,,,,,,0.746
5588,4.279,4.676,11.32,3.339,,,,,,,,,,,,,0.185
5589,4.279,4.676,11.32,3.339,,,,,,,,,,,,,1.268
5590,4.279,4.676,11.32,3.339,,,,,,,,,,,,,0.815
5591,4.279,4.676,11.32,3.339,,,,,,,,,,,,,1.092
5594,4.279,4.676,11.32,3.339,,,,,,,,,,,,,0.089
5595,4.279,4.676,11.32,3.339,,,,,,,,,,,,,0.886
5596,4.279,4.676,11.32,3.339,,,,,,,,,,,,,192.688
5600,4.279,4.676,11.32,3.339,,,,,,,,,,,,,1.486
5601,4.279,4.675,11.32,3.339,,,,,,,,,,,,,1.092
5602,4.279,4.675,11.32,3.339,,,,,,,,,,,,,1.037
5603,4.279,4.676,11.32,3.339,,,,,,,,,,,,,1.19
5604,4.279,4.676,11.32,3.339,,,,,,,,,,,,,1.211
5605,4.279,4.676,11.32,3.339,,,,,,,,,,,,,0.847
5606,4.279,4.676,11.32,3.339,,,,,,,,,,,,,0.796
5607,4.279,4.676,11.32,3.339,,,,,,,,,,,,,5.405
5608,4.279,4.676,11.32,3.339,,,,,,,,,,,,,8.815
5609,4.279,4.676,11.32,3.339,,,,,,,,,,,,,19.439
5611,4.279,4.676,11.32,3.339,,,,,,,,,,,,,19.945
5612,4.279,4.676,11.32,3.339,,,,,,,,,,,,,20.186
5613,4.279,4.676,11.32,3.339,,,,,,,,,,,,,44.312
5614,4.279,4.676,11.32,3.339,,,,,,,,,,,,,15.33
5616,4.279,4.676,11.32,3.339,,,,,,,,,,,,,16.813
5617,4.279,4.676,11.32,3.339,,,,,,,,,,,,,29.202
5618,4.279,4.676,11.32,3.339,,,,,,,,,,,,,10.699
5619,4.279,4.676,11.32,3.339,,,,,,,,,,,,,26.371
5622,4.279,4.676,11.32,3.339,,,,,,,,,,,,,19.872
5623,4.279,4.676,11.32,3.339,,,,,,,,,,,,,20.076
5624,4.279,4.676,11.32,3.339,,,,,,,,,,,,,20.095
5627,4.279,4.676,11.32,3.339,,,,,,,,,,,,,20.315
5628,4.279,4.676,11.32,3.339,,,,,,,,,,,,,19.644
5629,4.279,4.676,11.32,3.339,,,,,,,,,,,,,23.882
5630,4.279,4.676,11.32,3.339,,,,,,,,,,,,,16.3
5631,4.279,4.676,11.32,3.339,,,,,,,,,,,,,19.99
5632,4.279,4.676,11.32,3.339,,,,,,,,,,,,,20.212
5635,4.279,4.676,11.32,3.339,,,,,,,,,,,,,18.206
5636,4.279,4.676,11.32,3.339,,,,,,,,,,,,,19.89
5637,4.279,4.676,11.32,3.339,,,,,,,,,,,,,20.418
5638,4.279,4.676,11.32,3.339,,,,,,,,,,,,,20.369
5639,4.279,4.676,11.32,3.339,,,,,,,,,,,,,19.593
5640,4.279,4.676,11.32,3.339,,,,,,,,,,,,,19.735
5641,4.279,4.676,11.32,3.339,,,,,,,,,,,,,19.965
5642,4.279,4.676,11.32,3.339,,,,,,,,,,,,,20.948
5643,4.279,4.676,11.32,3.339,,,,,,,,,,,,,19.563
5644,4.279,4.676,11.32,3.339,,,,,,,,,,,,,19.587
5645,4.279,4.676,11.32,3.339,,,,,,,,,,,,,19.804
5646,4.279,4.676,11.32,3.339,,,,,,,,,,,,,39.987
5647,4.279,4.676,11.32,3.339,,,,,,,,,,,,,11.707
5648,4.279,4.676,11.32,3.339,,,,,,,,,,,,,8.84
5649,4.279,4.676,11.32,3.339,,,,,,,,,,,,,21.78
5650,4.279,4.676,11.32,3.339,,,,,,,,,,,,,17.782
5651,4.279,4.676,11.32,3.339,,,,,,,,,,,,,19.935
5656,4.279,4.676,11.32,3.339,,,,,,,,,,,,,18.086
5661,4.279,4.676,11.32,3.339,,,,,,,,,,,,,19.404
5662,4.279,4.676,11.32,3.339,,,,,,,,,,,,,21.666
5663,4.279,4.676,11.32,3.339,,,,,,,,,,,,,18.54
5664,4.279,4.676,11.32,3.339,,,,,,,,,,,,,20.023
5665,4.279,4.676,11.32,3.339,,,,,,,,,,,,,19.889
5666,4.279,4.676,11.32,3.339,,,,,,,,,,,,,20.264
5667,4.279,4.676,11.32,3.339,,,,,,,,,,,,,20.095
5669,4.279,4.676,11.32,3.339,,,,,,,,,,,,,19.487
5670,4.279,4.676,11.32,3.339,,,,,,,,,,,,,19.734
5671,4.279,4.676,11.32,3.339,,,,,,,,,,,,,19.966
5672,4.279,4.676,11.32,3.339,,,,,,,,,,,,,22.022
5673,4.279,4.676,11.32,3.339,,,,,,,,,,,,,18.352
5674,4.279,4.676,11.32,3.339,,,,,,,,,,,,,19.707
5675,4.279,4.676,11.32,3.339,,,,,,,,,,,,,19.944
5676,4.279,4.676,11.32,3.339,,,,,,,,,,,,,19.827
5677,4.279,4.676,11.32,3.339,,,,,,,,,,,,,21.463
5678,4.279,4.676,11.32,3.339,,,,,,,,,,,,,18.696
5679,4.279,4.676,11.32,3.339,,,,,,,,,,,,,20.001
5680,4.279,4.676,11.32,3.339,,,,,,,,,,,,,39.366
5684,4.279,4.676,11.32,3.339,,,,,,,,,,,,,21.916
5685,4.279,4.675,11.32,3.339,,,,,,,,,,,,,17.802
5686,4.279,4.676,11.32,3.339,,,,,,,,,,,,,26.669
5687,4.279,4.676,11.32,3.339,,,,,,,,,,,,,13.289
5688,4.279,4.676,11.32,3.339,,,,,,,,,,,,,19.962
5689,4.279,4.676,11.32,3.339,,,,,,,,,,,,,19.946
5690,4.279,4.676,11.32,3.339,,,,,,,,,,,,,19.978
5691,4.279,4.676,11.32,3.339,,,,,,,,,,,,,24.84
5692,4.279,4.676,11.32,3.339,,,,,,,,,,,,,15.349
5693,4.279,4.676,11.32,3.339,,,,,,,,,,,,,20.762
5694,4.279,4.676,11.32,3.339,,,,,,,,,,,,,19.434
5695,4.279,4.676,11.32,3.339,,,,,,,,,,,,,19.661
5696,4.279,4.676,11.32,3.339,,,,,,,,,,,,,21.531
5697,4.279,4.676,11.32,3.339,,,,,,,,,,,,,18.563
5698,4.279,4.676,11.32,3.339,,,,,,,,,,,,,22.323
5699,4.279,4.676,11.32,3.339,,,,,,,,,,,,,23.699
5700,4.279,4.676,11.32,3.339,,,,,,,,,,,,,14.029
5701,4.279,4.676,11.32,3.339,,,,,,,,,,,,,19.987
5702,4.279,4.676,11.32,3.339,,,,,,,,,,,,,20.501
5703,4.279,4.676,11.32,3.339,,,,,,,,,,,,,19.45
5704,4.279,4.676,11.32,3.339,,,,,,,,,,,,,20.149
5705,4.279,4.676,11.32,3.339,,,,,,,,,,,,,19.769
5706,4.279,4.676,11.32,3.339,,,,,,,,,,,,,20.27
5707,4.279,4.676,11.32,3.339,,,,,,,,,,,,,19.668
5708,4.279,4.676,11.32,3.339,,,,,,,,,,,,,43.765
5709,4.279,4.676,11.32,3.339,,,,,,,,,,,,,5.344
5710,4.279,4.676,11.32,3.339,,,,,,,,,,,,,11.107
5711,4.279,4.676,11.32,3.339,,,,,,,,,,,,,25.869
5712,4.279,4.676,11.32,3.339,,,,,,,,,,,,,23.448
5713,4.279,4.676,11.32,3.339,,,,,,,,,,,,,17.639
5714,4.279,4.676,11.32,3.339,,,,,,,,,,,,,18.528
5715,4.279,4.676,11.32,3.339,,,,,,,,,,,,,15.94
5716,4.279,4.676,11.32,3.339,,,,,,,,,,,,,18.6
5717,4.279,4.676,11.32,3.339,,,,,,,,,,,,,21.127
5718,4.279,4.676,11.32,3.339,,,,,,,,,,,,,18.843
5719,4.279,4.676,11.32,3.339,,,,,,,,,,,,,20.455
5720,4.279,4.676,11.32,3.339,,,,,,,,,,,,,19.491
5721,4.279,4.676,11.32,3.339,,,,,,,,,,,,,20.061
5722,4.279,4.676,11.32,3.339,,,,,,,,,,,,,20.307
5723,4.279,4.676,11.32,3.339,,,,,,,,,,,,,20.025
5724,4.279,4.676,11.32,3.339,,,,,,,,,,,,,20.223
5725,4.279,4.676,11.32,3.339,,,,,,,,,,,,,19.464
5726,4.279,4.676,11.32,3.339,,,,,,,,,,,,,19.948
5727,4.279,4.676,11.32,3.339,,,,,,,,,,,,,21.272
5728,4.279,4.676,11.32,3.339,,,,,,,,,,,,,20.474
5729,4.279,4.676,11.32,3.339,,,,,,,,,,,,,18.328
5730,4.279,4.676,11.32,3.339,,,,,,,,,,,,,19.803
5731,4.279,4.676,11.32,3.339,,,,,,,,,,,,,20.493
5732,4.279,4.676,11.32,3.339,,,,,,,,,,,,,19.423
5733,4.279,4.676,11.32,3.339,,,,,,,,,,,,,20.254
5735,4.279,4.676,11.32,3.339,,,,,,,,,,,,,20.007
5736,4.279,4.676,11.32,3.339,,,,,,,,,,,,,44.2
5737,4.279,4.676,11.32,3.339,,,,,,,,,,,,,4.526
5738,4.279,4.676,11.32,3.339,,,,,,,,,,,,,11.145
5739,4.279,4.676,11.32,3.339,,,,,,,,,,,,,19.907
5740,4.279,4.676,11.32,3.339,,,,,,,,,,,,,19.96
5741,4.279,4.676,11.32,3.339,,,,,,,,,,,,,21.761
5742,4.279,4.676,11.32,3.339,,,,,,,,,,,,,22.254
5746,4.279,4.676,11.32,3.339,,,,,,,,,,,,,18.417
5747,4.279,4.676,11.32,3.339,,,,,,,,,,,,,19.194
5748,4.279,4.676,11.32,3.339,,,,,,,,,,,,,19.835
5749,4.279,4.676,11.32,3.339,,,,,,,,,,,,,21.02
5750,4.279,4.676,11.32,3.339,,,,,,,,,,,,,24.266
5751,4.279,4.676,11.32,3.339,,,,,,,,,,,,,14.756
5753,4.279,4.676,11.32,3.339,,,,,,,,,,,,,20.081
5754,4.279,4.675,11.32,3.339,,,,,,,,,,,,,19.947
5755,4.279,4.676,11.32,3.339,,,,,,,,,,,,,26.758
5756,4.279,4.676,11.32,3.339,,,,,,,,,,,,,13.129
5757,4.279,4.676,11.32,3.339,,,,,,,,,,,,,20.091
5758,4.279,4.676,11.32,3.339,,,,,,,,,,,,,20.043
5759,4.279,4.676,11.32,3.339,,,,,,,,,,,,,20.01
5761,4.279,4.676,11.32,3.339,,,,,,,,,,,,,19.784
5762,4.279,4.676,11.32,3.339,,,,,,,,,,,,,18.313
5763,4.279,4.676,11.32,3.339,,,,,,,,,,,,,50.488
5764,4.279,4.676,11.32,3.339,,,,,,,,,,,,,3.991
5765,4.279,4.676,11.32,3.339,,,,,,,,,,,,,7.149
5766,4.279,4.676,11.32,3.339,,,,,,,,,,,,,20.049
5767,4.279,4.676,11.32,3.339,,,,,,,,,,,,,19.991
5768,4.279,4.676,11.32,3.339,,,,,,,,,,,,,19.955
5769,4.279,4.676,11.32,3.339,,,,,,,,,,,,,20.006
5770,4.279,4.676,11.32,3.339,,,,,,,,,,,,,20.935
5771,4.279,4.676,11.32,3.339,,,,,,,,,,,,,23.104
5772,4.279,4.676,11.32,3.339,,,,,,,,,,,,,17.902
5773,4.279,4.676,11.32,3.339,,,,,,,,,,,,,18.029
5774,4.279,4.676,11.32,3.339,,,,,,,,,,,,,20.179
5776,4.279,4.676,11.32,3.339,,,,,,,,,,,,,19.208
5777,4.279,4.676,11.32,3.339,,,,,,,,,,,,,19.961
5778,4.279,4.676,11.32,3.339,,,,,,,,,,,,,19.976
5779,4.279,4.676,11.32,3.339,,,,,,,,,,,,,20.108
5780,4.279,4.676,11.32,3.339,,,,,,,,,,,,,19.821
5783,4.279,4.676,11.32,3.339,,,,,,,,,,,,,21.687
5784,4.279,4.676,11.32,3.339,,,,,,,,,,,,,32.784
5785,4.279,4.676,11.32,3.339,,,,,,,,,,,,,28.143
5786,4.279,4.676,11.32,3.339,,,,,,,,,,,,,5.605
5788,4.279,4.676,11.32,3.339,,,,,,,,,,,,,18.923
5789,4.279,4.676,11.32,3.339,,,,,,,,,,,,,19.875
5790,4.279,4.676,11.32,3.339,,,,,,,,,,,,,20.257
5791,4.279,4.676,11.32,3.339,,,,,,,,,,,,,21.376
5793,4.279,4.676,11.32,3.339,,,,,,,,,,,,,4.878
5794,4.279,4.676,11.32,3.339,,,,,,,,,,,,,5.172
5795,4.279,4.676,11.32,3.339,,,,,,,,,,,,,19.094
5796,4.279,4.676,11.32,3.339,,,,,,,,,,,,,20.484
5797,4.279,4.676,11.32,3.339,,,,,,,,,,,,,19.349
5798,4.279,4.676,11.32,3.339,,,,,,,,,,,,,19.86
5800,4.279,4.676,11.32,3.339,,,,,,,,,,,,,21.219
5801,4.279,4.676,11.32,3.339,,,,,,,,,,,,,18.961
5802,4.279,4.676,11.32,3.339,,,,,,,,,,,,,19.752
5804,4.279,4.676,11.32,3.339,,,,,,,,,,,,,23.079
5805,4.279,4.676,11.32,3.339,,,,,,,,,,,,,17.184
5806,4.279,4.676,11.32,3.339,,,,,,,,,,,,,19.901
5807,4.279,4.676,11.32,3.339,,,,,,,,,,,,,19.974
5811,4.279,4.676,11.32,3.339,,,,,,,,,,,,,20.228
5812,4.279,4.676,11.32,3.339,,,,,,,,,,,,,19.788
5813,4.279,4.676,11.32,3.339,,,,,,,,,,,,,20.153
5814,4.279,4.676,11.32,3.339,,,,,,,,,,,,,21.529
5815,4.279,4.676,11.32,3.339,,,,,,,,,,,,,19.377
5816,4.279,4.676,11.32,3.339,,,,,,,,,,,,,19
5817,4.279,4.676,11.32,3.339,,,,,,,,,,,,,20.095
5818,4.279,4.676,11.32,3.339,,,,,,,,,,,,,19.977
5819,4.279,4.676,11.32,3.339,,,,,,,,,,,,,52.759
5820,4.279,4.676,11.32,3.339,,,,,,,,,,,,,3.867
5821,4.279,4.676,11.32,3.339,,,,,,,,,,,,,4.866
5822,4.279,4.676,11.32,3.339,,,,,,,,,,,,,18.505
5825,4.279,4.676,11.32,3.339,,,,,,,,,,,,,18.606
5826,4.279,4.676,11.32,3.339,,,,,,,,,,,,,20.125
5827,4.279,4.676,11.32,3.339,,,,,,,,,,,,,19.965
5828,4.279,4.676,11.32,3.339,,,,,,,,,,,,,19.713
5830,4.279,4.676,11.32,3.339,,,,,,,,,,,,,7.197
5831,4.279,4.676,11.32,3.339,,,,,,,,,,,,,17.915
5832,4.279,4.676,11.32,3.339,,,,,,,,,,,,,19.834
5833,4.279,4.676,11.32,3.339,,,,,,,,,,,,,26.274
5834,4.279,4.676,11.32,3.339,,,,,,,,,,,,,13.455
5835,4.279,4.676,11.32,3.339,,,,,,,,,,,,,20.161
5836,4.279,4.676,11.32,3.339,,,,,,,,,,,,,19.898
5837,4.279,4.676,11.32,3.339,,,,,,,,,,,,,20.697
5838,4.279,4.676,11.32,3.339,,,,,,,,,,,,,19.481
5839,4.279,4.676,11.32,3.339,,,,,,,,,,,,,20.064
5840,4.279,4.676,11.32,3.339,,,,,,,,,,,,,20.937
5841,4.279,4.676,11.32,3.339,,,,,,,,,,,,,19.389
5842,4.279,4.676,11.32,3.339,,,,,,,,,,,,,19.559
5843,4.279,4.676,11.32,3.339,,,,,,,,,,,,,19.899
5844,4.279,4.676,11.32,3.339,,,,,,,,,,,,,20.149
5848,4.279,4.676,11.32,3.339,,,,,,,,,,,,,20.73
5849,4.279,4.676,11.32,3.339,,,,,,,,,,,,,18.864
5850,4.279,4.676,11.32,3.339,,,,,,,,,,,,,21.857
5851,4.279,4.676,11.32,3.339,,,,,,,,,,,,,17.912
5852,4.279,4.676,11.32,3.339,,,,,,,,,,,,,20.033
5853,4.279,4.676,11.32,3.339,,,,,,,,,,,,,20.161
5854,4.279,4.676,11.32,3.339,,,,,,,,,,,,,20.803
5855,4.279,4.676,11.32,3.339,,,,,,,,,,,,,20.082
5856,4.279,4.676,11.32,3.339,,,,,,,,,,,,,52.746
5857,4.279,4.676,11.32,3.339,,,,,,,,,,,,,7.296
5858,4.279,4.676,11.32,3.339,,,,,,,,,,,,,4.038
5859,4.279,4.676,11.32,3.339,,,,,,,,,,,,,17.769
5860,4.279,4.676,11.32,3.339,,,,,,,,,,,,,23.017
5861,4.279,4.676,11.32,3.339,,,,,,,,,,,,,15.72
5862,4.279,4.676,11.32,3.339,,,,,,,,,,,,,20.162
5863,4.279,4.676,11.32,3.339,,,,,,,,,,,,,20.117
5864,4.279,4.676,11.32,3.339,,,,,,,,,,,,,24.033
5865,4.279,4.676,11.32,3.339,,,,,,,,,,,,,16.511
5866,4.279,4.676,11.32,3.339,,,,,,,,,,,,,19.891
5867,4.279,4.676,11.32,3.339,,,,,,,,,,,,,18.323
5868,4.279,4.676,11.32,3.339,,,,,,,,,,,,,19.536
5869,4.279,4.676,11.32,3.339,,,,,,,,,,,,,20.161
5870,4.279,4.676,11.32,3.339,,,,,,,,,,,,,20.394
5872,4.279,4.676,11.32,3.339,,,,,,,,,,,,,18.4
5873,4.279,4.676,11.32,3.339,,,,,,,,,,,,,20.099
5874,4.279,4.676,11.32,3.339,,,,,,,,,,,,,21.82
5875,4.279,4.676,11.32,3.339,,,,,,,,,,,,,18.114
5876,4.279,4.676,11.32,3.339,,,,,,,,,,,,,19.909
5877,4.279,4.676,11.32,3.339,,,,,,,,,,,,,21.2
5878,4.279,4.676,11.32,3.339,,,,,,,,,,,,,19.005
5879,4.279,4.676,11.32,3.339,,,,,,,,,,,,,19.995
5881,4.279,4.676,11.32,3.339,,,,,,,,,,,,,4.038
5882,4.279,4.676,11.32,3.339,,,,,,,,,,,,,18.357
5883,4.279,4.676,11.32,3.339,,,,,,,,,,,,,19.544
5884,4.279,4.676,11.32,3.339,,,,,,,,,,,,,20.252
5885,4.279,4.676,11.32,3.339,,,,,,,,,,,,,21.527
5886,4.279,4.676,11.32,3.339,,,,,,,,,,,,,18.396
5887,4.279,4.676,11.32,3.339,,,,,,,,,,,,,28.053
5889,4.279,4.676,11.32,3.339,,,,,,,,,,,,,19.607
5890,4.279,4.676,11.32,3.339,,,,,,,,,,,,,19.864
5891,4.279,4.676,11.32,3.339,,,,,,,,,,,,,19.939
5892,4.279,4.676,11.32,3.339,,,,,,,,,,,,,39.186
5893,4.279,4.676,11.32,3.339,,,,,,,,,,,,,5.274
5894,4.279,4.676,11.32,3.339,,,,,,,,,,,,,15.713
5895,4.279,4.676,11.32,3.339,,,,,,,,,,,,,19.977
5898,4.279,4.676,11.32,3.339,,,,,,,,,,,,,20.962
5899,4.279,4.676,11.32,3.339,,,,,,,,,,,,,19.175
5902,4.279,4.676,11.32,3.339,,,,,,,,,,,,,12.744
5903,4.279,4.676,11.32,3.339,,,,,,,,,,,,,19.94
5904,4.279,4.676,11.32,3.339,,,,,,,,,,,,,20.2
5905,4.279,4.676,11.32,3.339,,,,,,,,,,,,,19.722
5906,4.279,4.676,11.32,3.339,,,,,,,,,,,,,19.95
5908,4.279,4.676,11.32,3.339,,,,,,,,,,,,,19.768
5909,4.279,4.676,11.32,3.339,,,,,,,,,,,,,22.838
5910,4.279,4.676,11.32,3.339,,,,,,,,,,,,,18.223
5911,4.279,4.676,11.32,3.339,,,,,,,,,,,,,19.246
5912,4.279,4.676,11.32,3.339,,,,,,,,,,,,,20.084
5913,4.279,4.676,11.32,3.339,,,,,,,,,,,,,20.746
5915,4.279,4.676,11.32,3.339,,,,,,,,,,,,,19.197
5916,4.279,4.676,11.32,3.339,,,,,,,,,,,,,19.983
5917,4.279,4.676,11.32,3.339,,,,,,,,,,,,,22.287
5918,4.279,4.676,11.32,3.34,,,,,,,,,,,,,19.201
5919,4.279,4.676,11.32,3.339,,,,,,,,,,,,,21.417
5920,4.279,4.676,11.32,3.339,,,,,,,,,,,,,18.157
5921,4.279,4.676,11.32,3.34,,,,,,,,,,,,,19.003
5922,4.279,4.676,11.32,3.34,,,,,,,,,,,,,25.819
5923,4.279,4.676,11.32,3.34,,,,,,,,,,,,,14.132
5924,4.279,4.676,11.32,3.339,,,,,,,,,,,,,20.159
5925,4.279,4.676,11.32,3.339,,,,,,,,,,,,,20.101
5926,4.279,4.676,11.32,3.339,,,,,,,,,,,,,19.915
5927,4.279,4.676,11.32,3.339,,,,,,,,,,,,,44.967
5928,4.279,4.676,11.32,3.339,,,,,,,,,,,,,6.191
5929,4.279,4.676,11.32,3.339,,,,,,,,,,,,,9.186
5931,4.279,4.676,11.32,3.339,,,,,,,,,,,,,26.067
5932,4.279,4.676,11.32,3.339,,,,,,,,,,,,,13.969
5933,4.279,4.676,11.32,3.339,,,,,,,,,,,,,19.864
5934,4.279,4.676,11.32,3.339,,,,,,,,,,,,,20.283
5935,4.279,4.676,11.32,3.339,,,,,,,,,,,,,21.235
5936,4.279,4.676,11.32,3.339,,,,,,,,,,,,,21.265
5937,4.279,4.676,11.32,3.339,,,,,,,,,,,,,19.109
5938,4.279,4.676,11.32,3.339,,,,,,,,,,,,,18.982
5939,4.279,4.676,11.32,3.339,,,,,,,,,,,,,19.364
5940,4.279,4.676,11.32,3.339,,,,,,,,,,,,,19.815
5941,4.279,4.676,11.32,3.339,,,,,,,,,,,,,19.988
5942,4.279,4.676,11.32,3.339,,,,,,,,,,,,,22.704
5943,4.279,4.676,11.32,3.339,,,,,,,,,,,,,17.464
5944,4.279,4.676,11.32,3.339,,,,,,,,,,,,,19.97
5945,4.279,4.676,11.32,3.339,,,,,,,,,,,,,20.047
5946,4.279,4.676,11.32,3.339,,,,,,,,,,,,,21.438
5947,4.279,4.676,11.32,3.339,,,,,,,,,,,,,20.519
5948,4.279,4.676,11.32,3.339,,,,,,,,,,,,,17.879
5949,4.279,4.676,11.32,3.339,,,,,,,,,,,,,19.951
5950,4.279,4.676,11.32,3.339,,,,,,,,,,,,,20.502
5951,4.279,4.676,11.32,3.339,,,,,,,,,,,,,20.216
5952,4.279,4.676,11.32,3.339,,,,,,,,,,,,,20.755
5953,4.279,4.676,11.32,3.339,,,,,,,,,,,,,20.984
5954,4.279,4.676,11.32,3.339,,,,,,,,,,,,,17.843
5955,4.279,4.676,11.32,3.339,,,,,,,,,,,,,19.84
5956,4.279,4.676,11.32,3.339,,,,,,,,,,,,,19.918
5957,4.279,4.676,11.32,3.339,,,,,,,,,,,,,20.347
5958,4.279,4.676,11.32,3.339,,,,,,,,,,,,,20.364
5959,4.279,4.676,11.32,3.339,,,,,,,,,,,,,21.768
5960,4.279,4.676,11.32,3.339,,,,,,,,,,,,,17.631
5961,4.279,4.676,11.32,3.34,,,,,,,,,,,,,20.751
5962,4.279,4.676,11.32,3.34,,,,,,,,,,,,,46.133
5963,4.279,4.676,11.32,3.339,,,,,,,,,,,,,4.067
5964,4.279,4.676,11.32,3.339,,,,,,,,,,,,,15.378
5965,4.279,4.676,11.32,3.339,,,,,,,,,,,,,14.374
5966,4.279,4.676,11.32,3.339,,,,,,,,,,,,,25.279
5967,4.279,4.676,11.32,3.339,,,,,,,,,,,,,15.015
5968,4.279,4.676,11.32,3.339,,,,,,,,,,,,,22.715
5969,4.279,4.676,11.32,3.339,,,,,,,,,,,,,22.201
5970,4.279,4.676,11.32,3.339,,,,,,,,,,,,,21.257
5971,4.279,4.676,11.32,3.339,,,,,,,,,,,,,13.285
5972,4.279,4.676,11.32,3.339,,,,,,,,,,,,,19.441
5973,4.279,4.676,11.32,3.339,,,,,,,,,,,,,19.974
5974,4.279,4.676,11.32,3.339,,,,,,,,,,,,,20.265
5975,4.279,4.676,11.32,3.339,,,,,,,,,,,,,20.505
5977,4.279,4.676,11.32,3.339,,,,,,,,,,,,,19.665
5978,4.279,4.676,11.32,3.339,,,,,,,,,,,,,20.391
5979,4.279,4.676,11.32,3.339,,,,,,,,,,,,,20.06
5983,4.279,4.676,11.32,3.339,,,,,,,,,,,,,19.919
5984,4.279,4.676,11.32,3.339,,,,,,,,,,,,,20.97
5985,4.279,4.676,11.32,3.339,,,,,,,,,,,,,19.01
5986,4.279,4.676,11.32,3.339,,,,,,,,,,,,,19.941
5989,4.279,4.676,11.32,3.339,,,,,,,,,,,,,15.898
5990,4.279,4.676,11.32,3.339,,,,,,,,,,,,,19.912
5991,4.279,4.676,11.32,3.339,,,,,,,,,,,,,19.926
5994,4.279,4.676,11.32,3.339,,,,,,,,,,,,,42.543
5995,4.279,4.676,11.32,3.339,,,,,,,,,,,,,9.894
5998,4.279,4.676,11.32,3.339,,,,,,,,,,,,,20.103
5999,4.279,4.676,11.32,3.339,,,,,,,,,,,,,20.024
6000,4.279,4.676,11.32,3.339,,,,,,,,,,,,,20.377
6001,4.279,4.676,11.32,3.339,,,,,,,,,,,,,19.507
6002,4.279,4.676,11.32,3.339,,,,,,,,,,,,,20.183
6003,4.279,4.676,11.32,3.339,,,,,,,,,,,,,20.697
6004,4.279,4.676,11.32,3.339,,,,,,,,,,,,,19.024
6005,4.279,4.676,11.32,3.339,,,,,,,,,,,,,19.96
6006,4.279,4.676,11.32,3.339,,,,,,,,,,,,,21.019
6007,4.279,4.676,11.32,3.339,,,,,,,,,,,,,19.184
6008,4.279,4.676,11.32,3.339,,,,,,,,,,,,,19.909
6009,4.279,4.676,11.32,3.339,,,,,,,,,,,,,20.29
6010,4.279,4.676,11.32,3.339,,,,,,,,,,,,,22.886
6011,4.279,4.676,11.32,3.339,,,,,,,,,,,,,21.528
6012,4.279,4.676,11.32,3.339,,,,,,,,,,,,,15.68
6013,4.279,4.676,11.32,3.339,,,,,,,,,,,,,19.525
6014,4.279,4.676,11.32,3.339,,,,,,,,,,,,,21.299
6015,4.279,4.676,11.32,3.339,,,,,,,,,,,,,18.932
6016,4.279,4.676,11.32,3.339,,,,,,,,,,,,,25.939
6017,4.279,4.676,11.32,3.339,,,,,,,,,,,,,15.276
6018,4.279,4.676,11.32,3.339,,,,,,,,,,,,,18.673
6019,4.279,4.676,11.32,3.339,,,,,,,,,,,,,20.118
6020,4.279,4.676,11.32,3.339,,,,,,,,,,,,,19.998
6021,4.279,4.676,11.32,3.339,,,,,,,,,,,,,19.784
6022,4.279,4.676,11.32,3.339,,,,,,,,,,,,,20.204
6023,4.279,4.676,11.32,3.339,,,,,,,,,,,,,20.001
6024,4.279,4.676,11.32,3.339,,,,,,,,,,,,,39.415
6025,4.279,4.676,11.32,3.339,,,,,,,,,,,,,4.046
6026,4.279,4.676,11.32,3.34,,,,,,,,,,,,,16.432
6027,4.279,4.676,11.32,3.34,,,,,,,,,,,,,24.967
6028,4.279,4.676,11.32,3.339,,,,,,,,,,,,,15.022
6029,4.279,4.676,11.32,3.339,,,,,,,,,,,,,21.265
6030,4.279,4.676,11.32,3.339,,,,,,,,,,,,,18.889
6033,4.279,4.676,11.32,3.339,,,,,,,,,,,,,19.406
6035,4.279,4.676,11.32,3.339,,,,,,,,,,,,,19.734
6036,4.279,4.676,11.32,3.339,,,,,,,,,,,,,19.972
6037,4.279,4.676,11.32,3.339,,,,,,,,,,,,,20.215
6038,4.279,4.676,11.32,3.339,,,,,,,,,,,,,19.944
6039,4.279,4.676,11.32,3.339,,,,,,,,,,,,,22.804
6040,4.279,4.676,11.32,3.339,,,,,,,,,,,,,17.534
6041,4.279,4.676,11.32,3.34,,,,,,,,,,,,,20.425
6042,4.279,4.676,11.32,3.34,,,,,,,,,,,,,19.177
6043,4.279,4.676,11.32,3.34,,,,,,,,,,,,,21.095
6044,4.279,4.676,11.32,3.34,,,,,,,,,,,,,18.999
6049,4.279,4.676,11.32,3.339,,,,,,,,,,,,,15.483
6050,4.279,4.676,11.32,3.339,,,,,,,,,,,,,20.262
6051,4.279,4.676,11.32,3.339,,,,,,,,,,,,,45.122
6052,4.279,4.676,11.32,3.339,,,,,,,,,,,,,5.289
6053,4.279,4.676,11.32,3.339,,,,,,,,,,,,,9.282
6054,4.279,4.676,11.32,3.339,,,,,,,,,,,,,19.721
6055,4.279,4.676,11.32,3.339,,,,,,,,,,,,,19.979
6056,4.279,4.676,11.32,3.339,,,,,,,,,,,,,20.974
6057,4.279,4.676,11.32,3.339,,,,,,,,,,,,,19.681
6058,4.279,4.676,11.32,3.339,,,,,,,,,,,,,19.52
6059,4.279,4.676,11.32,3.339,,,,,,,,,,,,,20.203
6060,4.279,4.676,11.32,3.339,,,,,,,,,,,,,24.899
6061,4.279,4.676,11.32,3.339,,,,,,,,,,,,,14.717
6062,4.279,4.676,11.32,3.339,,,,,,,,,,,,,20.908
6063,4.279,4.676,11.32,3.339,,,,,,,,,,,,,19.394
6064,4.279,4.676,11.32,3.339,,,,,,,,,,,,,22.264
6065,4.279,4.676,11.32,3.339,,,,,,,,,,,,,17.911
6066,4.279,4.676,11.32,3.339,,,,,,,,,,,,,19.71
6068,4.279,4.676,11.32,3.339,,,,,,,,,,,,,18.082
6069,4.279,4.676,11.32,3.339,,,,,,,,,,,,,19.899
6070,4.279,4.676,11.32,3.339,,,,,,,,,,,,,21.3
6071,4.279,4.676,11.32,3.339,,,,,,,,,,,,,30.239
6072,4.279,4.676,11.32,3.339,,,,,,,,,,,,,11.59
6073,4.279,4.676,11.32,3.339,,,,,,,,,,,,,18.105
6074,4.279,4.676,11.32,3.339,,,,,,,,,,,,,19.196
6075,4.279,4.676,11.32,3.339,,,,,,,,,,,,,20.938
6076,4.279,4.676,11.32,3.339,,,,,,,,,,,,,18.996
6077,4.279,4.676,11.32,3.339,,,,,,,,,,,,,19.697
6078,4.279,4.676,11.32,3.339,,,,,,,,,,,,,21.676
6079,4.279,4.676,11.32,3.339,,,,,,,,,,,,,20.121
6080,4.279,4.676,11.32,3.339,,,,,,,,,,,,,24.955
6081,4.279,4.676,11.32,3.339,,,,,,,,,,,,,14.122
6082,4.279,4.676,11.32,3.339,,,,,,,,,,,,,19.193
6083,4.279,4.676,11.32,3.339,,,,,,,,,,,,,19.949
6084,4.279,4.676,11.32,3.339,,,,,,,,,,,,,20.229
6085,4.279,4.676,11.32,3.339,,,,,,,,,,,,,59.66
6086,4.279,4.676,11.32,3.339,,,,,,,,,,,,,5.535
6087,4.279,4.676,11.32,3.339,,,,,,,,,,,,,1.121
6088,4.279,4.676,11.32,3.339,,,,,,,,,,,,,13.692
6089,4.279,4.676,11.32,3.339,,,,,,,,,,,,,19.988
6091,4.279,4.676,11.32,3.339,,,,,,,,,,,,,16.305
6092,4.279,4.676,11.32,3.339,,,,,,,,,,,,,19.721
6093,4.279,4.676,11.32,3.339,,,,,,,,,,,,,20.242
6095,4.279,4.676,11.32,3.339,,,,,,,,,,,,,19.975
6096,4.279,4.676,11.32,3.339,,,,,,,,,,,,,19.967
6097,4.279,4.676,11.32,3.339,,,,,,,,,,,,,19.966
6098,4.279,4.676,11.32,3.339,,,,,,,,,,,,,20.42
6099,4.279,4.676,11.32,3.339,,,,,,,,,,,,,20.782
6100,4.279,4.676,11.32,3.339,,,,,,,,,,,,,18.886
6101,4.279,4.676,11.32,3.339,,,,,,,,,,,,,26.276
6102,4.279,4.676,11.32,3.339,,,,,,,,,,,,,13.47
6103,4.279,4.676,11.32,3.339,,,,,,,,,,,,,22.153
6104,4.279,4.676,11.32,3.339,,,,,,,,,,,,,18.579
6105,4.279,4.676,11.32,3.339,,,,,,,,,,,,,20.47
6106,4.279,4.676,11.32,3.339,,,,,,,,,,,,,23.562
6107,4.279,4.676,11.32,3.339,,,,,,,,,,,,,15.519
6108,4.279,4.676,11.32,3.339,,,,,,,,,,,,,20.051
6109,4.279,4.676,11.32,3.339,,,,,,,,,,,,,19.985
6110,4.279,4.676,11.32,3.339,,,,,,,,,,,,,20.024
6111,4.279,4.676,11.32,3.339,,,,,,,,,,,,,19.977
6112,4.279,4.676,11.32,3.339,,,,,,,,,,,,,19.916
6113,4.279,4.676,11.32,3.339,,,,,,,,,,,,,19.945
6114,4.279,4.676,11.32,3.339,,,,,,,,,,,,,19.975
6115,4.279,4.676,11.32,3.339,,,,,,,,,,,,,20.13
6116,4.279,4.676,11.32,3.339,,,,,,,,,,,,,19.817
6117,4.279,4.676,11.32,3.339,,,,,,,,,,,,,20.226
6118,4.279,4.676,11.32,3.339,,,,,,,,,,,,,20.346
6119,4.279,4.676,11.32,3.339,,,,,,,,,,,,,19.581
6120,4.279,4.676,11.32,3.339,,,,,,,,,,,,,67.381
6122,4.279,4.676,11.32,3.339,,,,,,,,,,,,,0.295
6123,4.279,4.676,11.32,3.339,,,,,,,,,,,,,6.448
6124,4.279,4.676,11.32,3.339,,,,,,,,,,,,,18.899
6125,4.279,4.676,11.32,3.339,,,,,,,,,,,,,19.771
6127,4.279,4.676,11.32,3.339,,,,,,,,,,,,,20.349
6128,4.279,4.676,11.32,3.339,,,,,,,,,,,,,19.569
6129,4.279,4.676,11.32,3.339,,,,,,,,,,,,,20.157
6130,4.279,4.676,11.32,3.339,,,,,,,,,,,,,21.779
6131,4.279,4.676,11.32,3.339,,,,,,,,,,,,,17.98
6132,4.279,4.676,11.32,3.339,,,,,,,,,,,,,20.319
6133,4.279,4.676,11.32,3.339,,,,,,,,,,,,,19.68
6134,4.279,4.676,11.32,3.339,,,,,,,,,,,,,20.401
6135,4.279,4.676,11.32,3.339,,,,,,,,,,,,,19.903
6136,4.279,4.676,11.32,3.339,,,,,,,,,,,,,19.818
6138,4.279,4.676,11.32,3.339,,,,,,,,,,,,,5.597
6139,4.279,4.675,11.32,3.339,,,,,,,,,,,,,7.349
6140,4.279,4.675,11.32,3.339,,,,,,,,,,,,,19.428
6141,4.279,4.676,11.32,3.339,,,,,,,,,,,,,20.174
6142,4.279,4.676,11.32,3.339,,,,,,,,,,,,,20.062
6143,4.279,4.676,11.32,3.339,,,,,,,,,,,,,19.866
6146,4.279,4.676,11.32,3.339,,,,,,,,,,,,,20.487
6147,4.279,4.676,11.32,3.339,,,,,,,,,,,,,19.515
6148,4.279,4.676,11.32,3.339,,,,,,,,,,,,,44.512
6149,4.279,4.676,11.32,3.339,,,,,,,,,,,,,3.972
6150,4.279,4.676,11.32,3.339,,,,,,,,,,,,,11.78
6151,4.279,4.676,11.32,3.339,,,,,,,,,,,,,19.832
6152,4.279,4.676,11.32,3.339,,,,,,,,,,,,,21.24
6153,4.279,4.676,11.32,3.339,,,,,,,,,,,,,18.617
6154,4.279,4.676,11.32,3.339,,,,,,,,,,,,,22.102
6155,4.279,4.676,11.32,3.339,,,,,,,,,,,,,17.923
6158,4.279,4.676,11.32,3.339,,,,,,,,,,,,,18.153
6159,4.279,4.676,11.32,3.339,,,,,,,,,,,,,24.591
6160,4.279,4.676,11.32,3.339,,,,,,,,,,,,,16.311
6161,4.279,4.676,11.32,3.339,,,,,,,,,,,,,19.261
6164,4.279,4.676,11.32,3.339,,,,,,,,,,,,,20.959
6165,4.279,4.676,11.32,3.339,,,,,,,,,,,,,16.445
6166,4.279,4.676,11.32,3.339,,,,,,,,,,,,,18.957
6167,4.279,4.676,11.32,3.339,,,,,,,,,,,,,21.511
6168,4.279,4.676,11.32,3.339,,,,,,,,,,,,,18.547
6169,4.279,4.676,11.32,3.339,,,,,,,,,,,,,22.626
6170,4.279,4.676,11.32,3.339,,,,,,,,,,,,,17.603
6171,4.279,4.676,11.32,3.339,,,,,,,,,,,,,19.55
6172,4.279,4.676,11.32,3.339,,,,,,,,,,,,,20.232
6173,4.279,4.676,11.32,3.339,,,,,,,,,,,,,19.821
6174,4.279,4.676,11.32,3.339,,,,,,,,,,,,,20.163
6175,4.279,4.676,11.32,3.339,,,,,,,,,,,,,22.5
6176,4.279,4.676,11.32,3.339,,,,,,,,,,,,,19.211
6177,4.279,4.676,11.32,3.339,,,,,,,,,,,,,18.269
6178,4.279,4.676,11.32,3.339,,,,,,,,,,,,,19.852
6181,4.279,4.676,11.32,3.339,,,,,,,,,,,,,17.671
6182,4.279,4.676,11.32,3.339,,,,,,,,,,,,,21.259
6183,4.279,4.676,11.32,3.339,,,,,,,,,,,,,72.752
6184,4.279,4.676,11.32,3.339,,,,,,,,,,,,,4.02
6185,4.279,4.676,11.32,3.339,,,,,,,,,,,,,1.43
6186,4.279,4.676,11.32,3.339,,,,,,,,,,,,,16.324
6188,4.279,4.676,11.32,3.339,,,,,,,,,,,,,19.01
6189,4.279,4.676,11.32,3.339,,,,,,,,,,,,,19.962
6190,4.279,4.676,11.32,3.339,,,,,,,,,,,,,20.15
6191,4.279,4.676,11.32,3.339,,,,,,,,,,,,,20.047
6192,4.279,4.676,11.32,3.339,,,,,,,,,,,,,20.075
6193,4.279,4.676,11.32,3.339,,,,,,,,,,,,,20.29
6194,4.279,4.676,11.32,3.339,,,,,,,,,,,,,20.174
6195,4.279,4.676,11.32,3.339,,,,,,,,,,,,,37.494
6196,4.279,4.676,11.32,3.339,,,,,,,,,,,,,4.59
6197,4.279,4.676,11.32,3.339,,,,,,,,,,,,,22.126
6198,4.279,4.676,11.32,3.339,,,,,,,,,,,,,16.572
6199,4.279,4.676,11.32,3.339,,,,,,,,,,,,,18.691
6200,4.279,4.676,11.32,3.339,,,,,,,,,,,,,19.953
6201,4.279,4.676,11.32,3.339,,,,,,,,,,,,,22.867
6202,4.279,4.676,11.32,3.339,,,,,,,,,,,,,17.192
6204,4.279,4.676,11.32,3.339,,,,,,,,,,,,,14.586
6205,4.279,4.676,11.32,3.339,,,,,,,,,,,,,19.659
6206,4.279,4.676,11.32,3.339,,,,,,,,,,,,,23.541
6208,4.279,4.676,11.32,3.339,,,,,,,,,,,,,20.443
6209,4.279,4.676,11.32,3.339,,,,,,,,,,,,,19.773
6210,4.279,4.676,11.32,3.339,,,,,,,,,,,,,19.677
6211,4.279,4.676,11.32,3.339,,,,,,,,,,,,,19.982
6212,4.279,4.676,11.32,3.339,,,,,,,,,,,,,21.039
6213,4.279,4.676,11.32,3.339,,,,,,,,,,,,,40.219
6214,4.279,4.676,11.32,3.339,,,,,,,,,,,,,4.015
6215,4.279,4.676,11.32,3.339,,,,,,,,,,,,,17
6216,4.279,4.676,11.32,3.339,,,,,,,,,,,,,18.092
6217,4.279,4.676,11.32,3.339,,,,,,,,,,,,,22.435
6218,4.279,4.676,11.32,3.339,,,,,,,,,,,,,17.239
6219,4.279,4.676,11.32,3.339,,,,,,,,,,,,,20.753
6220,4.279,4.676,11.32,3.339,,,,,,,,,,,,,19.189
6222,4.279,4.676,11.32,3.339,,,,,,,,,,,,,18.559
6223,4.279,4.676,11.32,3.339,,,,,,,,,,,,,24.466
6224,4.279,4.676,11.32,3.339,,,,,,,,,,,,,17.151
6225,4.279,4.676,11.32,3.339,,,,,,,,,,,,,20.417
6227,4.279,4.676,11.32,3.339,,,,,,,,,,,,,20.27
6228,4.279,4.676,11.32,3.339,,,,,,,,,,,,,19.76
6229,4.279,4.676,11.32,3.339,,,,,,,,,,,,,21.07
6230,4.279,4.676,11.32,3.339,,,,,,,,,,,,,19.01
6231,4.279,4.676,11.32,3.339,,,,,,,,,,,,,20.047
6232,4.279,4.676,11.32,3.339,,,,,,,,,,,,,19.969
6233,4.279,4.676,11.32,3.339,,,,,,,,,,,,,24.834
6234,4.279,4.676,11.32,3.339,,,,,,,,,,,,,15.09
6235,4.279,4.676,11.32,3.339,,,,,,,,,,,,,20.241
6236,4.279,4.676,11.32,3.339,,,,,,,,,,,,,19.696
6238,4.279,4.676,11.32,3.339,,,,,,,,,,,,,20.978
6239,4.279,4.676,11.32,3.339,,,,,,,,,,,,,24.088
6241,4.279,4.676,11.32,3.339,,,,,,,,,,,,,19.19
6242,4.279,4.676,11.32,3.339,,,,,,,,,,,,,19.468
6243,4.279,4.676,11.32,3.339,,,,,,,,,,,,,24.318
6244,4.279,4.676,11.32,3.339,,,,,,,,,,,,,15.774
6245,4.279,4.676,11.32,3.339,,,,,,,,,,,,,19.803
6246,4.279,4.676,11.32,3.339,,,,,,,,,,,,,19.966
6247,4.279,4.675,11.32,3.339,,,,,,,,,,,,,20.737
6248,4.279,4.675,11.32,3.339,,,,,,,,,,,,,32.746
6249,4.279,4.676,11.32,3.339,,,,,,,,,,,,,30.776
6250,4.279,4.676,11.32,3.339,,,,,,,,,,,,,6.499
6251,4.279,4.676,11.32,3.339,,,,,,,,,,,,,9.582
6253,4.279,4.676,11.32,3.339,,,,,,,,,,,,,14.793
6254,4.279,4.676,11.32,3.339,,,,,,,,,,,,,20.258
6255,4.279,4.676,11.32,3.339,,,,,,,,,,,,,19.619
6256,4.279,4.676,11.32,3.339,,,,,,,,,,,,,20.305
6257,4.279,4.676,11.32,3.339,,,,,,,,,,,,,19.95
6258,4.279,4.676,11.32,3.339,,,,,,,,,,,,,20.047
6259,4.279,4.676,11.32,3.339,,,,,,,,,,,,,20.271
6260,4.279,4.676,11.32,3.339,,,,,,,,,,,,,19.711
6261,4.279,4.676,11.32,3.339,,,,,,,,,,,,,19.878
6262,4.279,4.676,11.32,3.339,,,,,,,,,,,,,20.229
6263,4.279,4.676,11.32,3.339,,,,,,,,,,,,,20.083
6264,4.279,4.676,11.32,3.339,,,,,,,,,,,,,20.218
6265,4.279,4.676,11.32,3.339,,,,,,,,,,,,,19.588
6266,4.279,4.676,11.32,3.339,,,,,,,,,,,,,20.095
6267,4.279,4.676,11.32,3.339,,,,,,,,,,,,,19.837
6269,4.279,4.676,11.32,3.339,,,,,,,,,,,,,20.709
6270,4.279,4.676,11.32,3.339,,,,,,,,,,,,,19.205
6271,4.279,4.676,11.32,3.339,,,,,,,,,,,,,20.224
6275,4.279,4.676,11.32,3.339,,,,,,,,,,,,,17.651
6276,4.279,4.676,11.32,3.339,,,,,,,,,,,,,30.686
6277,4.279,4.676,11.32,3.339,,,,,,,,,,,,,10.306
6278,4.279,4.676,11.32,3.339,,,,,,,,,,,,,19.709
6279,4.279,4.676,11.32,3.339,,,,,,,,,,,,,19.619
6281,4.279,4.676,11.32,3.339,,,,,,,,,,,,,6.515
6282,4.279,4.676,11.32,3.339,,,,,,,,,,,,,20.348
6283,4.279,4.676,11.32,3.339,,,,,,,,,,,,,19.175
6284,4.279,4.676,11.32,3.339,,,,,,,,,,,,,20.155
6285,4.279,4.676,11.32,3.339,,,,,,,,,,,,,20.328
6286,4.279,4.676,11.32,3.339,,,,,,,,,,,,,19.428
6287,4.279,4.676,11.32,3.339,,,,,,,,,,,,,26.15
6288,4.279,4.676,11.32,3.339,,,,,,,,,,,,,18.584
6289,4.279,4.676,11.32,3.339,,,,,,,,,,,,,15.609
6290,4.279,4.676,11.32,3.339,,,,,,,,,,,,,26.915
6291,4.279,4.676,11.32,3.339,,,,,,,,,,,,,12.836
6292,4.279,4.676,11.32,3.339,,,,,,,,,,,,,20.279
6293,4.279,4.676,11.32,3.339,,,,,,,,,,,,,19.94
6294,4.279,4.676,11.32,3.339,,,,,,,,,,,,,19.988
6295,4.279,4.676,11.32,3.339,,,,,,,,,,,,,19.943
6296,4.279,4.676,11.32,3.339,,,,,,,,,,,,,19.981
6297,4.279,4.676,11.32,3.339,,,,,,,,,,,,,20.108
6298,4.279,4.676,11.32,3.339,,,,,,,,,,,,,19.849
6299,4.279,4.676,11.32,3.339,,,,,,,,,,,,,20.116
6300,4.279,4.676,11.32,3.339,,,,,,,,,,,,,19.834
6301,4.279,4.676,11.32,3.339,,,,,,,,,,,,,38.348
6302,4.279,4.676,11.32,3.339,,,,,,,,,,,,,5.945
6303,4.279,4.676,11.32,3.339,,,,,,,,,,,,,15.764
6304,4.279,4.676,11.32,3.339,,,,,,,,,,,,,20.273
6305,4.279,4.676,11.32,3.339,,,,,,,,,,,,,22.391
6306,4.279,4.676,11.32,3.339,,,,,,,,,,,,,21.759
6308,4.279,4.676,11.32,3.339,,,,,,,,,,,,,20.001
6309,4.279,4.676,11.32,3.339,,,,,,,,,,,,,20.047
6310,4.279,4.676,11.32,3.339,,,,,,,,,,,,,25.866
6311,4.279,4.676,11.32,3.339,,,,,,,,,,,,,14.07
6312,4.279,4.676,11.32,3.339,,,,,,,,,,,,,20.112
6314,4.279,4.676,11.32,3.34,,,,,,,,,,,,,20.034
6315,4.279,4.676,11.32,3.34,,,,,,,,,,,,,19.814
6316,4.279,4.676,11.32,3.339,,,,,,,,,,,,,46.591
6317,4.279,4.676,11.32,3.34,,,,,,,,,,,,,3.743
6318,4.279,4.676,11.32,3.339,,,,,,,,,,,,,10.313
6319,4.279,4.676,11.32,3.339,,,,,,,,,,,,,19.618
6320,4.279,4.676,11.32,3.339,,,,,,,,,,,,,19.834
6321,4.279,4.676,11.32,3.339,,,,,,,,,,,,,20.044
6322,4.279,4.676,11.32,3.339,,,,,,,,,,,,,19.982
6323,4.279,4.676,11.32,3.339,,,,,,,,,,,,,22.126
6324,4.279,4.676,11.32,3.339,,,,,,,,,,,,,18.239
6327,4.279,4.676,11.32,3.339,,,,,,,,,,,,,19.049
6328,4.279,4.676,11.32,3.339,,,,,,,,,,,,,26.111
6329,4.279,4.676,11.32,3.339,,,,,,,,,,,,,14.101
6330,4.279,4.676,11.32,3.339,,,,,,,,,,,,,20.087
6331,4.279,4.676,11.32,3.339,,,,,,,,,,,,,19.663
6332,4.279,4.676,11.32,3.339,,,,,,,,,,,,,20.057
6333,4.279,4.676,11.32,3.339,,,,,,,,,,,,,20.083
6334,4.279,4.676,11.32,3.339,,,,,,,,,,,,,20.302
6335,4.279,4.676,11.32,3.339,,,,,,,,,,,,,19.814
6336,4.279,4.676,11.32,3.339,,,,,,,,,,,,,22.191
6337,4.279,4.676,11.32,3.339,,,,,,,,,,,,,17.681
6338,4.279,4.676,11.32,3.339,,,,,,,,,,,,,20.029
6339,4.279,4.676,11.32,3.339,,,,,,,,,,,,,20.095
6341,4.279,4.676,11.32,3.339,,,,,,,,,,,,,19.729
6344,4.279,4.676,11.32,3.339,,,,,,,,,,,,,19.065
6345,4.279,4.676,11.32,3.339,,,,,,,,,,,,,14.532
6346,4.279,4.676,11.32,3.339,,,,,,,,,,,,,19.999
6347,4.279,4.676,11.32,3.339,,,,,,,,,,,,,48.983
6348,4.279,4.676,11.32,3.339,,,,,,,,,,,,,5.047
6349,4.279,4.676,11.32,3.339,,,,,,,,,,,,,7.166
6352,4.279,4.676,11.32,3.339,,,,,,,,,,,,,20.702
6353,4.279,4.676,11.32,3.339,,,,,,,,,,,,,19.234
6354,4.279,4.676,11.32,3.339,,,,,,,,,,,,,20.106
6355,4.279,4.676,11.32,3.339,,,,,,,,,,,,,19.81
6357,4.279,4.676,11.32,3.339,,,,,,,,,,,,,20.94
6358,4.279,4.676,11.32,3.339,,,,,,,,,,,,,18.908
6359,4.279,4.676,11.32,3.339,,,,,,,,,,,,,20.872
6360,4.279,4.676,11.32,3.339,,,,,,,,,,,,,23.198
6361,4.279,4.676,11.32,3.339,,,,,,,,,,,,,16.072
6362,4.279,4.676,11.32,3.339,,,,,,,,,,,,,22.348
6363,4.279,4.676,11.32,3.339,,,,,,,,,,,,,17.776
6364,4.279,4.676,11.32,3.339,,,,,,,,,,,,,20.066
6367,4.279,4.676,11.32,3.339,,,,,,,,,,,,,19.887
6368,4.279,4.676,11.32,3.339,,,,,,,,,,,,,20
6369,4.279,4.676,11.32,3.339,,,,,,,,,,,,,23.653
6370,4.279,4.676,11.32,3.339,,,,,,,,,,,,,16.348
6371,4.279,4.676,11.32,3.339,,,,,,,,,,,,,19.947
6372,4.279,4.676,11.32,3.339,,,,,,,,,,,,,23.058
6373,4.279,4.676,11.32,3.339,,,,,,,,,,,,,19.352
6374,4.279,4.676,11.32,3.339,,,,,,,,,,,,,17.489
6375,4.279,4.676,11.32,3.339,,,,,,,,,,,,,20.254
6376,4.279,4.676,11.32,3.339,,,,,,,,,,,,,59.653
6377,4.279,4.676,11.32,3.339,,,,,,,,,,,,,4.021
6378,4.279,4.676,11.32,3.339,,,,,,,,,,,,,1.427
6379,4.279,4.676,11.32,3.339,,,,,,,,,,,,,15.039
6381,4.279,4.676,11.32,3.339,,,,,,,,,,,,,19.856
6382,4.279,4.676,11.32,3.339,,,,,,,,,,,,,20.891
6383,4.279,4.676,11.32,3.339,,,,,,,,,,,,,21.494
6384,4.279,4.676,11.32,3.339,,,,,,,,,,,,,17.868
6385,4.279,4.676,11.32,3.339,,,,,,,,,,,,,20.141
6386,4.279,4.676,11.32,3.339,,,,,,,,,,,,,19.697
6387,4.279,4.676,11.32,3.339,,,,,,,,,,,,,19.961
6388,4.279,4.676,11.32,3.339,,,,,,,,,,,,,24.616
6389,4.279,4.676,11.32,3.339,,,,,,,,,,,,,15.337
6390,4.279,4.676,11.32,3.339,,,,,,,,,,,,,20.285
6392,4.279,4.676,11.32,3.339,,,,,,,,,,,,,19.598
6393,4.279,4.676,11.32,3.339,,,,,,,,,,,,,20.112
6394,4.279,4.676,11.32,3.339,,,,,,,,,,,,,21.173
6395,4.279,4.676,11.32,3.339,,,,,,,,,,,,,19.403
6396,4.279,4.676,11.32,3.339,,,,,,,,,,,,,19.245
6397,4.279,4.676,11.32,3.339,,,,,,,,,,,,,19.924
6398,4.279,4.676,11.32,3.339,,,,,,,,,,,,,20.127
6399,4.279,4.676,11.32,3.339,,,,,,,,,,,,,19.836
6400,4.279,4.676,11.32,3.339,,,,,,,,,,,,,20.213
6401,4.279,4.676,11.32,3.339,,,,,,,,,,,,,19.941
6402,4.279,4.676,11.32,3.339,,,,,,,,,,,,,20.082
6403,4.279,4.676,11.32,3.339,,,,,,,,,,,,,28.74
6404,4.279,4.676,11.32,3.339,,,,,,,,,,,,,14.187
6405,4.279,4.676,11.32,3.339,,,,,,,,,,,,,18.491
6406,4.279,4.676,11.32,3.339,,,,,,,,,,,,,32.543
6407,4.279,4.676,11.32,3.339,,,,,,,,,,,,,6.539
6408,4.279,4.676,11.32,3.339,,,,,,,,,,,,,19.468
6410,4.279,4.676,11.32,3.339,,,,,,,,,,,,,23.48
6411,4.279,4.676,11.32,3.339,,,,,,,,,,,,,17.08
6412,4.279,4.676,11.32,3.339,,,,,,,,,,,,,19.112
6414,4.279,4.676,11.32,3.339,,,,,,,,,,,,,22.295
6415,4.279,4.676,11.32,3.339,,,,,,,,,,,,,22.53
6416,4.279,4.676,11.32,3.339,,,,,,,,,,,,,20.723
6417,4.279,4.676,11.32,3.339,,,,,,,,,,,,,14.568
6418,4.279,4.676,11.32,3.339,,,,,,,,,,,,,19.975
6419,4.279,4.676,11.32,3.339,,,,,,,,,,,,,20.144
6420,4.279,4.676,11.32,3.339,,,,,,,,,,,,,19.827
6421,4.279,4.676,11.32,3.339,,,,,,,,,,,,,20.192
6422,4.279,4.676,11.32,3.339,,,,,,,,,,,,,21.533
6423,4.279,4.676,11.32,3.339,,,,,,,,,,,,,20.741
6424,4.279,4.676,11.32,3.339,,,,,,,,,,,,,17.644
6425,4.279,4.676,11.32,3.339,,,,,,,,,,,,,20.128
6426,4.279,4.676,11.32,3.339,,,,,,,,,,,,,19.818
6427,4.279,4.676,11.32,3.339,,,,,,,,,,,,,20.774
6428,4.279,4.676,11.32,3.339,,,,,,,,,,,,,20.496
6429,4.279,4.676,11.32,3.339,,,,,,,,,,,,,18.635
6430,4.279,4.676,11.32,3.339,,,,,,,,,,,,,21.296
6431,4.279,4.676,11.32,3.339,,,,,,,,,,,,,18.844
6432,4.279,4.676,11.32,3.339,,,,,,,,,,,,,20.017
6433,4.279,4.676,11.32,3.339,,,,,,,,,,,,,19.949
6434,4.279,4.676,11.32,3.339,,,,,,,,,,,,,20.01
6435,4.279,4.676,11.32,3.339,,,,,,,,,,,,,25.385
6436,4.279,4.676,11.32,3.339,,,,,,,,,,,,,14.511
6437,4.279,4.676,11.32,3.339,,,,,,,,,,,,,42.798
6438,4.279,4.676,11.32,3.339,,,,,,,,,,,,,7.298
6439,4.279,4.676,11.32,3.339,,,,,,,,,,,,,10.12
6440,4.279,4.676,11.32,3.339,,,,,,,,,,,,,19.987
6441,4.279,4.676,11.32,3.339,,,,,,,,,,,,,19.913
6442,4.279,4.676,11.32,3.339,,,,,,,,,,,,,20.134
6443,4.279,4.676,11.32,3.339,,,,,,,,,,,,,19.858
6444,4.279,4.676,11.32,3.339,,,,,,,,,,,,,20.355
6445,4.279,4.676,11.32,3.339,,,,,,,,,,,,,20.222
6446,4.279,4.676,11.32,3.339,,,,,,,,,,,,,19.277
6447,4.279,4.676,11.32,3.339,,,,,,,,,,,,,20.319
6448,4.279,4.676,11.32,3.339,,,,,,,,,,,,,20.924
6449,4.279,4.676,11.32,3.339,,,,,,,,,,,,,19.333
6450,4.279,4.676,11.32,3.339,,,,,,,,,,,,,19.576
6451,4.279,4.676,11.32,3.339,,,,,,,,,,,,,21.661
6452,4.279,4.676,11.32,3.339,,,,,,,,,,,,,18.339
6454,4.279,4.676,11.32,3.339,,,,,,,,,,,,,26.405
6455,4.279,4.676,11.32,3.339,,,,,,,,,,,,,12.788
6456,4.279,4.676,11.32,3.339,,,,,,,,,,,,,20.379
6457,4.279,4.676,11.32,3.339,,,,,,,,,,,,,20.111
6458,4.279,4.676,11.32,3.339,,,,,,,,,,,,,19.396
6460,4.279,4.676,11.32,3.339,,,,,,,,,,,,,17.646
6461,4.279,4.676,11.32,3.339,,,,,,,,,,,,,23.992
6462,4.279,4.676,11.32,3.339,,,,,,,,,,,,,13.097
6463,4.279,4.676,11.32,3.339,,,,,,,,,,,,,20.184
6464,4.279,4.676,11.32,3.339,,,,,,,,,,,,,19.927
6465,4.279,4.676,11.32,3.339,,,,,,,,,,,,,53.897
6466,4.279,4.676,11.32,3.339,,,,,,,,,,,,,5.012
6467,4.279,4.676,11.32,3.339,,,,,,,,,,,,,9.047
6469,4.279,4.676,11.32,3.339,,,,,,,,,,,,,19.844
6470,4.279,4.676,11.32,3.339,,,,,,,,,,,,,25.851
6472,4.279,4.676,11.32,3.339,,,,,,,,,,,,,20.224
6473,4.279,4.676,11.32,3.339,,,,,,,,,,,,,20.071
6474,4.279,4.676,11.32,3.339,,,,,,,,,,,,,20.048
6476,4.279,4.676,11.32,3.339,,,,,,,,,,,,,19.785
6477,4.279,4.676,11.32,3.339,,,,,,,,,,,,,19.98
6478,4.279,4.676,11.32,3.339,,,,,,,,,,,,,19.934
6479,4.279,4.676,11.32,3.339,,,,,,,,,,,,,19.989
6480,4.279,4.676,11.32,3.339,,,,,,,,,,,,,21.574
6481,4.279,4.676,11.32,3.339,,,,,,,,,,,,,18.603
6482,4.279,4.676,11.32,3.339,,,,,,,,,,,,,22.705
6483,4.279,4.676,11.32,3.339,,,,,,,,,,,,,17.247
6484,4.279,4.676,11.32,3.339,,,,,,,,,,,,,19.991
6485,4.279,4.676,11.32,3.339,,,,,,,,,,,,,19.959
6486,4.279,4.676,11.32,3.339,,,,,,,,,,,,,20.164
6487,4.279,4.676,11.32,3.339,,,,,,,,,,,,,27.217
6488,4.279,4.675,11.32,3.339,,,,,,,,,,,,,12.773
6489,4.279,4.676,11.32,3.339,,,,,,,,,,,,,19.959
6490,4.279,4.676,11.32,3.339,,,,,,,,,,,,,20.008
6491,4.279,4.676,11.32,3.339,,,,,,,,,,,,,19.994
6492,4.279,4.676,11.32,3.339,,,,,,,,,,,,,20.136
6493,4.279,4.676,11.32,3.339,,,,,,,,,,,,,19.751
6495,4.279,4.676,11.32,3.339,,,,,,,,,,,,,19.982
6496,4.279,4.676,11.32,3.339,,,,,,,,,,,,,23.456
6497,4.279,4.676,11.32,3.339,,,,,,,,,,,,,21.369
6499,4.279,4.676,11.32,3.339,,,,,,,,,,,,,17.474
6500,4.279,4.676,11.32,3.339,,,,,,,,,,,,,19.803
6501,4.279,4.676,11.32,3.339,,,,,,,,,,,,,19.923
6502,4.279,4.676,11.32,3.339,,,,,,,,,,,,,19.982
6503,4.279,4.676,11.32,3.339,,,,,,,,,,,,,32.015
6504,4.279,4.676,11.32,3.339,,,,,,,,,,,,,8.199
6505,4.279,4.676,11.32,3.339,,,,,,,,,,,,,20.003
6506,4.279,4.676,11.32,3.339,,,,,,,,,,,,,19.91
6507,4.279,4.676,11.32,3.339,,,,,,,,,,,,,19.953
6508,4.279,4.676,11.32,3.339,,,,,,,,,,,,,24.359
6509,4.279,4.676,11.32,3.339,,,,,,,,,,,,,18.524
6511,4.279,4.676,11.32,3.339,,,,,,,,,,,,,27.412
6512,4.279,4.676,11.32,3.339,,,,,,,,,,,,,12.539
6513,4.279,4.676,11.32,3.339,,,,,,,,,,,,,19.983
6514,4.279,4.676,11.32,3.339,,,,,,,,,,,,,19.931
6515,4.279,4.676,11.32,3.339,,,,,,,,,,,,,19.991
6516,4.279,4.676,11.32,3.339,,,,,,,,,,,,,19.968
6517,4.279,4.676,11.32,3.339,,,,,,,,,,,,,19.945
6518,4.279,4.676,11.32,3.339,,,,,,,,,,,,,20.72
6519,4.279,4.676,11.32,3.339,,,,,,,,,,,,,21.103
6520,4.279,4.676,11.32,3.339,,,,,,,,,,,,,19.904
6521,4.279,4.676,11.32,3.339,,,,,,,,,,,,,18.412
6522,4.279,4.676,11.32,3.339,,,,,,,,,,,,,52.265
6523,4.279,4.676,11.32,3.339,,,,,,,,,,,,,5.706
6524,4.279,4.676,11.32,3.339,,,,,,,,,,,,,4.107
6525,4.279,4.676,11.32,3.339,,,,,,,,,,,,,18.822
6527,4.279,4.676,11.32,3.339,,,,,,,,,,,,,19.972
6528,4.279,4.676,11.32,3.339,,,,,,,,,,,,,20.457
6529,4.279,4.676,11.32,3.339,,,,,,,,,,,,,19.885
6532,4.279,4.676,11.32,3.339,,,,,,,,,,,,,19.989
6533,4.279,4.676,11.32,3.339,,,,,,,,,,,,,20.2
6536,4.279,4.676,11.32,3.339,,,,,,,,,,,,,18.936
6537,4.279,4.676,11.32,3.339,,,,,,,,,,,,,19.954
6540,4.279,4.676,11.32,3.339,,,,,,,,,,,,,19.861
6542,4.279,4.676,11.32,3.339,,,,,,,,,,,,,18.677
6543,4.279,4.676,11.32,3.339,,,,,,,,,,,,,23.633
6544,4.279,4.676,11.32,3.339,,,,,,,,,,,,,16.956
6545,4.279,4.676,11.32,3.339,,,,,,,,,,,,,19.58
6546,4.279,4.676,11.32,3.339,,,,,,,,,,,,,19.975
6547,4.279,4.676,11.32,3.339,,,,,,,,,,,,,19.937
6548,4.279,4.676,11.32,3.339,,,,,,,,,,,,,19.999
6549,4.279,4.676,11.32,3.339,,,,,,,,,,,,,22.453
6550,4.279,4.676,11.32,3.339,,,,,,,,,,,,,40.025
6551,4.279,4.676,11.32,3.339,,,,,,,,,,,,,1.532
6552,4.279,4.676,11.32,3.339,,,,,,,,,,,,,16.119
6553,4.279,4.676,11.32,3.339,,,,,,,,,,,,,21.26
6554,4.279,4.676,11.32,3.339,,,,,,,,,,,,,18.839
6555,4.279,4.676,11.32,3.339,,,,,,,,,,,,,21.141
6556,4.279,4.676,11.32,3.339,,,,,,,,,,,,,18.89
6559,4.279,4.676,11.32,3.339,,,,,,,,,,,,,18.09
6561,4.279,4.676,11.32,3.339,,,,,,,,,,,,,16.372
6562,4.279,4.676,11.32,3.339,,,,,,,,,,,,,19.604
6563,4.279,4.676,11.32,3.339,,,,,,,,,,,,,19.832
6565,4.279,4.676,11.32,3.339,,,,,,,,,,,,,12.437
6566,4.279,4.676,11.32,3.339,,,,,,,,,,,,,34.921
6567,4.279,4.676,11.32,3.339,,,,,,,,,,,,,4.964
6568,4.279,4.676,11.32,3.339,,,,,,,,,,,,,19.499
6569,4.279,4.676,11.32,3.339,,,,,,,,,,,,,20.703
6570,4.279,4.676,11.32,3.339,,,,,,,,,,,,,19.202
6571,4.279,4.676,11.32,3.339,,,,,,,,,,,,,19.94
6572,4.279,4.676,11.32,3.339,,,,,,,,,,,,,20.248
6573,4.279,4.676,11.32,3.339,,,,,,,,,,,,,19.84
6574,4.279,4.676,11.32,3.339,,,,,,,,,,,,,19.827
6575,4.279,4.676,11.32,3.339,,,,,,,,,,,,,20.756
6576,4.279,4.676,11.32,3.339,,,,,,,,,,,,,19.45
6577,4.279,4.676,11.32,3.339,,,,,,,,,,,,,20.116
6578,4.279,4.676,11.32,3.339,,,,,,,,,,,,,19.835
6580,4.279,4.676,11.32,3.339,,,,,,,,,,,,,64.229
6581,4.279,4.676,11.32,3.339,,,,,,,,,,,,,4.277
6582,4.279,4.676,11.32,3.339,,,,,,,,,,,,,1.232
6583,4.279,4.676,11.32,3.339,,,,,,,,,,,,,8.093
6584,4.279,4.676,11.32,3.339,,,,,,,,,,,,,19.302
6585,4.279,4.676,11.32,3.339,,,,,,,,,,,,,19.95
6586,4.279,4.676,11.32,3.339,,,,,,,,,,,,,23.111
6587,4.279,4.676,11.32,3.339,,,,,,,,,,,,,16.852
6588,4.279,4.676,11.32,3.339,,,,,,,,,,,,,19.852
6589,4.279,4.676,11.32,3.339,,,,,,,,,,,,,21.992
6590,4.279,4.676,11.32,3.339,,,,,,,,,,,,,18.753
6591,4.279,4.676,11.32,3.339,,,,,,,,,,,,,20.389
6592,4.279,4.676,11.32,3.339,,,,,,,,,,,,,26.174
6593,4.279,4.676,11.32,3.339,,,,,,,,,,,,,12.774
6594,4.279,4.676,11.32,3.339,,,,,,,,,,,,,19.99
6595,4.279,4.676,11.32,3.339,,,,,,,,,,,,,20.068
6596,4.279,4.676,11.32,3.339,,,,,,,,,,,,,19.937
6597,4.279,4.676,11.32,3.339,,,,,,,,,,,,,19.919
6598,4.279,4.676,11.32,3.339,,,,,,,,,,,,,20.854
6599,4.279,4.676,11.32,3.339,,,,,,,,,,,,,19.073
6600,4.279,4.676,11.32,3.339,,,,,,,,,,,,,20.213
6601,4.279,4.676,11.32,3.339,,,,,,,,,,,,,19.97
6602,4.279,4.676,11.32,3.339,,,,,,,,,,,,,29.119
6603,4.279,4.676,11.32,3.339,,,,,,,,,,,,,14.13
6604,4.279,4.676,11.32,3.339,,,,,,,,,,,,,17.435
6605,4.279,4.676,11.32,3.339,,,,,,,,,,,,,19.197
6606,4.279,4.676,11.32,3.339,,,,,,,,,,,,,23.57
6607,4.279,4.676,11.32,3.339,,,,,,,,,,,,,17.855
6608,4.279,4.676,11.32,3.339,,,,,,,,,,,,,18.746
6609,4.279,4.676,11.32,3.34,,,,,,,,,,,,,20.116
6611,4.279,4.676,11.32,3.339,,,,,,,,,,,,,19.902
6612,4.279,4.676,11.32,3.34,,,,,,,,,,,,,41.74
6613,4.279,4.676,11.32,3.34,,,,,,,,,,,,,3.971
6614,4.279,4.676,11.32,3.34,,,,,,,,,,,,,14.705
6615,4.279,4.676,11.32,3.34,,,,,,,,,,,,,19.472
6616,4.279,4.676,11.32,3.339,,,,,,,,,,,,,21.829
6617,4.279,4.676,11.32,3.339,,,,,,,,,,,,,18.338
6618,4.279,4.676,11.32,3.339,,,,,,,,,,,,,21.29
6619,4.279,4.676,11.32,3.339,,,,,,,,,,,,,18.635
6620,4.279,4.676,11.32,3.339,,,,,,,,,,,,,20.256
6621,4.279,4.676,11.32,3.339,,,,,,,,,,,,,19.712
6622,4.279,4.676,11.32,3.339,,,,,,,,,,,,,19.961
6625,4.279,4.676,11.32,3.339,,,,,,,,,,,,,19.702
6626,4.279,4.676,11.32,3.339,,,,,,,,,,,,,21.268
6627,4.279,4.676,11.32,3.339,,,,,,,,,,,,,21.47
6628,4.279,4.676,11.32,3.339,,,,,,,,,,,,,21.718
6630,4.279,4.676,11.32,3.339,,,,,,,,,,,,,25.762
6631,4.279,4.676,11.32,3.339,,,,,,,,,,,,,13.986
6632,4.279,4.676,11.32,3.339,,,,,,,,,,,,,20.343
6633,4.279,4.676,11.32,3.339,,,,,,,,,,,,,19.557
6634,4.279,4.676,11.32,3.339,,,,,,,,,,,,,20.197
6635,4.279,4.676,11.32,3.339,,,,,,,,,,,,,20.037
6636,4.279,4.676,11.32,3.339,,,,,,,,,,,,,20.33
6637,4.279,4.676,11.32,3.339,,,,,,,,,,,,,21.372
6638,4.279,4.676,11.32,3.339,,,,,,,,,,,,,18.027
6639,4.279,4.676,11.32,3.339,,,,,,,,,,,,,19.848
6640,4.279,4.676,11.32,3.339,,,,,,,,,,,,,23.092
6641,4.279,4.676,11.32,3.339,,,,,,,,,,,,,17.093
6642,4.279,4.676,11.32,3.339,,,,,,,,,,,,,20.221
6643,4.279,4.676,11.32,3.339,,,,,,,,,,,,,19.719
6644,4.279,4.676,11.32,3.34,,,,,,,,,,,,,27.197
6645,4.279,4.676,11.32,3.339,,,,,,,,,,,,,34.12
6646,4.279,4.676,11.32,3.339,,,,,,,,,,,,,1.687
6647,4.279,4.676,11.32,3.339,,,,,,,,,,,,,17.065
6648,4.279,4.676,11.32,3.339,,,,,,,,,,,,,20.603
6649,4.279,4.676,11.32,3.339,,,,,,,,,,,,,27.434
6650,4.279,4.676,11.32,3.339,,,,,,,,,,,,,12.172
6651,4.279,4.676,11.32,3.339,,,,,,,,,,,,,19.997
6652,4.279,4.676,11.32,3.339,,,,,,,,,,,,,19.751
6656,4.279,4.676,11.32,3.34,,,,,,,,,,,,,20.194
6657,4.279,4.676,11.32,3.34,,,,,,,,,,,,,19.955
6658,4.279,4.676,11.32,3.339,,,,,,,,,,,,,20.115
6659,4.279,4.676,11.32,3.34,,,,,,,,,,,,,19.984
6660,4.279,4.676,11.32,3.34,,,,,,,,,,,,,22.173
6663,4.279,4.676,11.32,3.34,,,,,,,,,,,,,19.707
6664,4.279,4.676,11.32,3.34,,,,,,,,,,,,,20.097
6665,4.279,4.676,11.32,3.34,,,,,,,,,,,,,20.307
6666,4.279,4.676,11.32,3.34,,,,,,,,,,,,,20.799
6667,4.279,4.676,11.32,3.34,,,,,,,,,,,,,18.923
6668,4.279,4.676,11.32,3.34,,,,,,,,,,,,,19.979
6669,4.279,4.676,11.32,3.34,,,,,,,,,,,,,23.006
6670,4.279,4.676,11.32,3.339,,,,,,,,,,,,,16.937
6672,4.279,4.676,11.32,3.34,,,,,,,,,,,,,20.22
6673,4.279,4.676,11.32,3.34,,,,,,,,,,,,,34.32
6674,4.279,4.676,11.32,3.34,,,,,,,,,,,,,5.956
6675,4.279,4.676,11.32,3.34,,,,,,,,,,,,,26.543
6678,4.279,4.676,11.32,3.34,,,,,,,,,,,,,20.198
6679,4.279,4.676,11.32,3.34,,,,,,,,,,,,,42.511
6680,4.279,4.676,11.32,3.34,,,,,,,,,,,,,4.023
6681,4.279,4.676,11.32,3.34,,,,,,,,,,,,,13.51
6682,4.279,4.676,11.32,3.34,,,,,,,,,,,,,19.87
6683,4.279,4.676,11.32,3.34,,,,,,,,,,,,,20.006
6684,4.279,4.676,11.32,3.34,,,,,,,,,,,,,20.367
6685,4.279,4.676,11.32,3.34,,,,,,,,,,,,,19.529
6686,4.279,4.676,11.32,3.34,,,,,,,,,,,,,19.862
6687,4.279,4.676,11.32,3.34,,,,,,,,,,,,,20.317
6688,4.279,4.676,11.32,3.34,,,,,,,,,,,,,20.893
6689,4.279,4.676,11.32,3.34,,,,,,,,,,,,,19.045
6691,4.279,4.676,11.32,3.34,,,,,,,,,,,,,18.695
6694,4.279,4.676,11.32,3.34,,,,,,,,,,,,,19.262
6695,4.279,4.676,11.32,3.34,,,,,,,,,,,,,20.155
6698,4.279,4.676,11.32,3.34,,,,,,,,,,,,,15.056
6699,4.279,4.676,11.32,3.339,,,,,,,,,,,,,23.831
6703,4.279,4.676,11.32,3.339,,,,,,,,,,,,,23.516
6704,4.279,4.676,11.32,3.339,,,,,,,,,,,,,16.672
6705,4.279,4.676,11.32,3.339,,,,,,,,,,,,,22.762
6707,4.279,4.676,11.32,3.339,,,,,,,,,,,,,3.993
6708,4.279,4.676,11.32,3.339,,,,,,,,,,,,,1.497
6709,4.279,4.676,11.32,3.339,,,,,,,,,,,,,18.592
6710,4.279,4.676,11.32,3.339,,,,,,,,,,,,,22.342
6711,4.279,4.676,11.32,3.339,,,,,,,,,,,,,15.543
6712,4.279,4.676,11.32,3.339,,,,,,,,,,,,,24.345
6713,4.279,4.676,11.32,3.339,,,,,,,,,,,,,29.687
6714,4.279,4.676,11.32,3.339,,,,,,,,,,,,,6.278
6715,4.279,4.676,11.32,3.339,,,,,,,,,,,,,19.884
6716,4.279,4.676,11.32,3.339,,,,,,,,,,,,,19.919
6718,4.279,4.676,11.32,3.339,,,,,,,,,,,,,18.586
6719,4.279,4.676,11.32,3.339,,,,,,,,,,,,,19.974
6720,4.279,4.676,11.32,3.339,,,,,,,,,,,,,20.903
6721,4.279,4.676,11.32,3.339,,,,,,,,,,,,,18.661
6722,4.279,4.676,11.32,3.339,,,,,,,,,,,,,19.848
6723,4.279,4.676,11.32,3.339,,,,,,,,,,,,,32.302
6724,4.279,4.676,11.32,3.339,,,,,,,,,,,,,7.867
6725,4.279,4.676,11.32,3.339,,,,,,,,,,,,,19.949
6726,4.279,4.676,11.32,3.339,,,,,,,,,,,,,20.792
6727,4.279,4.676,11.32,3.339,,,,,,,,,,,,,19.03
6728,4.279,4.676,11.32,3.339,,,,,,,,,,,,,19.916
6729,4.279,4.676,11.32,3.339,,,,,,,,,,,,,21.736
6730,4.279,4.676,11.32,3.339,,,,,,,,,,,,,18.512
6731,4.279,4.676,11.32,3.339,,,,,,,,,,,,,20.073
6732,4.279,4.676,11.32,3.339,,,,,,,,,,,,,19.985
6733,4.279,4.676,11.32,3.339,,,,,,,,,,,,,20.713
6734,4.279,4.676,11.32,3.339,,,,,,,,,,,,,26.309
6735,4.279,4.676,11.32,3.339,,,,,,,,,,,,,12.766
6737,4.279,4.676,11.32,3.339,,,,,,,,,,,,,7.08
6738,4.279,4.676,11.32,3.339,,,,,,,,,,,,,21.842
6739,4.279,4.676,11.32,3.339,,,,,,,,,,,,,18.199
6740,4.279,4.676,11.32,3.339,,,,,,,,,,,,,26.593
6741,4.279,4.676,11.32,3.339,,,,,,,,,,,,,13.982
6744,4.279,4.676,11.32,3.339,,,,,,,,,,,,,20.147
6746,4.279,4.676,11.32,3.339,,,,,,,,,,,,,21.418
6747,4.279,4.676,11.32,3.339,,,,,,,,,,,,,18.613
6748,4.279,4.676,11.32,3.339,,,,,,,,,,,,,19.946
6749,4.279,4.676,11.32,3.339,,,,,,,,,,,,,24.361
6750,4.279,4.676,11.32,3.339,,,,,,,,,,,,,19.207
6751,4.279,4.676,11.32,3.339,,,,,,,,,,,,,18.489
6752,4.279,4.676,11.32,3.339,,,,,,,,,,,,,17.839
6755,4.279,4.676,11.32,3.339,,,,,,,,,,,,,20.948
6756,4.279,4.676,11.32,3.339,,,,,,,,,,,,,22.649
6757,4.279,4.676,11.32,3.339,,,,,,,,,,,,,16.317
6758,4.279,4.676,11.32,3.339,,,,,,,,,,,,,19.926
6759,4.279,4.676,11.32,3.339,,,,,,,,,,,,,20.378
6760,4.279,4.676,11.32,3.339,,,,,,,,,,,,,19.847
6761,4.279,4.676,11.32,3.339,,,,,,,,,,,,,19.729
6762,4.279,4.676,11.32,3.339,,,,,,,,,,,,,20.213
6763,4.279,4.676,11.32,3.339,,,,,,,,,,,,,21.125
6764,4.279,4.676,11.32,3.339,,,,,,,,,,,,,19.038
6765,4.279,4.676,11.32,3.339,,,,,,,,,,,,,22.039
6766,4.279,4.676,11.32,3.339,,,,,,,,,,,,,44.312
6767,4.279,4.676,11.32,3.339,,,,,,,,,,,,,3.964
6768,4.279,4.676,11.32,3.339,,,,,,,,,,,,,9.536
6769,4.279,4.676,11.32,3.339,,,,,,,,,,,,,19.993
6770,4.279,4.676,11.32,3.339,,,,,,,,,,,,,20.516
6771,4.279,4.676,11.32,3.339,,,,,,,,,,,,,31.531
6772,4.279,4.676,11.32,3.339,,,,,,,,,,,,,8.109
6775,4.279,4.676,11.32,3.339,,,,,,,,,,,,,17.299
6776,4.279,4.676,11.32,3.339,,,,,,,,,,,,,19.952
6777,4.279,4.676,11.32,3.339,,,,,,,,,,,,,24.086
6780,4.279,4.676,11.32,3.339,,,,,,,,,,,,,19.254
6781,4.279,4.676,11.32,3.339,,,,,,,,,,,,,19.657
6782,4.279,4.676,11.32,3.339,,,,,,,,,,,,,20.024
6783,4.279,4.676,11.32,3.339,,,,,,,,,,,,,19.893
6784,4.279,4.676,11.32,3.339,,,,,,,,,,,,,20.342
6785,4.279,4.676,11.32,3.339,,,,,,,,,,,,,20.361
6787,4.279,4.676,11.32,3.339,,,,,,,,,,,,,18.202
6788,4.279,4.676,11.32,3.339,,,,,,,,,,,,,20.031
6789,4.279,4.676,11.32,3.339,,,,,,,,,,,,,19.811
6790,4.279,4.676,11.32,3.339,,,,,,,,,,,,,20.081
6791,4.279,4.676,11.32,3.339,,,,,,,,,,,,,19.888
6792,4.279,4.676,11.32,3.339,,,,,,,,,,,,,20.093
6793,4.279,4.676,11.32,3.339,,,,,,,,,,,,,19.961
6794,4.279,4.676,11.32,3.339,,,,,,,,,,,,,20.11
6795,4.279,4.676,11.32,3.339,,,,,,,,,,,,,21.942
6796,4.279,4.676,11.32,3.339,,,,,,,,,,,,,28.518
6797,4.279,4.676,11.32,3.339,,,,,,,,,,,,,9.667
6798,4.279,4.676,11.32,3.339,,,,,,,,,,,,,19.756
6799,4.279,4.676,11.32,3.339,,,,,,,,,,,,,20.208
6800,4.279,4.676,11.32,3.339,,,,,,,,,,,,,20.016
6801,4.279,4.676,11.32,3.339,,,,,,,,,,,,,20.918
6802,4.279,4.676,11.32,3.339,,,,,,,,,,,,,19.011
6803,4.279,4.676,11.32,3.339,,,,,,,,,,,,,20.458
6804,4.279,4.676,11.32,3.339,,,,,,,,,,,,,21.821
6805,4.279,4.676,11.32,3.339,,,,,,,,,,,,,17.849
6807,4.279,4.676,11.32,3.339,,,,,,,,,,,,,23
6808,4.279,4.676,11.32,3.339,,,,,,,,,,,,,15.986
6809,4.279,4.676,11.32,3.339,,,,,,,,,,,,,17.864
6810,4.279,4.676,11.32,3.339,,,,,,,,,,,,,20.096
6811,4.279,4.676,11.32,3.339,,,,,,,,,,,,,19.831
6812,4.279,4.676,11.32,3.339,,,,,,,,,,,,,19.976
6813,4.279,4.676,11.32,3.339,,,,,,,,,,,,,23.653
6814,4.279,4.676,11.32,3.339,,,,,,,,,,,,,16.445
6815,4.279,4.676,11.32,3.339,,,,,,,,,,,,,19.994
6816,4.279,4.675,11.32,3.339,,,,,,,,,,,,,20.981
6817,4.279,4.675,11.32,3.339,,,,,,,,,,,,,21.172
6818,4.279,4.676,11.32,3.339,,,,,,,,,,,,,26.299
6822,4.279,4.676,11.32,3.339,,,,,,,,,,,,,15.365
6823,4.279,4.676,11.32,3.339,,,,,,,,,,,,,20.04
6824,4.279,4.676,11.32,3.339,,,,,,,,,,,,,19.862
6825,4.279,4.676,11.32,3.339,,,,,,,,,,,,,22.387
6826,4.279,4.676,11.32,3.339,,,,,,,,,,,,,35.396
6829,4.279,4.676,11.32,3.339,,,,,,,,,,,,,19.568
6833,4.279,4.676,11.32,3.339,,,,,,,,,,,,,22.716
6834,4.279,4.676,11.32,3.339,,,,,,,,,,,,,17.996
6835,4.279,4.676,11.32,3.339,,,,,,,,,,,,,20.999
6836,4.279,4.676,11.32,3.339,,,,,,,,,,,,,18.689
6837,4.279,4.676,11.32,3.339,,,,,,,,,,,,,19.699
6838,4.279,4.676,11.32,3.339,,,,,,,,,,,,,19.99
6839,4.279,4.676,11.32,3.339,,,,,,,,,,,,,21.308
6841,4.279,4.676,11.32,3.339,,,,,,,,,,,,,20.158
6844,4.279,4.676,11.32,3.339,,,,,,,,,,,,,25.483
6846,4.279,4.676,11.32,3.339,,,,,,,,,,,,,19.273
6847,4.279,4.676,11.32,3.339,,,,,,,,,,,,,18.225
6848,4.279,4.676,11.32,3.339,,,,,,,,,,,,,19.751
6849,4.279,4.676,11.32,3.339,,,,,,,,,,,,,20.051
6850,4.279,4.676,11.32,3.339,,,,,,,,,,,,,25.847
6851,4.279,4.676,11.32,3.339,,,,,,,,,,,,,14.316
6852,4.279,4.676,11.32,3.339,,,,,,,,,,,,,20.083
6856,4.279,4.676,11.32,3.339,,,,,,,,,,,,,37.522
6857,4.279,4.676,11.32,3.339,,,,,,,,,,,,,4.143
6858,4.279,4.676,11.32,3.339,,,,,,,,,,,,,18.424
6859,4.279,4.676,11.32,3.339,,,,,,,,,,,,,25.261
6860,4.279,4.676,11.32,3.339,,,,,,,,,,,,,14.686
6861,4.279,4.676,11.32,3.339,,,,,,,,,,,,,19.894
6862,4.279,4.675,11.32,3.339,,,,,,,,,,,,,23.804
6863,4.279,4.675,11.32,3.339,,,,,,,,,,,,,14.679
6864,4.279,4.676,11.32,3.339,,,,,,,,,,,,,22.17
6865,4.279,4.676,11.32,3.339,,,,,,,,,,,,,24.925
6866,4.279,4.676,11.32,3.339,,,,,,,,,,,,,14.729
6867,4.279,4.676,11.32,3.339,,,,,,,,,,,,,19.858
6868,4.279,4.676,11.32,3.339,,,,,,,,,,,,,19.267
6869,4.279,4.676,11.32,3.339,,,,,,,,,,,,,20.544
6870,4.279,4.676,11.32,3.339,,,,,,,,,,,,,22.621
6871,4.279,4.676,11.32,3.339,,,,,,,,,,,,,17.906
6872,4.279,4.676,11.32,3.339,,,,,,,,,,,,,19.394
6873,4.279,4.676,11.32,3.339,,,,,,,,,,,,,20.007
6874,4.279,4.676,11.32,3.339,,,,,,,,,,,,,20.255
6875,4.279,4.676,11.32,3.339,,,,,,,,,,,,,19.953
6876,4.279,4.676,11.32,3.339,,,,,,,,,,,,,20.762
6877,4.279,4.676,11.32,3.339,,,,,,,,,,,,,19.12
6878,4.279,4.676,11.32,3.339,,,,,,,,,,,,,21.75
6879,4.279,4.676,11.32,3.339,,,,,,,,,,,,,19.127
6882,4.279,4.676,11.32,3.339,,,,,,,,,,,,,18.281
6886,4.279,4.676,11.32,3.339,,,,,,,,,,,,,20.237
6888,4.279,4.676,11.32,3.339,,,,,,,,,,,,,7.955
6889,4.279,4.676,11.32,3.339,,,,,,,,,,,,,30.78
6890,4.279,4.676,11.32,3.339,,,,,,,,,,,,,9.177
6892,4.279,4.676,11.32,3.339,,,,,,,,,,,,,18.788
6893,4.279,4.676,11.32,3.339,,,,,,,,,,,,,19.603
6894,4.279,4.676,11.32,3.339,,,,,,,,,,,,,26.636
6895,4.279,4.676,11.32,3.339,,,,,,,,,,,,,13.304
6896,4.279,4.676,11.32,3.339,,,,,,,,,,,,,20.182
6897,4.279,4.676,11.32,3.339,,,,,,,,,,,,,19.902
6899,4.279,4.676,11.32,3.34,,,,,,,,,,,,,18.485
6900,4.279,4.676,11.32,3.34,,,,,,,,,,,,,20.236
6901,4.279,4.676,11.32,3.339,,,,,,,,,,,,,19.866
6902,4.279,4.676,11.32,3.339,,,,,,,,,,,,,28.923
6903,4.279,4.676,11.32,3.339,,,,,,,,,,,,,11.173
6904,4.279,4.676,11.32,3.339,,,,,,,,,,,,,19.659
6905,4.279,4.676,11.32,3.339,,,,,,,,,,,,,19.963
6906,4.279,4.676,11.32,3.339,,,,,,,,,,,,,20.292
6909,4.279,4.676,11.32,3.34,,,,,,,,,,,,,20.22
6910,4.279,4.676,11.32,3.339,,,,,,,,,,,,,19.742
6911,4.279,4.676,11.32,3.339,,,,,,,,,,,,,20.116
6912,4.279,4.676,11.32,3.339,,,,,,,,,,,,,19.799
6913,4.279,4.676,11.32,3.339,,,,,,,,,,,,,22.299
6914,4.279,4.676,11.32,3.339,,,,,,,,,,,,,18.024
6917,4.279,4.676,11.32,3.339,,,,,,,,,,,,,20.136
6918,4.279,4.676,11.32,3.339,,,,,,,,,,,,,61.4
6919,4.279,4.676,11.32,3.339,,,,,,,,,,,,,4.167
6920,4.279,4.676,11.32,3.339,,,,,,,,,,,,,1.57
6921,4.279,4.676,11.32,3.339,,,,,,,,,,,,,12.758
6922,4.279,4.676,11.32,3.339,,,,,,,,,,,,,19.74
6923,4.279,4.676,11.32,3.339,,,,,,,,,,,,,20.206
6924,4.279,4.676,11.32,3.339,,,,,,,,,,,,,19.941
6925,4.279,4.676,11.32,3.339,,,,,,,,,,,,,22.532
6926,4.279,4.676,11.32,3.339,,,,,,,,,,,,,17.264
6927,4.279,4.676,11.32,3.339,,,,,,,,,,,,,20.105
6928,4.279,4.676,11.32,3.339,,,,,,,,,,,,,23.173
6929,4.279,4.676,11.32,3.339,,,,,,,,,,,,,16.767
6930,4.279,4.676,11.32,3.339,,,,,,,,,,,,,23.459
6931,4.279,4.676,11.32,3.339,,,,,,,,,,,,,16.756
6932,4.279,4.676,11.32,3.339,,,,,,,,,,,,,19.969
6933,4.279,4.676,11.32,3.339,,,,,,,,,,,,,19.871
6934,4.279,4.676,11.32,3.339,,,,,,,,,,,,,20.322
6935,4.279,4.676,11.32,3.339,,,,,,,,,,,,,19.672
6936,4.279,4.676,11.32,3.339,,,,,,,,,,,,,22.069
6938,4.279,4.676,11.32,3.339,,,,,,,,,,,,,20.171
6939,4.279,4.676,11.32,3.339,,,,,,,,,,,,,20.1
6940,4.279,4.676,11.32,3.339,,,,,,,,,,,,,19.848
6941,4.279,4.676,11.32,3.339,,,,,,,,,,,,,19.952
6942,4.279,4.676,11.32,3.339,,,,,,,,,,,,,20.018
6943,4.279,4.676,11.32,3.339,,,,,,,,,,,,,19.944
6944,4.279,4.676,11.32,3.339,,,,,,,,,,,,,19.994
6945,4.279,4.676,11.32,3.339,,,,,,,,,,,,,19.989
6946,4.279,4.676,11.32,3.339,,,,,,,,,,,,,19.956
6947,4.279,4.676,11.32,3.339,,,,,,,,,,,,,20.188
6948,4.279,4.676,11.32,3.339,,,,,,,,,,,,,40.441
6949,4.279,4.676,11.32,3.339,,,,,,,,,,,,,11.734
6950,4.279,4.676,11.32,3.339,,,,,,,,,,,,,9.056
6951,4.279,4.676,11.32,3.339,,,,,,,,,,,,,18.682
6952,4.279,4.676,11.32,3.339,,,,,,,,,,,,,19.947
6953,4.279,4.676,11.32,3.339,,,,,,,,,,,,,22.29
6954,4.279,4.676,11.32,3.339,,,,,,,,,,,,,17.633
6955,4.279,4.676,11.32,3.339,,,,,,,,,,,,,20.237
6956,4.279,4.676,11.32,3.339,,,,,,,,,,,,,21.928
6957,4.279,4.676,11.32,3.339,,,,,,,,,,,,,17.992
6958,4.279,4.676,11.32,3.339,,,,,,,,,,,,,20.888
6959,4.279,4.676,11.32,3.339,,,,,,,,,,,,,20.653
6960,4.279,4.676,11.32,3.339,,,,,,,,,,,,,27.456
6961,4.279,4.676,11.32,3.339,,,,,,,,,,,,,11.048
6962,4.279,4.676,11.32,3.339,,,,,,,,,,,,,19.8
6964,4.279,4.676,11.32,3.339,,,,,,,,,,,,,19.973
6965,4.279,4.676,11.32,3.339,,,,,,,,,,,,,20.462
6966,4.279,4.676,11.32,3.339,,,,,,,,,,,,,19.495
6968,4.279,4.676,11.32,3.339,,,,,,,,,,,,,20.968
6969,4.279,4.676,11.32,3.339,,,,,,,,,,,,,29.512
6970,4.279,4.676,11.32,3.339,,,,,,,,,,,,,12.924
6972,4.279,4.676,11.32,3.339,,,,,,,,,,,,,19.38
6973,4.279,4.676,11.32,3.339,,,,,,,,,,,,,19.593
6974,4.279,4.676,11.32,3.339,,,,,,,,,,,,,19.9
6975,4.279,4.676,11.32,3.339,,,,,,,,,,,,,19.964
6977,4.279,4.676,11.32,3.339,,,,,,,,,,,,,20.218
6978,4.279,4.676,11.32,3.339,,,,,,,,,,,,,25.727
6979,4.279,4.676,11.32,3.339,,,,,,,,,,,,,15.249
6980,4.279,4.676,11.32,3.339,,,,,,,,,,,,,19.674
6984,4.279,4.676,11.32,3.339,,,,,,,,,,,,,41.521
6985,4.279,4.676,11.32,3.339,,,,,,,,,,,,,3.912
6986,4.279,4.676,11.32,3.339,,,,,,,,,,,,,14.427
6987,4.279,4.676,11.32,3.339,,,,,,,,,,,,,21.176
6990,4.279,4.676,11.32,3.339,,,,,,,,,,,,,20.091
6994,4.279,4.676,11.32,3.339,,,,,,,,,,,,,31.032
6995,4.279,4.676,11.32,3.339,,,,,,,,,,,,,11.008
6996,4.279,4.675,11.32,3.339,,,,,,,,,,,,,18.024
6997,4.279,4.676,11.32,3.339,,,,,,,,,,,,,20.483
7000,4.279,4.676,11.32,3.339,,,,,,,,,,,,,19.956
7001,4.279,4.676,11.32,3.339,,,,,,,,,,,,,19.955
7002,4.279,4.676,11.32,3.339,,,,,,,,,,,,,27.734
7003,4.279,4.676,11.32,3.339,,,,,,,,,,,,,12.65
7004,4.279,4.676,11.32,3.339,,,,,,,,,,,,,19.883
7005,4.279,4.676,11.32,3.339,,,,,,,,,,,,,19.889
7006,4.279,4.676,11.32,3.339,,,,,,,,,,,,,19.964
7007,4.279,4.676,11.32,3.339,,,,,,,,,,,,,24.452
7008,4.279,4.676,11.32,3.339,,,,,,,,,,,,,21.494
7009,4.279,4.676,11.32,3.339,,,,,,,,,,,,,14.318
7010,4.279,4.676,11.32,3.339,,,,,,,,,,,,,19.705
7011,4.279,4.676,11.32,3.339,,,,,,,,,,,,,19.878
7012,4.279,4.676,11.32,3.339,,,,,,,,,,,,,25.238
7013,4.279,4.676,11.32,3.339,,,,,,,,,,,,,14.947
7014,4.279,4.676,11.32,3.339,,,,,,,,,,,,,22.349
7015,4.279,4.676,11.32,3.339,,,,,,,,,,,,,17.588
7016,4.279,4.676,11.32,3.339,,,,,,,,,,,,,20.662
7017,4.279,4.676,11.32,3.339,,,,,,,,,,,,,40.5
7018,4.279,4.676,11.32,3.339,,,,,,,,,,,,,1.561
7019,4.279,4.676,11.32,3.339,,,,,,,,,,,,,17.939
7020,4.279,4.676,11.32,3.339,,,,,,,,,,,,,19.456
7021,4.279,4.676,11.32,3.339,,,,,,,,,,,,,20.412
7022,4.279,4.676,11.32,3.339,,,,,,,,,,,,,19.513
7025,4.279,4.676,11.32,3.339,,,,,,,,,,,,,19.938
7026,4.279,4.676,11.32,3.339,,,,,,,,,,,,,19.86
7027,4.279,4.676,11.32,3.339,,,,,,,,,,,,,21.272
7028,4.279,4.676,11.32,3.339,,,,,,,,,,,,,18.901
7030,4.279,4.676,11.32,3.339,,,,,,,,,,,,,20.151
7031,4.279,4.676,11.32,3.339,,,,,,,,,,,,,19.876
7032,4.279,4.676,11.32,3.339,,,,,,,,,,,,,20.075
7033,4.279,4.676,11.32,3.339,,,,,,,,,,,,,24.846
7034,4.279,4.676,11.32,3.339,,,,,,,,,,,,,14.995
7035,4.279,4.676,11.32,3.339,,,,,,,,,,,,,23.006
7037,4.279,4.676,11.32,3.339,,,,,,,,,,,,,19.376
7040,4.279,4.676,11.32,3.339,,,,,,,,,,,,,20.951
7041,4.279,4.676,11.32,3.339,,,,,,,,,,,,,24.109
7042,4.279,4.676,11.32,3.339,,,,,,,,,,,,,14.277
7043,4.279,4.676,11.32,3.339,,,,,,,,,,,,,20.207
7044,4.279,4.676,11.32,3.339,,,,,,,,,,,,,20.067
7046,4.279,4.676,11.32,3.339,,,,,,,,,,,,,11.823
7047,4.279,4.676,11.32,3.339,,,,,,,,,,,,,19.881
7048,4.279,4.676,11.32,3.339,,,,,,,,,,,,,55.085
7049,4.279,4.676,11.32,3.339,,,,,,,,,,,,,3.97
7050,4.279,4.676,11.32,3.339,,,,,,,,,,,,,3.818
7051,4.279,4.676,11.32,3.339,,,,,,,,,,,,,18.036
7052,4.279,4.676,11.32,3.339,,,,,,,,,,,,,28.471
7054,4.279,4.676,11.32,3.339,,,,,,,,,,,,,20.13
7055,4.279,4.676,11.32,3.339,,,,,,,,,,,,,19.719
7056,4.279,4.676,11.32,3.339,,,,,,,,,,,,,19.521
7057,4.279,4.676,11.32,3.339,,,,,,,,,,,,,19.952
7058,4.279,4.676,11.32,3.339,,,,,,,,,,,,,21.451
7059,4.279,4.676,11.32,3.339,,,,,,,,,,,,,18.695
7060,4.279,4.676,11.32,3.339,,,,,,,,,,,,,19.96
7061,4.279,4.676,11.32,3.339,,,,,,,,,,,,,20.124
7062,4.279,4.676,11.32,3.339,,,,,,,,,,,,,19.816
7063,4.279,4.676,11.32,3.339,,,,,,,,,,,,,21.802
7064,4.279,4.676,11.32,3.339,,,,,,,,,,,,,18.168
7067,4.279,4.676,11.32,3.339,,,,,,,,,,,,,20.22
7068,4.279,4.676,11.32,3.339,,,,,,,,,,,,,20.125
7069,4.279,4.676,11.32,3.339,,,,,,,,,,,,,21.629
7070,4.279,4.676,11.32,3.339,,,,,,,,,,,,,20.525
7071,4.279,4.676,11.32,3.339,,,,,,,,,,,,,18
7072,4.279,4.676,11.32,3.339,,,,,,,,,,,,,20.267
7075,4.279,4.676,11.32,3.339,,,,,,,,,,,,,18.511
7076,4.279,4.676,11.32,3.339,,,,,,,,,,,,,20.807
7077,4.279,4.676,11.32,3.339,,,,,,,,,,,,,37.154
7078,4.279,4.676,11.32,3.339,,,,,,,,,,,,,4.333
7079,4.279,4.676,11.32,3.339,,,,,,,,,,,,,18.931
7080,4.279,4.676,11.32,3.339,,,,,,,,,,,,,19.836
7083,4.279,4.676,11.32,3.339,,,,,,,,,,,,,19.635
7084,4.279,4.676,11.32,3.339,,,,,,,,,,,,,20
7085,4.279,4.675,11.32,3.339,,,,,,,,,,,,,20.215
7086,4.279,4.675,11.32,3.339,,,,,,,,,,,,,20.473
7087,4.279,4.676,11.32,3.339,,,,,,,,,,,,,19.535
7088,4.279,4.676,11.32,3.339,,,,,,,,,,,,,20.417
7089,4.279,4.676,11.32,3.339,,,,,,,,,,,,,19.452
7090,4.279,4.676,11.32,3.339,,,,,,,,,,,,,19.964
7091,4.279,4.676,11.32,3.339,,,,,,,,,,,,,32.786
7092,4.279,4.676,11.32,3.339,,,,,,,,,,,,,7.641
7093,4.279,4.676,11.32,3.339,,,,,,,,,,,,,19.735
7094,4.279,4.676,11.32,3.339,,,,,,,,,,,,,20.297
7095,4.279,4.676,11.32,3.339,,,,,,,,,,,,,19.652
7098,4.279,4.676,11.32,3.339,,,,,,,,,,,,,19.685
7099,4.279,4.676,11.32,3.339,,,,,,,,,,,,,21.814
7100,4.279,4.676,11.32,3.339,,,,,,,,,,,,,18.382
7101,4.279,4.676,11.32,3.339,,,,,,,,,,,,,21.007
7102,4.279,4.676,11.32,3.339,,,,,,,,,,,,,19.008
7103,4.279,4.676,11.32,3.339,,,,,,,,,,,,,19.929
7104,4.279,4.676,11.32,3.339,,,,,,,,,,,,,22.858
7105,4.279,4.676,11.32,3.339,,,,,,,,,,,,,33.293
7106,4.279,4.676,11.32,3.339,,,,,,,,,,,,,4.964
7107,4.279,4.676,11.32,3.339,,,,,,,,,,,,,18.985
7108,4.279,4.676,11.32,3.339,,,,,,,,,,,,,19.877
7109,4.279,4.676,11.32,3.339,,,,,,,,,,,,,20.1
7110,4.279,4.676,11.32,3.339,,,,,,,,,,,,,19.934
7111,4.279,4.676,11.32,3.339,,,,,,,,,,,,,19.984
7112,4.279,4.676,11.32,3.339,,,,,,,,,,,,,20.107
7113,4.279,4.676,11.32,3.339,,,,,,,,,,,,,19.81
7114,4.279,4.676,11.32,3.339,,,,,,,,,,,,,21.277
7115,4.279,4.676,11.32,3.339,,,,,,,,,,,,,18.668
7116,4.279,4.676,11.32,3.339,,,,,,,,,,,,,20.114
7117,4.279,4.676,11.32,3.339,,,,,,,,,,,,,21.852
7118,4.279,4.676,11.32,3.339,,,,,,,,,,,,,18.257
7119,4.279,4.676,11.32,3.339,,,,,,,,,,,,,19.936
7120,4.279,4.676,11.32,3.339,,,,,,,,,,,,,19.974
7121,4.279,4.676,11.32,3.339,,,,,,,,,,,,,19.952
7123,4.279,4.676,11.32,3.339,,,,,,,,,,,,,12.84
7124,4.279,4.676,11.32,3.339,,,,,,,,,,,,,20.052
7126,4.279,4.676,11.32,3.339,,,,,,,,,,,,,19.957
7127,4.279,4.676,11.32,3.339,,,,,,,,,,,,,20.259
7128,4.279,4.676,11.32,3.339,,,,,,,,,,,,,19.682
7129,4.279,4.676,11.32,3.339,,,,,,,,,,,,,20.078
7130,4.279,4.676,11.32,3.339,,,,,,,,,,,,,20.01
7131,4.279,4.676,11.32,3.339,,,,,,,,,,,,,19.83
7132,4.279,4.676,11.32,3.339,,,,,,,,,,,,,20.862
7133,4.279,4.676,11.32,3.339,,,,,,,,,,,,,19.313
7134,4.279,4.676,11.32,3.339,,,,,,,,,,,,,19.988
7135,4.279,4.676,11.32,3.339,,,,,,,,,,,,,41.502
7136,4.279,4.676,11.32,3.339,,,,,,,,,,,,,5.541
7137,4.279,4.676,11.32,3.339,,,,,,,,,,,,,13.152
7140,4.279,4.676,11.32,3.339,,,,,,,,,,,,,19.984
7141,4.279,4.676,11.32,3.339,,,,,,,,,,,,,20.175
7142,4.279,4.676,11.32,3.339,,,,,,,,,,,,,20.4
7143,4.279,4.676,11.32,3.339,,,,,,,,,,,,,19.579
7144,4.279,4.676,11.32,3.339,,,,,,,,,,,,,19.968
7145,4.279,4.676,11.32,3.339,,,,,,,,,,,,,22.524
7146,4.279,4.676,11.32,3.339,,,,,,,,,,,,,18.975
7147,4.279,4.676,11.32,3.339,,,,,,,,,,,,,18.746
7148,4.279,4.676,11.32,3.339,,,,,,,,,,,,,24.154
7149,4.279,4.676,11.32,3.339,,,,,,,,,,,,,15.723
7152,4.279,4.676,11.32,3.339,,,,,,,,,,,,,20.212
7153,4.279,4.676,11.32,3.339,,,,,,,,,,,,,24.092
7159,4.279,4.676,11.32,3.339,,,,,,,,,,,,,20.253
7160,4.279,4.676,11.32,3.339,,,,,,,,,,,,,19.658
7161,4.279,4.676,11.32,3.339,,,,,,,,,,,,,20.753
7162,4.279,4.676,11.32,3.339,,,,,,,,,,,,,19.583
7163,4.279,4.676,11.32,3.339,,,,,,,,,,,,,19.601
7164,4.279,4.676,11.32,3.339,,,,,,,,,,,,,20.187
7165,4.279,4.676,11.32,3.339,,,,,,,,,,,,,36.72
7166,4.279,4.676,11.32,3.339,,,,,,,,,,,,,3.925
7167,4.279,4.676,11.32,3.339,,,,,,,,,,,,,24.496
7168,4.279,4.676,11.32,3.339,,,,,,,,,,,,,14.686
7169,4.279,4.676,11.32,3.339,,,,,,,,,,,,,25.311
7170,4.279,4.676,11.32,3.339,,,,,,,,,,,,,14.714
7171,4.279,4.676,11.32,3.339,,,,,,,,,,,,,19.974
7172,4.279,4.676,11.32,3.339,,,,,,,,,,,,,20.593
7175,4.279,4.676,11.32,3.339,,,,,,,,,,,,,20.49
7176,4.279,4.676,11.32,3.339,,,,,,,,,,,,,19.582
7177,4.279,4.676,11.32,3.339,,,,,,,,,,,,,20.172
7178,4.279,4.676,11.32,3.339,,,,,,,,,,,,,21.552
7179,4.279,4.676,11.32,3.339,,,,,,,,,,,,,19.638
7180,4.279,4.676,11.32,3.339,,,,,,,,,,,,,21.069
7181,4.279,4.676,11.32,3.339,,,,,,,,,,,,,18.436
7182,4.279,4.676,11.32,3.339,,,,,,,,,,,,,19.852
7183,4.279,4.676,11.32,3.339,,,,,,,,,,,,,20.219
7185,4.279,4.675,11.32,3.339,,,,,,,,,,,,,20.136
7186,4.279,4.675,11.32,3.339,,,,,,,,,,,,,19.825
7187,4.279,4.676,11.32,3.339,,,,,,,,,,,,,19.948
7188,4.279,4.676,11.32,3.339,,,,,,,,,,,,,21.501
7189,4.279,4.676,11.32,3.339,,,,,,,,,,,,,18.672
7190,4.279,4.676,11.32,3.339,,,,,,,,,,,,,20.169
7191,4.279,4.676,11.32,3.339,,,,,,,,,,,,,21.569
7192,4.279,4.676,11.32,3.339,,,,,,,,,,,,,18.173
7193,4.279,4.676,11.32,3.339,,,,,,,,,,,,,19.976
7194,4.279,4.676,11.32,3.339,,,,,,,,,,,,,19.938
7195,4.279,4.676,11.32,3.339,,,,,,,,,,,,,20.094
7196,4.279,4.675,11.32,3.339,,,,,,,,,,,,,19.874
7197,4.279,4.676,11.32,3.339,,,,,,,,,,,,,20.466
7198,4.279,4.676,11.32,3.339,,,,,,,,,,,,,19.729
7199,4.279,4.676,11.32,3.339,,,,,,,,,,,,,26.886
7200,4.279,4.676,11.32,3.339,,,,,,,,,,,,,22.246
7201,4.279,4.676,11.32,3.339,,,,,,,,,,,,,12.539
7202,4.279,4.676,11.32,3.339,,,,,,,,,,,,,18.244
7203,4.279,4.676,11.32,3.339,,,,,,,,,,,,,20.308
7204,4.279,4.676,11.32,3.339,,,,,,,,,,,,,19.63
7205,4.279,4.676,11.32,3.339,,,,,,,,,,,,,19.923
7206,4.279,4.676,11.32,3.339,,,,,,,,,,,,,19.964
7207,4.279,4.676,11.32,3.339,,,,,,,,,,,,,20.254
7208,4.279,4.676,11.32,3.339,,,,,,,,,,,,,20.239
7209,4.279,4.676,11.32,3.339,,,,,,,,,,,,,21.713
7210,4.279,4.676,11.32,3.339,,,,,,,,,,,,,18.217
7211,4.279,4.676,11.32,3.339,,,,,,,,,,,,,19.668
7212,4.279,4.676,11.32,3.339,,,,,,,,,,,,,19.998
7213,4.279,4.676,11.32,3.339,,,,,,,,,,,,,19.941
7214,4.279,4.676,11.32,3.339,,,,,,,,,,,,,20.243
7215,4.279,4.676,11.32,3.339,,,,,,,,,,,,,21.27
7216,4.279,4.676,11.32,3.339,,,,,,,,,,,,,23.862
7217,4.279,4.676,11.32,3.339,,,,,,,,,,,,,14.781
7218,4.279,4.676,11.32,3.339,,,,,,,,,,,,,19.998
7219,4.279,4.676,11.32,3.339,,,,,,,,,,,,,20.194
7220,4.279,4.676,11.32,3.339,,,,,,,,,,,,,19.709
7221,4.279,4.676,11.32,3.339,,,,,,,,,,,,,19.963
7222,4.279,4.676,11.32,3.339,,,,,,,,,,,,,20.277
7223,4.279,4.676,11.32,3.339,,,,,,,,,,,,,21.136
7224,4.279,4.676,11.32,3.339,,,,,,,,,,,,,18.759
7225,4.279,4.676,11.32,3.339,,,,,,,,,,,,,20.133
7226,4.279,4.676,11.32,3.339,,,,,,,,,,,,,19.811
7227,4.279,4.676,11.32,3.339,,,,,,,,,,,,,20
7228,4.279,4.676,11.32,3.339,,,,,,,,,,,,,34.309
7229,4.279,4.676,11.32,3.339,,,,,,,,,,,,,5.769
7231,4.279,4.676,11.32,3.339,,,,,,,,,,,,,19.743
7232,4.279,4.676,11.32,3.339,,,,,,,,,,,,,21.368
7233,4.279,4.676,11.32,3.339,,,,,,,,,,,,,18.499
7234,4.279,4.676,11.32,3.339,,,,,,,,,,,,,28.208
7235,4.279,4.676,11.32,3.339,,,,,,,,,,,,,11.323
7236,4.279,4.676,11.32,3.339,,,,,,,,,,,,,20.457
7237,4.279,4.676,11.32,3.339,,,,,,,,,,,,,23.565
7238,4.279,4.676,11.32,3.339,,,,,,,,,,,,,16.615
7239,4.279,4.676,11.32,3.339,,,,,,,,,,,,,19.872
7240,4.279,4.676,11.32,3.339,,,,,,,,,,,,,21.107
7241,4.279,4.676,11.32,3.339,,,,,,,,,,,,,18.93
7244,4.279,4.676,11.32,3.339,,,,,,,,,,,,,20.496
7248,4.279,4.676,11.32,3.339,,,,,,,,,,,,,22.551
7249,4.279,4.676,11.32,3.339,,,,,,,,,,,,,17.233
7250,4.279,4.676,11.32,3.339,,,,,,,,,,,,,20.115
7251,4.279,4.676,11.32,3.339,,,,,,,,,,,,,20.554
7252,4.279,4.676,11.32,3.339,,,,,,,,,,,,,19.047
7253,4.279,4.676,11.32,3.339,,,,,,,,,,,,,20.153
7254,4.279,4.676,11.32,3.339,,,,,,,,,,,,,20.157
7255,4.279,4.676,11.32,3.339,,,,,,,,,,,,,20.246
7256,4.279,4.676,11.32,3.339,,,,,,,,,,,,,19.904
7257,4.279,4.676,11.32,3.339,,,,,,,,,,,,,19.847
7258,4.279,4.676,11.32,3.339,,,,,,,,,,,,,35.589
7259,4.279,4.676,11.32,3.339,,,,,,,,,,,,,4.78
7260,4.279,4.676,11.32,3.339,,,,,,,,,,,,,37.849
7261,4.279,4.676,11.32,3.339,,,,,,,,,,,,,3.808
7262,4.279,4.676,11.32,3.339,,,,,,,,,,,,,19.28
7263,4.279,4.676,11.32,3.339,,,,,,,,,,,,,18.699
7265,4.279,4.676,11.32,3.339,,,,,,,,,,,,,20.436
7266,4.279,4.676,11.32,3.339,,,,,,,,,,,,,19.787
7267,4.279,4.676,11.32,3.339,,,,,,,,,,,,,19.725
7268,4.279,4.676,11.32,3.339,,,,,,,,,,,,,22.613
7271,4.279,4.676,11.32,3.339,,,,,,,,,,,,,19.783
7272,4.279,4.676,11.32,3.339,,,,,,,,,,,,,19.938
7273,4.279,4.676,11.32,3.339,,,,,,,,,,,,,19.991
7274,4.279,4.676,11.32,3.339,,,,,,,,,,,,,20.993
7275,4.279,4.676,11.32,3.339,,,,,,,,,,,,,19.247
7276,4.279,4.676,11.32,3.339,,,,,,,,,,,,,19.648
7277,4.279,4.676,11.32,3.339,,,,,,,,,,,,,22.556
7278,4.279,4.676,11.32,3.339,,,,,,,,,,,,,18.809
7279,4.279,4.676,11.32,3.339,,,,,,,,,,,,,26.974
7280,4.279,4.676,11.32,3.339,,,,,,,,,,,,,12.747
7281,4.279,4.676,11.32,3.339,,,,,,,,,,,,,20.063
7282,4.279,4.676,11.32,3.339,,,,,,,,,,,,,25.099
7283,4.279,4.676,11.32,3.339,,,,,,,,,,,,,20.077
7284,4.279,4.676,11.32,3.339,,,,,,,,,,,,,19.537
7285,4.279,4.676,11.32,3.339,,,,,,,,,,,,,15.23
7286,4.279,4.676,11.32,3.339,,,,,,,,,,,,,25.558
7287,4.279,4.676,11.32,3.339,,,,,,,,,,,,,15.01
7290,4.279,4.676,11.32,3.339,,,,,,,,,,,,,6.686
7291,4.279,4.676,11.32,3.339,,,,,,,,,,,,,19.193
7292,4.279,4.676,11.32,3.339,,,,,,,,,,,,,20.735
7293,4.279,4.676,11.32,3.339,,,,,,,,,,,,,19.148
7294,4.279,4.676,11.32,3.339,,,,,,,,,,,,,21.353
7295,4.279,4.676,11.32,3.339,,,,,,,,,,,,,18.623
7298,4.279,4.676,11.32,3.339,,,,,,,,,,,,,19.958
7300,4.279,4.676,11.32,3.339,,,,,,,,,,,,,19.997
7301,4.279,4.676,11.32,3.339,,,,,,,,,,,,,23.069
7302,4.279,4.676,11.32,3.339,,,,,,,,,,,,,17.114
7304,4.279,4.676,11.32,3.339,,,,,,,,,,,,,19.706
7305,4.279,4.676,11.32,3.339,,,,,,,,,,,,,21.413
7306,4.279,4.676,11.32,3.339,,,,,,,,,,,,,18.67
7308,4.279,4.676,11.32,3.339,,,,,,,,,,,,,20.088
7309,4.279,4.676,11.32,3.339,,,,,,,,,,,,,20.373
7310,4.279,4.676,11.32,3.339,,,,,,,,,,,,,22.159
7311,4.279,4.676,11.32,3.339,,,,,,,,,,,,,19.34
7312,4.279,4.676,11.32,3.339,,,,,,,,,,,,,18.148
7313,4.279,4.676,11.32,3.339,,,,,,,,,,,,,25.026
7314,4.279,4.676,11.32,3.339,,,,,,,,,,,,,14.879
7315,4.279,4.676,11.32,3.339,,,,,,,,,,,,,20.101
7316,4.279,4.676,11.32,3.339,,,,,,,,,,,,,20.01
7318,4.279,4.676,11.32,3.339,,,,,,,,,,,,,19.616
7322,4.279,4.676,11.32,3.339,,,,,,,,,,,,,19.952
7323,4.279,4.676,11.32,3.339,,,,,,,,,,,,,19.86
7324,4.279,4.676,11.32,3.339,,,,,,,,,,,,,19.966
7325,4.279,4.676,11.32,3.339,,,,,,,,,,,,,19.985
7326,4.279,4.676,11.32,3.339,,,,,,,,,,,,,22.039
7327,4.279,4.676,11.32,3.339,,,,,,,,,,,,,20.99
7328,4.279,4.676,11.32,3.339,,,,,,,,,,,,,18.039
7329,4.279,4.676,11.32,3.339,,,,,,,,,,,,,19.835
7330,4.279,4.676,11.32,3.339,,,,,,,,,,,,,19.198
7331,4.279,4.676,11.32,3.339,,,,,,,,,,,,,23.841
7332,4.279,4.676,11.32,3.339,,,,,,,,,,,,,16.178
7333,4.279,4.676,11.32,3.339,,,,,,,,,,,,,20.003
7334,4.279,4.676,11.32,3.339,,,,,,,,,,,,,21.661
7335,4.279,4.676,11.32,3.339,,,,,,,,,,,,,18.694
7336,4.279,4.676,11.32,3.339,,,,,,,,,,,,,19.773
7337,4.279,4.676,11.32,3.339,,,,,,,,,,,,,20.162
7340,4.279,4.676,11.32,3.339,,,,,,,,,,,,,19.98
7341,4.279,4.676,11.32,3.339,,,,,,,,,,,,,19.989
7342,4.279,4.676,11.32,3.339,,,,,,,,,,,,,33.023
7343,4.279,4.676,11.32,3.339,,,,,,,,,,,,,7.578
7344,4.279,4.676,11.32,3.339,,,,,,,,,,,,,19.498
7345,4.279,4.676,11.32,3.339,,,,,,,,,,,,,19.983
7346,4.279,4.676,11.32,3.339,,,,,,,,,,,,,19.978
7347,4.279,4.676,11.32,3.339,,,,,,,,,,,,,20.042
7348,4.279,4.676,11.32,3.339,,,,,,,,,,,,,19.904
7349,4.279,4.676,11.32,3.339,,,,,,,,,,,,,19.958
7350,4.279,4.676,11.32,3.339,,,,,,,,,,,,,20.235
7351,4.279,4.676,11.32,3.339,,,,,,,,,,,,,47.143
7352,4.279,4.676,11.32,3.339,,,,,,,,,,,,,6.293
7353,4.279,4.676,11.32,3.339,,,,,,,,,,,,,6.893
7354,4.279,4.676,11.32,3.339,,,,,,,,,,,,,21.736
7355,4.279,4.676,11.32,3.339,,,,,,,,,,,,,21.412
7356,4.279,4.676,11.32,3.339,,,,,,,,,,,,,16.482
7357,4.279,4.676,11.32,3.339,,,,,,,,,,,,,25.485
7358,4.279,4.676,11.32,3.339,,,,,,,,,,,,,14.38
7359,4.279,4.676,11.32,3.339,,,,,,,,,,,,,20.399
7360,4.279,4.676,11.32,3.339,,,,,,,,,,,,,19.716
7364,4.279,4.676,11.32,3.339,,,,,,,,,,,,,19.983
7365,4.279,4.676,11.32,3.339,,,,,,,,,,,,,22.431
7366,4.279,4.676,11.32,3.339,,,,,,,,,,,,,17.435
7368,4.279,4.676,11.32,3.339,,,,,,,,,,,,,19.978
7369,4.279,4.676,11.32,3.339,,,,,,,,,,,,,19.956
7370,4.279,4.676,11.32,3.339,,,,,,,,,,,,,19.974
7371,4.279,4.676,11.32,3.339,,,,,,,,,,,,,19.977
7372,4.279,4.676,11.32,3.339,,,,,,,,,,,,,20.114
7373,4.279,4.676,11.32,3.339,,,,,,,,,,,,,19.817
7374,4.279,4.676,11.32,3.339,,,,,,,,,,,,,22.289
7375,4.279,4.676,11.32,3.339,,,,,,,,,,,,,17.925
7376,4.279,4.676,11.32,3.339,,,,,,,,,,,,,21.393
7377,4.279,4.676,11.32,3.339,,,,,,,,,,,,,20.957
7378,4.279,4.676,11.32,3.339,,,,,,,,,,,,,21.013
7379,4.279,4.676,11.32,3.339,,,,,,,,,,,,,18.035
7383,4.279,4.676,11.32,3.339,,,,,,,,,,,,,20.324
7384,4.279,4.676,11.32,3.339,,,,,,,,,,,,,19.441
7385,4.279,4.676,11.32,3.339,,,,,,,,,,,,,20.219
7386,4.279,4.676,11.32,3.339,,,,,,,,,,,,,19.956
7387,4.279,4.676,11.32,3.339,,,,,,,,,,,,,23.013
7388,4.279,4.676,11.32,3.339,,,,,,,,,,,,,17.357
7389,4.279,4.676,11.32,3.339,,,,,,,,,,,,,19.57
7390,4.279,4.676,11.32,3.339,,,,,,,,,,,,,19.995
7391,4.279,4.676,11.32,3.339,,,,,,,,,,,,,19.898
7392,4.279,4.676,11.32,3.339,,,,,,,,,,,,,20.169
7393,4.279,4.676,11.32,3.339,,,,,,,,,,,,,20.139
7395,4.279,4.676,11.32,3.339,,,,,,,,,,,,,19.978
7396,4.279,4.676,11.32,3.339,,,,,,,,,,,,,20.403
7397,4.279,4.676,11.32,3.339,,,,,,,,,,,,,21.234
7398,4.279,4.676,11.32,3.339,,,,,,,,,,,,,18.49
7399,4.279,4.676,11.32,3.339,,,,,,,,,,,,,19.737
7400,4.279,4.676,11.32,3.339,,,,,,,,,,,,,20.086
7401,4.279,4.676,11.32,3.339,,,,,,,,,,,,,20.118
7402,4.279,4.676,11.32,3.339,,,,,,,,,,,,,20.092
7403,4.279,4.676,11.32,3.339,,,,,,,,,,,,,19.95
7404,4.279,4.676,11.32,3.339,,,,,,,,,,,,,19.856
7405,4.279,4.676,11.32,3.339,,,,,,,,,,,,,19.977
7406,4.279,4.676,11.32,3.339,,,,,,,,,,,,,19.94
7407,4.279,4.676,11.32,3.339,,,,,,,,,,,,,20.158
7408,4.279,4.676,11.32,3.339,,,,,,,,,,,,,19.829
7409,4.279,4.676,11.32,3.339,,,,,,,,,,,,,25.349
7410,4.279,4.676,11.32,3.339,,,,,,,,,,,,,14.89
7411,4.279,4.676,11.32,3.339,,,,,,,,,,,,,19.911
7415,4.279,4.676,11.32,3.339,,,,,,,,,,,,,5.301
7416,4.279,4.676,11.32,3.339,,,,,,,,,,,,,16.317
7417,4.279,4.676,11.32,3.339,,,,,,,,,,,,,19.969
7418,4.279,4.676,11.32,3.339,,,,,,,,,,,,,19.949
7419,4.279,4.676,11.32,3.339,,,,,,,,,,,,,20.509
7420,4.279,4.676,11.32,3.339,,,,,,,,,,,,,19.491
7421,4.279,4.676,11.32,3.339,,,,,,,,,,,,,19.938
7422,4.279,4.676,11.32,3.339,,,,,,,,,,,,,23.331
7423,4.279,4.676,11.32,3.339,,,,,,,,,,,,,16.86
7424,4.279,4.676,11.32,3.339,,,,,,,,,,,,,21.678
7425,4.279,4.676,11.32,3.339,,,,,,,,,,,,,18.251
7426,4.279,4.676,11.32,3.339,,,,,,,,,,,,,20.001
7430,4.279,4.676,11.32,3.339,,,,,,,,,,,,,28.403
7431,4.279,4.676,11.32,3.339,,,,,,,,,,,,,13.125
7432,4.279,4.676,11.32,3.339,,,,,,,,,,,,,20.451
7433,4.279,4.676,11.32,3.339,,,,,,,,,,,,,23.213
7434,4.279,4.676,11.32,3.339,,,,,,,,,,,,,16.219
7435,4.279,4.676,11.32,3.339,,,,,,,,,,,,,19.9
7436,4.279,4.676,11.32,3.339,,,,,,,,,,,,,21.252
7438,4.279,4.676,11.32,3.339,,,,,,,,,,,,,19.79
7439,4.279,4.676,11.32,3.339,,,,,,,,,,,,,20.201
7440,4.279,4.676,11.32,3.339,,,,,,,,,,,,,20.186
7442,4.279,4.676,11.32,3.339,,,,,,,,,,,,,21.496
7443,4.279,4.676,11.32,3.339,,,,,,,,,,,,,18.463
7445,4.279,4.676,11.32,3.339,,,,,,,,,,,,,20.538
7446,4.279,4.676,11.32,3.339,,,,,,,,,,,,,19.408
7447,4.279,4.676,11.32,3.339,,,,,,,,,,,,,19.957
7448,4.279,4.676,11.32,3.339,,,,,,,,,,,,,20.229
7450,4.279,4.676,11.32,3.339,,,,,,,,,,,,,51.974
7451,4.279,4.676,11.32,3.339,,,,,,,,,,,,,5.553
7452,4.279,4.676,11.32,3.339,,,,,,,,,,,,,4.183
7453,4.279,4.676,11.32,3.339,,,,,,,,,,,,,18.252
7454,4.279,4.676,11.32,3.339,,,,,,,,,,,,,19.878
7455,4.279,4.676,11.32,3.339,,,,,,,,,,,,,21.978
7456,4.279,4.676,11.32,3.339,,,,,,,,,,,,,18.236
7457,4.279,4.676,11.32,3.339,,,,,,,,,,,,,19.944
7458,4.279,4.676,11.32,3.339,,,,,,,,,,,,,19.989
7459,4.279,4.676,11.32,3.339,,,,,,,,,,,,,19.98
7460,4.279,4.676,11.32,3.339,,,,,,,,,,,,,21.449
7461,4.279,4.676,11.32,3.339,,,,,,,,,,,,,19.09
7462,4.279,4.676,11.32,3.339,,,,,,,,,,,,,19.356
7463,4.279,4.676,11.32,3.339,,,,,,,,,,,,,19.984
7464,4.279,4.676,11.32,3.339,,,,,,,,,,,,,20.213
7467,4.279,4.676,11.32,3.339,,,,,,,,,,,,,21.632
7469,4.279,4.676,11.32,3.339,,,,,,,,,,,,,19.946
7470,4.279,4.676,11.32,3.339,,,,,,,,,,,,,20.41
7471,4.279,4.676,11.32,3.339,,,,,,,,,,,,,19.529
7472,4.279,4.676,11.32,3.339,,,,,,,,,,,,,21.281
7473,4.279,4.676,11.32,3.339,,,,,,,,,,,,,18.97
7474,4.279,4.675,11.32,3.339,,,,,,,,,,,,,19.916
7475,4.279,4.675,11.32,3.339,,,,,,,,,,,,,19.986
7476,4.279,4.676,11.32,3.339,,,,,,,,,,,,,21.382
7477,4.279,4.676,11.32,3.339,,,,,,,,,,,,,46.737
7478,4.279,4.676,11.32,3.339,,,,,,,,,,,,,8.949
7479,4.279,4.676,11.32,3.339,,,,,,,,,,,,,5.151
7481,4.279,4.676,11.32,3.339,,,,,,,,,,,,,18.609
7482,4.279,4.676,11.32,3.339,,,,,,,,,,,,,19.969
7484,4.279,4.676,11.32,3.339,,,,,,,,,,,,,19.972
7485,4.279,4.676,11.32,3.339,,,,,,,,,,,,,19.956
7486,4.279,4.676,11.32,3.339,,,,,,,,,,,,,20.888
7487,4.279,4.676,11.32,3.339,,,,,,,,,,,,,19.074
7488,4.279,4.676,11.32,3.339,,,,,,,,,,,,,23.284
7489,4.279,4.676,11.32,3.339,,,,,,,,,,,,,16.61
7490,4.279,4.676,11.32,3.339,,,,,,,,,,,,,20.263
7491,4.279,4.676,11.32,3.339,,,,,,,,,,,,,19.973
7494,4.279,4.676,11.32,3.339,,,,,,,,,,,,,16.887
7495,4.279,4.676,11.32,3.339,,,,,,,,,,,,,18.755
7496,4.279,4.676,11.32,3.339,,,,,,,,,,,,,20.165
7497,4.279,4.676,11.32,3.339,,,,,,,,,,,,,19.952
7498,4.279,4.676,11.32,3.339,,,,,,,,,,,,,23.033
7499,4.279,4.676,11.32,3.339,,,,,,,,,,,,,16.901
7500,4.279,4.676,11.32,3.339,,,,,,,,,,,,,19.955
7501,4.279,4.676,11.32,3.339,,,,,,,,,,,,,21.627
7504,4.279,4.676,11.32,3.339,,,,,,,,,,,,,19.816
7505,4.279,4.676,11.32,3.339,,,,,,,,,,,,,19.689
7506,4.279,4.676,11.32,3.339,,,,,,,,,,,,,23.594
7507,4.279,4.676,11.32,3.339,,,,,,,,,,,,,16.558
7508,4.279,4.676,11.32,3.339,,,,,,,,,,,,,20.284
7509,4.279,4.676,11.32,3.339,,,,,,,,,,,,,23.643
7510,4.279,4.676,11.32,3.339,,,,,,,,,,,,,18.447
7511,4.279,4.676,11.32,3.339,,,,,,,,,,,,,20.384
7512,4.279,4.676,11.32,3.339,,,,,,,,,,,,,17.411
7513,4.279,4.676,11.32,3.339,,,,,,,,,,,,,20.077
7515,4.279,4.676,11.32,3.339,,,,,,,,,,,,,17.364
7516,4.279,4.676,11.32,3.339,,,,,,,,,,,,,19.958
7517,4.279,4.676,11.32,3.339,,,,,,,,,,,,,19.996
7518,4.279,4.676,11.32,3.339,,,,,,,,,,,,,19.937
7519,4.279,4.676,11.32,3.339,,,,,,,,,,,,,20.149
7520,4.279,4.676,11.32,3.339,,,,,,,,,,,,,19.81
7522,4.279,4.676,11.32,3.339,,,,,,,,,,,,,19.009
7525,4.279,4.676,11.32,3.339,,,,,,,,,,,,,19.318
7526,4.279,4.676,11.32,3.339,,,,,,,,,,,,,20.253
7529,4.279,4.676,11.32,3.339,,,,,,,,,,,,,20.418
7531,4.279,4.676,11.32,3.339,,,,,,,,,,,,,19.945
7532,4.279,4.676,11.32,3.339,,,,,,,,,,,,,19.897
7533,4.279,4.676,11.32,3.339,,,,,,,,,,,,,20.055
7534,4.279,4.676,11.32,3.339,,,,,,,,,,,,,19.943
7535,4.279,4.676,11.32,3.339,,,,,,,,,,,,,20.557
7536,4.279,4.676,11.32,3.339,,,,,,,,,,,,,22.73
7537,4.279,4.676,11.32,3.339,,,,,,,,,,,,,16.882
7538,4.279,4.676,11.32,3.339,,,,,,,,,,,,,21.799
7539,4.279,4.676,11.32,3.339,,,,,,,,,,,,,18.144
7540,4.279,4.676,11.32,3.339,,,,,,,,,,,,,20.489
7541,4.279,4.676,11.32,3.339,,,,,,,,,,,,,19.46
7542,4.279,4.676,11.32,3.339,,,,,,,,,,,,,23.555
7543,4.279,4.676,11.32,3.339,,,,,,,,,,,,,16.418
7544,4.279,4.676,11.32,3.339,,,,,,,,,,,,,44.322
7545,4.279,4.676,11.32,3.339,,,,,,,,,,,,,6.789
7546,4.279,4.676,11.32,3.339,,,,,,,,,,,,,10.555
7547,4.279,4.676,11.32,3.339,,,,,,,,,,,,,18.444
7548,4.279,4.676,11.32,3.339,,,,,,,,,,,,,20.142
7549,4.279,4.676,11.32,3.339,,,,,,,,,,,,,24.353
7550,4.279,4.676,11.32,3.339,,,,,,,,,,,,,15.374
7551,4.279,4.676,11.32,3.339,,,,,,,,,,,,,20.007
7552,4.279,4.676,11.32,3.339,,,,,,,,,,,,,19.933
7553,4.279,4.676,11.32,3.339,,,,,,,,,,,,,20.291
7554,4.279,4.676,11.32,3.339,,,,,,,,,,,,,19.933
7555,4.279,4.676,11.32,3.339,,,,,,,,,,,,,20.015
7556,4.279,4.676,11.32,3.339,,,,,,,,,,,,,19.912
7557,4.279,4.676,11.32,3.339,,,,,,,,,,,,,31.559
7560,4.279,4.676,11.32,3.339,,,,,,,,,,,,,20.097
7561,4.279,4.676,11.32,3.339,,,,,,,,,,,,,20.126
7562,4.279,4.676,11.32,3.339,,,,,,,,,,,,,31.644
7563,4.279,4.676,11.32,3.339,,,,,,,,,,,,,8.576
7564,4.279,4.676,11.32,3.339,,,,,,,,,,,,,22.403
7565,4.279,4.676,11.32,3.339,,,,,,,,,,,,,17.276
7566,4.279,4.676,11.32,3.339,,,,,,,,,,,,,19.973
7567,4.279,4.676,11.32,3.339,,,,,,,,,,,,,20.171
7568,4.279,4.676,11.32,3.339,,,,,,,,,,,,,19.714
7569,4.279,4.676,11.32,3.339,,,,,,,,,,,,,20.211
7570,4.279,4.676,11.32,3.339,,,,,,,,,,,,,19.983
7572,4.279,4.676,11.32,3.339,,,,,,,,,,,,,15.479
7573,4.279,4.676,11.32,3.339,,,,,,,,,,,,,18.961
7574,4.279,4.676,11.32,3.339,,,,,,,,,,,,,21.428
7575,4.279,4.676,11.32,3.339,,,,,,,,,,,,,19.05
7576,4.279,4.676,11.32,3.339,,,,,,,,,,,,,19.31
7577,4.279,4.676,11.32,3.339,,,,,,,,,,,,,20.611
7578,4.279,4.676,11.32,3.339,,,,,,,,,,,,,22.181
7579,4.279,4.676,11.32,3.339,,,,,,,,,,,,,18.496
7580,4.279,4.676,11.32,3.339,,,,,,,,,,,,,47.818
7581,4.279,4.676,11.32,3.339,,,,,,,,,,,,,25.277
7582,4.279,4.676,11.32,3.339,,,,,,,,,,,,,15.945
7583,4.279,4.676,11.32,3.339,,,,,,,,,,,,,1.716
7584,4.279,4.676,11.32,3.339,,,,,,,,,,,,,11.563
7585,4.279,4.676,11.32,3.339,,,,,,,,,,,,,19.751
7586,4.279,4.676,11.32,3.339,,,,,,,,,,,,,17.892
7588,4.279,4.676,11.32,3.339,,,,,,,,,,,,,14.307
7591,4.279,4.676,11.32,3.339,,,,,,,,,,,,,19.984
7592,4.279,4.676,11.32,3.339,,,,,,,,,,,,,24.616
7593,4.279,4.676,11.32,3.339,,,,,,,,,,,,,15.336
7594,4.279,4.676,11.32,3.339,,,,,,,,,,,,,28.374
7595,4.279,4.676,11.32,3.339,,,,,,,,,,,,,11.811
7596,4.279,4.676,11.32,3.339,,,,,,,,,,,,,19.967
7597,4.279,4.676,11.32,3.339,,,,,,,,,,,,,24.567
7598,4.279,4.676,11.32,3.339,,,,,,,,,,,,,15.344
7599,4.279,4.676,11.32,3.339,,,,,,,,,,,,,20.018
7600,4.279,4.676,11.32,3.339,,,,,,,,,,,,,19.887
7601,4.279,4.676,11.32,3.339,,,,,,,,,,,,,20.988
7602,4.279,4.676,11.32,3.339,,,,,,,,,,,,,19.02
7603,4.279,4.676,11.32,3.339,,,,,,,,,,,,,20.35
7606,4.279,4.676,11.32,3.339,,,,,,,,,,,,,29.43
7607,4.279,4.676,11.32,3.339,,,,,,,,,,,,,9.698
7610,4.279,4.676,11.32,3.339,,,,,,,,,,,,,17.886
7611,4.279,4.676,11.32,3.339,,,,,,,,,,,,,21.589
7614,4.279,4.676,11.32,3.339,,,,,,,,,,,,,0.202
7615,4.279,4.676,11.32,3.339,,,,,,,,,,,,,12.747
7616,4.279,4.676,11.32,3.339,,,,,,,,,,,,,14.812
7617,4.279,4.676,11.32,3.339,,,,,,,,,,,,,13.128
7619,4.279,4.676,11.32,3.339,,,,,,,,,,,,,14.291
7620,4.279,4.675,11.32,3.339,,,,,,,,,,,,,20.272
7621,4.279,4.675,11.32,3.339,,,,,,,,,,,,,18.954
7623,4.279,4.676,11.32,3.339,,,,,,,,,,,,,20.985
7624,4.279,4.676,11.32,3.339,,,,,,,,,,,,,18.96
7625,4.279,4.676,11.32,3.339,,,,,,,,,,,,,19.964
7626,4.279,4.676,11.32,3.339,,,,,,,,,,,,,22.022
7627,4.279,4.676,11.32,3.339,,,,,,,,,,,,,18.161
7628,4.279,4.676,11.32,3.339,,,,,,,,,,,,,19.985
7629,4.279,4.676,11.32,3.339,,,,,,,,,,,,,21.497
7630,4.279,4.676,11.32,3.339,,,,,,,,,,,,,18.414
7631,4.279,4.676,11.32,3.339,,,,,,,,,,,,,22.045
7632,4.279,4.676,11.32,3.339,,,,,,,,,,,,,18.166
7633,4.279,4.676,11.32,3.339,,,,,,,,,,,,,28.986
7634,4.279,4.676,11.32,3.339,,,,,,,,,,,,,11.638
7635,4.279,4.675,11.32,3.339,,,,,,,,,,,,,19.273
7636,4.279,4.676,11.32,3.339,,,,,,,,,,,,,21.301
7638,4.279,4.676,11.32,3.339,,,,,,,,,,,,,21.025
7639,4.279,4.676,11.32,3.339,,,,,,,,,,,,,21.377
7640,4.279,4.676,11.32,3.339,,,,,,,,,,,,,17.505
7641,4.279,4.676,11.32,3.339,,,,,,,,,,,,,20.062
7642,4.279,4.676,11.32,3.339,,,,,,,,,,,,,19.895
7643,4.279,4.676,11.32,3.339,,,,,,,,,,,,,19.975
7644,4.279,4.676,11.32,3.339,,,,,,,,,,,,,23.542
7645,4.279,4.676,11.32,3.339,,,,,,,,,,,,,31.738
7648,4.279,4.676,11.32,3.339,,,,,,,,,,,,,19.981
7649,4.279,4.676,11.32,3.339,,,,,,,,,,,,,23.366
7652,4.279,4.676,11.32,3.339,,,,,,,,,,,,,19.992
7653,4.279,4.676,11.32,3.339,,,,,,,,,,,,,19.949
7654,4.279,4.676,11.32,3.339,,,,,,,,,,,,,27.164
7655,4.279,4.676,11.32,3.339,,,,,,,,,,,,,12.537
7656,4.279,4.676,11.32,3.339,,,,,,,,,,,,,21.208
7657,4.279,4.676,11.32,3.339,,,,,,,,,,,,,18.981
7658,4.279,4.675,11.32,3.339,,,,,,,,,,,,,20.083
7659,4.279,4.676,11.32,3.339,,,,,,,,,,,,,20.114
7660,4.279,4.676,11.32,3.339,,,,,,,,,,,,,23.053
7661,4.279,4.676,11.32,3.339,,,,,,,,,,,,,17.894
7664,4.279,4.676,11.32,3.339,,,,,,,,,,,,,20.237
7665,4.279,4.676,11.32,3.339,,,,,,,,,,,,,21.354
7666,4.279,4.676,11.32,3.339,,,,,,,,,,,,,18.5
7667,4.279,4.676,11.32,3.339,,,,,,,,,,,,,20.037
7668,4.279,4.676,11.32,3.339,,,,,,,,,,,,,25.028
7669,4.279,4.676,11.32,3.339,,,,,,,,,,,,,18.439
7670,4.279,4.676,11.32,3.339,,,,,,,,,,,,,16.55
7671,4.279,4.676,11.32,3.339,,,,,,,,,,,,,19.883
7672,4.279,4.676,11.32,3.339,,,,,,,,,,,,,22.515
7675,4.279,4.676,11.32,3.339,,,,,,,,,,,,,24.617
7676,4.279,4.676,11.32,3.339,,,,,,,,,,,,,48.01
7677,4.279,4.676,11.32,3.339,,,,,,,,,,,,,4.159
7678,4.279,4.676,11.32,3.339,,,,,,,,,,,,,5.238
7679,4.279,4.676,11.32,3.339,,,,,,,,,,,,,18.823
7680,4.279,4.676,11.32,3.339,,,,,,,,,,,,,19.859
7681,4.279,4.676,11.32,3.339,,,,,,,,,,,,,20.215
7682,4.279,4.676,11.32,3.339,,,,,,,,,,,,,19.699
7685,4.279,4.676,11.32,3.339,,,,,,,,,,,,,20.228
7686,4.279,4.676,11.32,3.339,,,,,,,,,,,,,22.272
7687,4.279,4.676,11.32,3.339,,,,,,,,,,,,,17.398
7688,4.279,4.676,11.32,3.339,,,,,,,,,,,,,19.971
7689,4.279,4.676,11.32,3.339,,,,,,,,,,,,,19.983
7690,4.279,4.676,11.32,3.339,,,,,,,,,,,,,20.487
7691,4.279,4.676,11.32,3.339,,,,,,,,,,,,,23.807
7692,4.279,4.676,11.32,3.339,,,,,,,,,,,,,15.887
7695,4.279,4.676,11.32,3.339,,,,,,,,,,,,,19.997
7696,4.279,4.676,11.32,3.339,,,,,,,,,,,,,20.692
7697,4.279,4.676,11.32,3.339,,,,,,,,,,,,,20.083
7698,4.279,4.676,11.32,3.339,,,,,,,,,,,,,19.278
7699,4.279,4.676,11.32,3.339,,,,,,,,,,,,,20.025
7700,4.279,4.676,11.32,3.339,,,,,,,,,,,,,20.045
7701,4.279,4.676,11.32,3.339,,,,,,,,,,,,,20.327
7703,4.279,4.676,11.32,3.339,,,,,,,,,,,,,19.969
7704,4.279,4.675,11.32,3.339,,,,,,,,,,,,,20.036
7705,4.279,4.676,11.32,3.339,,,,,,,,,,,,,19.906
7706,4.279,4.676,11.32,3.339,,,,,,,,,,,,,20.374
7707,4.279,4.676,11.32,3.339,,,,,,,,,,,,,19.874
7708,4.279,4.676,11.32,3.339,,,,,,,,,,,,,20.12
7709,4.279,4.676,11.32,3.339,,,,,,,,,,,,,23.12
7710,4.279,4.676,11.32,3.339,,,,,,,,,,,,,30.862
7711,4.279,4.676,11.32,3.339,,,,,,,,,,,,,7.54
7712,4.279,4.676,11.32,3.339,,,,,,,,,,,,,20.955
7713,4.279,4.676,11.32,3.339,,,,,,,,,,,,,18.188
7714,4.279,4.676,11.32,3.339,,,,,,,,,,,,,19.957
7715,4.279,4.676,11.32,3.339,,,,,,,,,,,,,20.013
7716,4.279,4.676,11.32,3.339,,,,,,,,,,,,,20.177
7717,4.279,4.676,11.32,3.339,,,,,,,,,,,,,24.865
7718,4.279,4.676,11.32,3.339,,,,,,,,,,,,,15.084
7719,4.279,4.676,11.32,3.339,,,,,,,,,,,,,19.942
7720,4.279,4.676,11.32,3.339,,,,,,,,,,,,,20
7721,4.279,4.676,11.32,3.339,,,,,,,,,,,,,19.965
7722,4.279,4.676,11.32,3.339,,,,,,,,,,,,,26.37
7723,4.279,4.676,11.32,3.339,,,,,,,,,,,,,13.636
7724,4.279,4.676,11.32,3.339,,,,,,,,,,,,,24.95
7725,4.279,4.676,11.32,3.339,,,,,,,,,,,,,15.192
7726,4.279,4.676,11.32,3.339,,,,,,,,,,,,,20.007
7727,4.279,4.676,11.32,3.339,,,,,,,,,,,,,20.731
7728,4.279,4.676,11.32,3.339,,,,,,,,,,,,,22.112
7730,4.279,4.676,11.32,3.339,,,,,,,,,,,,,19.447
7731,4.279,4.676,11.32,3.339,,,,,,,,,,,,,20.854
7732,4.279,4.676,11.32,3.339,,,,,,,,,,,,,19.912
7733,4.279,4.676,11.32,3.34,,,,,,,,,,,,,19.375
7734,4.279,4.676,11.32,3.339,,,,,,,,,,,,,19.99
7735,4.279,4.676,11.32,3.339,,,,,,,,,,,,,19.933
7736,4.279,4.676,11.32,3.339,,,,,,,,,,,,,20.228
7737,4.279,4.676,11.32,3.339,,,,,,,,,,,,,19.943
7738,4.279,4.676,11.32,3.339,,,,,,,,,,,,,19.831
7739,4.279,4.676,11.32,3.339,,,,,,,,,,,,,19.91
7740,4.279,4.676,11.32,3.339,,,,,,,,,,,,,20.022
7741,4.279,4.676,11.32,3.339,,,,,,,,,,,,,20.392
7743,4.279,4.676,11.32,3.339,,,,,,,,,,,,,19.189
7744,4.279,4.676,11.32,3.339,,,,,,,,,,,,,20.844
7745,4.279,4.676,11.32,3.339,,,,,,,,,,,,,36.26
7746,4.279,4.676,11.32,3.339,,,,,,,,,,,,,4.016
7747,4.279,4.676,11.32,3.339,,,,,,,,,,,,,18.226
7748,4.279,4.676,11.32,3.339,,,,,,,,,,,,,19.601
7749,4.279,4.676,11.32,3.339,,,,,,,,,,,,,20.893
7750,4.279,4.676,11.32,3.339,,,,,,,,,,,,,22.043
7751,4.279,4.676,11.32,3.339,,,,,,,,,,,,,17.095
7752,4.279,4.676,11.32,3.339,,,,,,,,,,,,,20.127
7753,4.279,4.676,11.32,3.339,,,,,,,,,,,,,20.077
7754,4.279,4.676,11.32,3.339,,,,,,,,,,,,,19.756
7755,4.279,4.676,11.32,3.339,,,,,,,,,,,,,20.007
7756,4.279,4.676,11.32,3.339,,,,,,,,,,,,,25.212
7757,4.279,4.676,11.32,3.339,,,,,,,,,,,,,15.067
7758,4.279,4.676,11.32,3.339,,,,,,,,,,,,,22.184
7759,4.279,4.676,11.32,3.339,,,,,,,,,,,,,24.817
7760,4.279,4.676,11.32,3.339,,,,,,,,,,,,,13.03
7761,4.279,4.676,11.32,3.339,,,,,,,,,,,,,19.687
7762,4.279,4.676,11.32,3.339,,,,,,,,,,,,,20.227
7763,4.279,4.676,11.32,3.339,,,,,,,,,,,,,19.72
7764,4.279,4.676,11.32,3.339,,,,,,,,,,,,,20.374
7766,4.279,4.676,11.32,3.339,,,,,,,,,,,,,19.747
7767,4.279,4.676,11.32,3.339,,,,,,,,,,,,,20.022
7768,4.279,4.676,11.32,3.339,,,,,,,,,,,,,20.082
7769,4.279,4.676,11.32,3.339,,,,,,,,,,,,,23.296
7770,4.279,4.676,11.32,3.339,,,,,,,,,,,,,16.394
7771,4.279,4.676,11.32,3.339,,,,,,,,,,,,,20.433
7772,4.279,4.676,11.32,3.339,,,,,,,,,,,,,21.618
7773,4.279,4.676,11.32,3.339,,,,,,,,,,,,,18.104
7774,4.279,4.676,11.32,3.339,,,,,,,,,,,,,21.91
7776,4.279,4.676,11.32,3.339,,,,,,,,,,,,,19.934
7777,4.279,4.676,11.32,3.339,,,,,,,,,,,,,39.709
7778,4.279,4.676,11.32,3.339,,,,,,,,,,,,,4.028
7779,4.279,4.676,11.32,3.339,,,,,,,,,,,,,16.134
7780,4.279,4.676,11.32,3.339,,,,,,,,,,,,,20.265
7781,4.279,4.676,11.32,3.339,,,,,,,,,,,,,19.992
7782,4.279,4.676,11.32,3.339,,,,,,,,,,,,,19.934
7783,4.279,4.676,11.32,3.339,,,,,,,,,,,,,19.967
7784,4.279,4.676,11.32,3.339,,,,,,,,,,,,,19.946
7785,4.279,4.676,11.32,3.339,,,,,,,,,,,,,28.908
7786,4.279,4.676,11.32,3.339,,,,,,,,,,,,,12.228
7787,4.279,4.676,11.32,3.339,,,,,,,,,,,,,19.177
7788,4.279,4.676,11.32,3.339,,,,,,,,,,,,,19.662
7789,4.279,4.676,11.32,3.339,,,,,,,,,,,,,28.791
7790,4.279,4.676,11.32,3.339,,,,,,,,,,,,,12.095
7791,4.279,4.676,11.32,3.339,,,,,,,,,,,,,19.206
7792,4.279,4.676,11.32,3.339,,,,,,,,,,,,,20.135
7793,4.279,4.676,11.32,3.339,,,,,,,,,,,,,24.118
7794,4.279,4.676,11.32,3.339,,,,,,,,,,,,,15.677
7795,4.279,4.676,11.32,3.339,,,,,,,,,,,,,25.512
7796,4.279,4.676,11.32,3.339,,,,,,,,,,,,,14.369
7797,4.279,4.676,11.32,3.339,,,,,,,,,,,,,20.885
7798,4.279,4.676,11.32,3.339,,,,,,,,,,,,,20.754
7799,4.279,4.676,11.32,3.339,,,,,,,,,,,,,18.681
7800,4.279,4.676,11.32,3.339,,,,,,,,,,,,,24.472
7801,4.279,4.676,11.32,3.339,,,,,,,,,,,,,21.517
7802,4.279,4.676,11.32,3.339,,,,,,,,,,,,,13.813
7803,4.279,4.676,11.32,3.339,,,,,,,,,,,,,20.461
7804,4.279,4.676,11.32,3.339,,,,,,,,,,,,,19.97
7805,4.279,4.676,11.32,3.339,,,,,,,,,,,,,22.99
7806,4.279,4.676,11.32,3.339,,,,,,,,,,,,,18.471
7807,4.279,4.676,11.32,3.339,,,,,,,,,,,,,18.632
7808,4.279,4.676,11.32,3.339,,,,,,,,,,,,,20.524
7809,4.279,4.676,11.32,3.339,,,,,,,,,,,,,19.168
7810,4.279,4.676,11.32,3.339,,,,,,,,,,,,,19.782
7811,4.279,4.676,11.32,3.339,,,,,,,,,,,,,19.955
7812,4.279,4.676,11.32,3.339,,,,,,,,,,,,,19.984
7813,4.279,4.676,11.32,3.339,,,,,,,,,,,,,20.524
7814,4.279,4.676,11.32,3.339,,,,,,,,,,,,,20.171
7815,4.279,4.676,11.32,3.339,,,,,,,,,,,,,19.459
7816,4.279,4.676,11.32,3.339,,,,,,,,,,,,,20.988
7817,4.279,4.676,11.32,3.339,,,,,,,,,,,,,18.95
7818,4.279,4.676,11.32,3.339,,,,,,,,,,,,,20.211
7819,4.279,4.676,11.32,3.339,,,,,,,,,,,,,19.856
7820,4.279,4.676,11.32,3.339,,,,,,,,,,,,,20.118
7821,4.279,4.676,11.32,3.339,,,,,,,,,,,,,19.94
7823,4.279,4.676,11.32,3.339,,,,,,,,,,,,,17.299
7824,4.279,4.676,11.32,3.339,,,,,,,,,,,,,19.814
7826,4.279,4.676,11.32,3.339,,,,,,,,,,,,,20.247
7827,4.279,4.676,11.32,3.339,,,,,,,,,,,,,19.703
7828,4.279,4.676,11.32,3.339,,,,,,,,,,,,,20.228
7829,4.279,4.676,11.32,3.339,,,,,,,,,,,,,20.998
7830,4.279,4.676,11.32,3.339,,,,,,,,,,,,,18.954
7831,4.279,4.676,11.32,3.339,,,,,,,,,,,,,19.966
7832,4.279,4.676,11.32,3.339,,,,,,,,,,,,,19.976
7833,4.279,4.676,11.32,3.339,,,,,,,,,,,,,21.772
7837,4.279,4.676,11.32,3.339,,,,,,,,,,,,,23.327
7838,4.279,4.676,11.32,3.339,,,,,,,,,,,,,22.294
7841,4.279,4.676,11.32,3.339,,,,,,,,,,,,,8.568
7842,4.279,4.676,11.32,3.339,,,,,,,,,,,,,20.153
7843,4.279,4.676,11.32,3.339,,,,,,,,,,,,,19.543
7844,4.279,4.676,11.32,3.339,,,,,,,,,,,,,20.223
7845,4.279,4.676,11.32,3.339,,,,,,,,,,,,,19.815
7846,4.279,4.676,11.32,3.339,,,,,,,,,,,,,20.119
7847,4.279,4.676,11.32,3.339,,,,,,,,,,,,,20.195
7849,4.279,4.676,11.32,3.339,,,,,,,,,,,,,20.356
7850,4.279,4.676,11.32,3.339,,,,,,,,,,,,,19.601
7851,4.279,4.676,11.32,3.339,,,,,,,,,,,,,22.316
7852,4.279,4.676,11.32,3.339,,,,,,,,,,,,,18.084
7854,4.279,4.676,11.32,3.339,,,,,,,,,,,,,19.992
7855,4.279,4.676,11.32,3.339,,,,,,,,,,,,,21.489
7856,4.279,4.676,11.32,3.339,,,,,,,,,,,,,18.439
7857,4.279,4.676,11.32,3.339,,,,,,,,,,,,,20.216
7858,4.279,4.676,11.32,3.339,,,,,,,,,,,,,19.96
7859,4.279,4.676,11.32,3.339,,,,,,,,,,,,,20.136
7864,4.279,4.676,11.32,3.339,,,,,,,,,,,,,20.211
7865,4.279,4.676,11.32,3.339,,,,,,,,,,,,,19.807
7866,4.279,4.676,11.32,3.339,,,,,,,,,,,,,19.957
7867,4.279,4.676,11.32,3.339,,,,,,,,,,,,,19.979
7868,4.279,4.676,11.32,3.339,,,,,,,,,,,,,21.099
7869,4.279,4.676,11.32,3.339,,,,,,,,,,,,,19.326
7870,4.279,4.676,11.32,3.339,,,,,,,,,,,,,19.758
7871,4.279,4.676,11.32,3.339,,,,,,,,,,,,,19.941
7873,4.279,4.676,11.32,3.339,,,,,,,,,,,,,19.819
7874,4.279,4.676,11.32,3.339,,,,,,,,,,,,,21.019
7875,4.279,4.676,11.32,3.339,,,,,,,,,,,,,20.279
7876,4.279,4.676,11.32,3.339,,,,,,,,,,,,,22.557
7877,4.279,4.676,11.32,3.339,,,,,,,,,,,,,20.025
7878,4.279,4.676,11.32,3.339,,,,,,,,,,,,,17.258
7879,4.279,4.676,11.32,3.339,,,,,,,,,,,,,20.097
7880,4.279,4.676,11.32,3.339,,,,,,,,,,,,,19.845
7881,4.279,4.676,11.32,3.339,,,,,,,,,,,,,20.804
7882,4.279,4.676,11.32,3.339,,,,,,,,,,,,,19.15
7883,4.279,4.676,11.32,3.339,,,,,,,,,,,,,20.193
7884,4.279,4.676,11.32,3.339,,,,,,,,,,,,,21.314
7885,4.279,4.676,11.32,3.339,,,,,,,,,,,,,18.623
7886,4.279,4.676,11.32,3.339,,,,,,,,,,,,,19.968
7888,4.279,4.676,11.32,3.339,,,,,,,,,,,,,14.597
7889,4.279,4.676,11.32,3.339,,,,,,,,,,,,,22.582
7890,4.279,4.676,11.32,3.339,,,,,,,,,,,,,17.293
7891,4.279,4.676,11.32,3.339,,,,,,,,,,,,,19.794
7892,4.279,4.676,11.32,3.339,,,,,,,,,,,,,21.313
7896,4.279,4.676,11.32,3.339,,,,,,,,,,,,,19.462
7897,4.279,4.676,11.32,3.339,,,,,,,,,,,,,28.01
7898,4.279,4.676,11.32,3.339,,,,,,,,,,,,,12.053
7899,4.279,4.676,11.32,3.339,,,,,,,,,,,,,20.093
7900,4.279,4.676,11.32,3.339,,,,,,,,,,,,,19.709
7901,4.279,4.676,11.32,3.339,,,,,,,,,,,,,20.483
7903,4.279,4.676,11.32,3.339,,,,,,,,,,,,,38.665
7904,4.279,4.676,11.32,3.339,,,,,,,,,,,,,4.106
7905,4.279,4.676,11.32,3.339,,,,,,,,,,,,,15.955
7906,4.279,4.676,11.32,3.339,,,,,,,,,,,,,25.969
7907,4.279,4.676,11.32,3.339,,,,,,,,,,,,,13.896
7908,4.279,4.676,11.32,3.339,,,,,,,,,,,,,20.083
7909,4.279,4.676,11.32,3.339,,,,,,,,,,,,,19.808
7911,4.279,4.676,11.32,3.339,,,,,,,,,,,,,20.33
7912,4.279,4.676,11.32,3.339,,,,,,,,,,,,,19.796
7913,4.279,4.676,11.32,3.339,,,,,,,,,,,,,28.743
7914,4.279,4.676,11.32,3.339,,,,,,,,,,,,,16.744
7915,4.279,4.676,11.32,3.339,,,,,,,,,,,,,15.792
7916,4.279,4.676,11.32,3.339,,,,,,,,,,,,,20.562
7917,4.279,4.676,11.32,3.339,,,,,,,,,,,,,17.817
7918,4.279,4.676,11.32,3.339,,,,,,,,,,,,,20.349
7922,4.279,4.676,11.32,3.339,,,,,,,,,,,,,19.911
7923,4.279,4.676,11.32,3.339,,,,,,,,,,,,,21.444
7924,4.279,4.676,11.32,3.339,,,,,,,,,,,,,20.863
7925,4.279,4.676,11.32,3.339,,,,,,,,,,,,,17.969
7926,4.279,4.676,11.32,3.339,,,,,,,,,,,,,20.592
7927,4.279,4.676,11.32,3.339,,,,,,,,,,,,,19.232
7928,4.279,4.675,11.32,3.339,,,,,,,,,,,,,20.023
7929,4.279,4.675,11.32,3.339,,,,,,,,,,,,,19.9
7930,4.279,4.676,11.32,3.339,,,,,,,,,,,,,19.959
7931,4.279,4.676,11.32,3.339,,,,,,,,,,,,,19.966
7932,4.279,4.676,11.32,3.339,,,,,,,,,,,,,20.338
7933,4.279,4.676,11.32,3.339,,,,,,,,,,,,,23.231
7934,4.279,4.676,11.32,3.339,,,,,,,,,,,,,17.634
7935,4.279,4.676,11.32,3.339,,,,,,,,,,,,,27.113
7936,4.279,4.676,11.32,3.339,,,,,,,,,,,,,12.099
7938,4.279,4.676,11.32,3.339,,,,,,,,,,,,,4.038
7939,4.279,4.676,11.32,3.339,,,,,,,,,,,,,6.974
7940,4.279,4.676,11.32,3.339,,,,,,,,,,,,,19.609
7941,4.279,4.676,11.32,3.339,,,,,,,,,,,,,22.782
7942,4.279,4.676,11.32,3.339,,,,,,,,,,,,,17.295
7943,4.279,4.676,11.32,3.339,,,,,,,,,,,,,20.108
7944,4.279,4.676,11.32,3.339,,,,,,,,,,,,,20.039
7945,4.279,4.676,11.32,3.339,,,,,,,,,,,,,19.774
7946,4.279,4.676,11.32,3.339,,,,,,,,,,,,,19.982
7947,4.279,4.676,11.32,3.339,,,,,,,,,,,,,20.017
7948,4.279,4.676,11.32,3.339,,,,,,,,,,,,,20.228
7949,4.279,4.676,11.32,3.339,,,,,,,,,,,,,19.907
7950,4.279,4.676,11.32,3.339,,,,,,,,,,,,,19.971
7951,4.279,4.676,11.32,3.339,,,,,,,,,,,,,19.96
7952,4.279,4.676,11.32,3.339,,,,,,,,,,,,,20.024
7953,4.279,4.676,11.32,3.339,,,,,,,,,,,,,19.951
7954,4.279,4.676,11.32,3.339,,,,,,,,,,,,,19.862
7955,4.279,4.676,11.32,3.339,,,,,,,,,,,,,20.035
7956,4.279,4.676,11.32,3.339,,,,,,,,,,,,,20.272
7957,4.279,4.676,11.32,3.339,,,,,,,,,,,,,19.657
7958,4.279,4.676,11.32,3.339,,,,,,,,,,,,,20.471
7959,4.279,4.676,11.32,3.339,,,,,,,,,,,,,19.996
7961,4.279,4.676,11.32,3.339,,,,,,,,,,,,,20.263
7962,4.279,4.676,11.32,3.339,,,,,,,,,,,,,23.776
7963,4.279,4.676,11.32,3.339,,,,,,,,,,,,,16.308
7964,4.279,4.676,11.32,3.339,,,,,,,,,,,,,20.826
7965,4.279,4.676,11.32,3.339,,,,,,,,,,,,,18.827
7968,4.279,4.676,11.32,3.339,,,,,,,,,,,,,19.911
7969,4.279,4.676,11.32,3.339,,,,,,,,,,,,,29.155
7970,4.279,4.676,11.32,3.339,,,,,,,,,,,,,12.536
7971,4.279,4.676,11.32,3.339,,,,,,,,,,,,,18.477
7972,4.279,4.676,11.32,3.339,,,,,,,,,,,,,22.391
7973,4.279,4.676,11.32,3.339,,,,,,,,,,,,,17.978
7974,4.279,4.676,11.32,3.339,,,,,,,,,,,,,34.166
7975,4.279,4.676,11.32,3.339,,,,,,,,,,,,,5.986
7976,4.279,4.676,11.32,3.339,,,,,,,,,,,,,19.255
7977,4.279,4.676,11.32,3.339,,,,,,,,,,,,,20.154
7978,4.279,4.676,11.32,3.339,,,,,,,,,,,,,25.19
7979,4.279,4.676,11.32,3.339,,,,,,,,,,,,,15.596
7981,4.279,4.676,11.32,3.339,,,,,,,,,,,,,20.711
7982,4.279,4.676,11.32,3.339,,,,,,,,,,,,,19.719
7983,4.279,4.676,11.32,3.339,,,,,,,,,,,,,24.267
7984,4.279,4.676,11.32,3.339,,,,,,,,,,,,,16.691
7985,4.279,4.676,11.32,3.339,,,,,,,,,,,,,18.682
7986,4.279,4.676,11.32,3.339,,,,,,,,,,,,,20.19
7988,4.279,4.676,11.32,3.339,,,,,,,,,,,,,20.238
7989,4.279,4.676,11.32,3.339,,,,,,,,,,,,,19.712
7990,4.279,4.676,11.32,3.339,,,,,,,,,,,,,21.155
7993,4.279,4.676,11.32,3.339,,,,,,,,,,,,,20.086
7994,4.279,4.676,11.32,3.339,,,,,,,,,,,,,19.86
7995,4.279,4.676,11.32,3.339,,,,,,,,,,,,,19.951
7996,4.279,4.676,11.32,3.339,,,,,,,,,,,,,20.281
7997,4.279,4.676,11.32,3.339,,,,,,,,,,,,,19.685
7998,4.279,4.676,11.32,3.339,,,,,,,,,,,,,19.943
8002,4.279,4.676,11.32,3.339,,,,,,,,,,,,,19.622
8003,4.279,4.676,11.32,3.339,,,,,,,,,,,,,19.97
8004,4.279,4.676,11.32,3.339,,,,,,,,,,,,,25.671
8005,4.279,4.676,11.32,3.339,,,,,,,,,,,,,38.061
8006,4.279,4.676,11.32,3.339,,,,,,,,,,,,,4.091
8008,4.279,4.676,11.32,3.339,,,,,,,,,,,,,19.462
8009,4.279,4.676,11.32,3.339,,,,,,,,,,,,,20.779
8011,4.279,4.676,11.32,3.339,,,,,,,,,,,,,19.966
8012,4.279,4.676,11.32,3.339,,,,,,,,,,,,,19.714
8013,4.279,4.676,11.32,3.339,,,,,,,,,,,,,20.357
8014,4.279,4.676,11.32,3.339,,,,,,,,,,,,,19.662
8016,4.279,4.676,11.32,3.339,,,,,,,,,,,,,20.075
8017,4.279,4.676,11.32,3.339,,,,,,,,,,,,,19.857
8018,4.279,4.676,11.32,3.339,,,,,,,,,,,,,20.145
8020,4.279,4.676,11.32,3.339,,,,,,,,,,,,,22.868
8021,4.279,4.676,11.32,3.339,,,,,,,,,,,,,16.037
8022,4.279,4.676,11.32,3.339,,,,,,,,,,,,,19.98
8025,4.279,4.675,11.32,3.34,,,,,,,,,,,,,19.951
8026,4.279,4.676,11.32,3.34,,,,,,,,,,,,,20.144
8027,4.279,4.676,11.32,3.339,,,,,,,,,,,,,19.916
8028,4.279,4.676,11.32,3.339,,,,,,,,,,,,,20.113
8029,4.279,4.676,11.32,3.339,,,,,,,,,,,,,19.961
8030,4.279,4.676,11.32,3.34,,,,,,,,,,,,,19.772
8033,4.279,4.676,11.32,3.339,,,,,,,,,,,,,22.322
8035,4.279,4.676,11.32,3.34,,,,,,,,,,,,,19.892
8036,4.279,4.676,11.32,3.339,,,,,,,,,,,,,35.986
8037,4.279,4.676,11.32,3.339,,,,,,,,,,,,,5.138
8038,4.279,4.676,11.32,3.339,,,,,,,,,,,,,18.97
8039,4.279,4.676,11.32,3.339,,,,,,,,,,,,,20.096
8040,4.279,4.676,11.32,3.339,,,,,,,,,,,,,19.856
8041,4.279,4.676,11.32,3.339,,,,,,,,,,,,,20.114
8042,4.279,4.676,11.32,3.339,,,,,,,,,,,,,19.8
8045,4.279,4.676,11.32,3.339,,,,,,,,,,,,,20.054
8046,4.279,4.676,11.32,3.339,,,,,,,,,,,,,15.581
8047,4.279,4.675,11.32,3.339,,,,,,,,,,,,,20.251
8048,4.279,4.675,11.32,3.339,,,,,,,,,,,,,20.064
8052,4.279,4.676,11.32,3.339,,,,,,,,,,,,,19.99
8053,4.279,4.676,11.32,3.339,,,,,,,,,,,,,19.769
8054,4.279,4.676,11.32,3.339,,,,,,,,,,,,,21.026
8055,4.279,4.676,11.32,3.339,,,,,,,,,,,,,20.394
8056,4.279,4.676,11.32,3.339,,,,,,,,,,,,,18.898
8057,4.279,4.676,11.32,3.339,,,,,,,,,,,,,20.525
8058,4.279,4.676,11.32,3.339,,,,,,,,,,,,,20.627
8059,4.279,4.676,11.32,3.339,,,,,,,,,,,,,18.622
8060,4.279,4.676,11.32,3.339,,,,,,,,,,,,,20.197
8061,4.279,4.676,11.32,3.339,,,,,,,,,,,,,21.786
8062,4.279,4.676,11.32,3.339,,,,,,,,,,,,,22.277
8063,4.279,4.676,11.32,3.339,,,,,,,,,,,,,16.161
8065,4.279,4.676,11.32,3.339,,,,,,,,,,,,,19.945
8066,4.279,4.676,11.32,3.339,,,,,,,,,,,,,22.289
8067,4.279,4.676,11.32,3.339,,,,,,,,,,,,,39.416
8068,4.279,4.676,11.32,3.339,,,,,,,,,,,,,1.588
8069,4.279,4.676,11.32,3.339,,,,,,,,,,,,,16.756
8070,4.279,4.676,11.32,3.339,,,,,,,,,,,,,21.174
8071,4.279,4.676,11.32,3.339,,,,,,,,,,,,,20.371
8072,4.279,4.676,11.32,3.339,,,,,,,,,,,,,18.481
8075,4.279,4.676,11.32,3.339,,,,,,,,,,,,,18.672
8076,4.279,4.676,11.32,3.339,,,,,,,,,,,,,20.925
8077,4.279,4.676,11.32,3.339,,,,,,,,,,,,,18.928
8078,4.279,4.676,11.32,3.339,,,,,,,,,,,,,21.253
8080,4.279,4.676,11.32,3.339,,,,,,,,,,,,,19.801
8081,4.279,4.676,11.32,3.339,,,,,,,,,,,,,20.04
8082,4.279,4.676,11.32,3.339,,,,,,,,,,,,,26.303
8083,4.279,4.676,11.32,3.339,,,,,,,,,,,,,13.626
8084,4.279,4.676,11.32,3.339,,,,,,,,,,,,,20.436
8085,4.279,4.676,11.32,3.339,,,,,,,,,,,,,19.481
8086,4.279,4.676,11.32,3.339,,,,,,,,,,,,,19.928
8087,4.279,4.676,11.32,3.339,,,,,,,,,,,,,19.966
8092,4.279,4.676,11.32,3.339,,,,,,,,,,,,,19.4
8093,4.279,4.676,11.32,3.339,,,,,,,,,,,,,34.972
8094,4.279,4.676,11.32,3.339,,,,,,,,,,,,,5.466
8095,4.279,4.676,11.32,3.339,,,,,,,,,,,,,19.865
8096,4.279,4.676,11.32,3.339,,,,,,,,,,,,,19.536
8097,4.279,4.676,11.32,3.339,,,,,,,,,,,,,20.374
8098,4.279,4.676,11.32,3.339,,,,,,,,,,,,,19.836
8099,4.279,4.676,11.32,3.339,,,,,,,,,,,,,21.383
8100,4.279,4.676,11.32,3.339,,,,,,,,,,,,,18.537
8101,4.279,4.676,11.32,3.339,,,,,,,,,,,,,20.109
8102,4.279,4.676,11.32,3.339,,,,,,,,,,,,,34.505
8103,4.279,4.676,11.32,3.339,,,,,,,,,,,,,5.858
8104,4.279,4.676,11.32,3.339,,,,,,,,,,,,,32.485
8105,4.279,4.676,11.32,3.339,,,,,,,,,,,,,7.429
8106,4.279,4.676,11.32,3.339,,,,,,,,,,,,,23.458
8107,4.279,4.676,11.32,3.339,,,,,,,,,,,,,16.479
8108,4.279,4.676,11.32,3.339,,,,,,,,,,,,,24.709
8109,4.279,4.676,11.32,3.339,,,,,,,,,,,,,31.114
8110,4.279,4.676,11.32,3.339,,,,,,,,,,,,,4.218
8111,4.279,4.676,11.32,3.339,,,,,,,,,,,,,19.565
8112,4.279,4.676,11.32,3.339,,,,,,,,,,,,,20.192
8113,4.279,4.676,11.32,3.339,,,,,,,,,,,,,24.364
8114,4.279,4.676,11.32,3.339,,,,,,,,,,,,,15.611
8115,4.279,4.676,11.32,3.339,,,,,,,,,,,,,19.954
8116,4.279,4.676,11.32,3.339,,,,,,,,,,,,,20.034
8117,4.279,4.676,11.32,3.339,,,,,,,,,,,,,19.896
8118,4.279,4.676,11.32,3.339,,,,,,,,,,,,,20.11
8119,4.279,4.676,11.32,3.339,,,,,,,,,,,,,22.06
8122,4.279,4.676,11.32,3.339,,,,,,,,,,,,,19.969
8123,4.279,4.676,11.32,3.339,,,,,,,,,,,,,19.968
8124,4.279,4.676,11.32,3.339,,,,,,,,,,,,,19.962
8125,4.279,4.676,11.32,3.339,,,,,,,,,,,,,21.31
8126,4.279,4.676,11.32,3.339,,,,,,,,,,,,,18.655
8127,4.279,4.676,11.32,3.339,,,,,,,,,,,,,20.464
8128,4.279,4.676,11.32,3.339,,,,,,,,,,,,,19.696
8130,4.279,4.676,11.32,3.339,,,,,,,,,,,,,48.745
8131,4.279,4.676,11.32,3.339,,,,,,,,,,,,,4.074
8132,4.279,4.676,11.32,3.339,,,,,,,,,,,,,7.136
8133,4.279,4.676,11.32,3.339,,,,,,,,,,,,,19.746
8134,4.279,4.676,11.32,3.339,,,,,,,,,,,,,19.953
8135,4.279,4.676,11.32,3.339,,,,,,,,,,,,,20.278
8136,4.279,4.676,11.32,3.339,,,,,,,,,,,,,19.929
8137,4.279,4.676,11.32,3.339,,,,,,,,,,,,,20.005
8138,4.279,4.676,11.32,3.339,,,,,,,,,,,,,19.937
8139,4.279,4.676,11.32,3.339,,,,,,,,,,,,,19.968
8140,4.279,4.676,11.32,3.339,,,,,,,,,,,,,20.038
8141,4.279,4.676,11.32,3.339,,,,,,,,,,,,,21.199
8142,4.279,4.676,11.32,3.339,,,,,,,,,,,,,18.681
8145,4.279,4.676,11.32,3.339,,,,,,,,,,,,,20.587
8147,4.279,4.676,11.32,3.339,,,,,,,,,,,,,19.959
8148,4.279,4.676,11.32,3.339,,,,,,,,,,,,,22.355
8149,4.279,4.676,11.32,3.339,,,,,,,,,,,,,18.032
8150,4.279,4.676,11.32,3.339,,,,,,,,,,,,,19.544
8151,4.279,4.676,11.32,3.339,,,,,,,,,,,,,19.951
8152,4.279,4.676,11.32,3.339,,,,,,,,,,,,,20.254
8153,4.279,4.676,11.32,3.339,,,,,,,,,,,,,21.247
8154,4.279,4.676,11.32,3.339,,,,,,,,,,,,,18.659
8155,4.279,4.676,11.32,3.339,,,,,,,,,,,,,20.077
8156,4.279,4.676,11.32,3.339,,,,,,,,,,,,,20.132
8157,4.279,4.676,11.32,3.339,,,,,,,,,,,,,19.803
8158,4.279,4.676,11.32,3.339,,,,,,,,,,,,,43.935
8159,4.279,4.676,11.32,3.339,,,,,,,,,,,,,4.104
8160,4.279,4.676,11.32,3.339,,,,,,,,,,,,,12.045
8162,4.279,4.676,11.32,3.339,,,,,,,,,,,,,19.823
8163,4.279,4.676,11.32,3.339,,,,,,,,,,,,,20.5
8164,4.279,4.676,11.32,3.339,,,,,,,,,,,,,18.727
8165,4.279,4.676,11.32,3.339,,,,,,,,,,,,,19.962
8166,4.279,4.676,11.32,3.339,,,,,,,,,,,,,20.2
8167,4.279,4.676,11.32,3.339,,,,,,,,,,,,,19.744
8168,4.279,4.676,11.32,3.339,,,,,,,,,,,,,21.77
8169,4.279,4.676,11.32,3.339,,,,,,,,,,,,,18.546
8170,4.279,4.676,11.32,3.339,,,,,,,,,,,,,19.79
8171,4.279,4.676,11.32,3.339,,,,,,,,,,,,,19.865
8172,4.279,4.676,11.32,3.339,,,,,,,,,,,,,20.298
8173,4.279,4.676,11.32,3.339,,,,,,,,,,,,,19.759
8174,4.279,4.676,11.32,3.339,,,,,,,,,,,,,19.955
8175,4.279,4.676,11.32,3.339,,,,,,,,,,,,,23.348
8176,4.279,4.676,11.32,3.339,,,,,,,,,,,,,19.945
8177,4.279,4.676,11.32,3.339,,,,,,,,,,,,,21.457
8178,4.279,4.676,11.32,3.339,,,,,,,,,,,,,16.464
8179,4.279,4.676,11.32,3.339,,,,,,,,,,,,,19.958
8180,4.279,4.676,11.32,3.339,,,,,,,,,,,,,19.91
8181,4.279,4.676,11.32,3.339,,,,,,,,,,,,,20.096
8182,4.279,4.676,11.32,3.339,,,,,,,,,,,,,19.84
8183,4.279,4.676,11.32,3.339,,,,,,,,,,,,,19.977
8184,4.279,4.676,11.32,3.339,,,,,,,,,,,,,20.052
8187,4.279,4.676,11.32,3.339,,,,,,,,,,,,,19.841
8189,4.279,4.676,11.32,3.339,,,,,,,,,,,,,19.438
8190,4.279,4.676,11.32,3.339,,,,,,,,,,,,,19.959
8192,4.279,4.676,11.32,3.339,,,,,,,,,,,,,20.247
8193,4.279,4.676,11.32,3.339,,,,,,,,,,,,,21.208
8194,4.279,4.676,11.32,3.339,,,,,,,,,,,,,33.655
8195,4.279,4.676,11.32,3.339,,,,,,,,,,,,,5.293
8196,4.279,4.676,11.32,3.339,,,,,,,,,,,,,23.764
8197,4.279,4.676,11.32,3.339,,,,,,,,,,,,,15.764
8198,4.279,4.676,11.32,3.339,,,,,,,,,,,,,24.054
8199,4.279,4.676,11.32,3.339,,,,,,,,,,,,,17.998
8200,4.279,4.676,11.32,3.339,,,,,,,,,,,,,21.671
8203,4.279,4.676,11.32,3.339,,,,,,,,,,,,,20.132
8204,4.279,4.676,11.32,3.339,,,,,,,,,,,,,19.821
8205,4.279,4.676,11.32,3.339,,,,,,,,,,,,,19.879
8206,4.279,4.676,11.32,3.339,,,,,,,,,,,,,20.118
8207,4.279,4.676,11.32,3.339,,,,,,,,,,,,,19.901
8208,4.279,4.676,11.32,3.339,,,,,,,,,,,,,19.997
8209,4.279,4.676,11.32,3.339,,,,,,,,,,,,,36.832
8210,4.279,4.676,11.32,3.339,,,,,,,,,,,,,5.341
8211,4.279,4.676,11.32,3.339,,,,,,,,,,,,,18.042
8212,4.279,4.676,11.32,3.339,,,,,,,,,,,,,21.534
8213,4.279,4.676,11.32,3.339,,,,,,,,,,,,,18.395
8214,4.279,4.676,11.32,3.339,,,,,,,,,,,,,19.933
8215,4.279,4.676,11.32,3.339,,,,,,,,,,,,,24.293
8216,4.279,4.676,11.32,3.339,,,,,,,,,,,,,15.707
8217,4.279,4.676,11.32,3.339,,,,,,,,,,,,,25.017
8218,4.279,4.676,11.32,3.339,,,,,,,,,,,,,15.267
8219,4.279,4.676,11.32,3.339,,,,,,,,,,,,,20.957
8220,4.279,4.676,11.32,3.339,,,,,,,,,,,,,18.801
8221,4.279,4.676,11.32,3.339,,,,,,,,,,,,,20.223
8222,4.279,4.676,11.32,3.339,,,,,,,,,,,,,20.151
8223,4.279,4.676,11.32,3.339,,,,,,,,,,,,,35.445
8224,4.279,4.676,11.32,3.339,,,,,,,,,,,,,5.268
8225,4.279,4.676,11.32,3.339,,,,,,,,,,,,,18.974
8226,4.279,4.676,11.32,3.339,,,,,,,,,,,,,20.15
8227,4.279,4.676,11.32,3.339,,,,,,,,,,,,,20.816
8228,4.279,4.676,11.32,3.339,,,,,,,,,,,,,18.993
8229,4.279,4.676,11.32,3.339,,,,,,,,,,,,,20.676
8231,4.279,4.676,11.32,3.339,,,,,,,,,,,,,20.078
8232,4.279,4.676,11.32,3.339,,,,,,,,,,,,,20.662
8233,4.279,4.676,11.32,3.339,,,,,,,,,,,,,19.553
8235,4.279,4.676,11.32,3.339,,,,,,,,,,,,,21.877
8236,4.279,4.676,11.32,3.339,,,,,,,,,,,,,18.221
8237,4.279,4.676,11.32,3.339,,,,,,,,,,,,,19.796
8238,4.279,4.676,11.32,3.339,,,,,,,,,,,,,19.982
8239,4.279,4.676,11.32,3.339,,,,,,,,,,,,,22.795
8240,4.279,4.676,11.32,3.339,,,,,,,,,,,,,22.296
8242,4.279,4.676,11.32,3.339,,,,,,,,,,,,,20.03
8243,4.279,4.676,11.32,3.339,,,,,,,,,,,,,23.997
8244,4.279,4.676,11.32,3.339,,,,,,,,,,,,,15.972
8245,4.279,4.676,11.32,3.339,,,,,,,,,,,,,19.912
8246,4.279,4.676,11.32,3.339,,,,,,,,,,,,,20.148
8247,4.279,4.676,11.32,3.339,,,,,,,,,,,,,20.078
8248,4.279,4.676,11.32,3.339,,,,,,,,,,,,,19.958
8249,4.279,4.676,11.32,3.339,,,,,,,,,,,,,20.816
8251,4.279,4.676,11.32,3.339,,,,,,,,,,,,,20.967
8252,4.279,4.676,11.32,3.339,,,,,,,,,,,,,20.393
8253,4.279,4.676,11.32,3.339,,,,,,,,,,,,,20.587
8254,4.279,4.676,11.32,3.339,,,,,,,,,,,,,17.794
8255,4.279,4.676,11.32,3.339,,,,,,,,,,,,,48.094
8256,4.279,4.676,11.32,3.339,,,,,,,,,,,,,4.058
8257,4.279,4.676,11.32,3.339,,,,,,,,,,,,,7.928
8258,4.279,4.676,11.32,3.339,,,,,,,,,,,,,20.062
8259,4.279,4.676,11.32,3.339,,,,,,,,,,,,,20.36
8260,4.279,4.676,11.32,3.339,,,,,,,,,,,,,19.624
8261,4.279,4.676,11.32,3.339,,,,,,,,,,,,,20.037
8264,4.279,4.676,11.32,3.339,,,,,,,,,,,,,19.622
8269,4.279,4.676,11.32,3.339,,,,,,,,,,,,,19.998
8274,4.279,4.676,11.32,3.339,,,,,,,,,,,,,20.159
8275,4.279,4.676,11.32,3.339,,,,,,,,,,,,,20.559
8276,4.279,4.676,11.32,3.339,,,,,,,,,,,,,21.271
8277,4.279,4.676,11.32,3.339,,,,,,,,,,,,,21.491
8283,4.279,4.676,11.32,3.339,,,,,,,,,,,,,13.754
8285,4.279,4.676,11.32,3.339,,,,,,,,,,,,,19.958
8286,4.279,4.676,11.32,3.339,,,,,,,,,,,,,31.086
8288,4.279,4.676,11.32,3.339,,,,,,,,,,,,,11.963
8289,4.279,4.676,11.32,3.339,,,,,,,,,,,,,20.377
8290,4.279,4.676,11.32,3.339,,,,,,,,,,,,,19.964
8291,4.279,4.676,11.32,3.339,,,,,,,,,,,,,47.241
8292,4.279,4.676,11.32,3.339,,,,,,,,,,,,,11.236
8293,4.279,4.676,11.32,3.339,,,,,,,,,,,,,4.206
8294,4.279,4.676,11.32,3.339,,,,,,,,,,,,,17.058
8295,4.279,4.676,11.32,3.339,,,,,,,,,,,,,20.053
8296,4.279,4.676,11.32,3.339,,,,,,,,,,,,,19.893
8297,4.279,4.676,11.32,3.339,,,,,,,,,,,,,19.932
8298,4.279,4.676,11.32,3.339,,,,,,,,,,,,,21.487
8299,4.279,4.676,11.32,3.339,,,,,,,,,,,,,19.035
8300,4.279,4.676,11.32,3.339,,,,,,,,,,,,,19.706
8301,4.279,4.676,11.32,3.339,,,,,,,,,,,,,20.126
8302,4.279,4.676,11.32,3.339,,,,,,,,,,,,,19.929
8303,4.279,4.676,11.32,3.339,,,,,,,,,,,,,19.837
8306,4.279,4.676,11.32,3.339,,,,,,,,,,,,,20.09
8307,4.279,4.676,11.32,3.339,,,,,,,,,,,,,19.985
8308,4.279,4.676,11.32,3.339,,,,,,,,,,,,,19.96
8309,4.279,4.675,11.32,3.339,,,,,,,,,,,,,25.937
8310,4.279,4.675,11.32,3.339,,,,,,,,,,,,,14.206
8311,4.279,4.676,11.32,3.339,,,,,,,,,,,,,19.885
8312,4.279,4.676,11.32,3.339,,,,,,,,,,,,,19.864
8313,4.279,4.676,11.32,3.339,,,,,,,,,,,,,20.382
8314,4.279,4.676,11.32,3.339,,,,,,,,,,,,,19.974
8315,4.279,4.676,11.32,3.339,,,,,,,,,,,,,19.809
8316,4.279,4.676,11.32,3.339,,,,,,,,,,,,,20.091
8317,4.279,4.676,11.32,3.339,,,,,,,,,,,,,19.823
8318,4.279,4.676,11.32,3.339,,,,,,,,,,,,,48.683
8319,4.279,4.676,11.32,3.339,,,,,,,,,,,,,3.974
8320,4.279,4.676,11.32,3.339,,,,,,,,,,,,,9.133
8321,4.279,4.676,11.32,3.339,,,,,,,,,,,,,19.151
8322,4.279,4.676,11.32,3.339,,,,,,,,,,,,,20.436
8323,4.279,4.676,11.32,3.339,,,,,,,,,,,,,18.869
8326,4.279,4.676,11.32,3.339,,,,,,,,,,,,,19.967
8327,4.279,4.676,11.32,3.339,,,,,,,,,,,,,26.164
8328,4.279,4.676,11.32,3.339,,,,,,,,,,,,,13.782
8329,4.279,4.676,11.32,3.339,,,,,,,,,,,,,19.982
8330,4.279,4.676,11.32,3.339,,,,,,,,,,,,,20.772
8333,4.279,4.676,11.32,3.339,,,,,,,,,,,,,16.232
8334,4.279,4.676,11.32,3.339,,,,,,,,,,,,,19.974
8335,4.279,4.676,11.32,3.339,,,,,,,,,,,,,20.094
8336,4.279,4.675,11.32,3.339,,,,,,,,,,,,,23.443
8338,4.279,4.676,11.32,3.339,,,,,,,,,,,,,17.435
8339,4.279,4.676,11.32,3.339,,,,,,,,,,,,,18.415
8340,4.279,4.676,11.32,3.339,,,,,,,,,,,,,19.941
8341,4.279,4.676,11.32,3.339,,,,,,,,,,,,,21.728
8343,4.279,4.676,11.32,3.339,,,,,,,,,,,,,19.969
8344,4.279,4.676,11.32,3.339,,,,,,,,,,,,,19.971
8345,4.279,4.676,11.32,3.339,,,,,,,,,,,,,25.369
8346,4.279,4.676,11.32,3.339,,,,,,,,,,,,,14.79
8347,4.279,4.676,11.32,3.339,,,,,,,,,,,,,20.089
8348,4.279,4.676,11.32,3.339,,,,,,,,,,,,,19.984
8349,4.279,4.676,11.32,3.339,,,,,,,,,,,,,20.034
8350,4.279,4.676,11.32,3.339,,,,,,,,,,,,,39.255
8351,4.279,4.676,11.32,3.339,,,,,,,,,,,,,5.62
8352,4.279,4.676,11.32,3.339,,,,,,,,,,,,,14.798
8354,4.279,4.676,11.32,3.339,,,,,,,,,,,,,20.543
8355,4.279,4.676,11.32,3.339,,,,,,,,,,,,,19.655
8356,4.279,4.676,11.32,3.339,,,,,,,,,,,,,20.163
8357,4.279,4.676,11.32,3.339,,,,,,,,,,,,,19.791
8358,4.279,4.676,11.32,3.339,,,,,,,,,,,,,19.956
8359,4.279,4.676,11.32,3.339,,,,,,,,,,,,,20.173
8360,4.279,4.676,11.32,3.339,,,,,,,,,,,,,19.767
8361,4.279,4.676,11.32,3.339,,,,,,,,,,,,,20.134
8362,4.279,4.676,11.32,3.339,,,,,,,,,,,,,22.891
8363,4.279,4.676,11.32,3.339,,,,,,,,,,,,,17.137
8364,4.279,4.676,11.32,3.339,,,,,,,,,,,,,19.968
8365,4.279,4.676,11.32,3.339,,,,,,,,,,,,,22.299
8368,4.279,4.676,11.32,3.339,,,,,,,,,,,,,22.586
8369,4.279,4.676,11.32,3.339,,,,,,,,,,,,,19.184
8372,4.279,4.676,11.32,3.339,,,,,,,,,,,,,14.822
8373,4.279,4.676,11.32,3.339,,,,,,,,,,,,,20.002
8374,4.279,4.676,11.32,3.339,,,,,,,,,,,,,20.127
8375,4.279,4.676,11.32,3.339,,,,,,,,,,,,,19.761
8377,4.279,4.676,11.32,3.339,,,,,,,,,,,,,20.148
8378,4.279,4.676,11.32,3.339,,,,,,,,,,,,,38.952
8379,4.279,4.676,11.32,3.339,,,,,,,,,,,,,3.723
8380,4.279,4.676,11.32,3.339,,,,,,,,,,,,,18.269
8381,4.279,4.676,11.32,3.339,,,,,,,,,,,,,19.982
8382,4.279,4.676,11.32,3.339,,,,,,,,,,,,,22.046
8383,4.279,4.676,11.32,3.339,,,,,,,,,,,,,17.895
8384,4.279,4.676,11.32,3.339,,,,,,,,,,,,,20.296
8385,4.279,4.676,11.32,3.339,,,,,,,,,,,,,19.62
8386,4.279,4.675,11.32,3.339,,,,,,,,,,,,,22.036
8387,4.279,4.675,11.32,3.339,,,,,,,,,,,,,19.423
8388,4.279,4.676,11.32,3.339,,,,,,,,,,,,,19.409
8389,4.279,4.676,11.32,3.339,,,,,,,,,,,,,19.35
8390,4.279,4.676,11.32,3.339,,,,,,,,,,,,,19.952
8391,4.279,4.676,11.32,3.339,,,,,,,,,,,,,19.924
8392,4.279,4.676,11.32,3.339,,,,,,,,,,,,,20.525
8393,4.279,4.676,11.32,3.339,,,,,,,,,,,,,19.382
8394,4.279,4.676,11.32,3.339,,,,,,,,,,,,,20.374
8395,4.279,4.676,11.32,3.339,,,,,,,,,,,,,19.849
8397,4.279,4.676,11.32,3.339,,,,,,,,,,,,,22.169
8398,4.279,4.676,11.32,3.339,,,,,,,,,,,,,18.562
8399,4.279,4.676,11.32,3.339,,,,,,,,,,,,,19.319
8400,4.279,4.676,11.32,3.339,,,,,,,,,,,,,19.985
8401,4.279,4.676,11.32,3.339,,,,,,,,,,,,,23.347
8402,4.279,4.676,11.32,3.339,,,,,,,,,,,,,16.576
8403,4.279,4.676,11.32,3.339,,,,,,,,,,,,,19.995
8404,4.279,4.676,11.32,3.339,,,,,,,,,,,,,19.927
8405,4.279,4.675,11.32,3.339,,,,,,,,,,,,,20.023
8406,4.279,4.675,11.32,3.339,,,,,,,,,,,,,20.197
8407,4.279,4.676,11.32,3.339,,,,,,,,,,,,,19.725
8408,4.279,4.676,11.32,3.339,,,,,,,,,,,,,22.774
8409,4.279,4.676,11.32,3.339,,,,,,,,,,,,,49.403
8410,4.279,4.676,11.32,3.339,,,,,,,,,,,,,4.023
8411,4.279,4.676,11.32,3.339,,,,,,,,,,,,,5.26
8412,4.279,4.676,11.32,3.339,,,,,,,,,,,,,18.683
8413,4.279,4.676,11.32,3.339,,,,,,,,,,,,,19.924
8414,4.279,4.676,11.32,3.339,,,,,,,,,,,,,23.325
8415,4.279,4.676,11.32,3.339,,,,,,,,,,,,,21.501
8416,4.279,4.676,11.32,3.339,,,,,,,,,,,,,15.899
8417,4.279,4.675,11.32,3.339,,,,,,,,,,,,,23.791
8418,4.279,4.675,11.32,3.339,,,,,,,,,,,,,15.585
8419,4.279,4.676,11.32,3.339,,,,,,,,,,,,,21.011
8420,4.279,4.676,11.32,3.339,,,,,,,,,,,,,20.064
8421,4.279,4.676,11.32,3.339,,,,,,,,,,,,,18.827
8422,4.279,4.676,11.32,3.339,,,,,,,,,,,,,19.992
8423,4.279,4.676,11.32,3.339,,,,,,,,,,,,,30.987
8424,4.279,4.676,11.32,3.339,,,,,,,,,,,,,9.45
8425,4.279,4.676,11.32,3.339,,,,,,,,,,,,,20.281
8427,4.279,4.676,11.32,3.339,,,,,,,,,,,,,20.22
8430,4.279,4.676,11.32,3.339,,,,,,,,,,,,,17.133
8431,4.279,4.676,11.32,3.339,,,,,,,,,,,,,31.042
8432,4.279,4.676,11.32,3.339,,,,,,,,,,,,,10.321
8433,4.279,4.676,11.32,3.339,,,,,,,,,,,,,18.53
8434,4.279,4.676,11.32,3.339,,,,,,,,,,,,,21.276
8435,4.279,4.676,11.32,3.339,,,,,,,,,,,,,18.93
8436,4.279,4.675,11.32,3.339,,,,,,,,,,,,,19.944
8437,4.279,4.675,11.32,3.339,,,,,,,,,,,,,20.006
8438,4.279,4.676,11.32,3.339,,,,,,,,,,,,,20.095
8439,4.279,4.676,11.32,3.339,,,,,,,,,,,,,20.007
8440,4.279,4.676,11.32,3.339,,,,,,,,,,,,,19.798
8441,4.279,4.676,11.32,3.339,,,,,,,,,,,,,19.963
8442,4.279,4.676,11.32,3.339,,,,,,,,,,,,,20.007
8443,4.279,4.676,11.32,3.339,,,,,,,,,,,,,20.184
8444,4.279,4.676,11.32,3.339,,,,,,,,,,,,,25.877
8445,4.279,4.676,11.32,3.339,,,,,,,,,,,,,14.086
8446,4.279,4.676,11.32,3.339,,,,,,,,,,,,,51.374
8447,4.279,4.676,11.32,3.339,,,,,,,,,,,,,4.12
8448,4.279,4.676,11.32,3.339,,,,,,,,,,,,,5.659
8450,4.279,4.676,11.32,3.339,,,,,,,,,,,,,19.995
8451,4.279,4.676,11.32,3.339,,,,,,,,,,,,,20.019
8452,4.279,4.676,11.32,3.339,,,,,,,,,,,,,20.182
8453,4.279,4.676,11.32,3.339,,,,,,,,,,,,,19.947
8454,4.279,4.676,11.32,3.339,,,,,,,,,,,,,19.977
8455,4.279,4.676,11.32,3.339,,,,,,,,,,,,,23.505
8456,4.279,4.676,11.32,3.339,,,,,,,,,,,,,16.418
8457,4.279,4.676,11.32,3.339,,,,,,,,,,,,,20.013
8458,4.279,4.676,11.32,3.339,,,,,,,,,,,,,20.202
8459,4.279,4.675,11.32,3.339,,,,,,,,,,,,,19.989
8460,4.279,4.675,11.32,3.339,,,,,,,,,,,,,19.95
8461,4.279,4.676,11.32,3.339,,,,,,,,,,,,,19.957
8462,4.279,4.676,11.32,3.339,,,,,,,,,,,,,20.062
8463,4.279,4.676,11.32,3.339,,,,,,,,,,,,,19.888
8464,4.279,4.676,11.32,3.339,,,,,,,,,,,,,20.143
8465,4.279,4.676,11.32,3.339,,,,,,,,,,,,,19.941
8466,4.279,4.676,11.32,3.339,,,,,,,,,,,,,20.076
8467,4.279,4.675,11.32,3.339,,,,,,,,,,,,,19.772
8468,4.279,4.675,11.32,3.339,,,,,,,,,,,,,20.3
8469,4.279,4.676,11.32,3.339,,,,,,,,,,,,,28.35
8472,4.279,4.676,11.32,3.339,,,,,,,,,,,,,14.589
8473,4.279,4.676,11.32,3.339,,,,,,,,,,,,,21.751
8474,4.279,4.676,11.32,3.339,,,,,,,,,,,,,43.094
8475,4.279,4.676,11.32,3.339,,,,,,,,,,,,,3.936
8476,4.279,4.676,11.32,3.339,,,,,,,,,,,,,11.516
8477,4.279,4.676,11.32,3.339,,,,,,,,,,,,,19.832
8478,4.279,4.676,11.32,3.339,,,,,,,,,,,,,22.76
8479,4.279,4.676,11.32,3.339,,,,,,,,,,,,,18.172
8480,4.279,4.676,11.32,3.339,,,,,,,,,,,,,20.123
8481,4.279,4.676,11.32,3.339,,,,,,,,,,,,,33.372
8482,4.279,4.675,11.32,3.339,,,,,,,,,,,,,6.906
8483,4.279,4.675,11.32,3.339,,,,,,,,,,,,,20.682
8484,4.279,4.676,11.32,3.339,,,,,,,,,,,,,19.082
8485,4.279,4.676,11.32,3.339,,,,,,,,,,,,,19.904
8486,4.279,4.676,11.32,3.339,,,,,,,,,,,,,20.038
8487,4.279,4.676,11.32,3.339,,,,,,,,,,,,,19.936
8488,4.279,4.676,11.32,3.339,,,,,,,,,,,,,20.205
8489,4.279,4.676,11.32,3.339,,,,,,,,,,,,,20.473
8490,4.279,4.676,11.32,3.339,,,,,,,,,,,,,19.47
8492,4.279,4.676,11.32,3.339,,,,,,,,,,,,,19.943
8493,4.279,4.676,11.32,3.339,,,,,,,,,,,,,20.248
8494,4.279,4.676,11.32,3.339,,,,,,,,,,,,,19.931
8495,4.279,4.676,11.32,3.339,,,,,,,,,,,,,19.988
8496,4.279,4.676,11.32,3.339,,,,,,,,,,,,,22.591
8497,4.279,4.676,11.32,3.339,,,,,,,,,,,,,23.757
8498,4.279,4.676,11.32,3.339,,,,,,,,,,,,,13.557
8499,4.279,4.676,11.32,3.339,,,,,,,,,,,,,20.207
8500,4.279,4.676,11.32,3.339,,,,,,,,,,,,,19.983
8501,4.279,4.676,11.32,3.339,,,,,,,,,,,,,21.966
8502,4.279,4.676,11.32,3.339,,,,,,,,,,,,,17.93
8505,4.279,4.676,11.32,3.339,,,,,,,,,,,,,3.976
8506,4.279,4.676,11.32,3.339,,,,,,,,,,,,,17.964
8507,4.279,4.676,11.32,3.339,,,,,,,,,,,,,32.043
8508,4.279,4.676,11.32,3.339,,,,,,,,,,,,,7.388
8509,4.279,4.676,11.32,3.339,,,,,,,,,,,,,20.491
8510,4.279,4.676,11.32,3.339,,,,,,,,,,,,,18.931
8511,4.279,4.676,11.32,3.339,,,,,,,,,,,,,30.503
8512,4.279,4.676,11.32,3.339,,,,,,,,,,,,,15.054
8513,4.279,4.676,11.32,3.339,,,,,,,,,,,,,14.126
8514,4.279,4.676,11.32,3.339,,,,,,,,,,,,,19.962
8515,4.279,4.676,11.32,3.339,,,,,,,,,,,,,20.229
8516,4.279,4.676,11.32,3.339,,,,,,,,,,,,,19.698
8517,4.279,4.676,11.32,3.339,,,,,,,,,,,,,20.234
8518,4.279,4.676,11.32,3.339,,,,,,,,,,,,,19.948
8519,4.279,4.676,11.32,3.339,,,,,,,,,,,,,19.964
8522,4.279,4.676,11.32,3.339,,,,,,,,,,,,,17.428
8523,4.279,4.676,11.32,3.339,,,,,,,,,,,,,19.951
8524,4.279,4.676,11.32,3.339,,,,,,,,,,,,,20.219
8525,4.279,4.676,11.32,3.339,,,,,,,,,,,,,19.844
8526,4.279,4.676,11.32,3.339,,,,,,,,,,,,,19.97
8527,4.279,4.676,11.32,3.339,,,,,,,,,,,,,21.261
8528,4.279,4.676,11.32,3.339,,,,,,,,,,,,,18.68
8529,4.279,4.676,11.32,3.339,,,,,,,,,,,,,20.535
8530,4.279,4.676,11.32,3.339,,,,,,,,,,,,,19.659
8533,4.279,4.675,11.32,3.339,,,,,,,,,,,,,21.757
8535,4.279,4.676,11.32,3.339,,,,,,,,,,,,,7.103
8536,4.279,4.676,11.32,3.339,,,,,,,,,,,,,19.778
8539,4.279,4.676,11.32,3.339,,,,,,,,,,,,,12.844
8540,4.279,4.676,11.32,3.339,,,,,,,,,,,,,19.976
8541,4.279,4.676,11.32,3.339,,,,,,,,,,,,,19.954
8542,4.279,4.676,11.32,3.339,,,,,,,,,,,,,23.487
8545,4.279,4.676,11.32,3.339,,,,,,,,,,,,,20.028
8546,4.279,4.676,11.32,3.339,,,,,,,,,,,,,20.026
8547,4.279,4.676,11.32,3.339,,,,,,,,,,,,,19.85
8548,4.279,4.676,11.32,3.339,,,,,,,,,,,,,20.002
8549,4.279,4.676,11.32,3.339,,,,,,,,,,,,,20.333
8550,4.279,4.676,11.32,3.339,,,,,,,,,,,,,19.995
8551,4.279,4.676,11.32,3.339,,,,,,,,,,,,,20.331
8552,4.279,4.676,11.32,3.339,,,,,,,,,,,,,19.47
8553,4.279,4.676,11.32,3.339,,,,,,,,,,,,,19.987
8554,4.279,4.676,11.32,3.339,,,,,,,,,,,,,19.929
8557,4.279,4.676,11.32,3.339,,,,,,,,,,,,,18.11
8558,4.279,4.676,11.32,3.339,,,,,,,,,,,,,19.974
8559,4.279,4.676,11.32,3.339,,,,,,,,,,,,,19.969
8560,4.279,4.676,11.32,3.339,,,,,,,,,,,,,20.103
8562,4.279,4.676,11.32,3.339,,,,,,,,,,,,,19.718
8563,4.279,4.676,11.32,3.339,,,,,,,,,,,,,20.797
8564,4.279,4.676,11.32,3.339,,,,,,,,,,,,,29.423
8565,4.279,4.676,11.32,3.339,,,,,,,,,,,,,18.942
8566,4.279,4.676,11.32,3.339,,,,,,,,,,,,,10.738
8567,4.279,4.676,11.32,3.339,,,,,,,,,,,,,20.251
8568,4.279,4.676,11.32,3.339,,,,,,,,,,,,,19.661
8569,4.279,4.676,11.32,3.339,,,,,,,,,,,,,24.342
8570,4.279,4.676,11.32,3.339,,,,,,,,,,,,,15.862
8571,4.279,4.676,11.32,3.339,,,,,,,,,,,,,19.674
8572,4.279,4.676,11.32,3.339,,,,,,,,,,,,,19.92
8573,4.279,4.676,11.32,3.339,,,,,,,,,,,,,20.318
8574,4.279,4.676,11.32,3.339,,,,,,,,,,,,,20.174
8575,4.279,4.676,11.32,3.339,,,,,,,,,,,,,19.758
8576,4.279,4.676,11.32,3.339,,,,,,,,,,,,,20.017
8577,4.279,4.676,11.32,3.339,,,,,,,,,,,,,19.962
8578,4.279,4.676,11.32,3.339,,,,,,,,,,,,,21.254
8579,4.279,4.676,11.32,3.339,,,,,,,,,,,,,19.686
8580,4.279,4.676,11.32,3.339,,,,,,,,,,,,,19.953
8581,4.279,4.676,11.32,3.339,,,,,,,,,,,,,20.223
8582,4.279,4.676,11.32,3.339,,,,,,,,,,,,,19.959
8583,4.279,4.676,11.32,3.339,,,,,,,,,,,,,19.985
8584,4.279,4.676,11.32,3.339,,,,,,,,,,,,,21.281
8587,4.279,4.676,11.32,3.339,,,,,,,,,,,,,20.001
8588,4.279,4.676,11.32,3.339,,,,,,,,,,,,,22.758
8589,4.279,4.676,11.32,3.339,,,,,,,,,,,,,17.284
8590,4.279,4.676,11.32,3.339,,,,,,,,,,,,,24.768
8591,4.279,4.676,11.32,3.339,,,,,,,,,,,,,15.563
8592,4.279,4.676,11.32,3.339,,,,,,,,,,,,,19.682
8593,4.279,4.676,11.32,3.339,,,,,,,,,,,,,20.018
8594,4.279,4.676,11.32,3.339,,,,,,,,,,,,,19.94
8595,4.279,4.676,11.32,3.339,,,,,,,,,,,,,27.152
8596,4.279,4.676,11.32,3.339,,,,,,,,,,,,,13.051
8597,4.279,4.676,11.32,3.339,,,,,,,,,,,,,19.963
8598,4.279,4.676,11.32,3.339,,,,,,,,,,,,,33.308
8600,4.279,4.676,11.32,3.339,,,,,,,,,,,,,19.521
8601,4.279,4.676,11.32,3.339,,,,,,,,,,,,,20.868
8602,4.279,4.676,11.32,3.339,,,,,,,,,,,,,22.137
8603,4.279,4.676,11.32,3.339,,,,,,,,,,,,,17.313
8605,4.279,4.676,11.32,3.339,,,,,,,,,,,,,21.721
8606,4.279,4.676,11.32,3.339,,,,,,,,,,,,,21.613
8607,4.279,4.676,11.32,3.339,,,,,,,,,,,,,16.909
8608,4.279,4.676,11.32,3.339,,,,,,,,,,,,,19.958
8609,4.279,4.676,11.32,3.339,,,,,,,,,,,,,22.985
8610,4.279,4.676,11.32,3.339,,,,,,,,,,,,,16.898
8611,4.279,4.676,11.32,3.339,,,,,,,,,,,,,21.662
8612,4.279,4.676,11.32,3.339,,,,,,,,,,,,,19.492
8613,4.279,4.676,11.32,3.339,,,,,,,,,,,,,18.983
8615,4.279,4.676,11.32,3.339,,,,,,,,,,,,,19.837
8618,4.279,4.676,11.32,3.339,,,,,,,,,,,,,18.189
8619,4.279,4.676,11.32,3.339,,,,,,,,,,,,,23.716
8620,4.279,4.676,11.32,3.339,,,,,,,,,,,,,25.047
8621,4.279,4.676,11.32,3.339,,,,,,,,,,,,,12.467
8622,4.279,4.676,11.32,3.339,,,,,,,,,,,,,22.739
8623,4.279,4.676,11.32,3.339,,,,,,,,,,,,,16.152
8624,4.279,4.676,11.32,3.339,,,,,,,,,,,,,19.955
8625,4.279,4.676,11.32,3.339,,,,,,,,,,,,,20.01
8626,4.279,4.676,11.32,3.339,,,,,,,,,,,,,19.856
8628,4.279,4.676,11.32,3.339,,,,,,,,,,,,,19.478
8629,4.279,4.676,11.32,3.339,,,,,,,,,,,,,20.229
8630,4.279,4.676,11.32,3.339,,,,,,,,,,,,,257.576
8631,4.279,4.676,11.32,3.339,,,,,,,,,,,,,1.631
8632,4.279,4.676,11.32,3.339,,,,,,,,,,,,,0.872
8633,4.279,4.676,11.32,3.339,,,,,,,,,,,,,0.769
8637,4.279,4.676,11.32,3.339,,,,,,,,,,,,,0.163
8641,4.279,4.676,11.32,3.339,,,,,,,,,,,,,0.18
8642,4.279,4.676,11.32,3.339,,,,,,,,,,,,,1.061
8643,4.279,4.676,11.32,3.339,,,,,,,,,,,,,14.781
8644,4.279,4.676,11.32,3.339,,,,,,,,,,,,,21.125
8645,4.279,4.676,11.32,3.339,,,,,,,,,,,,,22.632
8646,4.279,4.676,11.32,3.339,,,,,,,,,,,,,16.452
8647,4.279,4.676,11.32,3.339,,,,,,,,,,,,,72.642
8648,4.279,4.676,11.32,3.339,,,,,,,,,,,,,4.033
8649,4.279,4.676,11.32,3.339,,,,,,,,,,,,,1.333
8650,4.279,4.676,11.32,3.339,,,,,,,,,,,,,4.01
8651,4.279,4.676,11.32,3.339,,,,,,,,,,,,,17.929
8652,4.279,4.676,11.32,3.339,,,,,,,,,,,,,20.067
8653,4.279,4.676,11.32,3.339,,,,,,,,,,,,,20.22
8654,4.279,4.676,11.32,3.339,,,,,,,,,,,,,19.688
8655,4.279,4.676,11.32,3.339,,,,,,,,,,,,,19.978
8656,4.279,4.676,11.32,3.339,,,,,,,,,,,,,21.136
8657,4.279,4.676,11.32,3.339,,,,,,,,,,,,,19.578
8658,4.279,4.676,11.32,3.339,,,,,,,,,,,,,19.194
8659,4.279,4.676,11.32,3.339,,,,,,,,,,,,,20.081
8660,4.279,4.676,11.32,3.339,,,,,,,,,,,,,19.855
8661,4.279,4.676,11.32,3.339,,,,,,,,,,,,,46.624
8664,4.279,4.676,11.32,3.339,,,,,,,,,,,,,20.005
8665,4.279,4.676,11.32,3.339,,,,,,,,,,,,,23.043
8666,4.279,4.676,11.32,3.339,,,,,,,,,,,,,16.599
8667,4.279,4.676,11.32,3.339,,,,,,,,,,,,,20.784
8668,4.279,4.676,11.32,3.339,,,,,,,,,,,,,19.308
8669,4.279,4.676,11.32,3.339,,,,,,,,,,,,,23.545
8670,4.279,4.676,11.32,3.339,,,,,,,,,,,,,16.504
8671,4.279,4.676,11.32,3.339,,,,,,,,,,,,,21.739
8672,4.279,4.676,11.32,3.339,,,,,,,,,,,,,18.166
8673,4.279,4.676,11.32,3.339,,,,,,,,,,,,,20.008
8674,4.279,4.676,11.32,3.339,,,,,,,,,,,,,26.864
8675,4.279,4.676,11.32,3.339,,,,,,,,,,,,,13.055
8676,4.279,4.676,11.32,3.339,,,,,,,,,,,,,19.899
8677,4.279,4.676,11.32,3.339,,,,,,,,,,,,,20.022
8680,4.279,4.676,11.32,3.339,,,,,,,,,,,,,20.434
8681,4.279,4.676,11.32,3.339,,,,,,,,,,,,,15.073
8682,4.279,4.676,11.32,3.339,,,,,,,,,,,,,20.021
8683,4.279,4.676,11.32,3.339,,,,,,,,,,,,,20.727
8684,4.279,4.676,11.32,3.339,,,,,,,,,,,,,19.265
8685,4.279,4.676,11.32,3.339,,,,,,,,,,,,,19.874
8686,4.279,4.676,11.32,3.339,,,,,,,,,,,,,23.786
8687,4.279,4.676,11.32,3.339,,,,,,,,,,,,,18.814
8688,4.279,4.676,11.32,3.339,,,,,,,,,,,,,17.764
8689,4.279,4.676,11.32,3.339,,,,,,,,,,,,,20.573
8690,4.279,4.676,11.32,3.339,,,,,,,,,,,,,19.19
8692,4.279,4.676,11.32,3.339,,,,,,,,,,,,,25.938
8693,4.279,4.676,11.32,3.339,,,,,,,,,,,,,14.168
8694,4.279,4.676,11.32,3.339,,,,,,,,,,,,,20.096
8695,4.279,4.676,11.32,3.339,,,,,,,,,,,,,19.843
8696,4.279,4.676,11.32,3.339,,,,,,,,,,,,,19.972
8697,4.279,4.676,11.32,3.339,,,,,,,,,,,,,47.866
8698,4.279,4.676,11.32,3.339,,,,,,,,,,,,,4.301
8699,4.279,4.676,11.32,3.339,,,,,,,,,,,,,8.557
8700,4.279,4.676,11.32,3.339,,,,,,,,,,,,,21.766
8703,4.279,4.676,11.32,3.339,,,,,,,,,,,,,18.363
8705,4.279,4.676,11.32,3.339,,,,,,,,,,,,,11.474
8706,4.279,4.676,11.32,3.339,,,,,,,,,,,,,20.36
8707,4.279,4.676,11.32,3.339,,,,,,,,,,,,,19.565
8708,4.279,4.676,11.32,3.339,,,,,,,,,,,,,20.199
8709,4.279,4.676,11.32,3.339,,,,,,,,,,,,,19.938
8710,4.279,4.676,11.32,3.339,,,,,,,,,,,,,20.005
8711,4.279,4.676,11.32,3.339,,,,,,,,,,,,,23.832
8712,4.279,4.676,11.32,3.339,,,,,,,,,,,,,16.299
8713,4.279,4.676,11.32,3.339,,,,,,,,,,,,,21.617
8714,4.279,4.676,11.32,3.339,,,,,,,,,,,,,18.159
8715,4.279,4.676,11.32,3.339,,,,,,,,,,,,,20.209
8716,4.279,4.676,11.32,3.339,,,,,,,,,,,,,23.735
8717,4.279,4.676,11.32,3.339,,,,,,,,,,,,,17.264
8718,4.279,4.676,11.32,3.339,,,,,,,,,,,,,18.625
8719,4.279,4.676,11.32,3.339,,,,,,,,,,,,,20.52
8720,4.279,4.676,11.32,3.339,,,,,,,,,,,,,21.219
8721,4.279,4.676,11.32,3.339,,,,,,,,,,,,,18.529
8722,4.279,4.676,11.32,3.339,,,,,,,,,,,,,19.791
8723,4.279,4.676,11.32,3.339,,,,,,,,,,,,,20.042
8726,4.279,4.676,11.32,3.339,,,,,,,,,,,,,22.342
8727,4.279,4.676,11.32,3.339,,,,,,,,,,,,,17.613
8728,4.279,4.676,11.32,3.339,,,,,,,,,,,,,19.984
8729,4.279,4.676,11.32,3.339,,,,,,,,,,,,,19.975
8730,4.279,4.676,11.32,3.339,,,,,,,,,,,,,19.921
8731,4.279,4.676,11.32,3.339,,,,,,,,,,,,,20.095
8734,4.279,4.676,11.32,3.339,,,,,,,,,,,,,10.415
8735,4.279,4.676,11.32,3.339,,,,,,,,,,,,,18.891
8736,4.279,4.676,11.32,3.339,,,,,,,,,,,,,19.866
8737,4.279,4.676,11.32,3.339,,,,,,,,,,,,,20.026
8738,4.279,4.676,11.32,3.339,,,,,,,,,,,,,20.086
8739,4.279,4.676,11.32,3.339,,,,,,,,,,,,,20.68
8740,4.279,4.676,11.32,3.339,,,,,,,,,,,,,21.303
8741,4.279,4.676,11.32,3.339,,,,,,,,,,,,,17.789
8742,4.279,4.676,11.32,3.339,,,,,,,,,,,,,20.327
8743,4.279,4.676,11.32,3.339,,,,,,,,,,,,,19.79
8744,4.279,4.676,11.32,3.339,,,,,,,,,,,,,19.989
8745,4.279,4.676,11.32,3.339,,,,,,,,,,,,,19.947
8746,4.279,4.676,11.32,3.339,,,,,,,,,,,,,19.972
8747,4.279,4.676,11.32,3.339,,,,,,,,,,,,,19.99
8748,4.279,4.676,11.32,3.339,,,,,,,,,,,,,19.901
8749,4.279,4.676,11.32,3.339,,,,,,,,,,,,,20.115
8750,4.279,4.676,11.32,3.339,,,,,,,,,,,,,20.132
8751,4.279,4.676,11.32,3.339,,,,,,,,,,,,,20.007
8752,4.279,4.676,11.32,3.339,,,,,,,,,,,,,19.949
8753,4.279,4.676,11.32,3.339,,,,,,,,,,,,,19.954
8754,4.279,4.676,11.32,3.339,,,,,,,,,,,,,20.56
8755,4.279,4.676,11.32,3.339,,,,,,,,,,,,,19.9
8756,4.279,4.676,11.32,3.339,,,,,,,,,,,,,21.504
8757,4.279,4.676,11.32,3.339,,,,,,,,,,,,,23.807
8758,4.279,4.676,11.32,3.339,,,,,,,,,,,,,14.768
8759,4.279,4.676,11.32,3.339,,,,,,,,,,,,,23.137
8760,4.279,4.676,11.32,3.339,,,,,,,,,,,,,17.061
8761,4.279,4.676,11.32,3.339,,,,,,,,,,,,,19.289
8762,4.279,4.676,11.32,3.339,,,,,,,,,,,,,24.846
8763,4.279,4.676,11.32,3.339,,,,,,,,,,,,,19.599
8764,4.279,4.676,11.32,3.339,,,,,,,,,,,,,15.534
8766,4.279,4.676,11.32,3.339,,,,,,,,,,,,,3.962
8767,4.279,4.676,11.32,3.339,,,,,,,,,,,,,9.299
8768,4.279,4.676,11.32,3.339,,,,,,,,,,,,,18.702
8769,4.279,4.676,11.32,3.339,,,,,,,,,,,,,20.175
8770,4.279,4.676,11.32,3.339,,,,,,,,,,,,,21.708
8771,4.279,4.676,11.32,3.339,,,,,,,,,,,,,21.635
8772,4.279,4.676,11.32,3.339,,,,,,,,,,,,,19.291
8774,4.279,4.676,11.32,3.339,,,,,,,,,,,,,19.39
8775,4.279,4.676,11.32,3.339,,,,,,,,,,,,,21.074
8776,4.279,4.676,11.32,3.339,,,,,,,,,,,,,18.957
8777,4.279,4.676,11.32,3.339,,,,,,,,,,,,,20.201
8778,4.279,4.676,11.32,3.339,,,,,,,,,,,,,20.453
8779,4.279,4.676,11.32,3.339,,,,,,,,,,,,,20.367
8781,4.279,4.676,11.32,3.339,,,,,,,,,,,,,19.997
8784,4.279,4.676,11.32,3.339,,,,,,,,,,,,,19.266
8785,4.279,4.676,11.32,3.339,,,,,,,,,,,,,54.548
8786,4.279,4.676,11.32,3.339,,,,,,,,,,,,,3.984
8787,4.279,4.676,11.32,3.339,,,,,,,,,,,,,3.893
8788,4.279,4.676,11.32,3.339,,,,,,,,,,,,,17.39
8789,4.279,4.676,11.32,3.339,,,,,,,,,,,,,19.975
8790,4.279,4.676,11.32,3.339,,,,,,,,,,,,,20.228
8791,4.279,4.676,11.32,3.339,,,,,,,,,,,,,19.707
8792,4.279,4.676,11.32,3.339,,,,,,,,,,,,,20.426
8793,4.279,4.676,11.32,3.339,,,,,,,,,,,,,19.771
8794,4.279,4.676,11.32,3.339,,,,,,,,,,,,,52.717
8795,4.279,4.676,11.32,3.339,,,,,,,,,,,,,4.128
8796,4.279,4.676,11.32,3.339,,,,,,,,,,,,,4.292
8797,4.279,4.676,11.32,3.339,,,,,,,,,,,,,18.923
8798,4.279,4.676,11.32,3.339,,,,,,,,,,,,,19.985
8799,4.279,4.676,11.32,3.339,,,,,,,,,,,,,20.225
8801,4.279,4.676,11.32,3.339,,,,,,,,,,,,,19.022
8802,4.279,4.676,11.32,3.339,,,,,,,,,,,,,19.898
8805,4.279,4.676,11.32,3.339,,,,,,,,,,,,,18.44
8806,4.279,4.676,11.32,3.339,,,,,,,,,,,,,20.053
8809,4.279,4.676,11.32,3.339,,,,,,,,,,,,,14.631
8810,4.279,4.676,11.32,3.339,,,,,,,,,,,,,23.167
8811,4.279,4.676,11.32,3.339,,,,,,,,,,,,,17.651
8812,4.279,4.676,11.32,3.339,,,,,,,,,,,,,19.191
8813,4.279,4.676,11.32,3.339,,,,,,,,,,,,,20.12
8814,4.279,4.676,11.32,3.339,,,,,,,,,,,,,19.653
8815,4.279,4.676,11.32,3.339,,,,,,,,,,,,,19.969
8816,4.279,4.676,11.32,3.339,,,,,,,,,,,,,20.749
8817,4.279,4.676,11.32,3.339,,,,,,,,,,,,,19.54
8818,4.279,4.676,11.32,3.339,,,,,,,,,,,,,20.122
8819,4.279,4.676,11.32,3.339,,,,,,,,,,,,,20.218
8820,4.279,4.676,11.32,3.339,,,,,,,,,,,,,19.459
8821,4.279,4.676,11.32,3.339,,,,,,,,,,,,,20.245
8822,4.279,4.676,11.32,3.339,,,,,,,,,,,,,34.589
8823,4.279,4.676,11.32,3.339,,,,,,,,,,,,,5.849
8824,4.279,4.676,11.32,3.339,,,,,,,,,,,,,19.671
8825,4.279,4.676,11.32,3.339,,,,,,,,,,,,,22.071
8827,4.279,4.676,11.32,3.339,,,,,,,,,,,,,17.458
8828,4.279,4.676,11.32,3.339,,,,,,,,,,,,,19.867
8829,4.279,4.676,11.32,3.339,,,,,,,,,,,,,19.98
8831,4.279,4.676,11.32,3.339,,,,,,,,,,,,,20.146
8832,4.279,4.676,11.32,3.339,,,,,,,,,,,,,20.171
8833,4.279,4.676,11.32,3.339,,,,,,,,,,,,,19.817
8834,4.279,4.676,11.32,3.339,,,,,,,,,,,,,19.816
8835,4.279,4.676,11.32,3.339,,,,,,,,,,,,,20.129
8836,4.279,4.676,11.32,3.339,,,,,,,,,,,,,19.941
8837,4.279,4.676,11.32,3.339,,,,,,,,,,,,,20.89
8838,4.279,4.676,11.32,3.339,,,,,,,,,,,,,19.054
8839,4.279,4.676,11.32,3.339,,,,,,,,,,,,,19.987
8840,4.279,4.676,11.32,3.339,,,,,,,,,,,,,20.081
8841,4.279,4.676,11.32,3.339,,,,,,,,,,,,,20.367
8842,4.279,4.676,11.32,3.339,,,,,,,,,,,,,20.797
8843,4.279,4.676,11.32,3.339,,,,,,,,,,,,,18.903
8844,4.279,4.676,11.32,3.339,,,,,,,,,,,,,19.938
8845,4.279,4.676,11.32,3.339,,,,,,,,,,,,,20.001
8846,4.279,4.676,11.32,3.339,,,,,,,,,,,,,22.964
8847,4.279,4.676,11.32,3.339,,,,,,,,,,,,,17.417
8848,4.279,4.676,11.32,3.339,,,,,,,,,,,,,19.767
8849,4.279,4.676,11.32,3.339,,,,,,,,,,,,,23.329
8850,4.279,4.676,11.32,3.339,,,,,,,,,,,,,17.944
8851,4.279,4.676,11.32,3.339,,,,,,,,,,,,,36.498
8852,4.279,4.676,11.32,3.339,,,,,,,,,,,,,4.057
8854,4.279,4.676,11.32,3.339,,,,,,,,,,,,,25.752
8855,4.279,4.676,11.32,3.339,,,,,,,,,,,,,14.577
8856,4.279,4.676,11.32,3.339,,,,,,,,,,,,,20.989
8857,4.279,4.676,11.32,3.34,,,,,,,,,,,,,18.752
8858,4.279,4.676,11.32,3.34,,,,,,,,,,,,,20.685
8859,4.279,4.676,11.32,3.34,,,,,,,,,,,,,19.226
8860,4.279,4.676,11.32,3.34,,,,,,,,,,,,,20.751
8861,4.279,4.676,11.32,3.339,,,,,,,,,,,,,19.611
8862,4.279,4.676,11.32,3.339,,,,,,,,,,,,,19.826
8863,4.279,4.676,11.32,3.339,,,,,,,,,,,,,26.71
8865,4.279,4.676,11.32,3.339,,,,,,,,,,,,,19.817
8866,4.279,4.676,11.32,3.339,,,,,,,,,,,,,19.824
8867,4.279,4.676,11.32,3.339,,,,,,,,,,,,,27.855
8869,4.279,4.676,11.32,3.339,,,,,,,,,,,,,19.985
8870,4.279,4.676,11.32,3.339,,,,,,,,,,,,,19.935
8871,4.279,4.676,11.32,3.339,,,,,,,,,,,,,20.027
8872,4.279,4.676,11.32,3.34,,,,,,,,,,,,,20.706
8873,4.279,4.676,11.32,3.339,,,,,,,,,,,,,19.578
8876,4.279,4.676,11.32,3.34,,,,,,,,,,,,,19.969
8877,4.279,4.676,11.32,3.34,,,,,,,,,,,,,20.146
8878,4.279,4.676,11.32,3.34,,,,,,,,,,,,,22.64
8879,4.279,4.676,11.32,3.339,,,,,,,,,,,,,18.163
8880,4.279,4.676,11.32,3.34,,,,,,,,,,,,,21.932
8882,4.279,4.676,11.32,3.339,,,,,,,,,,,,,20.152
8883,4.279,4.676,11.32,3.339,,,,,,,,,,,,,24.481
8884,4.279,4.676,11.32,3.339,,,,,,,,,,,,,14.539
8885,4.279,4.676,11.32,3.339,,,,,,,,,,,,,19.967
8886,4.279,4.676,11.32,3.339,,,,,,,,,,,,,20.346
8887,4.279,4.676,11.32,3.339,,,,,,,,,,,,,36.161
8888,4.279,4.676,11.32,3.339,,,,,,,,,,,,,4.604
8889,4.279,4.676,11.32,3.339,,,,,,,,,,,,,19.295
8890,4.279,4.676,11.32,3.339,,,,,,,,,,,,,21.086
8891,4.279,4.676,11.32,3.339,,,,,,,,,,,,,18.554
8892,4.279,4.676,11.32,3.339,,,,,,,,,,,,,20.225
8895,4.279,4.676,11.32,3.34,,,,,,,,,,,,,18.049
8896,4.279,4.676,11.32,3.339,,,,,,,,,,,,,19.574
8897,4.279,4.676,11.32,3.339,,,,,,,,,,,,,19.992
8898,4.279,4.676,11.32,3.339,,,,,,,,,,,,,23.309
8899,4.279,4.676,11.32,3.34,,,,,,,,,,,,,22.284
8900,4.279,4.676,11.32,3.339,,,,,,,,,,,,,21.973
8901,4.279,4.676,11.32,3.339,,,,,,,,,,,,,12.819
8902,4.279,4.676,11.32,3.339,,,,,,,,,,,,,19.704
8903,4.279,4.676,11.32,3.339,,,,,,,,,,,,,20.215
8904,4.279,4.676,11.32,3.339,,,,,,,,,,,,,20.081
8905,4.279,4.676,11.32,3.339,,,,,,,,,,,,,20.118
8906,4.279,4.676,11.32,3.339,,,,,,,,,,,,,19.875
8907,4.279,4.676,11.32,3.339,,,,,,,,,,,,,19.796
8908,4.279,4.676,11.32,3.339,,,,,,,,,,,,,19.965
8909,4.279,4.676,11.32,3.339,,,,,,,,,,,,,22.231
8910,4.279,4.676,11.32,3.339,,,,,,,,,,,,,18.078
8911,4.279,4.676,11.32,3.339,,,,,,,,,,,,,21.16
8912,4.279,4.676,11.32,3.339,,,,,,,,,,,,,18.674
8913,4.279,4.676,11.32,3.339,,,,,,,,,,,,,20.367
8914,4.279,4.676,11.32,3.34,,,,,,,,,,,,,19.579
8915,4.279,4.676,11.32,3.34,,,,,,,,,,,,,20.144
8916,4.279,4.676,11.32,3.34,,,,,,,,,,,,,19.946
8917,4.279,4.676,11.32,3.34,,,,,,,,,,,,,19.822
8919,4.279,4.676,11.32,3.34,,,,,,,,,,,,,19.623
8920,4.279,4.676,11.32,3.34,,,,,,,,,,,,,20.029
8921,4.279,4.676,11.32,3.339,,,,,,,,,,,,,40.443
8922,4.279,4.676,11.32,3.339,,,,,,,,,,,,,4.064
8923,4.279,4.676,11.32,3.339,,,,,,,,,,,,,16.873
8924,4.279,4.676,11.32,3.339,,,,,,,,,,,,,18.481
8925,4.279,4.676,11.32,3.339,,,,,,,,,,,,,19.974
8926,4.279,4.676,11.32,3.339,,,,,,,,,,,,,22.829
8927,4.279,4.676,11.32,3.339,,,,,,,,,,,,,17.114
8928,4.279,4.676,11.32,3.339,,,,,,,,,,,,,20.227
8929,4.279,4.676,11.32,3.339,,,,,,,,,,,,,19.977
8930,4.279,4.676,11.32,3.339,,,,,,,,,,,,,25.802
8931,4.279,4.676,11.32,3.34,,,,,,,,,,,,,14.12
8932,4.279,4.676,11.32,3.34,,,,,,,,,,,,,21.133
8933,4.279,4.676,11.32,3.339,,,,,,,,,,,,,19.112
8934,4.279,4.676,11.32,3.339,,,,,,,,,,,,,19.93
8936,4.279,4.676,11.32,3.34,,,,,,,,,,,,,26.833
8937,4.279,4.676,11.32,3.339,,,,,,,,,,,,,12.497
8938,4.279,4.676,11.32,3.339,,,,,,,,,,,,,19.988
8939,4.279,4.676,11.32,3.339,,,,,,,,,,,,,20.498
8940,4.279,4.676,11.32,3.339,,,,,,,,,,,,,19.707
8941,4.279,4.676,11.32,3.339,,,,,,,,,,,,,19.692
8942,4.279,4.676,11.32,3.339,,,,,,,,,,,,,22.348
8943,4.279,4.676,11.32,3.339,,,,,,,,,,,,,17.611
8944,4.279,4.676,11.32,3.339,,,,,,,,,,,,,20.224
8945,4.279,4.676,11.32,3.34,,,,,,,,,,,,,19.712
8946,4.279,4.676,11.32,3.34,,,,,,,,,,,,,29.963
8947,4.279,4.676,11.32,3.34,,,,,,,,,,,,,10.704
8948,4.279,4.676,11.32,3.339,,,,,,,,,,,,,19.523
8949,4.279,4.676,11.32,3.339,,,,,,,,,,,,,20.067
8950,4.279,4.676,11.32,3.339,,,,,,,,,,,,,22.484
8951,4.279,4.676,11.32,3.339,,,,,,,,,,,,,22.921
8952,4.279,4.676,11.32,3.339,,,,,,,,,,,,,14.37
8953,4.279,4.676,11.32,3.339,,,,,,,,,,,,,40.226
8954,4.279,4.676,11.32,3.339,,,,,,,,,,,,,4.525
8957,4.279,4.676,11.32,3.339,,,,,,,,,,,,,19.969
8958,4.279,4.676,11.32,3.339,,,,,,,,,,,,,20.457
8961,4.279,4.676,11.32,3.339,,,,,,,,,,,,,20.004
8962,4.279,4.676,11.32,3.339,,,,,,,,,,,,,19.966
8963,4.279,4.676,11.32,3.339,,,,,,,,,,,,,19.978
8965,4.279,4.676,11.32,3.339,,,,,,,,,,,,,20.145
8966,4.279,4.676,11.32,3.339,,,,,,,,,,,,,21.024
8967,4.279,4.676,11.32,3.339,,,,,,,,,,,,,22.913
8968,4.279,4.676,11.32,3.339,,,,,,,,,,,,,15.201
8969,4.279,4.676,11.32,3.339,,,,,,,,,,,,,20.225
8972,4.279,4.676,11.32,3.339,,,,,,,,,,,,,39.82
8974,4.279,4.676,11.32,3.34,,,,,,,,,,,,,15.866
8975,4.279,4.676,11.32,3.339,,,,,,,,,,,,,21.509
8976,4.279,4.676,11.32,3.34,,,,,,,,,,,,,17.466
8977,4.279,4.676,11.32,3.34,,,,,,,,,,,,,21.312
8978,4.279,4.676,11.32,3.34,,,,,,,,,,,,,19.653
8979,4.279,4.676,11.32,3.339,,,,,,,,,,,,,19.963
8980,4.279,4.676,11.32,3.339,,,,,,,,,,,,,19.983
8981,4.279,4.676,11.32,3.34,,,,,,,,,,,,,20.004
8982,4.279,4.676,11.32,3.34,,,,,,,,,,,,,19.922
8983,4.279,4.676,11.32,3.339,,,,,,,,,,,,,19.866
8984,4.279,4.676,11.32,3.339,,,,,,,,,,,,,20.317
8986,4.279,4.675,11.32,3.339,,,,,,,,,,,,,19.156
8987,4.279,4.675,11.32,3.339,,,,,,,,,,,,,43.55
8988,4.279,4.676,11.32,3.339,,,,,,,,,,,,,4.03
8989,4.279,4.676,11.32,3.339,,,,,,,,,,,,,12.329
8990,4.279,4.676,11.32,3.339,,,,,,,,,,,,,20.002
8991,4.279,4.676,11.32,3.339,,,,,,,,,,,,,19.965
8992,4.279,4.676,11.32,3.339,,,,,,,,,,,,,19.959
8993,4.279,4.676,11.32,3.339,,,,,,,,,,,,,23.685
8994,4.279,4.676,11.32,3.339,,,,,,,,,,,,,16.505
8995,4.279,4.676,11.32,3.339,,,,,,,,,,,,,24.302
8997,4.279,4.676,11.32,3.339,,,,,,,,,,,,,22.224
8998,4.279,4.676,11.32,3.339,,,,,,,,,,,,,21.96
8999,4.279,4.676,11.32,3.339,,,,,,,,,,,,,15.578
9000,4.279,4.676,11.32,3.339,,,,,,,,,,,,,21.528
9001,4.279,4.676,11.32,3.339,,,,,,,,,,,,,18.59
9002,4.279,4.676,11.32,3.339,,,,,,,,,,,,,20.086
9003,4.279,4.676,11.32,3.339,,,,,,,,,,,,,20.245
9004,4.279,4.676,11.32,3.339,,,,,,,,,,,,,19.662
9005,4.279,4.676,11.32,3.339,,,,,,,,,,,,,20.555
9006,4.279,4.676,11.32,3.339,,,,,,,,,,,,,19.51
9008,4.279,4.676,11.32,3.339,,,,,,,,,,,,,13.753
9009,4.279,4.676,11.32,3.339,,,,,,,,,,,,,185.19
9010,4.279,4.676,11.32,3.339,,,,,,,,,,,,,4.378
9011,4.279,4.676,11.32,3.339,,,,,,,,,,,,,1.616
9012,4.279,4.676,11.32,3.339,,,,,,,,,,,,,1.388
9013,4.279,4.676,11.32,3.339,,,,,,,,,,,,,0.978
9014,4.279,4.676,11.32,3.339,,,,,,,,,,,,,0.899
9015,4.279,4.676,11.32,3.339,,,,,,,,,,,,,1.587
9016,4.279,4.676,11.32,3.339,,,,,,,,,,,,,1.184
9017,4.279,4.676,11.32,3.339,,,,,,,,,,,,,1.219
9018,4.279,4.676,11.32,3.339,,,,,,,,,,,,,2.881
9019,4.279,4.676,11.32,3.339,,,,,,,,,,,,,19.435
9020,4.279,4.676,11.32,3.339,,,,,,,,,,,,,19.194
9021,4.279,4.676,11.32,3.339,,,,,,,,,,,,,20.026
9022,4.279,4.676,11.32,3.339,,,,,,,,,,,,,21.441
9023,4.279,4.676,11.32,3.339,,,,,,,,,,,,,165.834
9024,4.279,4.676,11.32,3.339,,,,,,,,,,,,,1.613
9025,4.279,4.676,11.32,3.339,,,,,,,,,,,,,0.924
9026,4.279,4.676,11.32,3.339,,,,,,,,,,,,,0.873
9027,4.279,4.676,11.32,3.339,,,,,,,,,,,,,0.77
9028,4.279,4.676,11.32,3.339,,,,,,,,,,,,,0.755
9029,4.279,4.676,11.32,3.339,,,,,,,,,,,,,0.783
9030,4.279,4.676,11.32,3.339,,,,,,,,,,,,,1.003
9031,4.279,4.676,11.32,3.339,,,,,,,,,,,,,9.192
9036,4.279,4.676,11.32,3.339,,,,,,,,,,,,,21.436
9037,4.279,4.676,11.32,3.339,,,,,,,,,,,,,201.753
9038,4.279,4.676,11.32,3.339,,,,,,,,,,,,,1.784
9043,4.279,4.675,11.32,3.339,,,,,,,,,,,,,0.095
9044,4.279,4.676,11.32,3.339,,,,,,,,,,,,,1.074
9046,4.279,4.676,11.32,3.339,,,,,,,,,,,,,0.135
9047,4.279,4.676,11.32,3.339,,,,,,,,,,,,,12.286
9048,4.279,4.676,11.32,3.339,,,,,,,,,,,,,18.653
9049,4.279,4.676,11.32,3.339,,,,,,,,,,,,,19.921
9050,4.279,4.676,11.32,3.339,,,,,,,,,,,,,162.839
9051,4.279,4.675,11.32,3.339,,,,,,,,,,,,,4.056
9052,4.279,4.676,11.32,3.339,,,,,,,,,,,,,1.215
9053,4.279,4.676,11.32,3.339,,,,,,,,,,,,,1.004
9054,4.279,4.676,11.32,3.339,,,,,,,,,,,,,1.271
9055,4.279,4.676,11.32,3.339,,,,,,,,,,,,,1.566
9056,4.279,4.676,11.32,3.339,,,,,,,,,,,,,1.144
9057,4.279,4.676,11.32,3.339,,,,,,,,,,,,,1.204
9059,4.279,4.676,11.32,3.339,,,,,,,,,,,,,19.914
9060,4.279,4.676,11.32,3.339,,,,,,,,,,,,,20.128
9061,4.279,4.676,11.32,3.339,,,,,,,,,,,,,20.037
9062,4.279,4.676,11.32,3.339,,,,,,,,,,,,,19.754
9065,4.279,4.676,11.32,3.339,,,,,,,,,,,,,0.338
9066,4.279,4.676,11.32,3.339,,,,,,,,,,,,,1.693
9067,4.279,4.676,11.32,3.339,,,,,,,,,,,,,0.908
9068,4.279,4.676,11.32,3.339,,,,,,,,,,,,,0.863
9069,4.279,4.676,11.32,3.339,,,,,,,,,,,,,0.796
9070,4.279,4.676,11.32,3.339,,,,,,,,,,,,,0.75
9071,4.279,4.676,11.32,3.339,,,,,,,,,,,,,0.856
9073,4.279,4.676,11.32,3.339,,,,,,,,,,,,,16.709
9074,4.279,4.676,11.32,3.339,,,,,,,,,,,,,22.766
9075,4.279,4.676,11.32,3.339,,,,,,,,,,,,,16.93
9076,4.279,4.676,11.32,3.339,,,,,,,,,,,,,20.119
9077,4.279,4.676,11.32,3.339,,,,,,,,,,,,,29.446
9078,4.279,4.676,11.32,3.339,,,,,,,,,,,,,219.728
9079,4.279,4.676,11.32,3.339,,,,,,,,,,,,,1.798
9080,4.279,4.676,11.32,3.339,,,,,,,,,,,,,1.103
9081,4.279,4.676,11.32,3.339,,,,,,,,,,,,,1.33
9082,4.279,4.676,11.32,3.339,,,,,,,,,,,,,1.09
9083,4.279,4.676,11.32,3.339,,,,,,,,,,,,,1.057
9085,4.279,4.676,11.32,3.339,,,,,,,,,,,,,0.172
9088,4.279,4.676,11.32,3.339,,,,,,,,,,,,,0.115
9089,4.279,4.676,11.32,3.339,,,,,,,,,,,,,3.969
9090,4.279,4.676,11.32,3.339,,,,,,,,,,,,,17.641
9091,4.279,4.676,11.32,3.339,,,,,,,,,,,,,248.222
9092,4.279,4.676,11.32,3.339,,,,,,,,,,,,,1.619
9093,4.279,4.676,11.32,3.339,,,,,,,,,,,,,0.957
9094,4.279,4.676,11.32,3.339,,,,,,,,,,,,,0.878
9096,4.279,4.676,11.32,3.339,,,,,,,,,,,,,0.121
9097,4.279,4.676,11.32,3.339,,,,,,,,,,,,,0.751
9098,4.279,4.676,11.32,3.339,,,,,,,,,,,,,0.964
9099,4.279,4.676,11.32,3.339,,,,,,,,,,,,,1.388
9100,4.279,4.676,11.32,3.339,,,,,,,,,,,,,1.748
9103,4.279,4.676,11.32,3.339,,,,,,,,,,,,,1.754
9104,4.279,4.676,11.32,3.339,,,,,,,,,,,,,19.711
9105,4.279,4.676,11.32,3.339,,,,,,,,,,,,,173.493
9106,4.279,4.676,11.32,3.339,,,,,,,,,,,,,2.142
9108,4.279,4.676,11.32,3.339,,,,,,,,,,,,,0.111
9109,4.279,4.676,11.32,3.339,,,,,,,,,,,,,0.796
9110,4.279,4.675,11.32,3.339,,,,,,,,,,,,,0.812
9111,4.279,4.675,11.32,3.339,,,,,,,,,,,,,0.766
9112,4.279,4.676,11.32,3.339,,,,,,,,,,,,,0.958
9113,4.279,4.676,11.32,3.339,,,,,,,,,,,,,1.737
9114,4.279,4.676,11.32,3.339,,,,,,,,,,,,,18.716
9115,4.279,4.676,11.32,3.339,,,,,,,,,,,,,20.17
9116,4.279,4.676,11.32,3.339,,,,,,,,,,,,,18.92
9117,4.279,4.676,11.32,3.339,,,,,,,,,,,,,38.289
9118,4.279,4.676,11.32,3.339,,,,,,,,,,,,,202.578
9119,4.279,4.676,11.32,3.339,,,,,,,,,,,,,1.677
9120,4.279,4.676,11.32,3.339,,,,,,,,,,,,,0.968
9121,4.279,4.675,11.32,3.339,,,,,,,,,,,,,0.817
9122,4.279,4.675,11.32,3.339,,,,,,,,,,,,,0.752
9123,4.279,4.676,11.32,3.339,,,,,,,,,,,,,0.791
9124,4.279,4.675,11.32,3.339,,,,,,,,,,,,,0.754
9125,4.279,4.676,11.32,3.339,,,,,,,,,,,,,0.818
9127,4.279,4.676,11.32,3.339,,,,,,,,,,,,,0.163
9128,4.279,4.676,11.32,3.339,,,,,,,,,,,,,1.22
9129,4.279,4.676,11.32,3.339,,,,,,,,,,,,,10.193
9130,4.279,4.676,11.32,3.339,,,,,,,,,,,,,19.928
9131,4.279,4.676,11.32,3.339,,,,,,,,,,,,,19.998
9132,4.279,4.676,11.32,3.339,,,,,,,,,,,,,155.689
9133,4.279,4.676,11.32,3.339,,,,,,,,,,,,,1.904
9134,4.279,4.676,11.32,3.339,,,,,,,,,,,,,1.201
9135,4.279,4.676,11.32,3.339,,,,,,,,,,,,,1.111
9136,4.279,4.676,11.32,3.339,,,,,,,,,,,,,1.194
9137,4.279,4.676,11.32,3.339,,,,,,,,,,,,,1.63
9138,4.279,4.676,11.32,3.339,,,,,,,,,,,,,1.645
9139,4.279,4.676,11.32,3.339,,,,,,,,,,,,,1.137
9142,4.279,4.676,11.32,3.339,,,,,,,,,,,,,24.68
9143,4.279,4.676,11.32,3.339,,,,,,,,,,,,,17.852
9144,4.279,4.676,11.32,3.339,,,,,,,,,,,,,25.349
9145,4.279,4.676,11.32,3.339,,,,,,,,,,,,,162.098
9146,4.279,4.676,11.32,3.339,,,,,,,,,,,,,4.008
9147,4.279,4.676,11.32,3.339,,,,,,,,,,,,,2.257
9148,4.279,4.676,11.32,3.339,,,,,,,,,,,,,1.546
9149,4.279,4.676,11.32,3.339,,,,,,,,,,,,,1.62
9150,4.279,4.676,11.32,3.34,,,,,,,,,,,,,1.432
9153,4.279,4.676,11.32,3.339,,,,,,,,,,,,,24.306
9154,4.279,4.676,11.32,3.34,,,,,,,,,,,,,3.843
9155,4.279,4.676,11.32,3.34,,,,,,,,,,,,,9.838
9156,4.279,4.676,11.32,3.34,,,,,,,,,,,,,19.912
9157,4.279,4.676,11.32,3.34,,,,,,,,,,,,,20.081
9158,4.279,4.676,11.32,3.34,,,,,,,,,,,,,20.392
9159,4.279,4.676,11.32,3.34,,,,,,,,,,,,,168.651
9160,4.279,4.676,11.32,3.34,,,,,,,,,,,,,4.809
9162,4.279,4.676,11.32,3.339,,,,,,,,,,,,,0.196
9163,4.279,4.676,11.32,3.339,,,,,,,,,,,,,1.32
9164,4.279,4.676,11.32,3.34,,,,,,,,,,,,,1.209
9165,4.279,4.676,11.32,3.34,,,,,,,,,,,,,1.171
9166,4.279,4.676,11.32,3.339,,,,,,,,,,,,,0.9
9167,4.279,4.676,11.32,3.339,,,,,,,,,,,,,1.666
9168,4.279,4.676,11.32,3.34,,,,,,,,,,,,,18.235
9169,4.279,4.676,11.32,3.34,,,,,,,,,,,,,20.202
9170,4.279,4.676,11.32,3.339,,,,,,,,,,,,,19.839
9171,4.279,4.676,11.32,3.339,,,,,,,,,,,,,19.878
9172,4.279,4.676,11.32,3.34,,,,,,,,,,,,,20.183
9173,4.279,4.676,11.32,3.339,,,,,,,,,,,,,155.407
9174,4.279,4.676,11.32,3.339,,,,,,,,,,,,,1.703
9175,4.279,4.676,11.32,3.339,,,,,,,,,,,,,0.875
9176,4.279,4.676,11.32,3.339,,,,,,,,,,,,,1.39
9178,4.279,4.676,11.32,3.339,,,,,,,,,,,,,0.161
9179,4.279,4.675,11.32,3.339,,,,,,,,,,,,,1.11
9180,4.279,4.675,11.32,3.339,,,,,,,,,,,,,1.186
9181,4.279,4.676,11.32,3.339,,,,,,,,,,,,,18.975
9182,4.279,4.676,11.32,3.339,,,,,,,,,,,,,19.112
9183,4.279,4.676,11.32,3.339,,,,,,,,,,,,,38.422
9184,4.279,4.676,11.32,3.339,,,,,,,,,,,,,3.998
9186,4.279,4.676,11.32,3.339,,,,,,,,,,,,,20.008
9187,4.279,4.676,11.32,3.339,,,,,,,,,,,,,176.106
9188,4.279,4.676,11.32,3.339,,,,,,,,,,,,,1.722
9189,4.279,4.676,11.32,3.339,,,,,,,,,,,,,1.022
9190,4.279,4.676,11.32,3.339,,,,,,,,,,,,,1.337
9191,4.279,4.676,11.32,3.339,,,,,,,,,,,,,0.905
9193,4.279,4.676,11.32,3.339,,,,,,,,,,,,,0.211
9194,4.279,4.676,11.32,3.339,,,,,,,,,,,,,1.317
9195,4.279,4.676,11.32,3.339,,,,,,,,,,,,,1.106
9197,4.279,4.676,11.32,3.339,,,,,,,,,,,,,21.398
9198,4.279,4.676,11.32,3.339,,,,,,,,,,,,,18.978
9199,4.279,4.676,11.32,3.339,,,,,,,,,,,,,19.676
9200,4.279,4.676,11.32,3.339,,,,,,,,,,,,,164.32
9201,4.279,4.676,11.32,3.339,,,,,,,,,,,,,4.566
9202,4.279,4.675,11.32,3.339,,,,,,,,,,,,,1.313
9203,4.279,4.675,11.32,3.339,,,,,,,,,,,,,1.549
9204,4.279,4.676,11.32,3.339,,,,,,,,,,,,,1.541
9205,4.279,4.676,11.32,3.339,,,,,,,,,,,,,1.746
9206,4.279,4.676,11.32,3.339,,,,,,,,,,,,,1.516
9209,4.279,4.676,11.32,3.339,,,,,,,,,,,,,19.69
9210,4.279,4.676,11.32,3.339,,,,,,,,,,,,,20.145
9211,4.279,4.676,11.32,3.34,,,,,,,,,,,,,19.807
9212,4.279,4.676,11.32,3.339,,,,,,,,,,,,,20.25
9215,4.279,4.676,11.32,3.339,,,,,,,,,,,,,0.156
9217,4.279,4.676,11.32,3.339,,,,,,,,,,,,,0.153
9218,4.279,4.676,11.32,3.339,,,,,,,,,,,,,1.486
9219,4.279,4.676,11.32,3.339,,,,,,,,,,,,,1.328
9220,4.279,4.676,11.32,3.339,,,,,,,,,,,,,1.383
9221,4.279,4.675,11.32,3.339,,,,,,,,,,,,,1.125
9222,4.279,4.675,11.32,3.339,,,,,,,,,,,,,12.815
9224,4.279,4.676,11.32,3.339,,,,,,,,,,,,,15.953
9225,4.279,4.676,11.32,3.339,,,,,,,,,,,,,20.584
9226,4.279,4.676,11.32,3.339,,,,,,,,,,,,,19.362
9227,4.279,4.676,11.32,3.339,,,,,,,,,,,,,19.942
9228,4.279,4.676,11.32,3.339,,,,,,,,,,,,,171.212
9229,4.279,4.676,11.32,3.339,,,,,,,,,,,,,1.839
9231,4.279,4.676,11.32,3.339,,,,,,,,,,,,,0.29
9232,4.279,4.676,11.32,3.339,,,,,,,,,,,,,1.86
9233,4.279,4.675,11.32,3.339,,,,,,,,,,,,,1.618
9234,4.279,4.675,11.32,3.339,,,,,,,,,,,,,1.911
9236,4.279,4.676,11.32,3.339,,,,,,,,,,,,,0.134
9237,4.279,4.676,11.32,3.339,,,,,,,,,,,,,18.449
9238,4.279,4.676,11.32,3.339,,,,,,,,,,,,,19.93
9239,4.279,4.676,11.32,3.339,,,,,,,,,,,,,19.971
9240,4.279,4.676,11.32,3.339,,,,,,,,,,,,,20.025
9241,4.279,4.676,11.32,3.339,,,,,,,,,,,,,158.4
9243,4.279,4.676,11.32,3.339,,,,,,,,,,,,,0.199
9244,4.279,4.675,11.32,3.339,,,,,,,,,,,,,1.47
9245,4.279,4.675,11.32,3.339,,,,,,,,,,,,,1.379
9246,4.279,4.676,11.32,3.339,,,,,,,,,,,,,1.432
9247,4.279,4.676,11.32,3.339,,,,,,,,,,,,,1.223
9248,4.279,4.675,11.32,3.339,,,,,,,,,,,,,1.251
9250,4.279,4.676,11.32,3.339,,,,,,,,,,,,,19.969
9251,4.279,4.676,11.32,3.339,,,,,,,,,,,,,20.256
9252,4.279,4.676,11.32,3.339,,,,,,,,,,,,,31.64
9253,4.279,4.676,11.32,3.339,,,,,,,,,,,,,8.405
9254,4.279,4.676,11.32,3.339,,,,,,,,,,,,,19.745
9255,4.279,4.676,11.32,3.339,,,,,,,,,,,,,244.305
9256,4.279,4.675,11.32,3.339,,,,,,,,,,,,,1.974
9257,4.279,4.675,11.32,3.339,,,,,,,,,,,,,0.949
9258,4.279,4.676,11.32,3.339,,,,,,,,,,,,,1.212
9259,4.279,4.676,11.32,3.339,,,,,,,,,,,,,0.894
9260,4.279,4.676,11.32,3.339,,,,,,,,,,,,,0.827
9261,4.279,4.676,11.32,3.339,,,,,,,,,,,,,1.152
9262,4.279,4.676,11.32,3.339,,,,,,,,,,,,,1.15
9263,4.279,4.676,11.32,3.339,,,,,,,,,,,,,1.012
9264,4.279,4.676,11.32,3.339,,,,,,,,,,,,,0.859
9267,4.279,4.676,11.32,3.339,,,,,,,,,,,,,4.645
9268,4.279,4.676,11.32,3.339,,,,,,,,,,,,,19.982
9269,4.279,4.676,11.32,3.339,,,,,,,,,,,,,169.187
9272,4.279,4.676,11.32,3.339,,,,,,,,,,,,,0.103
9273,4.279,4.676,11.32,3.339,,,,,,,,,,,,,1.179
9276,4.279,4.675,11.32,3.339,,,,,,,,,,,,,0.093
9277,4.279,4.676,11.32,3.339,,,,,,,,,,,,,7.048
9278,4.279,4.676,11.32,3.339,,,,,,,,,,,,,20.715
9279,4.279,4.676,11.32,3.339,,,,,,,,,,,,,19.236
9280,4.279,4.676,11.32,3.339,,,,,,,,,,,,,20.757
9282,4.279,4.676,11.32,3.339,,,,,,,,,,,,,260.261
9283,4.279,4.676,11.32,3.339,,,,,,,,,,,,,1.833
9284,4.279,4.676,11.32,3.339,,,,,,,,,,,,,0.995
9285,4.279,4.676,11.32,3.339,,,,,,,,,,,,,0.836
9286,4.279,4.676,11.32,3.339,,,,,,,,,,,,,0.815
9287,4.279,4.676,11.32,3.339,,,,,,,,,,,,,0.824
9288,4.279,4.676,11.32,3.339,,,,,,,,,,,,,0.896
9289,4.279,4.676,11.32,3.339,,,,,,,,,,,,,0.982
9290,4.279,4.676,11.32,3.339,,,,,,,,,,,,,1.027
9291,4.279,4.676,11.32,3.339,,,,,,,,,,,,,0.875
9292,4.279,4.676,11.32,3.339,,,,,,,,,,,,,0.798
9293,4.279,4.676,11.32,3.339,,,,,,,,,,,,,1.122
9294,4.279,4.676,11.32,3.339,,,,,,,,,,,,,1.96
9295,4.279,4.676,11.32,3.339,,,,,,,,,,,,,6.922
9296,4.279,4.676,11.32,3.339,,,,,,,,,,,,,243.461
9297,4.279,4.676,11.32,3.339,,,,,,,,,,,,,1.676
9298,4.279,4.676,11.32,3.339,,,,,,,,,,,,,0.872
9299,4.279,4.676,11.32,3.339,,,,,,,,,,,,,1.222
9300,4.279,4.676,11.32,3.339,,,,,,,,,,,,,0.88
9301,4.279,4.676,11.32,3.339,,,,,,,,,,,,,0.795
9302,4.279,4.675,11.32,3.339,,,,,,,,,,,,,0.826
9303,4.279,4.675,11.32,3.339,,,,,,,,,,,,,0.949
9304,4.279,4.676,11.32,3.339,,,,,,,,,,,,,1.98
9305,4.279,4.676,11.32,3.339,,,,,,,,,,,,,1.826
9306,4.279,4.676,11.32,3.339,,,,,,,,,,,,,1.511
9307,4.279,4.676,11.32,3.339,,,,,,,,,,,,,1.128
9308,4.279,4.676,11.32,3.339,,,,,,,,,,,,,3.319
9311,4.279,4.676,11.32,3.339,,,,,,,,,,,,,0.312
9312,4.279,4.676,11.32,3.34,,,,,,,,,,,,,1.508
9313,4.279,4.676,11.32,3.34,,,,,,,,,,,,,0.921
9314,4.279,4.676,11.32,3.339,,,,,,,,,,,,,0.812
9315,4.279,4.676,11.32,3.339,,,,,,,,,,,,,0.765
9317,4.279,4.676,11.32,3.339,,,,,,,,,,,,,0.104
9318,4.279,4.676,11.32,3.339,,,,,,,,,,,,,3.732
9319,4.279,4.676,11.32,3.339,,,,,,,,,,,,,19.818
9320,4.279,4.676,11.32,3.339,,,,,,,,,,,,,19.952
9321,4.279,4.676,11.32,3.339,,,,,,,,,,,,,19.879
9322,4.279,4.676,11.32,3.339,,,,,,,,,,,,,21.144
9323,4.279,4.676,11.32,3.339,,,,,,,,,,,,,217.543
9326,4.279,4.676,11.32,3.339,,,,,,,,,,,,,0.063
9328,4.279,4.676,11.32,3.339,,,,,,,,,,,,,0.117
9329,4.279,4.676,11.32,3.339,,,,,,,,,,,,,0.783
9330,4.279,4.676,11.32,3.339,,,,,,,,,,,,,0.768
9331,4.279,4.676,11.32,3.339,,,,,,,,,,,,,0.819
9332,4.279,4.676,11.32,3.339,,,,,,,,,,,,,0.913
9333,4.279,4.676,11.32,3.339,,,,,,,,,,,,,0.908
9334,4.279,4.676,11.32,3.339,,,,,,,,,,,,,14.489
9335,4.279,4.676,11.32,3.339,,,,,,,,,,,,,21.274
9336,4.279,4.676,11.32,3.339,,,,,,,,,,,,,19.309
9337,4.279,4.676,11.32,3.339,,,,,,,,,,,,,148.807
9338,4.279,4.676,11.32,3.339,,,,,,,,,,,,,1.708
9340,4.279,4.676,11.32,3.339,,,,,,,,,,,,,0.153
9341,4.279,4.676,11.32,3.339,,,,,,,,,,,,,1.12
9342,4.279,4.676,11.32,3.339,,,,,,,,,,,,,0.856
9343,4.279,4.676,11.32,3.339,,,,,,,,,,,,,0.903
9344,4.279,4.676,11.32,3.339,,,,,,,,,,,,,6.359
9345,4.279,4.676,11.32,3.339,,,,,,,,,,,,,21.047
9346,4.279,4.676,11.32,3.339,,,,,,,,,,,,,17.427
9347,4.279,4.676,11.32,3.339,,,,,,,,,,,,,27.859
9348,4.279,4.676,11.32,3.339,,,,,,,,,,,,,13.334
9349,4.279,4.676,11.32,3.339,,,,,,,,,,,,,20.55
9350,4.279,4.676,11.32,3.339,,,,,,,,,,,,,19.379
9351,4.279,4.676,11.32,3.339,,,,,,,,,,,,,166.468
9352,4.279,4.676,11.32,3.339,,,,,,,,,,,,,1.641
9353,4.279,4.676,11.32,3.339,,,,,,,,,,,,,1.011
9354,4.279,4.676,11.32,3.339,,,,,,,,,,,,,0.849
9355,4.279,4.676,11.32,3.339,,,,,,,,,,,,,0.78
9356,4.279,4.676,11.32,3.339,,,,,,,,,,,,,0.767
9357,4.279,4.676,11.32,3.339,,,,,,,,,,,,,0.842
9358,4.279,4.676,11.32,3.339,,,,,,,,,,,,,1.035
9359,4.279,4.676,11.32,3.339,,,,,,,,,,,,,5.566
9360,4.279,4.676,11.32,3.339,,,,,,,,,,,,,19.981
9361,4.279,4.676,11.32,3.339,,,,,,,,,,,,,19.943
9363,4.279,4.676,11.32,3.339,,,,,,,,,,,,,19.216
9364,4.279,4.676,11.32,3.339,,,,,,,,,,,,,21.226
9365,4.279,4.676,11.32,3.339,,,,,,,,,,,,,34.272
9366,4.279,4.676,11.32,3.339,,,,,,,,,,,,,4.877
9367,4.279,4.676,11.32,3.339,,,,,,,,,,,,,41.083
9368,4.279,4.676,11.32,3.339,,,,,,,,,,,,,15.981
9369,4.279,4.676,11.32,3.339,,,,,,,,,,,,,15.55
9370,4.279,4.676,11.32,3.339,,,,,,,,,,,,,15.614
9371,4.279,4.676,11.32,3.339,,,,,,,,,,,,,29.708
9372,4.279,4.676,11.32,3.339,,,,,,,,,,,,,15.859
9373,4.279,4.676,11.32,3.339,,,,,,,,,,,,,6.235
9376,4.279,4.676,11.32,3.339,,,,,,,,,,,,,10.775
9377,4.279,4.676,11.32,3.339,,,,,,,,,,,,,10.835
9378,4.279,4.676,11.32,3.339,,,,,,,,,,,,,20.277
9379,4.279,4.676,11.32,3.339,,,,,,,,,,,,,48.995
9380,4.279,4.676,11.32,3.339,,,,,,,,,,,,,7.026
9381,4.279,4.676,11.32,3.339,,,,,,,,,,,,,4.68
9382,4.279,4.676,11.32,3.339,,,,,,,,,,,,,17.46
9383,4.279,4.676,11.32,3.339,,,,,,,,,,,,,19.908
9384,4.279,4.676,11.32,3.339,,,,,,,,,,,,,22.157
9385,4.279,4.676,11.32,3.339,,,,,,,,,,,,,28.3
9386,4.279,4.675,11.32,3.339,,,,,,,,,,,,,9.763
9387,4.279,4.676,11.32,3.339,,,,,,,,,,,,,19.636
9388,4.279,4.676,11.32,3.339,,,,,,,,,,,,,21.586
9389,4.279,4.676,11.32,3.339,,,,,,,,,,,,,18.68
9390,4.279,4.676,11.32,3.339,,,,,,,,,,,,,19.953
9391,4.279,4.676,11.32,3.339,,,,,,,,,,,,,20.073
9393,4.279,4.676,11.32,3.339,,,,,,,,,,,,,22.769
9397,4.279,4.676,11.32,3.339,,,,,,,,,,,,,17.348
9398,4.279,4.676,11.32,3.339,,,,,,,,,,,,,20.201
9399,4.279,4.676,11.32,3.339,,,,,,,,,,,,,23.857
9400,4.279,4.676,11.32,3.339,,,,,,,,,,,,,16.273
9401,4.279,4.676,11.32,3.339,,,,,,,,,,,,,19.794
9402,4.279,4.676,11.32,3.339,,,,,,,,,,,,,20.209
9403,4.279,4.676,11.32,3.339,,,,,,,,,,,,,19.629
9404,4.279,4.676,11.32,3.339,,,,,,,,,,,,,20.061
9405,4.279,4.675,11.32,3.339,,,,,,,,,,,,,19.974
9406,4.279,4.676,11.32,3.339,,,,,,,,,,,,,20.055
9407,4.279,4.676,11.32,3.339,,,,,,,,,,,,,20.143
9408,4.279,4.676,11.32,3.339,,,,,,,,,,,,,20.112
9409,4.279,4.675,11.32,3.339,,,,,,,,,,,,,21.041
9410,4.279,4.676,11.32,3.339,,,,,,,,,,,,,53.434
9411,4.279,4.676,11.32,3.339,,,,,,,,,,,,,6.818
9413,4.279,4.676,11.32,3.339,,,,,,,,,,,,,14.305
9414,4.279,4.676,11.32,3.339,,,,,,,,,,,,,19.947
9415,4.279,4.676,11.32,3.339,,,,,,,,,,,,,20.09
9416,4.279,4.676,11.32,3.339,,,,,,,,,,,,,20.24
9417,4.279,4.675,11.32,3.339,,,,,,,,,,,,,19.724
9418,4.279,4.675,11.32,3.339,,,,,,,,,,,,,19.947
9420,4.279,4.676,11.32,3.339,,,,,,,,,,,,,20.247
9421,4.279,4.675,11.32,3.339,,,,,,,,,,,,,20.114
9422,4.279,4.675,11.32,3.339,,,,,,,,,,,,,26.179
9423,4.279,4.676,11.32,3.339,,,,,,,,,,,,,13.528
9424,4.279,4.676,11.32,3.339,,,,,,,,,,,,,20.041
9425,4.279,4.676,11.32,3.339,,,,,,,,,,,,,22.471
9426,4.279,4.676,11.32,3.339,,,,,,,,,,,,,17.473
9427,4.279,4.676,11.32,3.339,,,,,,,,,,,,,20.476
9430,4.279,4.675,11.32,3.339,,,,,,,,,,,,,22.289
9431,4.279,4.676,11.32,3.339,,,,,,,,,,,,,18.417
9432,4.279,4.676,11.32,3.339,,,,,,,,,,,,,20.134
9433,4.279,4.676,11.32,3.339,,,,,,,,,,,,,20.823
9434,4.279,4.676,11.32,3.339,,,,,,,,,,,,,18.628
9435,4.279,4.676,11.32,3.339,,,,,,,,,,,,,21.382
9436,4.279,4.676,11.32,3.339,,,,,,,,,,,,,18.406
9437,4.279,4.675,11.32,3.339,,,,,,,,,,,,,24.767
9438,4.279,4.675,11.32,3.339,,,,,,,,,,,,,15.111
9439,4.279,4.676,11.32,3.339,,,,,,,,,,,,,19
9440,4.279,4.676,11.32,3.339,,,,,,,,,,,,,21.219
9441,4.279,4.676,11.32,3.339,,,,,,,,,,,,,19.901
9442,4.279,4.676,11.32,3.339,,,,,,,,,,,,,25.7
9443,4.279,4.676,11.32,3.339,,,,,,,,,,,,,14.3
9446,4.279,4.676,11.32,3.339,,,,,,,,,,,,,14.513
9449,4.279,4.676,11.32,3.339,,,,,,,,,,,,,19.94
9450,4.279,4.676,11.32,3.339,,,,,,,,,,,,,19.962
9451,4.279,4.676,11.32,3.339,,,,,,,,,,,,,19.958
9452,4.279,4.676,11.32,3.339,,,,,,,,,,,,,21.49
9453,4.279,4.676,11.32,3.339,,,,,,,,,,,,,18.434
9454,4.279,4.676,11.32,3.339,,,,,,,,,,,,,19.976
9455,4.279,4.676,11.32,3.339,,,,,,,,,,,,,20.224
9456,4.279,4.676,11.32,3.339,,,,,,,,,,,,,23.317
9457,4.279,4.676,11.32,3.339,,,,,,,,,,,,,16.645
9458,4.279,4.676,11.32,3.339,,,,,,,,,,,,,36.11
9459,4.279,4.675,11.32,3.339,,,,,,,,,,,,,4.503
9460,4.279,4.676,11.32,3.339,,,,,,,,,,,,,19.347
9461,4.279,4.676,11.32,3.339,,,,,,,,,,,,,19.914
9462,4.279,4.676,11.32,3.339,,,,,,,,,,,,,20.764
9463,4.279,4.675,11.32,3.339,,,,,,,,,,,,,25.588
9464,4.279,4.676,11.32,3.339,,,,,,,,,,,,,13.81
9466,4.279,4.676,11.32,3.339,,,,,,,,,,,,,17.984
9467,4.279,4.676,11.32,3.339,,,,,,,,,,,,,20.312
9468,4.279,4.676,11.32,3.339,,,,,,,,,,,,,19.61
9469,4.279,4.676,11.32,3.339,,,,,,,,,,,,,21.53
9470,4.279,4.676,11.32,3.339,,,,,,,,,,,,,18.455
9471,4.279,4.676,11.32,3.339,,,,,,,,,,,,,20.423
9472,4.279,4.676,11.32,3.339,,,,,,,,,,,,,32.478
9473,4.279,4.676,11.32,3.339,,,,,,,,,,,,,8.979
9476,4.279,4.676,11.32,3.339,,,,,,,,,,,,,20.173
9478,4.279,4.676,11.32,3.339,,,,,,,,,,,,,21.399
9479,4.279,4.676,11.32,3.339,,,,,,,,,,,,,19.763
9480,4.279,4.676,11.32,3.339,,,,,,,,,,,,,20.003
9481,4.279,4.676,11.32,3.339,,,,,,,,,,,,,19.946
9482,4.279,4.675,11.32,3.339,,,,,,,,,,,,,20.473
9483,4.279,4.676,11.32,3.339,,,,,,,,,,,,,19.482
9484,4.279,4.676,11.32,3.339,,,,,,,,,,,,,19.854
9485,4.279,4.676,11.32,3.339,,,,,,,,,,,,,28.397
9486,4.279,4.676,11.32,3.339,,,,,,,,,,,,,13.412
9487,4.279,4.676,11.32,3.339,,,,,,,,,,,,,18.485
9488,4.279,4.676,11.32,3.339,,,,,,,,,,,,,19.918
9489,4.279,4.676,11.32,3.339,,,,,,,,,,,,,24.569
9490,4.279,4.675,11.32,3.339,,,,,,,,,,,,,15.408
9491,4.279,4.675,11.32,3.339,,,,,,,,,,,,,20.05
9492,4.279,4.675,11.32,3.339,,,,,,,,,,,,,20.017
9493,4.279,4.676,11.32,3.339,,,,,,,,,,,,,19.785
9494,4.279,4.676,11.32,3.339,,,,,,,,,,,,,37.313
9495,4.279,4.676,11.32,3.339,,,,,,,,,,,,,8.7
9496,4.279,4.676,11.32,3.339,,,,,,,,,,,,,14.936
9497,4.279,4.676,11.32,3.339,,,,,,,,,,,,,19.445
9498,4.279,4.676,11.32,3.339,,,,,,,,,,,,,20.115
9499,4.279,4.676,11.32,3.339,,,,,,,,,,,,,22.149
9500,4.279,4.676,11.32,3.339,,,,,,,,,,,,,17.57
9501,4.279,4.676,11.32,3.339,,,,,,,,,,,,,19.921
9502,4.279,4.676,11.32,3.339,,,,,,,,,,,,,20.474
9503,4.279,4.676,11.32,3.339,,,,,,,,,,,,,19.665
9505,4.279,4.676,11.32,3.339,,,,,,,,,,,,,22.088
9506,4.279,4.676,11.32,3.339,,,,,,,,,,,,,48.288
9509,4.279,4.676,11.32,3.339,,,,,,,,,,,,,16.306
9510,4.279,4.676,11.32,3.339,,,,,,,,,,,,,19.872
9511,4.279,4.676,11.32,3.339,,,,,,,,,,,,,20.456
9512,4.279,4.676,11.32,3.339,,,,,,,,,,,,,19.92
9513,4.279,4.676,11.32,3.339,,,,,,,,,,,,,19.727
9514,4.279,4.676,11.32,3.339,,,,,,,,,,,,,19.998
9515,4.279,4.676,11.32,3.339,,,,,,,,,,,,,28.412
9516,4.279,4.676,11.32,3.339,,,,,,,,,,,,,11.504
9517,4.279,4.676,11.32,3.339,,,,,,,,,,,,,19.999
9518,4.279,4.676,11.32,3.339,,,,,,,,,,,,,28.077
9520,4.279,4.676,11.32,3.339,,,,,,,,,,,,,21.797
9521,4.279,4.676,11.32,3.339,,,,,,,,,,,,,17.894
9522,4.279,4.676,11.32,3.339,,,,,,,,,,,,,20.121
9523,4.279,4.676,11.32,3.339,,,,,,,,,,,,,19.843
9527,4.279,4.676,11.32,3.339,,,,,,,,,,,,,18.925
9528,4.279,4.676,11.32,3.339,,,,,,,,,,,,,19.888
9529,4.279,4.676,11.32,3.339,,,,,,,,,,,,,19.958
9530,4.279,4.676,11.32,3.339,,,,,,,,,,,,,20.102
9531,4.279,4.676,11.32,3.339,,,,,,,,,,,,,19.852
9534,4.279,4.676,11.32,3.339,,,,,,,,,,,,,28.119
9535,4.279,4.676,11.32,3.339,,,,,,,,,,,,,12.325
9536,4.279,4.675,11.32,3.339,,,,,,,,,,,,,19.09
9537,4.279,4.676,11.32,3.339,,,,,,,,,,,,,20.185
9539,4.279,4.676,11.32,3.339,,,,,,,,,,,,,20.693
9540,4.279,4.676,11.32,3.339,,,,,,,,,,,,,19.759
9541,4.279,4.676,11.32,3.339,,,,,,,,,,,,,23.652
9542,4.279,4.676,11.32,3.339,,,,,,,,,,,,,15.89
9543,4.279,4.676,11.32,3.339,,,,,,,,,,,,,36.18
9544,4.279,4.676,11.32,3.339,,,,,,,,,,,,,4.888
9545,4.279,4.676,11.32,3.339,,,,,,,,,,,,,20.08
9546,4.279,4.676,11.32,3.339,,,,,,,,,,,,,20.136
9547,4.279,4.676,11.32,3.339,,,,,,,,,,,,,21.868
9548,4.279,4.676,11.32,3.339,,,,,,,,,,,,,17.155
9549,4.279,4.676,11.32,3.339,,,,,,,,,,,,,19.68
9550,4.279,4.676,11.32,3.339,,,,,,,,,,,,,24.782
9551,4.279,4.676,11.32,3.339,,,,,,,,,,,,,15.414
9552,4.279,4.676,11.32,3.339,,,,,,,,,,,,,20.068
9553,4.279,4.676,11.32,3.339,,,,,,,,,,,,,22.124
9554,4.279,4.676,11.32,3.339,,,,,,,,,,,,,17.725
9555,4.279,4.676,11.32,3.339,,,,,,,,,,,,,27.343
9556,4.279,4.676,11.32,3.339,,,,,,,,,,,,,15.404
9558,4.279,4.676,11.32,3.339,,,,,,,,,,,,,18.88
9561,4.279,4.676,11.32,3.339,,,,,,,,,,,,,23.569
9565,4.279,4.676,11.32,3.339,,,,,,,,,,,,,20.05
9566,4.279,4.676,11.32,3.339,,,,,,,,,,,,,20.377
9570,4.279,4.676,11.32,3.339,,,,,,,,,,,,,19.708
9571,4.279,4.676,11.32,3.339,,,,,,,,,,,,,30.795
9572,4.279,4.676,11.32,3.339,,,,,,,,,,,,,15.971
9574,4.279,4.676,11.32,3.339,,,,,,,,,,,,,31.166
9575,4.279,4.676,11.32,3.339,,,,,,,,,,,,,15.019
9576,4.279,4.676,11.32,3.339,,,,,,,,,,,,,16.181
9577,4.279,4.676,11.32,3.339,,,,,,,,,,,,,50.458
9578,4.279,4.676,11.32,3.339,,,,,,,,,,,,,4.862
9579,4.279,4.675,11.32,3.339,,,,,,,,,,,,,3.947
9581,4.279,4.676,11.32,3.339,,,,,,,,,,,,,19.921
9582,4.279,4.676,11.32,3.339,,,,,,,,,,,,,30.478
9583,4.279,4.676,11.32,3.339,,,,,,,,,,,,,13.055
9584,4.279,4.676,11.32,3.339,,,,,,,,,,,,,19.208
9585,4.279,4.676,11.32,3.339,,,,,,,,,,,,,17.378
9586,4.279,4.676,11.32,3.339,,,,,,,,,,,,,30.979
9587,4.279,4.676,11.32,3.339,,,,,,,,,,,,,10.567
9588,4.279,4.676,11.32,3.339,,,,,,,,,,,,,18.552
9590,4.279,4.676,11.32,3.339,,,,,,,,,,,,,17.197
9591,4.279,4.676,11.32,3.339,,,,,,,,,,,,,19.635
9592,4.279,4.676,11.32,3.339,,,,,,,,,,,,,20.236
9593,4.279,4.676,11.32,3.339,,,,,,,,,,,,,20.017
9594,4.279,4.676,11.32,3.339,,,,,,,,,,,,,20.431
9595,4.279,4.676,11.32,3.339,,,,,,,,,,,,,19.478
9596,4.279,4.676,11.32,3.339,,,,,,,,,,,,,21.219
9597,4.279,4.676,11.32,3.339,,,,,,,,,,,,,22.347
9598,4.279,4.676,11.32,3.339,,,,,,,,,,,,,16.585
9599,4.279,4.676,11.32,3.339,,,,,,,,,,,,,19.992
9601,4.279,4.676,11.32,3.339,,,,,,,,,,,,,23.085
9602,4.279,4.676,11.32,3.339,,,,,,,,,,,,,19.019
9603,4.279,4.676,11.32,3.339,,,,,,,,,,,,,17.251
9605,4.279,4.676,11.32,3.339,,,,,,,,,,,,,16.098
9606,4.279,4.676,11.32,3.339,,,,,,,,,,,,,16.658
9607,4.279,4.676,11.32,3.339,,,,,,,,,,,,,20.306
9608,4.279,4.676,11.32,3.339,,,,,,,,,,,,,19.977
9609,4.279,4.676,11.32,3.339,,,,,,,,,,,,,19.885
9610,4.279,4.676,11.32,3.339,,,,,,,,,,,,,44.975
9612,4.279,4.676,11.32,3.339,,,,,,,,,,,,,11.132
9613,4.279,4.676,11.32,3.339,,,,,,,,,,,,,20.089
9614,4.279,4.676,11.32,3.339,,,,,,,,,,,,,23.108
9615,4.279,4.676,11.32,3.339,,,,,,,,,,,,,16.9
9616,4.279,4.676,11.32,3.339,,,,,,,,,,,,,19.977
9619,4.279,4.676,11.32,3.339,,,,,,,,,,,,,19.827
9623,4.279,4.676,11.32,3.339,,,,,,,,,,,,,17.713
9624,4.279,4.676,11.32,3.339,,,,,,,,,,,,,18.349
9625,4.279,4.676,11.32,3.339,,,,,,,,,,,,,21.065
9626,4.279,4.676,11.32,3.339,,,,,,,,,,,,,18.855
9627,4.279,4.676,11.32,3.339,,,,,,,,,,,,,20.093
9628,4.279,4.676,11.32,3.339,,,,,,,,,,,,,19.965
9629,4.279,4.676,11.32,3.339,,,,,,,,,,,,,19.864
9631,4.279,4.676,11.32,3.339,,,,,,,,,,,,,21.088
9632,4.279,4.676,11.32,3.339,,,,,,,,,,,,,21.367
9633,4.279,4.676,11.32,3.339,,,,,,,,,,,,,17.497
9634,4.279,4.676,11.32,3.339,,,,,,,,,,,,,19.88
9635,4.279,4.676,11.32,3.339,,,,,,,,,,,,,20.518
9636,4.279,4.676,11.32,3.339,,,,,,,,,,,,,20.068
9637,4.279,4.676,11.32,3.339,,,,,,,,,,,,,20.999
9638,4.279,4.676,11.32,3.339,,,,,,,,,,,,,18.647
9639,4.279,4.676,11.32,3.339,,,,,,,,,,,,,26.668
9640,4.279,4.676,11.32,3.339,,,,,,,,,,,,,13.092
9641,4.279,4.676,11.32,3.339,,,,,,,,,,,,,20.066
9642,4.279,4.676,11.32,3.339,,,,,,,,,,,,,20.213
9643,4.279,4.676,11.32,3.339,,,,,,,,,,,,,19.827
9644,4.279,4.676,11.32,3.339,,,,,,,,,,,,,19.937
9645,4.279,4.676,11.32,3.339,,,,,,,,,,,,,21.419
9646,4.279,4.676,11.32,3.339,,,,,,,,,,,,,27.423
9647,4.279,4.676,11.32,3.339,,,,,,,,,,,,,21.958
9648,4.279,4.675,11.32,3.339,,,,,,,,,,,,,9.483
9649,4.279,4.675,11.32,3.339,,,,,,,,,,,,,20.028
9650,4.279,4.676,11.32,3.339,,,,,,,,,,,,,20.186
9651,4.279,4.676,11.32,3.339,,,,,,,,,,,,,25.029
9652,4.279,4.676,11.32,3.339,,,,,,,,,,,,,15.183
9653,4.279,4.676,11.32,3.339,,,,,,,,,,,,,20.643
9654,4.279,4.676,11.32,3.339,,,,,,,,,,,,,22.657
9655,4.279,4.676,11.32,3.339,,,,,,,,,,,,,16.625
9656,4.279,4.676,11.32,3.339,,,,,,,,,,,,,19.48
9657,4.279,4.676,11.32,3.339,,,,,,,,,,,,,19.923
9658,4.279,4.676,11.32,3.339,,,,,,,,,,,,,20.062
9659,4.279,4.676,11.32,3.339,,,,,,,,,,,,,19.891
9660,4.279,4.676,11.32,3.339,,,,,,,,,,,,,20.197
9661,4.279,4.676,11.32,3.339,,,,,,,,,,,,,19.741
9662,4.279,4.676,11.32,3.339,,,,,,,,,,,,,20.224
9663,4.279,4.676,11.32,3.339,,,,,,,,,,,,,21.762
9664,4.279,4.675,11.32,3.339,,,,,,,,,,,,,18.109
9665,4.279,4.675,11.32,3.339,,,,,,,,,,,,,20.326
9666,4.279,4.676,11.32,3.339,,,,,,,,,,,,,19.658
9667,4.279,4.676,11.32,3.339,,,,,,,,,,,,,19.982
9668,4.279,4.676,11.32,3.339,,,,,,,,,,,,,29.418
9669,4.279,4.676,11.32,3.339,,,,,,,,,,,,,10.53
9671,4.279,4.676,11.32,3.339,,,,,,,,,,,,,19.909
9672,4.279,4.676,11.32,3.339,,,,,,,,,,,,,21.28
9673,4.279,4.676,11.32,3.339,,,,,,,,,,,,,47.906
9674,4.279,4.676,11.32,3.339,,,,,,,,,,,,,4.6
9675,4.279,4.676,11.32,3.339,,,,,,,,,,,,,6.665
9676,4.279,4.676,11.32,3.339,,,,,,,,,,,,,19.656
9677,4.279,4.676,11.32,3.339,,,,,,,,,,,,,24.857
9680,4.279,4.676,11.32,3.339,,,,,,,,,,,,,19.955
9681,4.279,4.676,11.32,3.339,,,,,,,,,,,,,22.078
9682,4.279,4.676,11.32,3.339,,,,,,,,,,,,,18.12
9683,4.279,4.676,11.32,3.339,,,,,,,,,,,,,20.976
9685,4.279,4.676,11.32,3.339,,,,,,,,,,,,,20.146
9686,4.279,4.676,11.32,3.339,,,,,,,,,,,,,23.866
9687,4.279,4.676,11.32,3.339,,,,,,,,,,,,,17.948
9688,4.279,4.676,11.32,3.339,,,,,,,,,,,,,17.945
9690,4.279,4.676,11.32,3.339,,,,,,,,,,,,,20.007
9691,4.279,4.676,11.32,3.339,,,,,,,,,,,,,21.757
9693,4.279,4.676,11.32,3.339,,,,,,,,,,,,,19.972
9694,4.279,4.676,11.32,3.339,,,,,,,,,,,,,19.935
9695,4.279,4.676,11.32,3.339,,,,,,,,,,,,,20.002
9696,4.279,4.676,11.32,3.339,,,,,,,,,,,,,20.285
9697,4.279,4.676,11.32,3.339,,,,,,,,,,,,,19.93
9700,4.279,4.676,11.32,3.339,,,,,,,,,,,,,14.422
9701,4.279,4.676,11.32,3.339,,,,,,,,,,,,,15.671
9704,4.279,4.676,11.32,3.339,,,,,,,,,,,,,5.803
9705,4.279,4.676,11.32,3.339,,,,,,,,,,,,,19.132
9706,4.279,4.676,11.32,3.339,,,,,,,,,,,,,20.282
9708,4.279,4.676,11.32,3.339,,,,,,,,,,,,,18.133
9709,4.279,4.676,11.32,3.339,,,,,,,,,,,,,22.582
9710,4.279,4.675,11.32,3.339,,,,,,,,,,,,,17.271
9711,4.279,4.675,11.32,3.339,,,,,,,,,,,,,20.054
9712,4.279,4.676,11.32,3.339,,,,,,,,,,,,,20.098
9715,4.279,4.675,11.32,3.339,,,,,,,,,,,,,20.049
9717,4.279,4.676,11.32,3.339,,,,,,,,,,,,,21.035
9718,4.279,4.676,11.32,3.339,,,,,,,,,,,,,18.833
9719,4.279,4.676,11.32,3.339,,,,,,,,,,,,,19.875
9720,4.279,4.676,11.32,3.339,,,,,,,,,,,,,19.909
9721,4.279,4.676,11.32,3.339,,,,,,,,,,,,,20.344
9722,4.279,4.676,11.32,3.339,,,,,,,,,,,,,21.39
9723,4.279,4.676,11.32,3.339,,,,,,,,,,,,,18.446
9724,4.279,4.676,11.32,3.339,,,,,,,,,,,,,20.204
9725,4.279,4.676,11.32,3.339,,,,,,,,,,,,,19.697
9726,4.279,4.676,11.32,3.339,,,,,,,,,,,,,23.811
9727,4.279,4.676,11.32,3.339,,,,,,,,,,,,,16.125
9728,4.279,4.676,11.32,3.339,,,,,,,,,,,,,19.991
9729,4.279,4.676,11.32,3.339,,,,,,,,,,,,,19.944
9730,4.279,4.676,11.32,3.339,,,,,,,,,,,,,20.271
9731,4.279,4.676,11.32,3.339,,,,,,,,,,,,,20.097
9734,4.279,4.676,11.32,3.339,,,,,,,,,,,,,19.899
9735,4.279,4.676,11.32,3.339,,,,,,,,,,,,,22.272
9739,4.279,4.676,11.32,3.339,,,,,,,,,,,,,8.833
9740,4.279,4.675,11.32,3.339,,,,,,,,,,,,,7.398
9741,4.279,4.675,11.32,3.339,,,,,,,,,,,,,12.006
9743,4.28,4.676,11.32,3.34,,,,,,,,,,,,,19.965
9744,4.278,4.675,11.32,3.34,,,,,,,,,,,,,19.965
9745,4.28,4.677,11.32,3.341,,,,,,,,,,,,,22.544
9746,4.28,4.677,11.32,3.337,,,,,,,,,,,,,17.888
9747,4.279,4.675,11.32,3.339,,,,,,,,,,,,,20.256
9748,4.279,4.675,11.32,3.339,,,,,,,,,,,,,19.478
9749,4.28,4.675,11.32,3.338,,,,,,,,,,,,,20.108
9750,4.28,4.677,11.32,3.34,,,,,,,,,,,,,21.878
9751,4.279,4.676,11.32,3.338,,,,,,,,,,,,,18.25
9752,4.279,4.676,11.32,3.338,,,,,,,,,,,,,19.596
9753,4.279,4.676,11.32,3.337,,,,,,,,,,,,,21.65
9754,4.279,4.676,11.32,3.34,,,,,,,,,,,,,18.557
9755,4.279,4.675,11.32,3.339,,,,,,,,,,,,,20.032
9756,4.279,4.676,11.32,3.339,,,,,,,,,,,,,20.068
9757,4.279,4.676,11.32,3.338,,,,,,,,,,,,,20.841
9759,4.279,4.676,11.32,3.339,,,,,,,,,,,,,21.027
9760,4.279,4.676,11.32,3.339,,,,,,,,,,,,,24.625
9761,4.279,4.676,11.32,3.338,,,,,,,,,,,,,14.652
9762,4.279,4.676,11.32,3.339,,,,,,,,,,,,,19.86
9763,4.279,4.676,11.32,3.339,,,,,,,,,,,,,19.935
9764,4.279,4.676,11.32,3.339,,,,,,,,,,,,,20.013
9766,4.279,4.676,11.32,3.339,,,,,,,,,,,,,18.375
9767,4.279,4.676,11.32,3.339,,,,,,,,,,,,,17.422
9768,4.279,4.676,11.32,3.339,,,,,,,,,,,,,20.098
9769,4.279,4.676,11.32,3.339,,,,,,,,,,,,,20.233
9770,4.279,4.676,11.32,3.338,,,,,,,,,,,,,26.259
9771,4.279,4.676,11.32,3.338,,,,,,,,,,,,,13.714
9772,4.279,4.676,11.32,3.339,,,,,,,,,,,,,19.792
9774,4.279,4.676,11.32,3.339,,,,,,,,,,,,,38.89
9775,4.279,4.676,11.32,3.339,,,,,,,,,,,,,6.454
9776,4.279,4.676,11.32,3.339,,,,,,,,,,,,,15.91
9777,4.279,4.676,11.32,3.339,,,,,,,,,,,,,20.668
9778,4.279,4.676,11.32,3.339,,,,,,,,,,,,,19.196
9779,4.279,4.676,11.32,3.339,,,,,,,,,,,,,19.982
9780,4.279,4.676,11.32,3.339,,,,,,,,,,,,,19.974
9781,4.279,4.676,11.32,3.338,,,,,,,,,,,,,20.011
9782,4.279,4.676,11.32,3.339,,,,,,,,,,,,,21.751
9783,4.279,4.676,11.32,3.339,,,,,,,,,,,,,18.528
9784,4.279,4.676,11.32,3.339,,,,,,,,,,,,,23.606
9785,4.279,4.676,11.32,3.339,,,,,,,,,,,,,37.974
9786,4.279,4.676,11.32,3.339,,,,,,,,,,,,,4.25
9787,4.279,4.676,11.32,3.339,,,,,,,,,,,,,13.917
9788,4.279,4.676,11.32,3.339,,,,,,,,,,,,,20.003
9792,4.279,4.676,11.32,3.339,,,,,,,,,,,,,21.261
9793,4.279,4.676,11.32,3.339,,,,,,,,,,,,,19.011
9794,4.279,4.676,11.32,3.339,,,,,,,,,,,,,19.928
9795,4.279,4.676,11.32,3.339,,,,,,,,,,,,,19.755
9796,4.279,4.676,11.32,3.339,,,,,,,,,,,,,22.067
9797,4.279,4.676,11.32,3.339,,,,,,,,,,,,,17.87
9798,4.279,4.676,11.32,3.339,,,,,,,,,,,,,23.036
9799,4.279,4.676,11.32,3.339,,,,,,,,,,,,,17.437
9800,4.279,4.676,11.32,3.339,,,,,,,,,,,,,19.432
9801,4.279,4.676,11.32,3.339,,,,,,,,,,,,,48.891
9802,4.279,4.676,11.32,3.339,,,,,,,,,,,,,5.829
9803,4.279,4.676,11.32,3.339,,,,,,,,,,,,,11.102
9804,4.279,4.676,11.32,3.339,,,,,,,,,,,,,14.858
9807,4.279,4.675,11.32,3.339,,,,,,,,,,,,,19.295
9808,4.279,4.676,11.32,3.339,,,,,,,,,,,,,19.2
9809,4.279,4.676,11.32,3.339,,,,,,,,,,,,,19.927
9810,4.279,4.676,11.32,3.339,,,,,,,,,,,,,19.973
9812,4.279,4.676,11.32,3.339,,,,,,,,,,,,,19.974
9813,4.279,4.676,11.32,3.339,,,,,,,,,,,,,19.941
9814,4.279,4.676,11.32,3.339,,,,,,,,,,,,,22.595
9816,4.279,4.676,11.32,3.339,,,,,,,,,,,,,20.569
9817,4.279,4.676,11.32,3.339,,,,,,,,,,,,,24.747
9818,4.279,4.676,11.32,3.339,,,,,,,,,,,,,14.907
9820,4.279,4.676,11.32,3.339,,,,,,,,,,,,,19.617
9821,4.279,4.676,11.32,3.339,,,,,,,,,,,,,20.064
9822,4.279,4.676,11.32,3.339,,,,,,,,,,,,,19.875
9823,4.279,4.676,11.32,3.339,,,,,,,,,,,,,20.069
9824,4.279,4.676,11.32,3.339,,,,,,,,,,,,,26.84
9825,4.279,4.675,11.32,3.339,,,,,,,,,,,,,12.998
9826,4.279,4.675,11.32,3.339,,,,,,,,,,,,,21.002
9827,4.279,4.676,11.32,3.339,,,,,,,,,,,,,19.203
9828,4.279,4.676,11.32,3.339,,,,,,,,,,,,,27.409
9829,4.279,4.676,11.32,3.339,,,,,,,,,,,,,12.495
9830,4.279,4.676,11.32,3.339,,,,,,,,,,,,,19.996
9831,4.279,4.676,11.32,3.339,,,,,,,,,,,,,20
9832,4.279,4.676,11.32,3.339,,,,,,,,,,,,,19.923
9833,4.279,4.676,11.32,3.339,,,,,,,,,,,,,20.103
9834,4.279,4.676,11.32,3.339,,,,,,,,,,,,,20.416
9835,4.279,4.676,11.32,3.339,,,,,,,,,,,,,19.653
9836,4.279,4.676,11.32,3.339,,,,,,,,,,,,,19.994
9837,4.279,4.676,11.32,3.339,,,,,,,,,,,,,34.516
9838,4.279,4.676,11.32,3.339,,,,,,,,,,,,,10.214
9839,4.279,4.676,11.32,3.339,,,,,,,,,,,,,15.162
9842,4.279,4.676,11.32,3.339,,,,,,,,,,,,,21.089
9843,4.279,4.676,11.32,3.339,,,,,,,,,,,,,19.066
9844,4.279,4.676,11.32,3.339,,,,,,,,,,,,,23.142
9845,4.279,4.676,11.32,3.339,,,,,,,,,,,,,16.793
9846,4.279,4.676,11.32,3.339,,,,,,,,,,,,,19.998
9847,4.279,4.676,11.32,3.339,,,,,,,,,,,,,22.251
9848,4.279,4.675,11.32,3.339,,,,,,,,,,,,,17.663
9849,4.279,4.675,11.32,3.339,,,,,,,,,,,,,19.97
9850,4.279,4.676,11.32,3.339,,,,,,,,,,,,,21.77
9851,4.279,4.676,11.32,3.339,,,,,,,,,,,,,18.413
9852,4.279,4.676,11.32,3.339,,,,,,,,,,,,,21.427
9853,4.279,4.676,11.32,3.339,,,,,,,,,,,,,18.502
9854,4.279,4.676,11.32,3.339,,,,,,,,,,,,,19.98
9855,4.279,4.676,11.32,3.339,,,,,,,,,,,,,24.646
9856,4.279,4.675,11.32,3.339,,,,,,,,,,,,,15.363
9857,4.279,4.675,11.32,3.339,,,,,,,,,,,,,19.893
9859,4.279,4.676,11.32,3.339,,,,,,,,,,,,,20.053
9860,4.279,4.676,11.32,3.339,,,,,,,,,,,,,25.918
9861,4.279,4.676,11.32,3.339,,,,,,,,,,,,,14.027
9863,4.279,4.676,11.32,3.339,,,,,,,,,,,,,20.003
9864,4.279,4.676,11.32,3.339,,,,,,,,,,,,,20.034
9865,4.279,4.676,11.32,3.339,,,,,,,,,,,,,19.958
9866,4.279,4.676,11.32,3.339,,,,,,,,,,,,,43.205
9867,4.279,4.676,11.32,3.339,,,,,,,,,,,,,7.621
9868,4.279,4.676,11.32,3.339,,,,,,,,,,,,,9.723
9869,4.279,4.676,11.32,3.339,,,,,,,,,,,,,19.525
9871,4.279,4.676,11.32,3.339,,,,,,,,,,,,,3.919
9872,4.279,4.676,11.32,3.339,,,,,,,,,,,,,18.788
9873,4.279,4.676,11.32,3.339,,,,,,,,,,,,,19.98
9875,4.279,4.676,11.32,3.339,,,,,,,,,,,,,22.122
9876,4.279,4.676,11.32,3.339,,,,,,,,,,,,,18.04
9877,4.279,4.676,11.32,3.339,,,,,,,,,,,,,19.965
9878,4.279,4.676,11.32,3.339,,,,,,,,,,,,,22.625
9879,4.279,4.676,11.32,3.339,,,,,,,,,,,,,18.335
9880,4.279,4.676,11.32,3.339,,,,,,,,,,,,,23.957
9881,4.279,4.676,11.32,3.339,,,,,,,,,,,,,19.24
9882,4.279,4.676,11.32,3.339,,,,,,,,,,,,,16.695
9883,4.279,4.676,11.32,3.339,,,,,,,,,,,,,23.111
9886,4.279,4.676,11.32,3.339,,,,,,,,,,,,,21.256
9887,4.279,4.676,11.32,3.339,,,,,,,,,,,,,18.676
9888,4.279,4.676,11.32,3.339,,,,,,,,,,,,,20.484
9890,4.279,4.676,11.32,3.339,,,,,,,,,,,,,19.842
9891,4.279,4.676,11.32,3.339,,,,,,,,,,,,,20.746
9892,4.279,4.676,11.32,3.339,,,,,,,,,,,,,20.006
9893,4.279,4.676,11.32,3.339,,,,,,,,,,,,,21.509
9896,4.279,4.676,11.32,3.339,,,,,,,,,,,,,20.181
9897,4.279,4.676,11.32,3.339,,,,,,,,,,,,,19.687
9898,4.279,4.676,11.32,3.339,,,,,,,,,,,,,20.222
9899,4.279,4.676,11.32,3.339,,,,,,,,,,,,,19.725
9900,4.279,4.676,11.32,3.339,,,,,,,,,,,,,19.997
9901,4.279,4.676,11.32,3.339,,,,,,,,,,,,,20.184
9902,4.279,4.676,11.32,3.339,,,,,,,,,,,,,50.244
9903,4.279,4.676,11.32,3.339,,,,,,,,,,,,,3.959
9904,4.279,4.676,11.32,3.339,,,,,,,,,,,,,6.883
9905,4.279,4.676,11.32,3.339,,,,,,,,,,,,,19.868
9906,4.279,4.676,11.32,3.339,,,,,,,,,,,,,21.126
9907,4.279,4.676,11.32,3.339,,,,,,,,,,,,,18.401
9908,4.279,4.676,11.32,3.339,,,,,,,,,,,,,20.845
9912,4.279,4.676,11.32,3.339,,,,,,,,,,,,,19.817
9916,4.279,4.676,11.32,3.339,,,,,,,,,,,,,21.027
9917,4.279,4.675,11.32,3.339,,,,,,,,,,,,,18.87
9918,4.279,4.676,11.32,3.339,,,,,,,,,,,,,20.027
9919,4.279,4.676,11.32,3.339,,,,,,,,,,,,,24.102
9920,4.279,4.676,11.32,3.339,,,,,,,,,,,,,15.976
9921,4.279,4.675,11.32,3.339,,,,,,,,,,,,,21.638
9922,4.279,4.676,11.32,3.339,,,,,,,,,,,,,18.269
9924,4.279,4.676,11.32,3.339,,,,,,,,,,,,,19.85
9925,4.279,4.676,11.32,3.339,,,,,,,,,,,,,19.926
9926,4.279,4.676,11.32,3.339,,,,,,,,,,,,,20.176
9927,4.279,4.676,11.32,3.339,,,,,,,,,,,,,19.796
9928,4.279,4.676,11.32,3.339,,,,,,,,,,,,,21.77
9929,4.279,4.676,11.32,3.339,,,,,,,,,,,,,18.162
9930,4.279,4.676,11.32,3.339,,,,,,,,,,,,,19.952
9931,4.279,4.676,11.32,3.339,,,,,,,,,,,,,20.755
9932,4.279,4.676,11.32,3.339,,,,,,,,,,,,,21.859
9933,4.279,4.676,11.32,3.339,,,,,,,,,,,,,17.549
9934,4.279,4.676,11.32,3.339,,,,,,,,,,,,,20.013
9935,4.279,4.676,11.32,3.339,,,,,,,,,,,,,47.973
9936,4.279,4.676,11.32,3.339,,,,,,,,,,,,,3.883
9937,4.279,4.676,11.32,3.339,,,,,,,,,,,,,8.963
9938,4.279,4.676,11.32,3.339,,,,,,,,,,,,,18.998
9942,4.279,4.676,11.32,3.339,,,,,,,,,,,,,21.332
9943,4.279,4.676,11.32,3.339,,,,,,,,,,,,,18.702
9944,4.279,4.676,11.32,3.339,,,,,,,,,,,,,21.198
9945,4.279,4.676,11.32,3.339,,,,,,,,,,,,,18.486
9946,4.279,4.676,11.32,3.339,,,,,,,,,,,,,23.785
9947,4.279,4.676,11.32,3.339,,,,,,,,,,,,,16.393
9948,4.279,4.676,11.32,3.339,,,,,,,,,,,,,20.07
9949,4.279,4.676,11.32,3.339,,,,,,,,,,,,,19.954
9950,4.279,4.676,11.32,3.339,,,,,,,,,,,,,20.941
9951,4.279,4.676,11.32,3.339,,,,,,,,,,,,,18.918
9952,4.279,4.676,11.32,3.339,,,,,,,,,,,,,20.032
9953,4.279,4.676,11.32,3.339,,,,,,,,,,,,,19.95
9954,4.279,4.676,11.32,3.339,,,,,,,,,,,,,20.969
9955,4.279,4.676,11.32,3.339,,,,,,,,,,,,,19.194
9956,4.279,4.676,11.32,3.339,,,,,,,,,,,,,20.355
9957,4.279,4.676,11.32,3.339,,,,,,,,,,,,,19.562
9959,4.279,4.676,11.32,3.339,,,,,,,,,,,,,21.919
9960,4.279,4.676,11.32,3.339,,,,,,,,,,,,,17.944
9961,4.279,4.676,11.32,3.339,,,,,,,,,,,,,20.049
9962,4.279,4.676,11.32,3.339,,,,,,,,,,,,,20.4
9963,4.279,4.676,11.32,3.339,,,,,,,,,,,,,19.779
9964,4.279,4.676,11.32,3.339,,,,,,,,,,,,,24.411
9965,4.279,4.676,11.32,3.339,,,,,,,,,,,,,15.54
9969,4.279,4.676,11.32,3.339,,,,,,,,,,,,,28.362
9971,4.279,4.676,11.32,3.339,,,,,,,,,,,,,20.723
9972,4.279,4.676,11.32,3.339,,,,,,,,,,,,,19.464
9973,4.279,4.676,11.32,3.339,,,,,,,,,,,,,19.972
9974,4.279,4.676,11.32,3.339,,,,,,,,,,,,,20
9975,4.279,4.676,11.32,3.339,,,,,,,,,,,,,20.08
9976,4.279,4.676,11.32,3.339,,,,,,,,,,,,,20.089
9977,4.279,4.676,11.32,3.339,,,,,,,,,,,,,19.728
9978,4.279,4.676,11.32,3.339,,,,,,,,,,,,,21.227
9979,4.279,4.676,11.32,3.339,,,,,,,,,,,,,19.753
9980,4.279,4.676,11.32,3.339,,,,,,,,,,,,,20.021
9981,4.279,4.676,11.32,3.339,,,,,,,,,,,,,20.29
9982,4.279,4.676,11.32,3.339,,,,,,,,,,,,,19.849
9985,4.279,4.676,11.32,3.339,,,,,,,,,,,,,24.277
9986,4.279,4.676,11.32,3.339,,,,,,,,,,,,,15.77
9987,4.279,4.676,11.32,3.339,,,,,,,,,,,,,21.796
9988,4.279,4.676,11.32,3.339,,,,,,,,,,,,,18.344
9989,4.279,4.676,11.32,3.339,,,,,,,,,,,,,19.965
9990,4.279,4.675,11.32,3.339,,,,,,,,,,,,,21.898
9991,4.279,4.676,11.32,3.339,,,,,,,,,,,,,17.98
9992,4.279,4.676,11.32,3.339,,,,,,,,,,,,,19.949
9993,4.279,4.676,11.32,3.339,,,,,,,,,,,,,21.846
9994,4.279,4.676,11.32,3.339,,,,,,,,,,,,,18.161
9995,4.279,4.676,11.32,3.339,,,,,,,,,,,,,26.805
9996,4.279,4.676,11.32,3.339,,,,,,,,,,,,,23.637
9997,4.279,4.676,11.32,3.339,,,,,,,,,,,,,9.886
9998,4.279,4.675,11.32,3.339,,,,,,,,,,,,,19.994
9999,4.279,4.676,11.32,3.339,,,,,,,,,,,,,19.683
10001,4.279,4.676,11.32,3.339,,,,,,,,,,,,,20.092
10002,4.279,4.676,11.32,3.339,,,,,,,,,,,,,19.825
10003,4.279,4.676,11.32,3.339,,,,,,,,,,,,,20.281
10005,4.279,4.676,11.32,3.339,,,,,,,,,,,,,20.084
10006,4.279,4.676,11.32,3.339,,,,,,,,,,,,,23.385
10007,4.279,4.676,11.32,3.339,,,,,,,,,,,,,16.84
10008,4.279,4.676,11.32,3.339,,,,,,,,,,,,,19.94
10009,4.279,4.676,11.32,3.339,,,,,,,,,,,,,19.714
10010,4.279,4.676,11.32,3.339,,,,,,,,,,,,,24.351
10011,4.279,4.676,11.32,3.339,,,,,,,,,,,,,15.536
10012,4.279,4.676,11.32,3.339,,,,,,,,,,,,,20.092
10013,4.279,4.676,11.32,3.339,,,,,,,,,,,,,20.365
10014,4.279,4.676,11.32,3.339,,,,,,,,,,,,,20.051
10016,4.279,4.676,11.32,3.339,,,,,,,,,,,,,19.94
10017,4.279,4.675,11.32,3.339,,,,,,,,,,,,,21.466
10018,4.279,4.676,11.32,3.339,,,,,,,,,,,,,19.727
10019,4.279,4.676,11.32,3.339,,,,,,,,,,,,,18.695
10021,4.279,4.676,11.32,3.339,,,,,,,,,,,,,16.852
10022,4.279,4.676,11.32,3.339,,,,,,,,,,,,,50.207
10023,4.279,4.676,11.32,3.339,,,,,,,,,,,,,3.999
10024,4.279,4.676,11.32,3.339,,,,,,,,,,,,,7.073
10025,4.279,4.676,11.32,3.339,,,,,,,,,,,,,18.886
10026,4.279,4.676,11.32,3.339,,,,,,,,,,,,,19.872
10027,4.279,4.676,11.32,3.339,,,,,,,,,,,,,24.388
10028,4.279,4.676,11.32,3.339,,,,,,,,,,,,,15.37
10029,4.279,4.676,11.32,3.339,,,,,,,,,,,,,21.195
10030,4.279,4.676,11.32,3.339,,,,,,,,,,,,,26.974
10031,4.279,4.676,11.32,3.339,,,,,,,,,,,,,11.996
10032,4.279,4.676,11.32,3.339,,,,,,,,,,,,,20.049
10033,4.279,4.676,11.32,3.339,,,,,,,,,,,,,20.075
10034,4.279,4.676,11.32,3.339,,,,,,,,,,,,,26.485
10036,4.279,4.676,11.32,3.339,,,,,,,,,,,,,22.104
10037,4.279,4.676,11.32,3.339,,,,,,,,,,,,,17.863
10038,4.279,4.676,11.32,3.339,,,,,,,,,,,,,20.056
10039,4.279,4.676,11.32,3.339,,,,,,,,,,,,,19.618
10040,4.279,4.676,11.32,3.339,,,,,,,,,,,,,19.465
10041,4.279,4.676,11.32,3.339,,,,,,,,,,,,,19.958
10042,4.279,4.676,11.32,3.339,,,,,,,,,,,,,20.404
10044,4.279,4.676,11.32,3.339,,,,,,,,,,,,,20.081
10045,4.279,4.676,11.32,3.339,,,,,,,,,,,,,19.807
10046,4.279,4.676,11.32,3.339,,,,,,,,,,,,,21.341
10047,4.279,4.676,11.32,3.339,,,,,,,,,,,,,18.607
10048,4.279,4.676,11.32,3.339,,,,,,,,,,,,,20.272
10049,4.279,4.676,11.32,3.339,,,,,,,,,,,,,19.929
10050,4.279,4.676,11.32,3.339,,,,,,,,,,,,,19.675
10052,4.279,4.676,11.32,3.339,,,,,,,,,,,,,20.278
10053,4.279,4.676,11.32,3.339,,,,,,,,,,,,,19.983
10054,4.279,4.676,11.32,3.339,,,,,,,,,,,,,24.808
10055,4.279,4.676,11.32,3.339,,,,,,,,,,,,,17.689
10056,4.279,4.676,11.32,3.339,,,,,,,,,,,,,17.358
10057,4.279,4.676,11.32,3.339,,,,,,,,,,,,,20.232
10058,4.279,4.676,11.32,3.339,,,,,,,,,,,,,20.002
10059,4.279,4.676,11.32,3.339,,,,,,,,,,,,,25.19
10060,4.279,4.676,11.32,3.339,,,,,,,,,,,,,17.812
10061,4.279,4.676,11.32,3.339,,,,,,,,,,,,,18.123
10062,4.279,4.676,11.32,3.339,,,,,,,,,,,,,18.894
10063,4.279,4.675,11.32,3.339,,,,,,,,,,,,,20.185
10064,4.279,4.676,11.32,3.339,,,,,,,,,,,,,19.584
10065,4.279,4.676,11.32,3.339,,,,,,,,,,,,,19.937
10066,4.279,4.676,11.32,3.339,,,,,,,,,,,,,19.974
10067,4.279,4.675,11.32,3.339,,,,,,,,,,,,,21.469
10068,4.279,4.676,11.32,3.339,,,,,,,,,,,,,22.599
10069,4.279,4.676,11.32,3.339,,,,,,,,,,,,,16.227
10073,4.279,4.676,11.32,3.339,,,,,,,,,,,,,20.126
10074,4.279,4.676,11.32,3.339,,,,,,,,,,,,,19.782
10075,4.279,4.676,11.32,3.339,,,,,,,,,,,,,20.091
10076,4.279,4.676,11.32,3.339,,,,,,,,,,,,,21.933
10078,4.279,4.676,11.32,3.339,,,,,,,,,,,,,21.051
10079,4.279,4.676,11.32,3.339,,,,,,,,,,,,,19.922
10080,4.279,4.676,11.32,3.339,,,,,,,,,,,,,19.99
10081,4.279,4.676,11.32,3.339,,,,,,,,,,,,,19.948
10082,4.279,4.676,11.32,3.339,,,,,,,,,,,,,19.965
10083,4.279,4.675,11.32,3.339,,,,,,,,,,,,,20.109
10084,4.279,4.675,11.32,3.339,,,,,,,,,,,,,19.999
10085,4.279,4.676,11.32,3.339,,,,,,,,,,,,,42.199
10086,4.279,4.676,11.32,3.339,,,,,,,,,,,,,3.957
10087,4.279,4.676,11.32,3.339,,,,,,,,,,,,,13.871
10088,4.279,4.676,11.32,3.339,,,,,,,,,,,,,19.936
10089,4.279,4.676,11.32,3.339,,,,,,,,,,,,,19.981
10090,4.279,4.676,11.32,3.339,,,,,,,,,,,,,23.484
10091,4.279,4.675,11.32,3.339,,,,,,,,,,,,,16.438
10092,4.279,4.675,11.32,3.339,,,,,,,,,,,,,19.979
10093,4.279,4.676,11.32,3.339,,,,,,,,,,,,,19.969
10096,4.279,4.676,11.32,3.339,,,,,,,,,,,,,17.268
10098,4.279,4.675,11.32,3.339,,,,,,,,,,,,,20.886
10099,4.279,4.675,11.32,3.339,,,,,,,,,,,,,19.066
10100,4.279,4.675,11.32,3.339,,,,,,,,,,,,,27.147
10101,4.279,4.676,11.32,3.339,,,,,,,,,,,,,13.356
10102,4.279,4.676,11.32,3.339,,,,,,,,,,,,,19.67
10103,4.279,4.676,11.32,3.339,,,,,,,,,,,,,21.254
10105,4.279,4.676,11.32,3.339,,,,,,,,,,,,,20.217
10106,4.279,4.676,11.32,3.339,,,,,,,,,,,,,19.63
10107,4.279,4.676,11.32,3.339,,,,,,,,,,,,,20.583
10108,4.279,4.676,11.32,3.339,,,,,,,,,,,,,19.398
10109,4.279,4.676,11.32,3.339,,,,,,,,,,,,,24.422
10110,4.279,4.676,11.32,3.339,,,,,,,,,,,,,15.839
10111,4.279,4.676,11.32,3.339,,,,,,,,,,,,,19.919
10112,4.279,4.676,11.32,3.339,,,,,,,,,,,,,20.491
10113,4.279,4.676,11.32,3.339,,,,,,,,,,,,,22.19
10114,4.279,4.676,11.32,3.339,,,,,,,,,,,,,17.231
10115,4.279,4.676,11.32,3.339,,,,,,,,,,,,,21.751
10116,4.279,4.676,11.32,3.339,,,,,,,,,,,,,22.799
10117,4.279,4.676,11.32,3.339,,,,,,,,,,,,,15.417
10118,4.279,4.675,11.32,3.339,,,,,,,,,,,,,43.177
10119,4.279,4.675,11.32,3.339,,,,,,,,,,,,,3.764
10121,4.279,4.676,11.32,3.339,,,,,,,,,,,,,27.136
10122,4.279,4.676,11.32,3.339,,,,,,,,,,,,,13.372
10123,4.279,4.676,11.32,3.339,,,,,,,,,,,,,19.648
10127,4.279,4.676,11.32,3.339,,,,,,,,,,,,,19.962
10128,4.279,4.676,11.32,3.339,,,,,,,,,,,,,19.978
10129,4.279,4.676,11.32,3.339,,,,,,,,,,,,,20.221
10130,4.279,4.676,11.32,3.339,,,,,,,,,,,,,19.748
10131,4.279,4.676,11.32,3.339,,,,,,,,,,,,,20.201
10132,4.279,4.676,11.32,3.339,,,,,,,,,,,,,21.995
10133,4.279,4.676,11.32,3.339,,,,,,,,,,,,,17.662
10134,4.279,4.676,11.32,3.339,,,,,,,,,,,,,21.398
10135,4.279,4.676,11.32,3.339,,,,,,,,,,,,,18.804
10136,4.279,4.676,11.32,3.339,,,,,,,,,,,,,30.4
10137,4.279,4.676,11.32,3.339,,,,,,,,,,,,,9.994
10138,4.279,4.676,11.32,3.339,,,,,,,,,,,,,19.53
10139,4.279,4.676,11.32,3.339,,,,,,,,,,,,,20.258
10140,4.279,4.676,11.32,3.339,,,,,,,,,,,,,22.509
10141,4.279,4.675,11.32,3.339,,,,,,,,,,,,,17.143
10142,4.279,4.675,11.32,3.339,,,,,,,,,,,,,20.228
10143,4.279,4.676,11.32,3.339,,,,,,,,,,,,,19.953
10144,4.279,4.676,11.32,3.339,,,,,,,,,,,,,21.415
10145,4.279,4.676,11.32,3.339,,,,,,,,,,,,,18.514
10146,4.279,4.676,11.32,3.339,,,,,,,,,,,,,21.518
10147,4.279,4.676,11.32,3.339,,,,,,,,,,,,,21.068
10148,4.279,4.676,11.32,3.339,,,,,,,,,,,,,17.863
10149,4.279,4.676,11.32,3.339,,,,,,,,,,,,,19.945
10150,4.279,4.676,11.32,3.339,,,,,,,,,,,,,19.759
10151,4.279,4.676,11.32,3.339,,,,,,,,,,,,,20.454
10152,4.279,4.676,11.32,3.339,,,,,,,,,,,,,22.533
10153,4.279,4.676,11.32,3.339,,,,,,,,,,,,,16.876
10154,4.279,4.676,11.32,3.339,,,,,,,,,,,,,54.353
10155,4.279,4.676,11.32,3.339,,,,,,,,,,,,,4.791
10156,4.279,4.676,11.32,3.339,,,,,,,,,,,,,5.405
10157,4.279,4.676,11.32,3.339,,,,,,,,,,,,,15.566
10158,4.279,4.676,11.32,3.339,,,,,,,,,,,,,20.065
10159,4.279,4.676,11.32,3.339,,,,,,,,,,,,,19.89
10160,4.279,4.676,11.32,3.339,,,,,,,,,,,,,20.207
10161,4.279,4.676,11.32,3.339,,,,,,,,,,,,,22.019
10162,4.279,4.676,11.32,3.339,,,,,,,,,,,,,17.968
10163,4.279,4.676,11.32,3.339,,,,,,,,,,,,,19.676
10164,4.279,4.676,11.32,3.339,,,,,,,,,,,,,20.08
10166,4.279,4.676,11.32,3.339,,,,,,,,,,,,,19.943
10167,4.279,4.676,11.32,3.339,,,,,,,,,,,,,20.239
10168,4.279,4.676,11.32,3.339,,,,,,,,,,,,,21.274
10169,4.279,4.676,11.32,3.339,,,,,,,,,,,,,18.677
10170,4.279,4.676,11.32,3.339,,,,,,,,,,,,,19.974
10171,4.279,4.675,11.32,3.339,,,,,,,,,,,,,19.954
10172,4.279,4.675,11.32,3.339,,,,,,,,,,,,,20.216
10173,4.279,4.675,11.32,3.339,,,,,,,,,,,,,22.284
10174,4.279,4.676,11.32,3.339,,,,,,,,,,,,,17.832
10175,4.279,4.676,11.32,3.339,,,,,,,,,,,,,20.127
10176,4.279,4.676,11.32,3.339,,,,,,,,,,,,,19.662
10177,4.279,4.676,11.32,3.339,,,,,,,,,,,,,21.041
10178,4.279,4.676,11.32,3.339,,,,,,,,,,,,,19.924
10179,4.279,4.676,11.32,3.339,,,,,,,,,,,,,19.943
10180,4.279,4.676,11.32,3.339,,,,,,,,,,,,,20.438
10181,4.279,4.676,11.32,3.339,,,,,,,,,,,,,19.537
10182,4.279,4.676,11.32,3.339,,,,,,,,,,,,,21.646
10183,4.279,4.676,11.32,3.339,,,,,,,,,,,,,18.531
10184,4.279,4.676,11.32,3.339,,,,,,,,,,,,,20.479
10185,4.279,4.676,11.32,3.339,,,,,,,,,,,,,19.562
10186,4.279,4.676,11.32,3.339,,,,,,,,,,,,,19.838
10187,4.279,4.676,11.32,3.339,,,,,,,,,,,,,21.316
10188,4.279,4.676,11.32,3.339,,,,,,,,,,,,,18.664
10190,4.279,4.676,11.32,3.339,,,,,,,,,,,,,14.554
10191,4.279,4.675,11.32,3.339,,,,,,,,,,,,,6.409
10192,4.279,4.675,11.32,3.339,,,,,,,,,,,,,19.712
10193,4.279,4.676,11.32,3.339,,,,,,,,,,,,,19.987
10194,4.279,4.676,11.32,3.339,,,,,,,,,,,,,19.953
10195,4.279,4.676,11.32,3.339,,,,,,,,,,,,,19.98
10197,4.279,4.676,11.32,3.339,,,,,,,,,,,,,21.335
10198,4.279,4.676,11.32,3.339,,,,,,,,,,,,,19.979
10199,4.279,4.676,11.32,3.339,,,,,,,,,,,,,21.235
10200,4.279,4.676,11.32,3.339,,,,,,,,,,,,,18.086
10202,4.279,4.676,11.32,3.339,,,,,,,,,,,,,19.962
10203,4.279,4.676,11.32,3.339,,,,,,,,,,,,,20.528
10204,4.279,4.676,11.32,3.339,,,,,,,,,,,,,19.454
10206,4.279,4.676,11.32,3.339,,,,,,,,,,,,,18.67
10207,4.279,4.676,11.32,3.339,,,,,,,,,,,,,20.296
10208,4.279,4.676,11.32,3.339,,,,,,,,,,,,,21.471
10209,4.279,4.676,11.32,3.339,,,,,,,,,,,,,18.7
10210,4.279,4.676,11.32,3.339,,,,,,,,,,,,,19.655
10211,4.279,4.676,11.32,3.339,,,,,,,,,,,,,21.025
10212,4.279,4.676,11.32,3.339,,,,,,,,,,,,,18.932
10213,4.279,4.676,11.32,3.339,,,,,,,,,,,,,20.016
10214,4.279,4.676,11.32,3.339,,,,,,,,,,,,,19.898
10215,4.279,4.676,11.32,3.339,,,,,,,,,,,,,20.273
10216,4.279,4.676,11.32,3.339,,,,,,,,,,,,,19.879
10217,4.279,4.676,11.32,3.339,,,,,,,,,,,,,20.046
10218,4.279,4.675,11.32,3.339,,,,,,,,,,,,,20.027
10219,4.279,4.675,11.32,3.339,,,,,,,,,,,,,19.909
10220,4.279,4.676,11.32,3.339,,,,,,,,,,,,,19.943
10221,4.279,4.676,11.32,3.339,,,,,,,,,,,,,22.325
10222,4.279,4.676,11.32,3.339,,,,,,,,,,,,,17.64
10223,4.279,4.676,11.32,3.339,,,,,,,,,,,,,38.141
10224,4.279,4.676,11.32,3.339,,,,,,,,,,,,,4.111
10225,4.279,4.676,11.32,3.339,,,,,,,,,,,,,17.89
10226,4.279,4.675,11.32,3.339,,,,,,,,,,,,,22.559
10227,4.279,4.675,11.32,3.339,,,,,,,,,,,,,17.734
10228,4.279,4.676,11.32,3.339,,,,,,,,,,,,,20.076
10231,4.279,4.676,11.32,3.339,,,,,,,,,,,,,15.987
10232,4.279,4.676,11.32,3.339,,,,,,,,,,,,,19.815
10233,4.279,4.676,11.32,3.339,,,,,,,,,,,,,20.017
10234,4.279,4.676,11.32,3.339,,,,,,,,,,,,,20.943
10235,4.279,4.676,11.32,3.339,,,,,,,,,,,,,18.956
10236,4.279,4.676,11.32,3.339,,,,,,,,,,,,,20.896
10237,4.279,4.676,11.32,3.339,,,,,,,,,,,,,22.435
10238,4.279,4.676,11.32,3.339,,,,,,,,,,,,,16.589
10239,4.279,4.676,11.32,3.339,,,,,,,,,,,,,20.201
10243,4.279,4.676,11.32,3.339,,,,,,,,,,,,,19.953
10244,4.279,4.676,11.32,3.339,,,,,,,,,,,,,19.972
10245,4.279,4.676,11.32,3.339,,,,,,,,,,,,,19.975
10247,4.279,4.676,11.32,3.339,,,,,,,,,,,,,24.852
10248,4.279,4.675,11.32,3.339,,,,,,,,,,,,,15.369
10249,4.279,4.675,11.32,3.339,,,,,,,,,,,,,19.909
10250,4.279,4.675,11.32,3.339,,,,,,,,,,,,,19.966
10251,4.279,4.676,11.32,3.339,,,,,,,,,,,,,20.546
10252,4.279,4.676,11.32,3.339,,,,,,,,,,,,,27.151
10253,4.279,4.676,11.32,3.339,,,,,,,,,,,,,12.215
10254,4.279,4.676,11.32,3.339,,,,,,,,,,,,,20.214
10255,4.279,4.676,11.32,3.339,,,,,,,,,,,,,20.122
10256,4.279,4.676,11.32,3.339,,,,,,,,,,,,,21.172
10257,4.279,4.676,11.32,3.339,,,,,,,,,,,,,41.166
10258,4.279,4.676,11.32,3.339,,,,,,,,,,,,,14.348
10259,4.279,4.676,11.32,3.339,,,,,,,,,,,,,3.979
10260,4.279,4.676,11.32,3.339,,,,,,,,,,,,,20.837
10261,4.279,4.676,11.32,3.339,,,,,,,,,,,,,18.138
10262,4.279,4.676,11.32,3.339,,,,,,,,,,,,,20.04
10263,4.279,4.676,11.32,3.339,,,,,,,,,,,,,19.939
10264,4.279,4.676,11.32,3.339,,,,,,,,,,,,,20.969
10266,4.279,4.676,11.32,3.339,,,,,,,,,,,,,19.4
10267,4.279,4.675,11.32,3.339,,,,,,,,,,,,,20.123
10268,4.279,4.676,11.32,3.339,,,,,,,,,,,,,22.67
10269,4.279,4.676,11.32,3.339,,,,,,,,,,,,,17.363
10270,4.279,4.676,11.32,3.339,,,,,,,,,,,,,19.952
10271,4.279,4.676,11.32,3.339,,,,,,,,,,,,,19.782
10272,4.279,4.676,11.32,3.339,,,,,,,,,,,,,20.184
10273,4.279,4.676,11.32,3.339,,,,,,,,,,,,,23.483
10274,4.279,4.676,11.32,3.339,,,,,,,,,,,,,16.442
10275,4.279,4.676,11.32,3.339,,,,,,,,,,,,,21.525
10276,4.279,4.676,11.32,3.339,,,,,,,,,,,,,18.408
10278,4.279,4.676,11.32,3.339,,,,,,,,,,,,,22.23
10279,4.279,4.676,11.32,3.339,,,,,,,,,,,,,17.05
10280,4.279,4.676,11.32,3.339,,,,,,,,,,,,,20.221
10281,4.279,4.676,11.32,3.339,,,,,,,,,,,,,19.946
10282,4.279,4.676,11.32,3.339,,,,,,,,,,,,,19.957
10283,4.279,4.676,11.32,3.339,,,,,,,,,,,,,21.425
10284,4.279,4.676,11.32,3.339,,,,,,,,,,,,,44.433
10285,4.279,4.676,11.32,3.339,,,,,,,,,,,,,3.999
10286,4.279,4.676,11.32,3.339,,,,,,,,,,,,,10.049
10289,4.279,4.676,11.32,3.339,,,,,,,,,,,,,19.844
10290,4.279,4.676,11.32,3.339,,,,,,,,,,,,,21.309
10291,4.279,4.675,11.32,3.339,,,,,,,,,,,,,19.084
10293,4.279,4.676,11.32,3.339,,,,,,,,,,,,,49.373
10294,4.279,4.676,11.32,3.339,,,,,,,,,,,,,4.703
10295,4.279,4.676,11.32,3.339,,,,,,,,,,,,,4.754
10296,4.279,4.676,11.32,3.339,,,,,,,,,,,,,17.031
10297,4.279,4.676,11.32,3.339,,,,,,,,,,,,,18.921
10300,4.279,4.676,11.32,3.339,,,,,,,,,,,,,19.966
10301,4.279,4.676,11.32,3.339,,,,,,,,,,,,,20.058
10302,4.279,4.676,11.32,3.339,,,,,,,,,,,,,20.025
10303,4.279,4.676,11.32,3.339,,,,,,,,,,,,,19.887
10304,4.279,4.676,11.32,3.339,,,,,,,,,,,,,19.418
10305,4.279,4.676,11.32,3.339,,,,,,,,,,,,,20.755
10306,4.279,4.676,11.32,3.339,,,,,,,,,,,,,19.935
10307,4.279,4.676,11.32,3.339,,,,,,,,,,,,,21.182
10308,4.279,4.676,11.32,3.339,,,,,,,,,,,,,18.749
10310,4.279,4.676,11.32,3.339,,,,,,,,,,,,,19.31
10311,4.279,4.676,11.32,3.339,,,,,,,,,,,,,20.671
10312,4.279,4.676,11.32,3.339,,,,,,,,,,,,,20.202
10313,4.279,4.676,11.32,3.339,,,,,,,,,,,,,19.978
10314,4.279,4.676,11.32,3.339,,,,,,,,,,,,,19.972
10315,4.279,4.676,11.32,3.339,,,,,,,,,,,,,22.139
10316,4.279,4.676,11.32,3.339,,,,,,,,,,,,,17.824
10317,4.279,4.676,11.32,3.339,,,,,,,,,,,,,19.905
10318,4.279,4.676,11.32,3.339,,,,,,,,,,,,,20.21
10320,4.279,4.676,11.32,3.339,,,,,,,,,,,,,21.841
10321,4.279,4.676,11.32,3.339,,,,,,,,,,,,,18.28
10322,4.279,4.676,11.32,3.339,,,,,,,,,,,,,19.913
10323,4.279,4.676,11.32,3.339,,,,,,,,,,,,,20.223
10324,4.279,4.676,11.32,3.339,,,,,,,,,,,,,19.735
10325,4.279,4.675,11.32,3.339,,,,,,,,,,,,,25.352
10326,4.279,4.676,11.32,3.339,,,,,,,,,,,,,14.841
10327,4.279,4.676,11.32,3.339,,,,,,,,,,,,,19.682
10328,4.279,4.676,11.32,3.339,,,,,,,,,,,,,47.161
10329,4.279,4.676,11.32,3.339,,,,,,,,,,,,,3.701
10330,4.279,4.676,11.32,3.339,,,,,,,,,,,,,14.631
10332,4.279,4.676,11.32,3.339,,,,,,,,,,,,,20.611
10333,4.279,4.676,11.32,3.339,,,,,,,,,,,,,22.024
10334,4.279,4.676,11.32,3.339,,,,,,,,,,,,,20.992
10335,4.279,4.676,11.32,3.339,,,,,,,,,,,,,23.952
10336,4.279,4.676,11.32,3.339,,,,,,,,,,,,,12.647
10337,4.279,4.676,11.32,3.339,,,,,,,,,,,,,19.993
10338,4.279,4.676,11.32,3.339,,,,,,,,,,,,,19.838
10339,4.279,4.676,11.32,3.339,,,,,,,,,,,,,20.216
10340,4.279,4.676,11.32,3.339,,,,,,,,,,,,,21.768
10341,4.279,4.676,11.32,3.339,,,,,,,,,,,,,17.997
10342,4.279,4.676,11.32,3.339,,,,,,,,,,,,,19.899
10343,4.279,4.676,11.32,3.339,,,,,,,,,,,,,19.998
10344,4.279,4.676,11.32,3.339,,,,,,,,,,,,,20.193
10345,4.279,4.676,11.32,3.339,,,,,,,,,,,,,19.95
10346,4.279,4.676,11.32,3.339,,,,,,,,,,,,,20.382
10347,4.279,4.676,11.32,3.339,,,,,,,,,,,,,19.548
10348,4.279,4.676,11.32,3.339,,,,,,,,,,,,,20.255
10349,4.279,4.676,11.32,3.339,,,,,,,,,,,,,19.766
10350,4.279,4.676,11.32,3.339,,,,,,,,,,,,,19.954
10352,4.279,4.675,11.32,3.339,,,,,,,,,,,,,20.02
10353,4.279,4.675,11.32,3.339,,,,,,,,,,,,,19.994
10354,4.279,4.675,11.32,3.339,,,,,,,,,,,,,24.184
10355,4.279,4.676,11.32,3.339,,,,,,,,,,,,,15.593
10356,4.279,4.676,11.32,3.339,,,,,,,,,,,,,20.444
10357,4.279,4.676,11.32,3.339,,,,,,,,,,,,,37.434
10358,4.279,4.676,11.32,3.339,,,,,,,,,,,,,4.126
10359,4.279,4.676,11.32,3.339,,,,,,,,,,,,,17.88
10360,4.279,4.676,11.32,3.339,,,,,,,,,,,,,20.265
10361,4.279,4.676,11.32,3.339,,,,,,,,,,,,,20.052
10362,4.279,4.676,11.32,3.339,,,,,,,,,,,,,32.146
10363,4.279,4.676,11.32,3.339,,,,,,,,,,,,,14.535
10364,4.279,4.676,11.32,3.339,,,,,,,,,,,,,13.13
10365,4.279,4.676,11.32,3.339,,,,,,,,,,,,,20.087
10367,4.279,4.676,11.32,3.339,,,,,,,,,,,,,19.816
10368,4.279,4.676,11.32,3.339,,,,,,,,,,,,,19.557
10369,4.279,4.676,11.32,3.339,,,,,,,,,,,,,19.925
10371,4.279,4.676,11.32,3.339,,,,,,,,,,,,,19.989
10372,4.279,4.676,11.32,3.339,,,,,,,,,,,,,22.827
10373,4.279,4.676,11.32,3.339,,,,,,,,,,,,,17.242
10374,4.279,4.676,11.32,3.339,,,,,,,,,,,,,25.478
10375,4.279,4.676,11.32,3.339,,,,,,,,,,,,,16.374
10376,4.279,4.675,11.32,3.339,,,,,,,,,,,,,18.446
10377,4.279,4.675,11.32,3.339,,,,,,,,,,,,,20.75
10378,4.279,4.676,11.32,3.339,,,,,,,,,,,,,24.962
10379,4.279,4.676,11.32,3.339,,,,,,,,,,,,,14.998
10380,4.279,4.676,11.32,3.339,,,,,,,,,,,,,19.918
10382,4.279,4.676,11.32,3.339,,,,,,,,,,,,,19.976
10385,4.279,4.676,11.32,3.339,,,,,,,,,,,,,20.363
10387,4.279,4.675,11.32,3.339,,,,,,,,,,,,,20.222
10388,4.279,4.675,11.32,3.339,,,,,,,,,,,,,40.767
10389,4.279,4.676,11.32,3.339,,,,,,,,,,,,,4.203
10392,4.279,4.676,11.32,3.339,,,,,,,,,,,,,19.964
10393,4.279,4.676,11.32,3.339,,,,,,,,,,,,,21.219
10394,4.279,4.676,11.32,3.339,,,,,,,,,,,,,18.841
10395,4.279,4.675,11.32,3.339,,,,,,,,,,,,,19.817
10396,4.279,4.675,11.32,3.339,,,,,,,,,,,,,20.04
10398,4.279,4.676,11.32,3.339,,,,,,,,,,,,,23.54
10399,4.279,4.676,11.32,3.339,,,,,,,,,,,,,16.487
10400,4.279,4.676,11.32,3.339,,,,,,,,,,,,,20.052
10401,4.279,4.676,11.32,3.339,,,,,,,,,,,,,20.566
10402,4.279,4.676,11.32,3.339,,,,,,,,,,,,,19.63
10403,4.279,4.676,11.32,3.339,,,,,,,,,,,,,25.457
10404,4.279,4.676,11.32,3.339,,,,,,,,,,,,,14.597
10405,4.279,4.676,11.32,3.339,,,,,,,,,,,,,19.945
10406,4.279,4.676,11.32,3.339,,,,,,,,,,,,,19.729
10407,4.279,4.676,11.32,3.339,,,,,,,,,,,,,19.954
10408,4.279,4.676,11.32,3.339,,,,,,,,,,,,,20.344
10409,4.279,4.676,11.32,3.339,,,,,,,,,,,,,19.929
10410,4.279,4.676,11.32,3.339,,,,,,,,,,,,,19.944
10411,4.279,4.676,11.32,3.339,,,,,,,,,,,,,20.121
10412,4.279,4.676,11.32,3.339,,,,,,,,,,,,,19.759
10413,4.279,4.676,11.32,3.339,,,,,,,,,,,,,19.951
10414,4.279,4.676,11.32,3.339,,,,,,,,,,,,,22.827
10415,4.279,4.676,11.32,3.339,,,,,,,,,,,,,18.673
10416,4.279,4.676,11.32,3.339,,,,,,,,,,,,,18.825
10417,4.279,4.676,11.32,3.339,,,,,,,,,,,,,19.837
10418,4.279,4.676,11.32,3.339,,,,,,,,,,,,,19.954
10419,4.279,4.676,11.32,3.339,,,,,,,,,,,,,31.199
10420,4.279,4.676,11.32,3.339,,,,,,,,,,,,,17.29
10424,4.279,4.676,11.32,3.339,,,,,,,,,,,,,24.874
10425,4.279,4.676,11.32,3.339,,,,,,,,,,,,,15.084
10426,4.279,4.675,11.32,3.339,,,,,,,,,,,,,20.142
10427,4.279,4.675,11.32,3.339,,,,,,,,,,,,,19.949
10428,4.279,4.676,11.32,3.339,,,,,,,,,,,,,19.809
10429,4.279,4.676,11.32,3.339,,,,,,,,,,,,,20.01
10430,4.279,4.675,11.32,3.339,,,,,,,,,,,,,20.608
10431,4.279,4.675,11.32,3.339,,,,,,,,,,,,,19.669
10432,4.279,4.676,11.32,3.339,,,,,,,,,,,,,21.246
10433,4.279,4.676,11.32,3.339,,,,,,,,,,,,,22.177
10434,4.279,4.676,11.32,3.339,,,,,,,,,,,,,17.149
10436,4.279,4.676,11.32,3.339,,,,,,,,,,,,,20.097
10437,4.279,4.675,11.32,3.339,,,,,,,,,,,,,23.166
10438,4.279,4.675,11.32,3.339,,,,,,,,,,,,,16.873
10439,4.279,4.676,11.32,3.339,,,,,,,,,,,,,24.926
10440,4.279,4.676,11.32,3.339,,,,,,,,,,,,,18.156
10441,4.279,4.676,11.32,3.339,,,,,,,,,,,,,16.857
10442,4.279,4.676,11.32,3.339,,,,,,,,,,,,,19.952
10443,4.279,4.676,11.32,3.339,,,,,,,,,,,,,23.577
10444,4.279,4.676,11.32,3.339,,,,,,,,,,,,,16.516
10445,4.279,4.676,11.32,3.339,,,,,,,,,,,,,19.798
10446,4.279,4.676,11.32,3.339,,,,,,,,,,,,,20.036
10450,4.279,4.676,11.32,3.339,,,,,,,,,,,,,19.933
10452,4.279,4.676,11.32,3.339,,,,,,,,,,,,,14.291
10453,4.279,4.676,11.32,3.339,,,,,,,,,,,,,20.642
10454,4.279,4.676,11.32,3.339,,,,,,,,,,,,,19.699
10456,4.279,4.676,11.32,3.339,,,,,,,,,,,,,21.276
10457,4.279,4.676,11.32,3.339,,,,,,,,,,,,,18.844
10458,4.279,4.676,11.32,3.339,,,,,,,,,,,,,20.977
10459,4.279,4.676,11.32,3.339,,,,,,,,,,,,,19.112
10460,4.279,4.676,11.32,3.339,,,,,,,,,,,,,20.227
10461,4.279,4.676,11.32,3.339,,,,,,,,,,,,,22.969
10463,4.279,4.676,11.32,3.339,,,,,,,,,,,,,20.019
10464,4.279,4.676,11.32,3.339,,,,,,,,,,,,,21.027
10465,4.279,4.676,11.32,3.339,,,,,,,,,,,,,18.957
10466,4.279,4.676,11.32,3.339,,,,,,,,,,,,,21.738
10467,4.279,4.676,11.32,3.339,,,,,,,,,,,,,16.909
10468,4.279,4.676,11.32,3.339,,,,,,,,,,,,,21.472
10469,4.279,4.676,11.32,3.339,,,,,,,,,,,,,20.108
10470,4.279,4.676,11.32,3.339,,,,,,,,,,,,,19.993
10471,4.279,4.675,11.32,3.339,,,,,,,,,,,,,19.832
10472,4.279,4.676,11.32,3.339,,,,,,,,,,,,,21.317
10473,4.279,4.676,11.32,3.339,,,,,,,,,,,,,19.239
10474,4.279,4.676,11.32,3.339,,,,,,,,,,,,,20.908
10478,4.279,4.676,11.32,3.339,,,,,,,,,,,,,15.646
10479,4.279,4.675,11.32,3.339,,,,,,,,,,,,,19.317
10480,4.279,4.676,11.32,3.339,,,,,,,,,,,,,19.609
10481,4.279,4.676,11.32,3.339,,,,,,,,,,,,,20.211
10482,4.279,4.676,11.32,3.339,,,,,,,,,,,,,20.128
10486,4.279,4.676,11.32,3.339,,,,,,,,,,,,,19.907
10489,4.279,4.676,11.32,3.339,,,,,,,,,,,,,20.486
10490,4.279,4.676,11.32,3.339,,,,,,,,,,,,,19.69
10491,4.279,4.676,11.32,3.339,,,,,,,,,,,,,20.185
10492,4.279,4.676,11.32,3.339,,,,,,,,,,,,,19.948
10493,4.279,4.676,11.32,3.339,,,,,,,,,,,,,19.859
10497,4.279,4.676,11.32,3.339,,,,,,,,,,,,,20.383
10498,4.279,4.676,11.32,3.339,,,,,,,,,,,,,19.679
10499,4.279,4.676,11.32,3.339,,,,,,,,,,,,,21.145
10500,4.279,4.676,11.32,3.339,,,,,,,,,,,,,18.833
10501,4.279,4.676,11.32,3.339,,,,,,,,,,,,,20.095
10502,4.279,4.676,11.32,3.339,,,,,,,,,,,,,21.096
10503,4.279,4.676,11.32,3.339,,,,,,,,,,,,,18.824
10504,4.279,4.676,11.32,3.339,,,,,,,,,,,,,45.579
10506,4.279,4.676,11.32,3.339,,,,,,,,,,,,,12.86
10507,4.279,4.675,11.32,3.339,,,,,,,,,,,,,23.523
10508,4.279,4.675,11.32,3.339,,,,,,,,,,,,,14.053
10509,4.279,4.676,11.32,3.339,,,,,,,,,,,,,21.157
10510,4.279,4.676,11.32,3.339,,,,,,,,,,,,,19.057
10511,4.279,4.676,11.32,3.339,,,,,,,,,,,,,20.999
10513,4.279,4.676,11.32,3.339,,,,,,,,,,,,,21.26
10514,4.279,4.675,11.32,3.339,,,,,,,,,,,,,22.261
10515,4.279,4.675,11.32,3.339,,,,,,,,,,,,,16.351
10516,4.279,4.676,11.32,3.339,,,,,,,,,,,,,21.758
10519,4.279,4.676,11.32,3.339,,,,,,,,,,,,,24.887
10520,4.279,4.676,11.32,3.339,,,,,,,,,,,,,15.592
10521,4.279,4.676,11.32,3.339,,,,,,,,,,,,,21.767
10522,4.279,4.676,11.32,3.339,,,,,,,,,,,,,17.958
10523,4.279,4.676,11.32,3.339,,,,,,,,,,,,,19.917
10524,4.279,4.676,11.32,3.339,,,,,,,,,,,,,20.239
10525,4.279,4.676,11.32,3.339,,,,,,,,,,,,,19.696
10526,4.279,4.676,11.32,3.339,,,,,,,,,,,,,20.044
10527,4.279,4.676,11.32,3.339,,,,,,,,,,,,,19.884
10528,4.279,4.676,11.32,3.339,,,,,,,,,,,,,20.029
10529,4.279,4.676,11.32,3.339,,,,,,,,,,,,,20.948
10530,4.279,4.675,11.32,3.339,,,,,,,,,,,,,24.316
10531,4.279,4.675,11.32,3.339,,,,,,,,,,,,,14.933
10532,4.279,4.676,11.32,3.339,,,,,,,,,,,,,20.059
10536,4.279,4.676,11.32,3.339,,,,,,,,,,,,,21.788
10537,4.279,4.676,11.32,3.339,,,,,,,,,,,,,18.226
10538,4.279,4.676,11.32,3.339,,,,,,,,,,,,,19.665
10539,4.279,4.676,11.32,3.339,,,,,,,,,,,,,20.216
10540,4.279,4.676,11.32,3.339,,,,,,,,,,,,,20.489
10541,4.279,4.676,11.32,3.339,,,,,,,,,,,,,39.683
10542,4.279,4.676,11.32,3.339,,,,,,,,,,,,,4.128
10543,4.279,4.676,11.32,3.339,,,,,,,,,,,,,16.639
10544,4.279,4.676,11.32,3.339,,,,,,,,,,,,,18.997
10545,4.279,4.675,11.32,3.339,,,,,,,,,,,,,20.314
10546,4.279,4.675,11.32,3.339,,,,,,,,,,,,,19.774
10551,4.279,4.676,11.32,3.339,,,,,,,,,,,,,14.571
10552,4.279,4.676,11.32,3.339,,,,,,,,,,,,,19.716
10553,4.279,4.676,11.32,3.339,,,,,,,,,,,,,21.243
10554,4.279,4.676,11.32,3.339,,,,,,,,,,,,,18.86
10556,4.279,4.676,11.32,3.339,,,,,,,,,,,,,19.991
10557,4.279,4.675,11.32,3.339,,,,,,,,,,,,,20.294
10558,4.279,4.675,11.32,3.339,,,,,,,,,,,,,19.602
10559,4.279,4.676,11.32,3.339,,,,,,,,,,,,,21.232
10560,4.279,4.676,11.32,3.339,,,,,,,,,,,,,18.722
10561,4.279,4.676,11.32,3.339,,,,,,,,,,,,,20.202
10562,4.279,4.676,11.32,3.339,,,,,,,,,,,,,20.516
10563,4.279,4.676,11.32,3.339,,,,,,,,,,,,,19.655
10564,4.279,4.676,11.32,3.339,,,,,,,,,,,,,19.945
10565,4.279,4.676,11.32,3.339,,,,,,,,,,,,,19.774
10566,4.279,4.676,11.32,3.339,,,,,,,,,,,,,19.954
10567,4.279,4.676,11.32,3.339,,,,,,,,,,,,,20.157
10568,4.279,4.676,11.32,3.339,,,,,,,,,,,,,21.439
10569,4.279,4.676,11.32,3.339,,,,,,,,,,,,,19.882
10570,4.279,4.676,11.32,3.339,,,,,,,,,,,,,18.719
10571,4.279,4.676,11.32,3.339,,,,,,,,,,,,,20.041
10572,4.279,4.676,11.32,3.339,,,,,,,,,,,,,20.138
10573,4.279,4.676,11.32,3.339,,,,,,,,,,,,,41.454
10574,4.279,4.676,11.32,3.339,,,,,,,,,,,,,4.047
10575,4.279,4.675,11.32,3.339,,,,,,,,,,,,,14.724
10576,4.279,4.676,11.32,3.339,,,,,,,,,,,,,19.355
10577,4.279,4.676,11.32,3.339,,,,,,,,,,,,,28.989
10578,4.279,4.676,11.32,3.339,,,,,,,,,,,,,13.642
10579,4.279,4.676,11.32,3.339,,,,,,,,,,,,,18.947
10580,4.279,4.675,11.32,3.339,,,,,,,,,,,,,19.626
10581,4.279,4.675,11.32,3.339,,,,,,,,,,,,,23.005
10583,4.279,4.676,11.32,3.339,,,,,,,,,,,,,21.296
10584,4.279,4.676,11.32,3.339,,,,,,,,,,,,,18.747
10585,4.279,4.676,11.32,3.339,,,,,,,,,,,,,19.874
10586,4.279,4.676,11.32,3.339,,,,,,,,,,,,,21.036
10587,4.279,4.676,11.32,3.339,,,,,,,,,,,,,18.993
10588,4.279,4.676,11.32,3.339,,,,,,,,,,,,,22.574
10590,4.279,4.676,11.32,3.339,,,,,,,,,,,,,19.037
10591,4.279,4.676,11.32,3.339,,,,,,,,,,,,,19.69
10592,4.279,4.676,11.32,3.339,,,,,,,,,,,,,19.968
10594,4.279,4.676,11.32,3.339,,,,,,,,,,,,,25.236
10595,4.279,4.676,11.32,3.339,,,,,,,,,,,,,14.851
10596,4.279,4.676,11.32,3.339,,,,,,,,,,,,,19.944
10597,4.279,4.676,11.32,3.339,,,,,,,,,,,,,19.713
10598,4.279,4.676,11.32,3.339,,,,,,,,,,,,,30.495
10599,4.279,4.676,11.32,3.339,,,,,,,,,,,,,17.1
10600,4.279,4.676,11.32,3.339,,,,,,,,,,,,,12.499
10601,4.279,4.676,11.32,3.339,,,,,,,,,,,,,19.773
10602,4.279,4.676,11.32,3.339,,,,,,,,,,,,,20.503
10603,4.279,4.676,11.32,3.339,,,,,,,,,,,,,36.364
10604,4.279,4.676,11.32,3.339,,,,,,,,,,,,,6.036
10606,4.279,4.676,11.32,3.339,,,,,,,,,,,,,19.784
10607,4.279,4.676,11.32,3.339,,,,,,,,,,,,,19.917
10608,4.279,4.676,11.32,3.339,,,,,,,,,,,,,20.179
10609,4.279,4.676,11.32,3.339,,,,,,,,,,,,,19.927
10610,4.279,4.676,11.32,3.339,,,,,,,,,,,,,19.95
10611,4.279,4.676,11.32,3.339,,,,,,,,,,,,,19.703
10612,4.279,4.676,11.32,3.339,,,,,,,,,,,,,20.309
10613,4.279,4.676,11.32,3.339,,,,,,,,,,,,,19.965
10616,4.279,4.676,11.32,3.339,,,,,,,,,,,,,19.849
10617,4.279,4.676,11.32,3.339,,,,,,,,,,,,,20.392
10618,4.279,4.676,11.32,3.339,,,,,,,,,,,,,19.894
10619,4.279,4.676,11.32,3.339,,,,,,,,,,,,,23.617
10621,4.279,4.676,11.32,3.339,,,,,,,,,,,,,19.769
10622,4.279,4.676,11.32,3.339,,,,,,,,,,,,,20.094
10623,4.279,4.676,11.32,3.339,,,,,,,,,,,,,19.986
10624,4.279,4.676,11.32,3.339,,,,,,,,,,,,,19.829
10625,4.279,4.676,11.32,3.339,,,,,,,,,,,,,19.961
10626,4.279,4.676,11.32,3.339,,,,,,,,,,,,,19.971
10627,4.279,4.676,11.32,3.339,,,,,,,,,,,,,20.482
10628,4.279,4.676,11.32,3.339,,,,,,,,,,,,,19.722
10629,4.279,4.676,11.32,3.339,,,,,,,,,,,,,20.019
10630,4.279,4.676,11.32,3.339,,,,,,,,,,,,,30.955
10631,4.279,4.676,11.32,3.339,,,,,,,,,,,,,9.363
10632,4.279,4.676,11.32,3.339,,,,,,,,,,,,,19.699
10633,4.279,4.675,11.32,3.339,,,,,,,,,,,,,21.96
10634,4.279,4.676,11.32,3.339,,,,,,,,,,,,,18.111
10635,4.279,4.676,11.32,3.339,,,,,,,,,,,,,24.366
10636,4.279,4.676,11.32,3.339,,,,,,,,,,,,,15.509
10637,4.279,4.676,11.32,3.339,,,,,,,,,,,,,42.235
10638,4.279,4.676,11.32,3.339,,,,,,,,,,,,,1.629
10639,4.279,4.676,11.32,3.339,,,,,,,,,,,,,16.194
10640,4.279,4.676,11.32,3.339,,,,,,,,,,,,,21.937
10641,4.279,4.676,11.32,3.339,,,,,,,,,,,,,17.86
10642,4.279,4.676,11.32,3.339,,,,,,,,,,,,,19.986
10643,4.279,4.676,11.32,3.339,,,,,,,,,,,,,20.212
10644,4.279,4.676,11.32,3.339,,,,,,,,,,,,,20.217
10645,4.279,4.676,11.32,3.339,,,,,,,,,,,,,27.17
10646,4.279,4.676,11.32,3.339,,,,,,,,,,,,,14.32
10647,4.279,4.676,11.32,3.339,,,,,,,,,,,,,24.533
10648,4.279,4.676,11.32,3.339,,,,,,,,,,,,,13.59
10649,4.279,4.676,11.32,3.339,,,,,,,,,,,,,20.002
10650,4.279,4.676,11.32,3.339,,,,,,,,,,,,,23.75
10651,4.279,4.676,11.32,3.339,,,,,,,,,,,,,16.426
10652,4.279,4.676,11.32,3.339,,,,,,,,,,,,,19.988
10653,4.279,4.676,11.32,3.339,,,,,,,,,,,,,20.016
10654,4.279,4.676,11.32,3.339,,,,,,,,,,,,,19.89
10655,4.279,4.676,11.32,3.339,,,,,,,,,,,,,20.925
10656,4.279,4.676,11.32,3.339,,,,,,,,,,,,,19.036
10657,4.279,4.676,11.32,3.339,,,,,,,,,,,,,19.958
10658,4.279,4.676,11.32,3.339,,,,,,,,,,,,,20.749
10660,4.279,4.676,11.32,3.339,,,,,,,,,,,,,20.174
10661,4.279,4.676,11.32,3.339,,,,,,,,,,,,,19.773
10662,4.279,4.676,11.32,3.339,,,,,,,,,,,,,20.006
10663,4.279,4.676,11.32,3.339,,,,,,,,,,,,,20.442
10666,4.279,4.676,11.32,3.339,,,,,,,,,,,,,4.068
10667,4.279,4.676,11.32,3.339,,,,,,,,,,,,,18.532
10668,4.279,4.676,11.32,3.339,,,,,,,,,,,,,19.934
10669,4.279,4.676,11.32,3.339,,,,,,,,,,,,,19.996
10670,4.279,4.676,11.32,3.339,,,,,,,,,,,,,20.297
10671,4.279,4.676,11.32,3.339,,,,,,,,,,,,,23.28
10672,4.279,4.676,11.32,3.339,,,,,,,,,,,,,16.391
10673,4.279,4.676,11.32,3.339,,,,,,,,,,,,,21.991
10674,4.279,4.676,11.32,3.339,,,,,,,,,,,,,18.14
10675,4.279,4.676,11.32,3.339,,,,,,,,,,,,,19.678
10676,4.279,4.676,11.32,3.339,,,,,,,,,,,,,23.637
10678,4.279,4.676,11.32,3.339,,,,,,,,,,,,,22.252
10681,4.279,4.676,11.32,3.339,,,,,,,,,,,,,19.912
10687,4.279,4.676,11.32,3.339,,,,,,,,,,,,,27.723
10688,4.279,4.676,11.32,3.339,,,,,,,,,,,,,15.584
10689,4.279,4.676,11.32,3.339,,,,,,,,,,,,,16.205
10690,4.279,4.676,11.32,3.339,,,,,,,,,,,,,28.145
10691,4.279,4.676,11.32,3.339,,,,,,,,,,,,,15.651
10692,4.279,4.676,11.32,3.339,,,,,,,,,,,,,15.533
10693,4.279,4.676,11.32,3.339,,,,,,,,,,,,,30.587
10696,4.279,4.676,11.32,3.339,,,,,,,,,,,,,15.774
10698,4.279,4.676,11.32,3.339,,,,,,,,,,,,,19.989
10699,4.279,4.676,11.32,3.339,,,,,,,,,,,,,20.211
10700,4.279,4.676,11.32,3.339,,,,,,,,,,,,,20.426
10701,4.279,4.676,11.32,3.339,,,,,,,,,,,,,48.949
10702,4.279,4.676,11.32,3.339,,,,,,,,,,,,,5.042
10703,4.279,4.675,11.32,3.339,,,,,,,,,,,,,6.688
10704,4.279,4.675,11.32,3.339,,,,,,,,,,,,,18.995
10705,4.279,4.676,11.32,3.339,,,,,,,,,,,,,19.705
10706,4.279,4.675,11.32,3.339,,,,,,,,,,,,,20.118
10707,4.279,4.676,11.32,3.339,,,,,,,,,,,,,20.074
10708,4.279,4.676,11.32,3.339,,,,,,,,,,,,,19.719
10709,4.279,4.676,11.32,3.339,,,,,,,,,,,,,20.213
10710,4.279,4.676,11.32,3.339,,,,,,,,,,,,,19.97
10711,4.279,4.676,11.32,3.339,,,,,,,,,,,,,19.962
10712,4.279,4.676,11.32,3.339,,,,,,,,,,,,,19.994
10713,4.279,4.676,11.32,3.339,,,,,,,,,,,,,20.028
10714,4.279,4.676,11.32,3.339,,,,,,,,,,,,,21.184
10715,4.279,4.676,11.32,3.339,,,,,,,,,,,,,19.086
10716,4.279,4.676,11.32,3.339,,,,,,,,,,,,,19.97
10717,4.279,4.676,11.32,3.339,,,,,,,,,,,,,19.832
10718,4.279,4.675,11.32,3.339,,,,,,,,,,,,,19.96
10719,4.279,4.675,11.32,3.339,,,,,,,,,,,,,20.243
10720,4.279,4.676,11.32,3.339,,,,,,,,,,,,,19.844
10721,4.279,4.676,11.32,3.339,,,,,,,,,,,,,19.845
10722,4.279,4.676,11.32,3.339,,,,,,,,,,,,,23.286
10724,4.279,4.676,11.32,3.339,,,,,,,,,,,,,20.261
10727,4.279,4.676,11.32,3.339,,,,,,,,,,,,,25.836
10731,4.279,4.676,11.32,3.339,,,,,,,,,,,,,50.742
10732,4.279,4.676,11.32,3.339,,,,,,,,,,,,,5.842
10735,4.279,4.675,11.32,3.339,,,,,,,,,,,,,19.187
10736,4.279,4.676,11.32,3.339,,,,,,,,,,,,,19.979
10737,4.279,4.675,11.32,3.339,,,,,,,,,,,,,22.142
10738,4.279,4.676,11.32,3.339,,,,,,,,,,,,,24.152
10740,4.279,4.676,11.32,3.339,,,,,,,,,,,,,20.242
10741,4.279,4.676,11.32,3.339,,,,,,,,,,,,,19.982
10742,4.279,4.676,11.32,3.339,,,,,,,,,,,,,20.106
10743,4.279,4.676,11.32,3.339,,,,,,,,,,,,,20.253
10744,4.279,4.676,11.32,3.339,,,,,,,,,,,,,22.264
10745,4.279,4.676,11.32,3.339,,,,,,,,,,,,,17.502
10747,4.279,4.676,11.32,3.339,,,,,,,,,,,,,20.007
10748,4.279,4.676,11.32,3.339,,,,,,,,,,,,,19.992
10749,4.279,4.676,11.32,3.339,,,,,,,,,,,,,20.047
10750,4.279,4.676,11.32,3.339,,,,,,,,,,,,,20.14
10751,4.279,4.676,11.32,3.339,,,,,,,,,,,,,19.714
10752,4.279,4.676,11.32,3.339,,,,,,,,,,,,,24.214
10753,4.279,4.675,11.32,3.339,,,,,,,,,,,,,19.812
10754,4.279,4.675,11.32,3.339,,,,,,,,,,,,,15.818
10755,4.279,4.676,11.32,3.339,,,,,,,,,,,,,20.278
10758,4.279,4.676,11.32,3.339,,,,,,,,,,,,,20.137
10759,4.279,4.676,11.32,3.339,,,,,,,,,,,,,20.073
10760,4.279,4.676,11.32,3.339,,,,,,,,,,,,,18.621
10761,4.279,4.676,11.32,3.339,,,,,,,,,,,,,19.961
10762,4.279,4.676,11.32,3.339,,,,,,,,,,,,,19.983
10763,4.279,4.676,11.32,3.339,,,,,,,,,,,,,19.966
10764,4.279,4.675,11.32,3.339,,,,,,,,,,,,,19.958
10765,4.279,4.675,11.32,3.339,,,,,,,,,,,,,49.192
10766,4.279,4.676,11.32,3.339,,,,,,,,,,,,,3.986
10767,4.279,4.676,11.32,3.339,,,,,,,,,,,,,7.664
10768,4.279,4.676,11.32,3.339,,,,,,,,,,,,,22.915
10769,4.279,4.676,11.32,3.339,,,,,,,,,,,,,16.383
10770,4.279,4.676,11.32,3.339,,,,,,,,,,,,,20.226
10771,4.279,4.676,11.32,3.339,,,,,,,,,,,,,19.92
10772,4.279,4.676,11.32,3.339,,,,,,,,,,,,,19.984
10773,4.279,4.676,11.32,3.339,,,,,,,,,,,,,19.982
10774,4.279,4.676,11.32,3.339,,,,,,,,,,,,,19.94
10775,4.279,4.676,11.32,3.339,,,,,,,,,,,,,20.041
10776,4.279,4.675,11.32,3.339,,,,,,,,,,,,,19.994
10777,4.279,4.675,11.32,3.339,,,,,,,,,,,,,19.899
10778,4.279,4.676,11.32,3.339,,,,,,,,,,,,,21.249
10779,4.279,4.676,11.32,3.339,,,,,,,,,,,,,20.8
10780,4.279,4.675,11.32,3.339,,,,,,,,,,,,,18.977
10781,4.279,4.675,11.32,3.339,,,,,,,,,,,,,20.127
10782,4.279,4.676,11.32,3.339,,,,,,,,,,,,,22.022
10783,4.279,4.675,11.32,3.339,,,,,,,,,,,,,20.483
10784,4.279,4.676,11.32,3.339,,,,,,,,,,,,,17.394
10785,4.279,4.676,11.32,3.339,,,,,,,,,,,,,20.346
10786,4.279,4.676,11.32,3.339,,,,,,,,,,,,,19.837
10787,4.279,4.676,11.32,3.339,,,,,,,,,,,,,26.837
10788,4.279,4.676,11.32,3.339,,,,,,,,,,,,,12.843
10789,4.279,4.676,11.32,3.339,,,,,,,,,,,,,20.485
10790,4.279,4.676,11.32,3.339,,,,,,,,,,,,,20.493
10791,4.279,4.675,11.32,3.339,,,,,,,,,,,,,20.023
10792,4.279,4.676,11.32,3.339,,,,,,,,,,,,,19.261
10794,4.279,4.676,11.32,3.339,,,,,,,,,,,,,3.979
10795,4.279,4.675,11.32,3.339,,,,,,,,,,,,,13.56
10796,4.279,4.675,11.32,3.339,,,,,,,,,,,,,21.275
10797,4.279,4.676,11.32,3.339,,,,,,,,,,,,,18.774
10798,4.279,4.676,11.32,3.339,,,,,,,,,,,,,21.021
10799,4.279,4.675,11.32,3.339,,,,,,,,,,,,,19.974
10800,4.279,4.675,11.32,3.339,,,,,,,,,,,,,18.92
10801,4.279,4.676,11.32,3.339,,,,,,,,,,,,,19.969
10802,4.279,4.676,11.32,3.339,,,,,,,,,,,,,20.101
10803,4.279,4.676,11.32,3.339,,,,,,,,,,,,,19.86
10804,4.279,4.676,11.32,3.339,,,,,,,,,,,,,22.271
10808,4.279,4.676,11.32,3.339,,,,,,,,,,,,,20.172
10809,4.279,4.676,11.32,3.339,,,,,,,,,,,,,20.762
10810,4.279,4.676,11.32,3.339,,,,,,,,,,,,,17.468
10811,4.279,4.676,11.32,3.339,,,,,,,,,,,,,19.916
10812,4.279,4.676,11.32,3.339,,,,,,,,,,,,,20.242
10814,4.279,4.676,11.32,3.339,,,,,,,,,,,,,19.895
10815,4.279,4.676,11.32,3.339,,,,,,,,,,,,,19.943
10816,4.279,4.676,11.32,3.339,,,,,,,,,,,,,20.123
10817,4.279,4.676,11.32,3.339,,,,,,,,,,,,,19.833
10818,4.279,4.676,11.32,3.339,,,,,,,,,,,,,22.024
10819,4.279,4.676,11.32,3.339,,,,,,,,,,,,,17.915
10820,4.279,4.676,11.32,3.339,,,,,,,,,,,,,20.179
10821,4.279,4.676,11.32,3.339,,,,,,,,,,,,,19.999
10822,4.279,4.676,11.32,3.339,,,,,,,,,,,,,20.735
10823,4.279,4.676,11.32,3.339,,,,,,,,,,,,,19.491
10824,4.279,4.676,11.32,3.339,,,,,,,,,,,,,19.663
10825,4.279,4.676,11.32,3.339,,,,,,,,,,,,,19.992
10826,4.279,4.676,11.32,3.339,,,,,,,,,,,,,19.975
10827,4.279,4.676,11.32,3.339,,,,,,,,,,,,,20.656
10829,4.279,4.676,11.32,3.339,,,,,,,,,,,,,21.437
10830,4.279,4.676,11.32,3.339,,,,,,,,,,,,,20.752
10831,4.279,4.676,11.32,3.339,,,,,,,,,,,,,17.623
10832,4.279,4.676,11.32,3.339,,,,,,,,,,,,,19.961
10833,4.279,4.676,11.32,3.339,,,,,,,,,,,,,19.966
10834,4.279,4.675,11.32,3.339,,,,,,,,,,,,,23.058
10835,4.279,4.675,11.32,3.339,,,,,,,,,,,,,17.64
10836,4.279,4.676,11.32,3.339,,,,,,,,,,,,,19.293
10837,4.279,4.676,11.32,3.339,,,,,,,,,,,,,20.227
10838,4.279,4.676,11.32,3.339,,,,,,,,,,,,,19.895
10839,4.279,4.676,11.32,3.339,,,,,,,,,,,,,28.425
10840,4.279,4.676,11.32,3.339,,,,,,,,,,,,,12.003
10841,4.279,4.676,11.32,3.339,,,,,,,,,,,,,19.465
10842,4.279,4.676,11.32,3.339,,,,,,,,,,,,,19.961
10843,4.279,4.676,11.32,3.339,,,,,,,,,,,,,20.012
10845,4.279,4.676,11.32,3.339,,,,,,,,,,,,,20.116
10846,4.279,4.676,11.32,3.339,,,,,,,,,,,,,19.871
10847,4.279,4.676,11.32,3.339,,,,,,,,,,,,,21.7
10848,4.279,4.676,11.32,3.339,,,,,,,,,,,,,18.554
10849,4.279,4.676,11.32,3.339,,,,,,,,,,,,,19.716
10850,4.279,4.676,11.32,3.339,,,,,,,,,,,,,22.388
10852,4.279,4.676,11.32,3.339,,,,,,,,,,,,,19.903
10853,4.279,4.676,11.32,3.339,,,,,,,,,,,,,20.342
10854,4.279,4.676,11.32,3.339,,,,,,,,,,,,,19.998
10855,4.279,4.676,11.32,3.339,,,,,,,,,,,,,31.111
10856,4.279,4.676,11.32,3.339,,,,,,,,,,,,,9.438
10857,4.279,4.676,11.32,3.339,,,,,,,,,,,,,40.916
10858,4.279,4.676,11.32,3.339,,,,,,,,,,,,,4.062
10859,4.279,4.676,11.32,3.339,,,,,,,,,,,,,14.186
10860,4.279,4.676,11.32,3.339,,,,,,,,,,,,,20.023
10861,4.279,4.676,11.32,3.339,,,,,,,,,,,,,19.9
10863,4.279,4.676,11.32,3.339,,,,,,,,,,,,,20.254
10864,4.279,4.676,11.32,3.339,,,,,,,,,,,,,19.693
10865,4.279,4.676,11.32,3.339,,,,,,,,,,,,,19.956
10866,4.279,4.676,11.32,3.339,,,,,,,,,,,,,19.951
10867,4.279,4.676,11.32,3.339,,,,,,,,,,,,,19.99
10868,4.279,4.676,11.32,3.339,,,,,,,,,,,,,20.226
10869,4.279,4.676,11.32,3.339,,,,,,,,,,,,,19.935
10870,4.279,4.676,11.32,3.339,,,,,,,,,,,,,21.295
10871,4.279,4.676,11.32,3.339,,,,,,,,,,,,,21.511
10872,4.279,4.675,11.32,3.339,,,,,,,,,,,,,17.122
10873,4.279,4.675,11.32,3.339,,,,,,,,,,,,,20.35
10874,4.279,4.676,11.32,3.339,,,,,,,,,,,,,19.535
10875,4.279,4.676,11.32,3.339,,,,,,,,,,,,,20.183
10876,4.279,4.676,11.32,3.339,,,,,,,,,,,,,22.985
10877,4.279,4.676,11.32,3.339,,,,,,,,,,,,,17.096
10878,4.279,4.676,11.32,3.339,,,,,,,,,,,,,20.959
10879,4.279,4.676,11.32,3.339,,,,,,,,,,,,,19.958
10880,4.279,4.676,11.32,3.339,,,,,,,,,,,,,20.488
10881,4.279,4.676,11.32,3.339,,,,,,,,,,,,,22.909
10882,4.279,4.676,11.32,3.339,,,,,,,,,,,,,16.512
10883,4.279,4.676,11.32,3.339,,,,,,,,,,,,,20.237
10884,4.279,4.676,11.32,3.339,,,,,,,,,,,,,19.964
10885,4.279,4.676,11.32,3.339,,,,,,,,,,,,,19.701
10887,4.279,4.676,11.32,3.339,,,,,,,,,,,,,49.007
10888,4.279,4.676,11.32,3.339,,,,,,,,,,,,,5.829
10889,4.279,4.676,11.32,3.339,,,,,,,,,,,,,4.337
10890,4.279,4.676,11.32,3.339,,,,,,,,,,,,,18.734
10893,4.279,4.676,11.32,3.339,,,,,,,,,,,,,19.193
10894,4.279,4.676,11.32,3.339,,,,,,,,,,,,,20.221
10895,4.279,4.676,11.32,3.339,,,,,,,,,,,,,19.98
10896,4.279,4.676,11.32,3.339,,,,,,,,,,,,,41.85
10897,4.279,4.676,11.32,3.339,,,,,,,,,,,,,3.94
10900,4.279,4.676,11.32,3.339,,,,,,,,,,,,,19.933
10901,4.279,4.676,11.32,3.339,,,,,,,,,,,,,19.994
10902,4.279,4.676,11.32,3.339,,,,,,,,,,,,,23.311
10903,4.279,4.676,11.32,3.339,,,,,,,,,,,,,16.866
10904,4.279,4.676,11.32,3.339,,,,,,,,,,,,,20.071
10905,4.279,4.676,11.32,3.339,,,,,,,,,,,,,21.696
10906,4.279,4.676,11.32,3.339,,,,,,,,,,,,,18.21
10907,4.279,4.676,11.32,3.339,,,,,,,,,,,,,19.918
10908,4.279,4.676,11.32,3.339,,,,,,,,,,,,,20.651
10909,4.279,4.676,11.32,3.339,,,,,,,,,,,,,19.308
10910,4.279,4.676,11.32,3.339,,,,,,,,,,,,,20.204
10911,4.279,4.676,11.32,3.339,,,,,,,,,,,,,35.254
10913,4.279,4.676,11.32,3.339,,,,,,,,,,,,,22.201
10916,4.279,4.676,11.32,3.339,,,,,,,,,,,,,19.984
10917,4.279,4.676,11.32,3.339,,,,,,,,,,,,,19.976
10918,4.279,4.676,11.32,3.339,,,,,,,,,,,,,20.217
10919,4.279,4.676,11.32,3.339,,,,,,,,,,,,,19.959
10921,4.279,4.676,11.32,3.339,,,,,,,,,,,,,20.608
10922,4.279,4.676,11.32,3.339,,,,,,,,,,,,,48.149
10923,4.279,4.676,11.32,3.339,,,,,,,,,,,,,3.981
10924,4.279,4.676,11.32,3.339,,,,,,,,,,,,,7.393
10925,4.279,4.676,11.32,3.339,,,,,,,,,,,,,19.81
10926,4.279,4.676,11.32,3.339,,,,,,,,,,,,,20.241
10927,4.279,4.676,11.32,3.339,,,,,,,,,,,,,19.699
10928,4.279,4.676,11.32,3.339,,,,,,,,,,,,,20.116
10931,4.279,4.676,11.32,3.339,,,,,,,,,,,,,19.901
10932,4.279,4.676,11.32,3.339,,,,,,,,,,,,,20.211
10933,4.279,4.676,11.32,3.339,,,,,,,,,,,,,29.434
10934,4.279,4.676,11.32,3.339,,,,,,,,,,,,,10.232
10935,4.279,4.676,11.32,3.339,,,,,,,,,,,,,20.469
10936,4.279,4.676,11.32,3.339,,,,,,,,,,,,,19.739
10937,4.279,4.676,11.32,3.339,,,,,,,,,,,,,20.973
10938,4.279,4.676,11.32,3.339,,,,,,,,,,,,,19.038
10939,4.279,4.676,11.32,3.339,,,,,,,,,,,,,21.263
10940,4.279,4.676,11.32,3.339,,,,,,,,,,,,,18.846
10943,4.279,4.676,11.32,3.339,,,,,,,,,,,,,14.205
10944,4.279,4.676,11.32,3.339,,,,,,,,,,,,,20.471
10945,4.279,4.676,11.32,3.339,,,,,,,,,,,,,19.334
10946,4.279,4.676,11.32,3.339,,,,,,,,,,,,,19.969
10947,4.279,4.676,11.32,3.339,,,,,,,,,,,,,19.956
10948,4.279,4.676,11.32,3.339,,,,,,,,,,,,,20.78
10949,4.279,4.675,11.32,3.339,,,,,,,,,,,,,22.053
10950,4.279,4.675,11.32,3.339,,,,,,,,,,,,,17.51
10951,4.279,4.676,11.32,3.339,,,,,,,,,,,,,19.807
10954,4.279,4.675,11.32,3.339,,,,,,,,,,,,,4.073
10955,4.279,4.676,11.32,3.339,,,,,,,,,,,,,3.795
10958,4.279,4.676,11.32,3.339,,,,,,,,,,,,,19.866
10960,4.279,4.675,11.32,3.339,,,,,,,,,,,,,19.163
10961,4.279,4.676,11.32,3.339,,,,,,,,,,,,,19.736
10962,4.279,4.676,11.32,3.339,,,,,,,,,,,,,19.977
10964,4.279,4.676,11.32,3.339,,,,,,,,,,,,,19.595
10965,4.279,4.676,11.32,3.339,,,,,,,,,,,,,20.084
10966,4.279,4.676,11.32,3.339,,,,,,,,,,,,,20.006
10967,4.279,4.676,11.32,3.339,,,,,,,,,,,,,20.234
10970,4.279,4.676,11.32,3.339,,,,,,,,,,,,,19.979
10973,4.279,4.676,11.32,3.339,,,,,,,,,,,,,19.822
10974,4.279,4.676,11.32,3.339,,,,,,,,,,,,,20.361
10975,4.279,4.676,11.32,3.339,,,,,,,,,,,,,20.209
10976,4.279,4.676,11.32,3.339,,,,,,,,,,,,,26.783
10977,4.279,4.676,11.32,3.339,,,,,,,,,,,,,12.94
10978,4.279,4.676,11.32,3.339,,,,,,,,,,,,,21.812
10981,4.279,4.676,11.32,3.339,,,,,,,,,,,,,19.613
10983,4.279,4.676,11.32,3.339,,,,,,,,,,,,,21.26
10984,4.279,4.676,11.32,3.339,,,,,,,,,,,,,35.109
10985,4.279,4.676,11.32,3.339,,,,,,,,,,,,,3.967
10986,4.279,4.676,11.32,3.339,,,,,,,,,,,,,20.35
10987,4.279,4.676,11.32,3.339,,,,,,,,,,,,,19.171
10988,4.279,4.676,11.32,3.339,,,,,,,,,,,,,20.078
10990,4.279,4.676,11.32,3.339,,,,,,,,,,,,,20.978
10991,4.279,4.676,11.32,3.339,,,,,,,,,,,,,22.798
10992,4.279,4.676,11.32,3.339,,,,,,,,,,,,,16.113
10993,4.279,4.676,11.32,3.339,,,,,,,,,,,,,19.98
10994,4.279,4.676,11.32,3.339,,,,,,,,,,,,,19.981
10997,4.279,4.676,11.32,3.339,,,,,,,,,,,,,19.688
10998,4.279,4.676,11.32,3.339,,,,,,,,,,,,,20.004
10999,4.279,4.676,11.32,3.339,,,,,,,,,,,,,22.649
11000,4.279,4.676,11.32,3.339,,,,,,,,,,,,,20.622
11001,4.279,4.676,11.32,3.339,,,,,,,,,,,,,17.375
11002,4.279,4.676,11.32,3.339,,,,,,,,,,,,,19.488
11003,4.279,4.676,11.32,3.339,,,,,,,,,,,,,20.977
11004,4.279,4.676,11.32,3.339,,,,,,,,,,,,,19.101
11005,4.279,4.676,11.32,3.339,,,,,,,,,,,,,20.223
11008,4.279,4.676,11.32,3.339,,,,,,,,,,,,,19.311
11010,4.279,4.676,11.32,3.339,,,,,,,,,,,,,21.488
11011,4.279,4.676,11.32,3.339,,,,,,,,,,,,,13.667
11012,4.279,4.676,11.32,3.339,,,,,,,,,,,,,23.068
11013,4.279,4.676,11.32,3.339,,,,,,,,,,,,,16.35
11014,4.279,4.675,11.32,3.339,,,,,,,,,,,,,20.103
11015,4.279,4.676,11.32,3.339,,,,,,,,,,,,,19.849
11016,4.279,4.676,11.32,3.339,,,,,,,,,,,,,20.238
11017,4.279,4.676,11.32,3.339,,,,,,,,,,,,,23.539
11018,4.279,4.676,11.32,3.339,,,,,,,,,,,,,16.447
11019,4.279,4.676,11.32,3.339,,,,,,,,,,,,,24.897
11020,4.279,4.676,11.32,3.339,,,,,,,,,,,,,53.368
11022,4.279,4.676,11.32,3.339,,,,,,,,,,,,,0.202
11023,4.279,4.676,11.32,3.339,,,,,,,,,,,,,11.031
11024,4.279,4.676,11.32,3.339,,,,,,,,,,,,,21.442
11025,4.279,4.676,11.32,3.339,,,,,,,,,,,,,19.268
11026,4.279,4.676,11.32,3.339,,,,,,,,,,,,,19.261
11027,4.279,4.676,11.32,3.339,,,,,,,,,,,,,19.888
11031,4.279,4.675,11.32,3.339,,,,,,,,,,,,,20.225
11032,4.279,4.676,11.32,3.339,,,,,,,,,,,,,19.864
11033,4.279,4.676,11.32,3.339,,,,,,,,,,,,,19.945
11034,4.279,4.676,11.32,3.339,,,,,,,,,,,,,20.005
11035,4.279,4.676,11.32,3.339,,,,,,,,,,,,,19.953
11036,4.279,4.676,11.32,3.339,,,,,,,,,,,,,19.953
11037,4.279,4.676,11.32,3.339,,,,,,,,,,,,,20.48
11038,4.279,4.676,11.32,3.339,,,,,,,,,,,,,19.725
11039,4.279,4.676,11.32,3.339,,,,,,,,,,,,,25.134
11040,4.279,4.676,11.32,3.339,,,,,,,,,,,,,14.74
11041,4.279,4.676,11.32,3.339,,,,,,,,,,,,,20.107
11042,4.279,4.676,11.32,3.339,,,,,,,,,,,,,22.217
11043,4.279,4.676,11.32,3.339,,,,,,,,,,,,,24.658
11044,4.279,4.676,11.32,3.339,,,,,,,,,,,,,12.958
11047,4.279,4.676,11.32,3.339,,,,,,,,,,,,,20.559
11048,4.279,4.676,11.32,3.339,,,,,,,,,,,,,20.898
11049,4.279,4.675,11.32,3.339,,,,,,,,,,,,,19.679
11050,4.279,4.675,11.32,3.339,,,,,,,,,,,,,19.215
11051,4.279,4.676,11.32,3.339,,,,,,,,,,,,,20.171
11052,4.279,4.676,11.32,3.339,,,,,,,,,,,,,20.452
11053,4.279,4.675,11.32,3.339,,,,,,,,,,,,,19.05
11054,4.279,4.675,11.32,3.339,,,,,,,,,,,,,19.935
11055,4.279,4.676,11.32,3.339,,,,,,,,,,,,,47.893
11056,4.279,4.676,11.32,3.339,,,,,,,,,,,,,4.004
11057,4.279,4.676,11.32,3.339,,,,,,,,,,,,,8.55
11059,4.279,4.676,11.32,3.339,,,,,,,,,,,,,19.974
11060,4.279,4.676,11.32,3.339,,,,,,,,,,,,,19.923
11061,4.279,4.676,11.32,3.339,,,,,,,,,,,,,20.02
11062,4.279,4.676,11.32,3.339,,,,,,,,,,,,,20.229
11063,4.279,4.676,11.32,3.339,,,,,,,,,,,,,19.964
11067,4.279,4.676,11.32,3.339,,,,,,,,,,,,,21.281
11068,4.279,4.675,11.32,3.339,,,,,,,,,,,,,18.648
11069,4.279,4.676,11.32,3.339,,,,,,,,,,,,,19.998
11070,4.279,4.676,11.32,3.339,,,,,,,,,,,,,23.748
11071,4.279,4.676,11.32,3.339,,,,,,,,,,,,,16.434
11072,4.279,4.676,11.32,3.339,,,,,,,,,,,,,21.261
11073,4.279,4.676,11.32,3.339,,,,,,,,,,,,,19.092
11074,4.279,4.676,11.32,3.339,,,,,,,,,,,,,20.98
11078,4.279,4.676,11.32,3.339,,,,,,,,,,,,,24
11079,4.279,4.676,11.32,3.339,,,,,,,,,,,,,18.746
11080,4.279,4.676,11.32,3.339,,,,,,,,,,,,,26.578
11081,4.279,4.676,11.32,3.339,,,,,,,,,,,,,14.335
11086,4.279,4.676,11.32,3.339,,,,,,,,,,,,,4.058
11087,4.279,4.676,11.32,3.339,,,,,,,,,,,,,17.008
11088,4.279,4.676,11.32,3.339,,,,,,,,,,,,,22.452
11089,4.279,4.676,11.32,3.339,,,,,,,,,,,,,17.501
11090,4.279,4.676,11.32,3.339,,,,,,,,,,,,,19.398
11093,4.279,4.676,11.32,3.339,,,,,,,,,,,,,19.504
11094,4.279,4.676,11.32,3.339,,,,,,,,,,,,,28.409
11095,4.279,4.675,11.32,3.339,,,,,,,,,,,,,12.552
11096,4.279,4.676,11.32,3.339,,,,,,,,,,,,,22.23
11097,4.279,4.676,11.32,3.339,,,,,,,,,,,,,16.929
11099,4.279,4.676,11.32,3.339,,,,,,,,,,,,,22.521
11100,4.279,4.676,11.32,3.339,,,,,,,,,,,,,17.367
11101,4.279,4.676,11.32,3.339,,,,,,,,,,,,,24.598
11102,4.279,4.676,11.32,3.339,,,,,,,,,,,,,14.959
11103,4.279,4.675,11.32,3.339,,,,,,,,,,,,,19.85
11104,4.279,4.675,11.32,3.339,,,,,,,,,,,,,20.23
11105,4.279,4.676,11.32,3.338,,,,,,,,,,,,,19.968
11106,4.279,4.676,11.32,3.338,,,,,,,,,,,,,19.962
11107,4.279,4.675,11.32,3.339,,,,,,,,,,,,,19.988
11108,4.279,4.675,11.32,3.339,,,,,,,,,,,,,20.72
11109,4.279,4.676,11.32,3.338,,,,,,,,,,,,,19.211
11110,4.279,4.675,11.32,3.338,,,,,,,,,,,,,20.069
11111,4.279,4.676,11.32,3.339,,,,,,,,,,,,,21.408
11112,4.279,4.676,11.32,3.339,,,,,,,,,,,,,20.719
11113,4.279,4.676,11.32,3.339,,,,,,,,,,,,,19.936
11114,4.279,4.676,11.32,3.339,,,,,,,,,,,,,36.089
11115,4.279,4.675,11.32,3.339,,,,,,,,,,,,,3.819
11116,4.279,4.675,11.32,3.339,,,,,,,,,,,,,18.059
11117,4.279,4.676,11.32,3.339,,,,,,,,,,,,,26.573
11118,4.279,4.675,11.32,3.339,,,,,,,,,,,,,13.339
11119,4.279,4.676,11.32,3.339,,,,,,,,,,,,,24.05
11120,4.279,4.676,11.32,3.339,,,,,,,,,,,,,16.115
11121,4.279,4.676,11.32,3.339,,,,,,,,,,,,,20.11
11122,4.279,4.675,11.32,3.339,,,,,,,,,,,,,19.883
11123,4.279,4.675,11.32,3.338,,,,,,,,,,,,,19.903
11124,4.279,4.676,11.32,3.339,,,,,,,,,,,,,21.002
11125,4.279,4.676,11.32,3.339,,,,,,,,,,,,,20.096
11126,4.279,4.676,11.32,3.339,,,,,,,,,,,,,18.807
11127,4.279,4.676,11.32,3.339,,,,,,,,,,,,,20.407
11128,4.279,4.676,11.32,3.339,,,,,,,,,,,,,20.075
11129,4.279,4.676,11.32,3.339,,,,,,,,,,,,,19.77
11130,4.279,4.676,11.32,3.339,,,,,,,,,,,,,20.157
11132,4.279,4.676,11.32,3.339,,,,,,,,,,,,,19.797
11133,4.279,4.676,11.32,3.339,,,,,,,,,,,,,22.103
11134,4.279,4.676,11.32,3.339,,,,,,,,,,,,,18.073
11135,4.279,4.676,11.32,3.339,,,,,,,,,,,,,21.661
11136,4.279,4.676,11.32,3.339,,,,,,,,,,,,,18.344
11137,4.279,4.676,11.32,3.339,,,,,,,,,,,,,20.283
11138,4.279,4.676,11.32,3.339,,,,,,,,,,,,,23.892
11139,4.279,4.676,11.32,3.339,,,,,,,,,,,,,15.752
11140,4.279,4.676,11.32,3.339,,,,,,,,,,,,,20.13
11141,4.279,4.676,11.32,3.339,,,,,,,,,,,,,19.712
11142,4.279,4.676,11.32,3.339,,,,,,,,,,,,,20.011
11143,4.279,4.676,11.32,3.339,,,,,,,,,,,,,20.551
11144,4.279,4.676,11.32,3.339,,,,,,,,,,,,,19.628
11145,4.279,4.676,11.32,3.339,,,,,,,,,,,,,19.949
11146,4.279,4.676,11.32,3.339,,,,,,,,,,,,,20.239
11147,4.279,4.676,11.32,3.339,,,,,,,,,,,,,41.968
11149,4.279,4.676,11.32,3.339,,,,,,,,,,,,,13.866
11150,4.279,4.676,11.32,3.339,,,,,,,,,,,,,23.335
11151,4.279,4.676,11.32,3.339,,,,,,,,,,,,,16.353
11154,4.279,4.676,11.32,3.339,,,,,,,,,,,,,21.189
11155,4.279,4.676,11.32,3.339,,,,,,,,,,,,,18.996
11156,4.279,4.676,11.32,3.339,,,,,,,,,,,,,19.901
11157,4.279,4.676,11.32,3.339,,,,,,,,,,,,,20.801
11158,4.279,4.676,11.32,3.339,,,,,,,,,,,,,19.206
11159,4.279,4.676,11.32,3.339,,,,,,,,,,,,,20.228
11160,4.279,4.676,11.32,3.339,,,,,,,,,,,,,19.729
11161,4.279,4.675,11.32,3.339,,,,,,,,,,,,,19.944
11164,4.279,4.676,11.32,3.339,,,,,,,,,,,,,18.887
11165,4.279,4.675,11.32,3.339,,,,,,,,,,,,,19.941
11166,4.279,4.675,11.32,3.339,,,,,,,,,,,,,20.503
11167,4.279,4.676,11.32,3.339,,,,,,,,,,,,,19.516
11168,4.279,4.675,11.32,3.339,,,,,,,,,,,,,20.382
11169,4.279,4.676,11.32,3.339,,,,,,,,,,,,,24.607
11170,4.279,4.676,11.32,3.339,,,,,,,,,,,,,15.157
11171,4.279,4.676,11.32,3.339,,,,,,,,,,,,,20.026
11172,4.279,4.676,11.32,3.339,,,,,,,,,,,,,19.887
11173,4.279,4.676,11.32,3.339,,,,,,,,,,,,,19.915
11174,4.279,4.676,11.32,3.339,,,,,,,,,,,,,20.128
11177,4.279,4.676,11.32,3.339,,,,,,,,,,,,,19.996
11178,4.279,4.676,11.32,3.339,,,,,,,,,,,,,21.019
11179,4.279,4.676,11.32,3.339,,,,,,,,,,,,,19.81
11180,4.279,4.676,11.32,3.339,,,,,,,,,,,,,64.46
11181,4.279,4.676,11.32,3.339,,,,,,,,,,,,,4.866
11182,4.279,4.676,11.32,3.339,,,,,,,,,,,,,1.668
11183,4.279,4.676,11.32,3.339,,,,,,,,,,,,,8.918
11184,4.279,4.676,11.32,3.339,,,,,,,,,,,,,19.948
11185,4.279,4.676,11.32,3.339,,,,,,,,,,,,,31.531
11186,4.279,4.676,11.32,3.339,,,,,,,,,,,,,8.913
11187,4.279,4.675,11.32,3.339,,,,,,,,,,,,,19.717
11188,4.279,4.676,11.32,3.339,,,,,,,,,,,,,22.431
11189,4.279,4.676,11.32,3.339,,,,,,,,,,,,,17.645
11190,4.279,4.676,11.32,3.339,,,,,,,,,,,,,23.092
11191,4.279,4.676,11.32,3.339,,,,,,,,,,,,,16.765
11192,4.279,4.676,11.32,3.339,,,,,,,,,,,,,20.183
11193,4.279,4.676,11.32,3.339,,,,,,,,,,,,,21.885
11194,4.279,4.676,11.32,3.339,,,,,,,,,,,,,22.178
11195,4.279,4.676,11.32,3.339,,,,,,,,,,,,,16.367
11196,4.279,4.676,11.32,3.339,,,,,,,,,,,,,19.462
11197,4.279,4.676,11.32,3.339,,,,,,,,,,,,,19.96
11198,4.279,4.676,11.32,3.339,,,,,,,,,,,,,21.269
11199,4.279,4.676,11.32,3.339,,,,,,,,,,,,,18.666
11200,4.279,4.676,11.32,3.339,,,,,,,,,,,,,20.213
11201,4.279,4.676,11.32,3.339,,,,,,,,,,,,,20.478
11202,4.279,4.676,11.32,3.339,,,,,,,,,,,,,20.013
11203,4.279,4.676,11.32,3.339,,,,,,,,,,,,,19.417
11204,4.279,4.676,11.32,3.339,,,,,,,,,,,,,19.985
11205,4.279,4.676,11.32,3.339,,,,,,,,,,,,,19.958
11209,4.279,4.676,11.32,3.339,,,,,,,,,,,,,23.832
11212,4.279,4.676,11.32,3.339,,,,,,,,,,,,,7.696
11213,4.279,4.676,11.32,3.339,,,,,,,,,,,,,19.273
11214,4.279,4.676,11.32,3.339,,,,,,,,,,,,,20.681
11215,4.279,4.675,11.32,3.339,,,,,,,,,,,,,21.104
11216,4.279,4.675,11.32,3.339,,,,,,,,,,,,,17.965
11217,4.279,4.676,11.32,3.339,,,,,,,,,,,,,20.099
11225,4.279,4.676,11.32,3.339,,,,,,,,,,,,,19.976
11226,4.279,4.676,11.32,3.339,,,,,,,,,,,,,19.962
11227,4.279,4.676,11.32,3.339,,,,,,,,,,,,,19.942
11228,4.279,4.676,11.32,3.339,,,,,,,,,,,,,20.077
11229,4.279,4.676,11.32,3.339,,,,,,,,,,,,,20.236
11230,4.279,4.676,11.32,3.339,,,,,,,,,,,,,20.389
11231,4.279,4.676,11.32,3.339,,,,,,,,,,,,,19.184
11233,4.279,4.676,11.32,3.339,,,,,,,,,,,,,20.043
11234,4.279,4.676,11.32,3.339,,,,,,,,,,,,,19.17
11235,4.279,4.676,11.32,3.339,,,,,,,,,,,,,19.96
11237,4.279,4.675,11.32,3.339,,,,,,,,,,,,,20.768
11238,4.279,4.676,11.32,3.339,,,,,,,,,,,,,40.187
11239,4.279,4.676,11.32,3.339,,,,,,,,,,,,,6.787
11240,4.279,4.676,11.32,3.339,,,,,,,,,,,,,12.579
11241,4.279,4.676,11.32,3.339,,,,,,,,,,,,,19.529
11242,4.279,4.676,11.32,3.339,,,,,,,,,,,,,20.36
11243,4.279,4.676,11.32,3.339,,,,,,,,,,,,,22.605
11244,4.279,4.676,11.32,3.339,,,,,,,,,,,,,20.721
11245,4.279,4.676,11.32,3.339,,,,,,,,,,,,,16.802
11246,4.279,4.676,11.32,3.339,,,,,,,,,,,,,20.931
11247,4.279,4.676,11.32,3.339,,,,,,,,,,,,,19.488
11248,4.279,4.676,11.32,3.339,,,,,,,,,,,,,21.241
11249,4.279,4.676,11.32,3.339,,,,,,,,,,,,,23.548
11250,4.279,4.676,11.32,3.339,,,,,,,,,,,,,15.82
11251,4.279,4.676,11.32,3.339,,,,,,,,,,,,,19.193
11252,4.279,4.676,11.32,3.339,,,,,,,,,,,,,19.55
11253,4.279,4.676,11.32,3.339,,,,,,,,,,,,,21.949
11254,4.279,4.676,11.32,3.339,,,,,,,,,,,,,17.899
11255,4.279,4.676,11.32,3.339,,,,,,,,,,,,,20.296
11256,4.279,4.676,11.32,3.339,,,,,,,,,,,,,19.631
11257,4.279,4.676,11.32,3.339,,,,,,,,,,,,,20.254
11258,4.279,4.676,11.32,3.339,,,,,,,,,,,,,24.6
11259,4.279,4.676,11.32,3.339,,,,,,,,,,,,,17.138
11260,4.279,4.675,11.32,3.339,,,,,,,,,,,,,18.171
11261,4.279,4.676,11.32,3.339,,,,,,,,,,,,,20.983
11263,4.279,4.676,11.32,3.339,,,,,,,,,,,,,19.966
11264,4.279,4.676,11.32,3.339,,,,,,,,,,,,,19.968
11265,4.279,4.676,11.32,3.339,,,,,,,,,,,,,20.261
11266,4.279,4.676,11.32,3.339,,,,,,,,,,,,,41.189
11267,4.279,4.676,11.32,3.339,,,,,,,,,,,,,4
11268,4.279,4.676,11.32,3.339,,,,,,,,,,,,,14.535
11269,4.279,4.675,11.32,3.339,,,,,,,,,,,,,21.972
11270,4.279,4.675,11.32,3.339,,,,,,,,,,,,,17.902
11271,4.279,4.676,11.32,3.339,,,,,,,,,,,,,20.445
11272,4.279,4.676,11.32,3.339,,,,,,,,,,,,,19.935
11273,4.279,4.676,11.32,3.339,,,,,,,,,,,,,20.13
11274,4.279,4.676,11.32,3.339,,,,,,,,,,,,,19.853
11275,4.279,4.676,11.32,3.339,,,,,,,,,,,,,20.234
11276,4.279,4.676,11.32,3.339,,,,,,,,,,,,,19.676
11277,4.279,4.676,11.32,3.339,,,,,,,,,,,,,20
11278,4.279,4.676,11.32,3.339,,,,,,,,,,,,,21.272
11279,4.279,4.676,11.32,3.339,,,,,,,,,,,,,20.192
11283,4.279,4.676,11.32,3.339,,,,,,,,,,,,,11.696
11284,4.279,4.675,11.32,3.339,,,,,,,,,,,,,19.597
11285,4.279,4.675,11.32,3.339,,,,,,,,,,,,,21.394
11286,4.279,4.676,11.32,3.339,,,,,,,,,,,,,19.909
11287,4.279,4.676,11.32,3.339,,,,,,,,,,,,,18.603
11288,4.279,4.676,11.32,3.339,,,,,,,,,,,,,20.133
11290,4.279,4.676,11.32,3.339,,,,,,,,,,,,,22.841
11291,4.279,4.675,11.32,3.339,,,,,,,,,,,,,16.595
11292,4.279,4.676,11.32,3.339,,,,,,,,,,,,,20.738
11293,4.279,4.676,11.32,3.339,,,,,,,,,,,,,20.215
11294,4.279,4.676,11.32,3.339,,,,,,,,,,,,,18.942
11295,4.279,4.676,11.32,3.339,,,,,,,,,,,,,49.705
11296,4.279,4.675,11.32,3.339,,,,,,,,,,,,,3.98
11297,4.279,4.675,11.32,3.339,,,,,,,,,,,,,6.865
11298,4.279,4.676,11.32,3.339,,,,,,,,,,,,,22.671
11301,4.279,4.676,11.32,3.339,,,,,,,,,,,,,12.872
11302,4.279,4.676,11.32,3.339,,,,,,,,,,,,,19.071
11305,4.279,4.676,11.32,3.339,,,,,,,,,,,,,31.819
11306,4.279,4.676,11.32,3.339,,,,,,,,,,,,,8.725
11307,4.279,4.676,11.32,3.339,,,,,,,,,,,,,19.371
11308,4.279,4.676,11.32,3.339,,,,,,,,,,,,,20.406
11309,4.279,4.676,11.32,3.339,,,,,,,,,,,,,19.783
11310,4.279,4.676,11.32,3.339,,,,,,,,,,,,,19.98
11311,4.279,4.676,11.32,3.339,,,,,,,,,,,,,21.32
11312,4.279,4.676,11.32,3.339,,,,,,,,,,,,,19.777
11313,4.279,4.676,11.32,3.339,,,,,,,,,,,,,19.339
11316,4.279,4.676,11.32,3.339,,,,,,,,,,,,,19.781
11318,4.279,4.676,11.32,3.339,,,,,,,,,,,,,21.637
11319,4.279,4.676,11.32,3.339,,,,,,,,,,,,,18.331
11320,4.279,4.676,11.32,3.339,,,,,,,,,,,,,19.959
11321,4.279,4.676,11.32,3.339,,,,,,,,,,,,,23.155
11322,4.279,4.676,11.32,3.339,,,,,,,,,,,,,17.138
11323,4.279,4.676,11.32,3.339,,,,,,,,,,,,,42.29
11324,4.279,4.676,11.32,3.339,,,,,,,,,,,,,4.152
11325,4.279,4.676,11.32,3.339,,,,,,,,,,,,,13.439
11326,4.279,4.676,11.32,3.339,,,,,,,,,,,,,19.859
11327,4.279,4.676,11.32,3.339,,,,,,,,,,,,,20.993
11328,4.279,4.676,11.32,3.339,,,,,,,,,,,,,19.233
11329,4.279,4.676,11.32,3.339,,,,,,,,,,,,,19.779
11330,4.279,4.676,11.32,3.339,,,,,,,,,,,,,19.85
11331,4.279,4.676,11.32,3.339,,,,,,,,,,,,,25.926
11332,4.279,4.676,11.32,3.339,,,,,,,,,,,,,14.341
11333,4.279,4.676,11.32,3.339,,,,,,,,,,,,,20.426
11334,4.279,4.676,11.32,3.339,,,,,,,,,,,,,19.842
11335,4.279,4.676,11.32,3.339,,,,,,,,,,,,,20.345
11337,4.279,4.676,11.32,3.339,,,,,,,,,,,,,22.015
11338,4.279,4.676,11.32,3.339,,,,,,,,,,,,,20.087
11339,4.279,4.676,11.32,3.339,,,,,,,,,,,,,18.052
11340,4.279,4.676,11.32,3.339,,,,,,,,,,,,,19.987
11341,4.279,4.675,11.32,3.339,,,,,,,,,,,,,20.066
11342,4.279,4.676,11.32,3.339,,,,,,,,,,,,,22.693
11343,4.279,4.676,11.32,3.339,,,,,,,,,,,,,17.387
11344,4.279,4.676,11.32,3.339,,,,,,,,,,,,,19.899
11347,4.279,4.676,11.32,3.339,,,,,,,,,,,,,26.949
11348,4.279,4.676,11.32,3.339,,,,,,,,,,,,,13.428
11349,4.279,4.676,11.32,3.339,,,,,,,,,,,,,22.902
11350,4.279,4.676,11.32,3.339,,,,,,,,,,,,,30.372
11351,4.279,4.676,11.32,3.339,,,,,,,,,,,,,16.917
11352,4.279,4.676,11.32,3.339,,,,,,,,,,,,,34.402
11353,4.279,4.676,11.32,3.339,,,,,,,,,,,,,4.355
11354,4.279,4.676,11.32,3.339,,,,,,,,,,,,,10.972
11355,4.279,4.676,11.32,3.339,,,,,,,,,,,,,21.706
11356,4.279,4.676,11.32,3.339,,,,,,,,,,,,,22.17
11357,4.279,4.676,11.32,3.339,,,,,,,,,,,,,16.037
11359,4.279,4.676,11.32,3.339,,,,,,,,,,,,,20.144
11363,4.279,4.676,11.32,3.339,,,,,,,,,,,,,20.307
11364,4.279,4.676,11.32,3.339,,,,,,,,,,,,,19.879
11365,4.279,4.675,11.32,3.339,,,,,,,,,,,,,20.185
11366,4.279,4.675,11.32,3.339,,,,,,,,,,,,,21.219
11368,4.279,4.676,11.32,3.339,,,,,,,,,,,,,20.196
11369,4.279,4.675,11.32,3.339,,,,,,,,,,,,,12.916
11370,4.279,4.675,11.32,3.339,,,,,,,,,,,,,20.441
11371,4.279,4.676,11.32,3.339,,,,,,,,,,,,,20.531
11372,4.279,4.675,11.32,3.339,,,,,,,,,,,,,21.428
11373,4.279,4.676,11.32,3.339,,,,,,,,,,,,,17.762
11374,4.279,4.676,11.32,3.339,,,,,,,,,,,,,19.878
11375,4.279,4.676,11.32,3.339,,,,,,,,,,,,,20.992
11376,4.279,4.676,11.32,3.339,,,,,,,,,,,,,21.025
11377,4.279,4.676,11.32,3.339,,,,,,,,,,,,,18.584
11378,4.279,4.676,11.32,3.339,,,,,,,,,,,,,21.326
11379,4.279,4.676,11.32,3.339,,,,,,,,,,,,,18.94
11382,4.279,4.676,11.32,3.339,,,,,,,,,,,,,20.979
11385,4.279,4.675,11.32,3.339,,,,,,,,,,,,,10.234
11386,4.279,4.676,11.32,3.339,,,,,,,,,,,,,20.47
11389,4.279,4.676,11.32,3.339,,,,,,,,,,,,,3.986
11390,4.279,4.676,11.32,3.339,,,,,,,,,,,,,11.877
11391,4.279,4.676,11.32,3.339,,,,,,,,,,,,,19.986
11392,4.279,4.676,11.32,3.339,,,,,,,,,,,,,19.699
11393,4.279,4.676,11.32,3.339,,,,,,,,,,,,,20.234
11394,4.279,4.676,11.32,3.339,,,,,,,,,,,,,24.387
11395,4.279,4.676,11.32,3.339,,,,,,,,,,,,,21.693
11396,4.279,4.676,11.32,3.339,,,,,,,,,,,,,17.411
11397,4.279,4.676,11.32,3.339,,,,,,,,,,,,,20.703
11398,4.279,4.676,11.32,3.339,,,,,,,,,,,,,15.991
11401,4.279,4.676,11.32,3.339,,,,,,,,,,,,,19.787
11402,4.279,4.676,11.32,3.339,,,,,,,,,,,,,22.273
11403,4.279,4.676,11.32,3.339,,,,,,,,,,,,,26.482
11404,4.279,4.676,11.32,3.339,,,,,,,,,,,,,11.102
11405,4.279,4.676,11.32,3.339,,,,,,,,,,,,,20.479
11406,4.279,4.676,11.32,3.339,,,,,,,,,,,,,19.611
11407,4.279,4.676,11.32,3.339,,,,,,,,,,,,,22.584
11408,4.279,4.676,11.32,3.339,,,,,,,,,,,,,17.263
11409,4.279,4.676,11.32,3.339,,,,,,,,,,,,,19.913
11412,4.279,4.676,11.32,3.339,,,,,,,,,,,,,21.861
11413,4.279,4.676,11.32,3.339,,,,,,,,,,,,,18.23
11414,4.279,4.676,11.32,3.339,,,,,,,,,,,,,19.941
11415,4.279,4.676,11.32,3.339,,,,,,,,,,,,,29.735
11416,4.279,4.676,11.32,3.339,,,,,,,,,,,,,11.001
11417,4.279,4.676,11.32,3.339,,,,,,,,,,,,,19.369
11420,4.279,4.676,11.32,3.339,,,,,,,,,,,,,19.955
11421,4.279,4.676,11.32,3.339,,,,,,,,,,,,,21.079
11422,4.279,4.676,11.32,3.339,,,,,,,,,,,,,46.176
11423,4.279,4.676,11.32,3.339,,,,,,,,,,,,,4.106
11424,4.279,4.676,11.32,3.339,,,,,,,,,,,,,9.294
11425,4.279,4.676,11.32,3.339,,,,,,,,,,,,,19.214
11426,4.279,4.675,11.32,3.339,,,,,,,,,,,,,19.965
11427,4.279,4.675,11.32,3.339,,,,,,,,,,,,,20.405
11428,4.279,4.676,11.32,3.339,,,,,,,,,,,,,19.834
11429,4.279,4.676,11.32,3.339,,,,,,,,,,,,,20.168
11430,4.279,4.676,11.32,3.339,,,,,,,,,,,,,19.714
11431,4.279,4.676,11.32,3.339,,,,,,,,,,,,,19.878
11432,4.279,4.676,11.32,3.339,,,,,,,,,,,,,20.119
11433,4.279,4.676,11.32,3.339,,,,,,,,,,,,,21.907
11434,4.279,4.676,11.32,3.339,,,,,,,,,,,,,21.296
11435,4.279,4.676,11.32,3.339,,,,,,,,,,,,,16.922
11436,4.279,4.676,11.32,3.339,,,,,,,,,,,,,28.477
11437,4.279,4.675,11.32,3.339,,,,,,,,,,,,,11.693
11438,4.279,4.675,11.32,3.339,,,,,,,,,,,,,19.717
11439,4.279,4.675,11.32,3.339,,,,,,,,,,,,,19.969
11440,4.279,4.676,11.32,3.339,,,,,,,,,,,,,19.965
11441,4.279,4.676,11.32,3.339,,,,,,,,,,,,,29.847
11442,4.279,4.676,11.32,3.339,,,,,,,,,,,,,10.563
11443,4.279,4.676,11.32,3.339,,,,,,,,,,,,,20.537
11444,4.279,4.676,11.32,3.339,,,,,,,,,,,,,19.128
11445,4.279,4.676,11.32,3.339,,,,,,,,,,,,,20.058
11446,4.279,4.675,11.32,3.339,,,,,,,,,,,,,25.892
11447,4.279,4.675,11.32,3.339,,,,,,,,,,,,,14.069
11448,4.279,4.676,11.32,3.339,,,,,,,,,,,,,20.063
11449,4.279,4.676,11.32,3.339,,,,,,,,,,,,,20.7
11450,4.279,4.676,11.32,3.339,,,,,,,,,,,,,19.853
11451,4.279,4.676,11.32,3.339,,,,,,,,,,,,,19.209
11453,4.279,4.675,11.32,3.339,,,,,,,,,,,,,3.93
11454,4.279,4.675,11.32,3.339,,,,,,,,,,,,,7.264
11455,4.279,4.676,11.32,3.339,,,,,,,,,,,,,22.284
11456,4.279,4.676,11.32,3.339,,,,,,,,,,,,,18.425
11457,4.279,4.676,11.32,3.339,,,,,,,,,,,,,24.72
11458,4.279,4.676,11.32,3.339,,,,,,,,,,,,,15.004
11459,4.279,4.676,11.32,3.339,,,,,,,,,,,,,18.895
11460,4.279,4.676,11.32,3.339,,,,,,,,,,,,,19.937
11461,4.279,4.676,11.32,3.339,,,,,,,,,,,,,20.444
11462,4.279,4.676,11.32,3.339,,,,,,,,,,,,,25.857
11463,4.279,4.676,11.32,3.339,,,,,,,,,,,,,13.915
11464,4.279,4.676,11.32,3.339,,,,,,,,,,,,,25.735
11465,4.279,4.676,11.32,3.339,,,,,,,,,,,,,15.35
11466,4.279,4.676,11.32,3.339,,,,,,,,,,,,,20.279
11467,4.279,4.676,11.32,3.339,,,,,,,,,,,,,18.493
11468,4.279,4.676,11.32,3.339,,,,,,,,,,,,,20.21
11469,4.279,4.676,11.32,3.339,,,,,,,,,,,,,21.393
11470,4.279,4.676,11.32,3.339,,,,,,,,,,,,,18.796
11471,4.279,4.676,11.32,3.339,,,,,,,,,,,,,19.964
11472,4.279,4.675,11.32,3.339,,,,,,,,,,,,,19.738
11473,4.279,4.676,11.32,3.339,,,,,,,,,,,,,22.806
11475,4.279,4.676,11.32,3.339,,,,,,,,,,,,,19.713
11476,4.279,4.676,11.32,3.339,,,,,,,,,,,,,20.061
11477,4.279,4.676,11.32,3.339,,,,,,,,,,,,,20.132
11478,4.279,4.676,11.32,3.339,,,,,,,,,,,,,20.998
11479,4.279,4.676,11.32,3.339,,,,,,,,,,,,,19.975
11480,4.279,4.676,11.32,3.339,,,,,,,,,,,,,46.884
11481,4.279,4.676,11.32,3.339,,,,,,,,,,,,,6.8
11482,4.279,4.676,11.32,3.339,,,,,,,,,,,,,6.985
11485,4.279,4.676,11.32,3.339,,,,,,,,,,,,,20.217
11487,4.279,4.676,11.32,3.339,,,,,,,,,,,,,19.479
11488,4.279,4.676,11.32,3.339,,,,,,,,,,,,,20.058
11489,4.279,4.676,11.32,3.339,,,,,,,,,,,,,20.745
11490,4.279,4.676,11.32,3.339,,,,,,,,,,,,,19.089
11491,4.279,4.675,11.32,3.339,,,,,,,,,,,,,19.956
11492,4.279,4.676,11.32,3.339,,,,,,,,,,,,,20.493
11493,4.279,4.676,11.32,3.339,,,,,,,,,,,,,19.709
11494,4.279,4.676,11.32,3.339,,,,,,,,,,,,,19.945
11497,4.279,4.676,11.32,3.339,,,,,,,,,,,,,19.963
11498,4.279,4.676,11.32,3.339,,,,,,,,,,,,,19.979
11499,4.279,4.676,11.32,3.339,,,,,,,,,,,,,24.966
11500,4.279,4.675,11.32,3.339,,,,,,,,,,,,,14.97
11501,4.279,4.675,11.32,3.339,,,,,,,,,,,,,20.284
11502,4.279,4.676,11.32,3.339,,,,,,,,,,,,,23.025
11503,4.279,4.676,11.32,3.339,,,,,,,,,,,,,16.854
11504,4.279,4.676,11.32,3.339,,,,,,,,,,,,,20.738
11505,4.279,4.676,11.32,3.339,,,,,,,,,,,,,21.536
11506,4.279,4.676,11.32,3.339,,,,,,,,,,,,,17.636
11507,4.279,4.676,11.32,3.339,,,,,,,,,,,,,19.975
11508,4.279,4.676,11.32,3.339,,,,,,,,,,,,,20.253
11509,4.279,4.676,11.32,3.339,,,,,,,,,,,,,19.936
11510,4.279,4.676,11.32,3.339,,,,,,,,,,,,,19.975
11511,4.279,4.676,11.32,3.339,,,,,,,,,,,,,21.117
11512,4.279,4.676,11.32,3.339,,,,,,,,,,,,,18.801
11513,4.279,4.676,11.32,3.339,,,,,,,,,,,,,19.955
11514,4.279,4.676,11.32,3.339,,,,,,,,,,,,,19.986
11515,4.279,4.675,11.32,3.339,,,,,,,,,,,,,43.084
11518,4.279,4.676,11.32,3.339,,,,,,,,,,,,,20.047
11519,4.279,4.676,11.32,3.339,,,,,,,,,,,,,22.03
11520,4.279,4.676,11.32,3.339,,,,,,,,,,,,,20.694
11521,4.279,4.676,11.32,3.339,,,,,,,,,,,,,17.188
11522,4.279,4.676,11.32,3.339,,,,,,,,,,,,,19.97
11523,4.279,4.676,11.32,3.339,,,,,,,,,,,,,19.902
11524,4.279,4.676,11.32,3.339,,,,,,,,,,,,,20.025
11525,4.279,4.676,11.32,3.339,,,,,,,,,,,,,20.226
11526,4.279,4.676,11.32,3.339,,,,,,,,,,,,,20.244
11527,4.279,4.676,11.32,3.339,,,,,,,,,,,,,19.736
11528,4.279,4.676,11.32,3.339,,,,,,,,,,,,,20.131
11529,4.279,4.676,11.32,3.339,,,,,,,,,,,,,19.764
11532,4.279,4.676,11.32,3.339,,,,,,,,,,,,,19.99
11535,4.279,4.676,11.32,3.339,,,,,,,,,,,,,17.923
11536,4.279,4.676,11.32,3.339,,,,,,,,,,,,,19.99
11537,4.279,4.676,11.32,3.339,,,,,,,,,,,,,19.874
11538,4.279,4.676,11.32,3.339,,,,,,,,,,,,,20.051
11539,4.279,4.676,11.32,3.339,,,,,,,,,,,,,20.547
11540,4.279,4.676,11.32,3.339,,,,,,,,,,,,,19.544
11541,4.279,4.676,11.32,3.339,,,,,,,,,,,,,20.113
11542,4.279,4.675,11.32,3.339,,,,,,,,,,,,,19.991
11544,4.279,4.676,11.32,3.339,,,,,,,,,,,,,19.461
11547,4.279,4.676,11.32,3.339,,,,,,,,,,,,,19.878
11548,4.279,4.676,11.32,3.339,,,,,,,,,,,,,37.915
11549,4.279,4.676,11.32,3.339,,,,,,,,,,,,,4.04
11550,4.279,4.676,11.32,3.339,,,,,,,,,,,,,16.165
11552,4.279,4.676,11.32,3.339,,,,,,,,,,,,,19.846
11553,4.279,4.676,11.32,3.339,,,,,,,,,,,,,19.994
11554,4.279,4.676,11.32,3.339,,,,,,,,,,,,,25.48
11556,4.279,4.676,11.32,3.339,,,,,,,,,,,,,33.944
11557,4.279,4.676,11.32,3.339,,,,,,,,,,,,,6.216
11558,4.279,4.676,11.32,3.339,,,,,,,,,,,,,19.68
11559,4.279,4.676,11.32,3.339,,,,,,,,,,,,,22.109
11560,4.279,4.676,11.32,3.339,,,,,,,,,,,,,17.942
11561,4.279,4.676,11.32,3.339,,,,,,,,,,,,,19.899
11562,4.279,4.676,11.32,3.339,,,,,,,,,,,,,19.952
11563,4.279,4.676,11.32,3.339,,,,,,,,,,,,,20.255
11564,4.279,4.676,11.32,3.339,,,,,,,,,,,,,20.27
11565,4.279,4.676,11.32,3.339,,,,,,,,,,,,,19.649
11566,4.279,4.676,11.32,3.339,,,,,,,,,,,,,19.954
11567,4.279,4.676,11.32,3.339,,,,,,,,,,,,,24.635
11568,4.279,4.676,11.32,3.339,,,,,,,,,,,,,15.332
11569,4.279,4.676,11.32,3.339,,,,,,,,,,,,,19.946
11570,4.279,4.676,11.32,3.339,,,,,,,,,,,,,20.121
11571,4.279,4.676,11.32,3.339,,,,,,,,,,,,,20.542
11572,4.279,4.676,11.32,3.339,,,,,,,,,,,,,19.255
11573,4.279,4.675,11.32,3.339,,,,,,,,,,,,,22.837
11574,4.279,4.675,11.32,3.339,,,,,,,,,,,,,20.21
11575,4.279,4.676,11.32,3.339,,,,,,,,,,,,,17.139
11576,4.279,4.676,11.32,3.339,,,,,,,,,,,,,33.028
11577,4.279,4.676,11.32,3.339,,,,,,,,,,,,,7.152
11578,4.279,4.676,11.32,3.339,,,,,,,,,,,,,27.155
11579,4.279,4.676,11.32,3.339,,,,,,,,,,,,,17.39
11580,4.279,4.675,11.32,3.339,,,,,,,,,,,,,16.448
11581,4.279,4.675,11.32,3.339,,,,,,,,,,,,,20.934
11582,4.279,4.676,11.32,3.339,,,,,,,,,,,,,21.725
11583,4.279,4.676,11.32,3.339,,,,,,,,,,,,,17.292
11584,4.279,4.676,11.32,3.339,,,,,,,,,,,,,20.32
11585,4.279,4.676,11.32,3.339,,,,,,,,,,,,,22.864
11586,4.279,4.676,11.32,3.339,,,,,,,,,,,,,16.727
11587,4.279,4.676,11.32,3.339,,,,,,,,,,,,,19.833
11588,4.279,4.676,11.32,3.339,,,,,,,,,,,,,20.258
11589,4.279,4.676,11.32,3.339,,,,,,,,,,,,,19.707
11590,4.279,4.676,11.32,3.339,,,,,,,,,,,,,20.191
11591,4.279,4.676,11.32,3.339,,,,,,,,,,,,,20.021
11592,4.279,4.676,11.32,3.339,,,,,,,,,,,,,20.1
11593,4.279,4.676,11.32,3.339,,,,,,,,,,,,,19.888
11594,4.279,4.676,11.32,3.339,,,,,,,,,,,,,19.914
11595,4.279,4.676,11.32,3.339,,,,,,,,,,,,,25.01
11596,4.279,4.676,11.32,3.339,,,,,,,,,,,,,14.89
11597,4.279,4.676,11.32,3.339,,,,,,,,,,,,,23.589
11598,4.279,4.676,11.32,3.339,,,,,,,,,,,,,25.363
11601,4.279,4.676,11.32,3.339,,,,,,,,,,,,,20.097
11602,4.279,4.676,11.32,3.339,,,,,,,,,,,,,19.87
11603,4.279,4.676,11.32,3.339,,,,,,,,,,,,,21.509
11604,4.279,4.676,11.32,3.339,,,,,,,,,,,,,20.039
11605,4.279,4.676,11.32,3.339,,,,,,,,,,,,,18.329
11607,4.279,4.676,11.32,3.339,,,,,,,,,,,,,19.935
11608,4.279,4.676,11.32,3.339,,,,,,,,,,,,,31.74
11609,4.279,4.676,11.32,3.339,,,,,,,,,,,,,13.481
11610,4.279,4.676,11.32,3.339,,,,,,,,,,,,,16.381
11611,4.279,4.676,11.32,3.339,,,,,,,,,,,,,18.33
11612,4.279,4.676,11.32,3.339,,,,,,,,,,,,,35.351
11613,4.279,4.676,11.32,3.339,,,,,,,,,,,,,4.934
11614,4.279,4.676,11.32,3.339,,,,,,,,,,,,,19.791
11615,4.279,4.675,11.32,3.339,,,,,,,,,,,,,20.247
11616,4.279,4.675,11.32,3.339,,,,,,,,,,,,,19.819
11617,4.279,4.676,11.32,3.339,,,,,,,,,,,,,20.015
11618,4.279,4.676,11.32,3.339,,,,,,,,,,,,,19.833
11619,4.279,4.676,11.32,3.339,,,,,,,,,,,,,20.04
11621,4.279,4.676,11.32,3.339,,,,,,,,,,,,,21.65
11622,4.279,4.676,11.32,3.339,,,,,,,,,,,,,18.106
11623,4.279,4.676,11.32,3.339,,,,,,,,,,,,,19.994
11624,4.279,4.676,11.32,3.339,,,,,,,,,,,,,19.982
11625,4.279,4.676,11.32,3.339,,,,,,,,,,,,,19.97
11626,4.279,4.675,11.32,3.339,,,,,,,,,,,,,20.305
11627,4.279,4.676,11.32,3.339,,,,,,,,,,,,,19.551
11628,4.279,4.676,11.32,3.339,,,,,,,,,,,,,20.025
11629,4.279,4.676,11.32,3.339,,,,,,,,,,,,,20.363
11630,4.279,4.675,11.32,3.339,,,,,,,,,,,,,20.685
11631,4.279,4.675,11.32,3.339,,,,,,,,,,,,,20.9
11632,4.279,4.676,11.32,3.339,,,,,,,,,,,,,18.324
11633,4.279,4.676,11.32,3.339,,,,,,,,,,,,,19.983
11634,4.279,4.676,11.32,3.339,,,,,,,,,,,,,19.816
11635,4.279,4.676,11.32,3.339,,,,,,,,,,,,,24.867
11636,4.279,4.676,11.32,3.339,,,,,,,,,,,,,16.875
11637,4.279,4.676,11.32,3.339,,,,,,,,,,,,,19.581
11638,4.279,4.676,11.32,3.339,,,,,,,,,,,,,27.108
11639,4.279,4.676,11.32,3.339,,,,,,,,,,,,,15.534
11643,4.279,4.676,11.32,3.339,,,,,,,,,,,,,21.278
11645,4.279,4.676,11.32,3.339,,,,,,,,,,,,,19.995
11646,4.279,4.675,11.32,3.339,,,,,,,,,,,,,20.055
11648,4.279,4.676,11.32,3.339,,,,,,,,,,,,,4.525
11649,4.279,4.676,11.32,3.339,,,,,,,,,,,,,19.302
11650,4.279,4.676,11.32,3.339,,,,,,,,,,,,,18.906
11651,4.279,4.676,11.32,3.339,,,,,,,,,,,,,21.965
11652,4.279,4.676,11.32,3.339,,,,,,,,,,,,,18.037
11653,4.279,4.676,11.32,3.339,,,,,,,,,,,,,20.041
11654,4.279,4.676,11.32,3.339,,,,,,,,,,,,,20.409
11655,4.279,4.676,11.32,3.339,,,,,,,,,,,,,20.967
11657,4.279,4.676,11.32,3.339,,,,,,,,,,,,,22.362
11658,4.279,4.676,11.32,3.339,,,,,,,,,,,,,13.918
11659,4.279,4.676,11.32,3.339,,,,,,,,,,,,,19.677
11660,4.279,4.676,11.32,3.339,,,,,,,,,,,,,20.008
11661,4.279,4.676,11.32,3.339,,,,,,,,,,,,,25.223
11662,4.279,4.676,11.32,3.339,,,,,,,,,,,,,15.086
11663,4.279,4.676,11.32,3.339,,,,,,,,,,,,,21.395
11664,4.279,4.676,11.32,3.339,,,,,,,,,,,,,18.411
11665,4.279,4.676,11.32,3.339,,,,,,,,,,,,,20.105
11666,4.279,4.676,11.32,3.339,,,,,,,,,,,,,23.682
11667,4.279,4.676,11.32,3.339,,,,,,,,,,,,,16.431
11668,4.279,4.676,11.32,3.339,,,,,,,,,,,,,19.65
11669,4.279,4.676,11.32,3.339,,,,,,,,,,,,,20.433
11670,4.279,4.676,11.32,3.339,,,,,,,,,,,,,20.286
11672,4.279,4.675,11.32,3.339,,,,,,,,,,,,,19.18
11673,4.279,4.676,11.32,3.339,,,,,,,,,,,,,20.052
11674,4.279,4.676,11.32,3.339,,,,,,,,,,,,,19.908
11675,4.279,4.676,11.32,3.339,,,,,,,,,,,,,19.958
11676,4.279,4.676,11.32,3.339,,,,,,,,,,,,,25.886
11677,4.279,4.676,11.32,3.339,,,,,,,,,,,,,14.511
11678,4.279,4.676,11.32,3.339,,,,,,,,,,,,,27.499
11680,4.279,4.676,11.32,3.339,,,,,,,,,,,,,18.631
11681,4.279,4.676,11.32,3.339,,,,,,,,,,,,,19.99
11682,4.279,4.676,11.32,3.339,,,,,,,,,,,,,19.988
11683,4.279,4.676,11.32,3.339,,,,,,,,,,,,,38.668
11684,4.279,4.676,11.32,3.339,,,,,,,,,,,,,5.665
11685,4.279,4.676,11.32,3.339,,,,,,,,,,,,,15.531
11687,4.279,4.676,11.32,3.339,,,,,,,,,,,,,23.479
11688,4.279,4.676,11.32,3.339,,,,,,,,,,,,,16.727
11689,4.279,4.676,11.32,3.339,,,,,,,,,,,,,20.204
11690,4.279,4.676,11.32,3.339,,,,,,,,,,,,,20.415
11691,4.279,4.676,11.32,3.339,,,,,,,,,,,,,19.277
11692,4.279,4.676,11.32,3.339,,,,,,,,,,,,,20.048
11693,4.279,4.676,11.32,3.339,,,,,,,,,,,,,20.677
11694,4.279,4.676,11.32,3.339,,,,,,,,,,,,,19.315
11697,4.279,4.676,11.32,3.339,,,,,,,,,,,,,19.887
11698,4.279,4.676,11.32,3.339,,,,,,,,,,,,,20.298
11699,4.279,4.676,11.32,3.339,,,,,,,,,,,,,22.549
11700,4.279,4.676,11.32,3.339,,,,,,,,,,,,,19.725
11701,4.279,4.676,11.32,3.339,,,,,,,,,,,,,17.614
11702,4.279,4.676,11.32,3.339,,,,,,,,,,,,,19.999
11703,4.279,4.676,11.32,3.339,,,,,,,,,,,,,21.674
11704,4.279,4.676,11.32,3.339,,,,,,,,,,,,,18.237
11705,4.279,4.676,11.32,3.339,,,,,,,,,,,,,20.001
11707,4.279,4.675,11.32,3.339,,,,,,,,,,,,,20.731
11708,4.279,4.675,11.32,3.339,,,,,,,,,,,,,24.666
11709,4.279,4.676,11.32,3.339,,,,,,,,,,,,,15.284
11710,4.279,4.676,11.32,3.339,,,,,,,,,,,,,19.408
11711,4.279,4.676,11.32,3.339,,,,,,,,,,,,,20.498
11712,4.279,4.676,11.32,3.339,,,,,,,,,,,,,20.301
11713,4.279,4.676,11.32,3.339,,,,,,,,,,,,,20.598
11714,4.279,4.676,11.32,3.339,,,,,,,,,,,,,21.587
11715,4.279,4.676,11.32,3.339,,,,,,,,,,,,,34.185
11716,4.279,4.676,11.32,3.339,,,,,,,,,,,,,3.927
11717,4.279,4.676,11.32,3.339,,,,,,,,,,,,,19.829
11718,4.279,4.675,11.32,3.339,,,,,,,,,,,,,19.301
11719,4.279,4.676,11.32,3.339,,,,,,,,,,,,,20.104
11720,4.279,4.676,11.32,3.339,,,,,,,,,,,,,20.745
11721,4.279,4.676,11.32,3.339,,,,,,,,,,,,,20.727
11724,4.279,4.676,11.32,3.339,,,,,,,,,,,,,16.947
11725,4.279,4.676,11.32,3.339,,,,,,,,,,,,,33.164
11728,4.279,4.676,11.32,3.339,,,,,,,,,,,,,20.429
11729,4.279,4.676,11.32,3.339,,,,,,,,,,,,,23.11
11730,4.279,4.676,11.32,3.339,,,,,,,,,,,,,16.416
11731,4.279,4.676,11.32,3.339,,,,,,,,,,,,,20.01
11732,4.279,4.676,11.32,3.339,,,,,,,,,,,,,20.005
11733,4.279,4.676,11.32,3.339,,,,,,,,,,,,,20.069
11734,4.279,4.676,11.32,3.339,,,,,,,,,,,,,25.778
11735,4.279,4.676,11.32,3.339,,,,,,,,,,,,,14.199
11736,4.279,4.676,11.32,3.339,,,,,,,,,,,,,20.706
11737,4.279,4.676,11.32,3.339,,,,,,,,,,,,,19.322
11738,4.279,4.676,11.32,3.339,,,,,,,,,,,,,19.863
11740,4.279,4.676,11.32,3.339,,,,,,,,,,,,,10.112
11741,4.279,4.676,11.32,3.339,,,,,,,,,,,,,23.431
11742,4.279,4.676,11.32,3.339,,,,,,,,,,,,,16.638
11743,4.279,4.676,11.32,3.339,,,,,,,,,,,,,20.81
11744,4.279,4.676,11.32,3.339,,,,,,,,,,,,,19.296
11745,4.279,4.675,11.32,3.339,,,,,,,,,,,,,20.183
11746,4.279,4.676,11.32,3.339,,,,,,,,,,,,,43.283
11747,4.279,4.676,11.32,3.339,,,,,,,,,,,,,4.09
11748,4.279,4.676,11.32,3.339,,,,,,,,,,,,,14.275
11749,4.279,4.676,11.32,3.339,,,,,,,,,,,,,17.962
11750,4.279,4.676,11.32,3.339,,,,,,,,,,,,,25.366
11752,4.279,4.676,11.32,3.339,,,,,,,,,,,,,22.048
11755,4.279,4.676,11.32,3.339,,,,,,,,,,,,,26.366
11756,4.279,4.676,11.32,3.339,,,,,,,,,,,,,17.721
11757,4.279,4.676,11.32,3.339,,,,,,,,,,,,,19.17
11758,4.279,4.676,11.32,3.339,,,,,,,,,,,,,16.886
11759,4.279,4.676,11.32,3.339,,,,,,,,,,,,,19.745
11760,4.279,4.676,11.32,3.339,,,,,,,,,,,,,19.927
11761,4.279,4.676,11.32,3.339,,,,,,,,,,,,,20.081
11762,4.279,4.676,11.32,3.339,,,,,,,,,,,,,23.332
11763,4.279,4.676,11.32,3.339,,,,,,,,,,,,,16.634
11764,4.279,4.676,11.32,3.339,,,,,,,,,,,,,19.97
11765,4.279,4.676,11.32,3.339,,,,,,,,,,,,,19.83
11766,4.279,4.676,11.32,3.339,,,,,,,,,,,,,21.599
11767,4.279,4.676,11.32,3.339,,,,,,,,,,,,,18.62
11768,4.279,4.676,11.32,3.339,,,,,,,,,,,,,19.956
11769,4.279,4.676,11.32,3.339,,,,,,,,,,,,,19.956
11770,4.279,4.676,11.32,3.339,,,,,,,,,,,,,19.991
11771,4.279,4.676,11.32,3.339,,,,,,,,,,,,,31.272
11772,4.279,4.676,11.32,3.339,,,,,,,,,,,,,9.133
11773,4.279,4.676,11.32,3.339,,,,,,,,,,,,,19.982
11774,4.279,4.676,11.32,3.339,,,,,,,,,,,,,21.011
11775,4.279,4.676,11.32,3.339,,,,,,,,,,,,,18.68
11776,4.279,4.676,11.32,3.339,,,,,,,,,,,,,26.078
11777,4.279,4.676,11.32,3.339,,,,,,,,,,,,,37.176
11778,4.279,4.676,11.32,3.339,,,,,,,,,,,,,3.966
11779,4.279,4.676,11.32,3.339,,,,,,,,,,,,,13.704
11780,4.279,4.676,11.32,3.339,,,,,,,,,,,,,21.468
11781,4.279,4.676,11.32,3.339,,,,,,,,,,,,,18.369
11782,4.279,4.676,11.32,3.339,,,,,,,,,,,,,19.98
11783,4.279,4.676,11.32,3.339,,,,,,,,,,,,,19.958
11784,4.279,4.676,11.32,3.339,,,,,,,,,,,,,20.815
11785,4.279,4.676,11.32,3.339,,,,,,,,,,,,,19.464
11786,4.279,4.676,11.32,3.339,,,,,,,,,,,,,20.366
11787,4.279,4.676,11.32,3.339,,,,,,,,,,,,,19.854
11790,4.279,4.676,11.32,3.339,,,,,,,,,,,,,19.887
11791,4.279,4.676,11.32,3.339,,,,,,,,,,,,,19.682
11792,4.279,4.676,11.32,3.339,,,,,,,,,,,,,20.45
11794,4.279,4.676,11.32,3.339,,,,,,,,,,,,,20.135
11795,4.279,4.676,11.32,3.339,,,,,,,,,,,,,20.577
11796,4.279,4.676,11.32,3.339,,,,,,,,,,,,,21.042
11797,4.279,4.676,11.32,3.339,,,,,,,,,,,,,22.313
11798,4.279,4.676,11.32,3.339,,,,,,,,,,,,,15.538
11799,4.279,4.676,11.32,3.339,,,,,,,,,,,,,19.983
11800,4.279,4.675,11.32,3.339,,,,,,,,,,,,,20.279
11801,4.279,4.675,11.32,3.339,,,,,,,,,,,,,19.891
11802,4.279,4.676,11.32,3.339,,,,,,,,,,,,,24.441
11803,4.279,4.676,11.32,3.339,,,,,,,,,,,,,18.805
11804,4.279,4.676,11.32,3.339,,,,,,,,,,,,,17.223
11805,4.279,4.676,11.32,3.339,,,,,,,,,,,,,19.464
11806,4.279,4.676,11.32,3.339,,,,,,,,,,,,,19.908
11807,4.279,4.676,11.32,3.339,,,,,,,,,,,,,19.975
11808,4.279,4.676,11.32,3.339,,,,,,,,,,,,,20.494
11809,4.279,4.676,11.32,3.339,,,,,,,,,,,,,19.692
11810,4.279,4.676,11.32,3.339,,,,,,,,,,,,,20.232
11811,4.279,4.676,11.32,3.339,,,,,,,,,,,,,18.496
11812,4.279,4.676,11.32,3.339,,,,,,,,,,,,,23.95
11813,4.279,4.676,11.32,3.339,,,,,,,,,,,,,50.24
11814,4.279,4.676,11.32,3.339,,,,,,,,,,,,,4.538
11815,4.279,4.676,11.32,3.339,,,,,,,,,,,,,4.141
11816,4.279,4.676,11.32,3.339,,,,,,,,,,,,,18.456
11817,4.279,4.676,11.32,3.339,,,,,,,,,,,,,22.005
11818,4.279,4.676,11.32,3.339,,,,,,,,,,,,,17.936
11819,4.279,4.676,11.32,3.339,,,,,,,,,,,,,20.021
11820,4.279,4.676,11.32,3.339,,,,,,,,,,,,,20.119
11821,4.279,4.676,11.32,3.339,,,,,,,,,,,,,21.096
11822,4.279,4.675,11.32,3.339,,,,,,,,,,,,,18.708
11823,4.279,4.676,11.32,3.339,,,,,,,,,,,,,25.618
11824,4.279,4.676,11.32,3.339,,,,,,,,,,,,,14.281
11825,4.279,4.676,11.32,3.339,,,,,,,,,,,,,20.451
11826,4.279,4.676,11.32,3.339,,,,,,,,,,,,,19.703
11827,4.279,4.676,11.32,3.339,,,,,,,,,,,,,19.895
11829,4.279,4.676,11.32,3.339,,,,,,,,,,,,,19.465
11832,4.279,4.676,11.32,3.339,,,,,,,,,,,,,21.032
11833,4.279,4.676,11.32,3.339,,,,,,,,,,,,,19.192
11834,4.279,4.676,11.32,3.339,,,,,,,,,,,,,20.795
11835,4.279,4.676,11.32,3.339,,,,,,,,,,,,,19.131
11837,4.279,4.676,11.32,3.339,,,,,,,,,,,,,18.951
11838,4.279,4.676,11.32,3.339,,,,,,,,,,,,,19.972
11839,4.279,4.676,11.32,3.339,,,,,,,,,,,,,19.976
11840,4.279,4.676,11.32,3.339,,,,,,,,,,,,,20.25
11841,4.279,4.676,11.32,3.339,,,,,,,,,,,,,19.92
11842,4.279,4.676,11.32,3.339,,,,,,,,,,,,,20.191
11843,4.279,4.676,11.32,3.339,,,,,,,,,,,,,20.032
11845,4.279,4.676,11.32,3.339,,,,,,,,,,,,,20.972
11846,4.279,4.676,11.32,3.339,,,,,,,,,,,,,18.96
11847,4.279,4.676,11.32,3.339,,,,,,,,,,,,,20.101
11848,4.279,4.676,11.32,3.339,,,,,,,,,,,,,20.085
11849,4.279,4.675,11.32,3.339,,,,,,,,,,,,,32.807
11850,4.279,4.676,11.32,3.339,,,,,,,,,,,,,17.158
11851,4.279,4.676,11.32,3.339,,,,,,,,,,,,,9.968
11852,4.279,4.676,11.32,3.339,,,,,,,,,,,,,22.422
11853,4.279,4.676,11.32,3.339,,,,,,,,,,,,,17.493
11854,4.279,4.676,11.32,3.339,,,,,,,,,,,,,19.991
11855,4.279,4.676,11.32,3.339,,,,,,,,,,,,,20.21
11856,4.279,4.676,11.32,3.339,,,,,,,,,,,,,19.958
11857,4.279,4.676,11.32,3.339,,,,,,,,,,,,,20.036
11858,4.279,4.676,11.32,3.339,,,,,,,,,,,,,23.16
11859,4.279,4.676,11.32,3.339,,,,,,,,,,,,,17.411
11861,4.279,4.676,11.32,3.339,,,,,,,,,,,,,24.932
11862,4.279,4.676,11.32,3.339,,,,,,,,,,,,,15.289
11863,4.279,4.676,11.32,3.339,,,,,,,,,,,,,19.517
11864,4.279,4.676,11.32,3.339,,,,,,,,,,,,,20.237
11865,4.279,4.676,11.32,3.339,,,,,,,,,,,,,19.951
11866,4.279,4.676,11.32,3.339,,,,,,,,,,,,,20.731
11867,4.279,4.676,11.32,3.339,,,,,,,,,,,,,19.199
11868,4.279,4.675,11.32,3.339,,,,,,,,,,,,,21.026
11869,4.279,4.676,11.32,3.339,,,,,,,,,,,,,19.689
11870,4.279,4.676,11.32,3.339,,,,,,,,,,,,,19.231
11871,4.279,4.676,11.32,3.339,,,,,,,,,,,,,20.161
11874,4.279,4.676,11.32,3.339,,,,,,,,,,,,,19.98
11876,4.279,4.676,11.32,3.339,,,,,,,,,,,,,19.507
11877,4.279,4.676,11.32,3.339,,,,,,,,,,,,,19.627
11878,4.279,4.676,11.32,3.339,,,,,,,,,,,,,21.066
11879,4.279,4.676,11.32,3.339,,,,,,,,,,,,,48.381
11880,4.279,4.676,11.32,3.339,,,,,,,,,,,,,4.763
11881,4.279,4.676,11.32,3.339,,,,,,,,,,,,,6.907
11882,4.279,4.676,11.32,3.339,,,,,,,,,,,,,20.163
11883,4.279,4.676,11.32,3.339,,,,,,,,,,,,,19.611
11884,4.279,4.676,11.32,3.339,,,,,,,,,,,,,20.214
11885,4.279,4.676,11.32,3.339,,,,,,,,,,,,,20.011
11887,4.279,4.676,11.32,3.339,,,,,,,,,,,,,21.492
11888,4.279,4.676,11.32,3.339,,,,,,,,,,,,,18.575
11889,4.279,4.676,11.32,3.339,,,,,,,,,,,,,20.335
11890,4.279,4.676,11.32,3.339,,,,,,,,,,,,,22.202
11893,4.279,4.676,11.32,3.339,,,,,,,,,,,,,25.024
11894,4.279,4.676,11.32,3.339,,,,,,,,,,,,,15.03
11895,4.279,4.676,11.32,3.339,,,,,,,,,,,,,20.242
11896,4.279,4.676,11.32,3.339,,,,,,,,,,,,,24.165
11897,4.279,4.676,11.32,3.339,,,,,,,,,,,,,15.527
11898,4.279,4.676,11.32,3.339,,,,,,,,,,,,,20.014
11899,4.279,4.676,11.32,3.339,,,,,,,,,,,,,19.961
11900,4.279,4.676,11.32,3.339,,,,,,,,,,,,,19.969
11901,4.279,4.676,11.32,3.339,,,,,,,,,,,,,19.977
11902,4.279,4.676,11.32,3.339,,,,,,,,,,,,,20.471
11903,4.279,4.675,11.32,3.339,,,,,,,,,,,,,26.584
11904,4.279,4.676,11.32,3.339,,,,,,,,,,,,,18.428
11905,4.279,4.676,11.32,3.339,,,,,,,,,,,,,15.125
11906,4.279,4.676,11.32,3.339,,,,,,,,,,,,,19.474
11907,4.279,4.676,11.32,3.339,,,,,,,,,,,,,44.685
11908,4.279,4.676,11.32,3.339,,,,,,,,,,,,,3.873
11909,4.279,4.676,11.32,3.339,,,,,,,,,,,,,11.338
11910,4.279,4.676,11.32,3.339,,,,,,,,,,,,,19.966
11911,4.279,4.676,11.32,3.339,,,,,,,,,,,,,21.133
11912,4.279,4.676,11.32,3.339,,,,,,,,,,,,,18.821
11913,4.279,4.676,11.32,3.339,,,,,,,,,,,,,20.629
11914,4.279,4.676,11.32,3.339,,,,,,,,,,,,,19.565
11915,4.279,4.676,11.32,3.339,,,,,,,,,,,,,20.507
11917,4.279,4.676,11.32,3.339,,,,,,,,,,,,,20.07
11918,4.279,4.676,11.32,3.339,,,,,,,,,,,,,19.372
11919,4.279,4.676,11.32,3.339,,,,,,,,,,,,,19.954
11920,4.279,4.676,11.32,3.339,,,,,,,,,,,,,20.243
11921,4.279,4.676,11.32,3.339,,,,,,,,,,,,,19.718
11922,4.279,4.676,11.32,3.339,,,,,,,,,,,,,20.264
11923,4.279,4.676,11.32,3.339,,,,,,,,,,,,,19.917
11924,4.279,4.676,11.32,3.339,,,,,,,,,,,,,26.055
11925,4.279,4.676,11.32,3.339,,,,,,,,,,,,,14.106
11926,4.279,4.676,11.32,3.339,,,,,,,,,,,,,19.745
11927,4.279,4.676,11.32,3.339,,,,,,,,,,,,,20.6
11928,4.279,4.676,11.32,3.339,,,,,,,,,,,,,19.6
11930,4.279,4.676,11.32,3.339,,,,,,,,,,,,,19.44
11931,4.279,4.676,11.32,3.339,,,,,,,,,,,,,19.953
11932,4.279,4.676,11.32,3.339,,,,,,,,,,,,,21.463
11933,4.279,4.676,11.32,3.339,,,,,,,,,,,,,23.099
11934,4.279,4.676,11.32,3.339,,,,,,,,,,,,,15.386
11935,4.279,4.676,11.32,3.339,,,,,,,,,,,,,41.998
11936,4.279,4.676,11.32,3.339,,,,,,,,,,,,,5.266
11937,4.279,4.676,11.32,3.339,,,,,,,,,,,,,13.383
11938,4.279,4.676,11.32,3.339,,,,,,,,,,,,,20.025
11939,4.279,4.676,11.32,3.339,,,,,,,,,,,,,22.093
11940,4.279,4.676,11.32,3.339,,,,,,,,,,,,,17.271
11941,4.279,4.676,11.32,3.339,,,,,,,,,,,,,19.963
11942,4.279,4.676,11.32,3.339,,,,,,,,,,,,,19.974
11943,4.279,4.676,11.32,3.339,,,,,,,,,,,,,20.358
11944,4.279,4.676,11.32,3.339,,,,,,,,,,,,,20.171
11945,4.279,4.676,11.32,3.339,,,,,,,,,,,,,19.435
11946,4.279,4.676,11.32,3.339,,,,,,,,,,,,,20.185
11947,4.279,4.676,11.32,3.339,,,,,,,,,,,,,19.968
11948,4.279,4.676,11.32,3.339,,,,,,,,,,,,,19.952
11952,4.279,4.676,11.32,3.339,,,,,,,,,,,,,20.724
11953,4.279,4.676,11.32,3.339,,,,,,,,,,,,,19.471
11954,4.279,4.675,11.32,3.339,,,,,,,,,,,,,20.22
11955,4.279,4.675,11.32,3.339,,,,,,,,,,,,,19.711
11956,4.279,4.676,11.32,3.339,,,,,,,,,,,,,19.966
11957,4.279,4.676,11.32,3.339,,,,,,,,,,,,,19.984
11958,4.279,4.675,11.32,3.339,,,,,,,,,,,,,19.972
11959,4.279,4.675,11.32,3.339,,,,,,,,,,,,,23.312
11960,4.279,4.676,11.32,3.339,,,,,,,,,,,,,16.774
11961,4.279,4.676,11.32,3.339,,,,,,,,,,,,,20.216
11962,4.279,4.676,11.32,3.339,,,,,,,,,,,,,19.834
11963,4.279,4.676,11.32,3.339,,,,,,,,,,,,,19.966
11964,4.279,4.676,11.32,3.339,,,,,,,,,,,,,24.639
11965,4.279,4.675,11.32,3.339,,,,,,,,,,,,,18.926
11966,4.279,4.675,11.32,3.339,,,,,,,,,,,,,16.334
11967,4.279,4.676,11.32,3.339,,,,,,,,,,,,,47.138
11968,4.279,4.676,11.32,3.339,,,,,,,,,,,,,5.794
11969,4.279,4.676,11.32,3.339,,,,,,,,,,,,,7.592
11970,4.279,4.676,11.32,3.339,,,,,,,,,,,,,19.638
11971,4.279,4.676,11.32,3.339,,,,,,,,,,,,,20.484
11972,4.279,4.675,11.32,3.339,,,,,,,,,,,,,19.687
11973,4.279,4.676,11.32,3.339,,,,,,,,,,,,,19.991
11974,4.279,4.676,11.32,3.339,,,,,,,,,,,,,19.678
11975,4.279,4.676,11.32,3.339,,,,,,,,,,,,,20.043
11976,4.279,4.676,11.32,3.339,,,,,,,,,,,,,22.305
11977,4.279,4.676,11.32,3.339,,,,,,,,,,,,,17.562
11978,4.279,4.676,11.32,3.339,,,,,,,,,,,,,21.324
11979,4.279,4.676,11.32,3.339,,,,,,,,,,,,,19.901
11980,4.279,4.676,11.32,3.339,,,,,,,,,,,,,20.004
11981,4.279,4.675,11.32,3.339,,,,,,,,,,,,,19.981
11982,4.279,4.675,11.32,3.339,,,,,,,,,,,,,19.913
11983,4.279,4.676,11.32,3.339,,,,,,,,,,,,,23.001
11984,4.279,4.676,11.32,3.339,,,,,,,,,,,,,25.673
11985,4.279,4.675,11.32,3.339,,,,,,,,,,,,,11.76
11986,4.279,4.675,11.32,3.339,,,,,,,,,,,,,21.259
11987,4.279,4.676,11.32,3.339,,,,,,,,,,,,,18.391
11988,4.279,4.676,11.32,3.339,,,,,,,,,,,,,20.08
11989,4.279,4.676,11.32,3.339,,,,,,,,,,,,,21.984
11990,4.279,4.676,11.32,3.339,,,,,,,,,,,,,21.486
11991,4.279,4.676,11.32,3.339,,,,,,,,,,,,,20.219
11992,4.279,4.675,11.32,3.339,,,,,,,,,,,,,16.102
11993,4.279,4.675,11.32,3.339,,,,,,,,,,,,,20.439
11994,4.279,4.676,11.32,3.339,,,,,,,,,,,,,19.877
11995,4.279,4.676,11.32,3.339,,,,,,,,,,,,,20.712
11996,4.279,4.675,11.32,3.339,,,,,,,,,,,,,19.372
11997,4.279,4.675,11.32,3.339,,,,,,,,,,,,,20.239
11998,4.279,4.676,11.32,3.339,,,,,,,,,,,,,48.887
12001,4.279,4.676,11.32,3.339,,,,,,,,,,,,,20.837
12002,4.279,4.676,11.32,3.339,,,,,,,,,,,,,18.798
12003,4.279,4.676,11.32,3.339,,,,,,,,,,,,,20.092
12004,4.279,4.676,11.32,3.339,,,,,,,,,,,,,19.977
12005,4.279,4.676,11.32,3.339,,,,,,,,,,,,,30.406
12006,4.279,4.676,11.32,3.339,,,,,,,,,,,,,18.682
12007,4.279,4.676,11.32,3.339,,,,,,,,,,,,,14.52
12008,4.279,4.676,11.32,3.339,,,,,,,,,,,,,30.118
12009,4.279,4.676,11.32,3.339,,,,,,,,,,,,,15.367
12010,4.279,4.676,11.32,3.339,,,,,,,,,,,,,14.344
12011,4.279,4.675,11.32,3.339,,,,,,,,,,,,,18.918
12012,4.279,4.676,11.32,3.339,,,,,,,,,,,,,17.804
12013,4.279,4.676,11.32,3.339,,,,,,,,,,,,,24.745
12014,4.279,4.676,11.32,3.339,,,,,,,,,,,,,15.825
12015,4.279,4.676,11.32,3.339,,,,,,,,,,,,,19.195
12016,4.279,4.676,11.32,3.339,,,,,,,,,,,,,20.255
12017,4.279,4.676,11.32,3.339,,,,,,,,,,,,,19.916
12018,4.279,4.676,11.32,3.339,,,,,,,,,,,,,30.748
12019,4.279,4.676,11.32,3.339,,,,,,,,,,,,,9.285
12020,4.279,4.676,11.32,3.339,,,,,,,,,,,,,19.666
12021,4.279,4.676,11.32,3.339,,,,,,,,,,,,,20.058
12022,4.279,4.676,11.32,3.339,,,,,,,,,,,,,20.09
12023,4.279,4.676,11.32,3.339,,,,,,,,,,,,,19.958
12024,4.279,4.676,11.32,3.339,,,,,,,,,,,,,20.237
12025,4.279,4.676,11.32,3.339,,,,,,,,,,,,,20.877
12026,4.279,4.675,11.32,3.339,,,,,,,,,,,,,20.647
12027,4.279,4.676,11.32,3.339,,,,,,,,,,,,,19.601
12028,4.279,4.676,11.32,3.339,,,,,,,,,,,,,46.731
12029,4.279,4.676,11.32,3.339,,,,,,,,,,,,,4.204
12030,4.279,4.676,11.32,3.339,,,,,,,,,,,,,9.565
12031,4.279,4.675,11.32,3.339,,,,,,,,,,,,,18.462
12032,4.279,4.675,11.32,3.339,,,,,,,,,,,,,20.703
12033,4.279,4.676,11.32,3.339,,,,,,,,,,,,,19.981
12034,4.279,4.676,11.32,3.339,,,,,,,,,,,,,19.448
12035,4.279,4.676,11.32,3.339,,,,,,,,,,,,,19.711
12036,4.279,4.676,11.32,3.339,,,,,,,,,,,,,19.985
12037,4.279,4.676,11.32,3.339,,,,,,,,,,,,,20.006
12038,4.279,4.675,11.32,3.339,,,,,,,,,,,,,20.765
12039,4.279,4.675,11.32,3.339,,,,,,,,,,,,,19.121
12040,4.279,4.676,11.32,3.339,,,,,,,,,,,,,20.812
12043,4.279,4.676,11.32,3.339,,,,,,,,,,,,,19.958
12044,4.279,4.676,11.32,3.339,,,,,,,,,,,,,21.331
12045,4.279,4.676,11.32,3.339,,,,,,,,,,,,,18.62
12046,4.279,4.676,11.32,3.339,,,,,,,,,,,,,19.899
12047,4.279,4.676,11.32,3.339,,,,,,,,,,,,,20.293
12049,4.279,4.676,11.32,3.339,,,,,,,,,,,,,19.963
12050,4.279,4.676,11.32,3.339,,,,,,,,,,,,,21.563
12051,4.279,4.676,11.32,3.339,,,,,,,,,,,,,18.674
12052,4.279,4.676,11.32,3.339,,,,,,,,,,,,,21.231
12053,4.279,4.676,11.32,3.339,,,,,,,,,,,,,28.366
12054,4.279,4.676,11.32,3.339,,,,,,,,,,,,,12.901
12055,4.279,4.676,11.32,3.339,,,,,,,,,,,,,17.613
12056,4.279,4.676,11.32,3.339,,,,,,,,,,,,,19.799
12057,4.279,4.676,11.32,3.339,,,,,,,,,,,,,19.974
12058,4.279,4.676,11.32,3.339,,,,,,,,,,,,,27.353
12059,4.279,4.676,11.32,3.339,,,,,,,,,,,,,15.055
12060,4.279,4.676,11.32,3.339,,,,,,,,,,,,,18.142
12063,4.279,4.676,11.32,3.339,,,,,,,,,,,,,40.466
12064,4.279,4.676,11.32,3.339,,,,,,,,,,,,,4.082
12068,4.279,4.676,11.32,3.339,,,,,,,,,,,,,21.152
12069,4.279,4.675,11.32,3.339,,,,,,,,,,,,,22.042
12070,4.279,4.675,11.32,3.339,,,,,,,,,,,,,18.523
12071,4.279,4.676,11.32,3.339,,,,,,,,,,,,,18.167
12072,4.279,4.676,11.32,3.339,,,,,,,,,,,,,20.221
12073,4.279,4.676,11.32,3.339,,,,,,,,,,,,,23.489
12074,4.279,4.676,11.32,3.339,,,,,,,,,,,,,16.448
12075,4.279,4.676,11.32,3.339,,,,,,,,,,,,,19.958
12076,4.279,4.676,11.32,3.339,,,,,,,,,,,,,21.017
12077,4.279,4.676,11.32,3.339,,,,,,,,,,,,,19.029
12078,4.279,4.676,11.32,3.339,,,,,,,,,,,,,21.076
12080,4.279,4.676,11.32,3.339,,,,,,,,,,,,,20.085
12081,4.279,4.676,11.32,3.339,,,,,,,,,,,,,19.976
12083,4.279,4.676,11.32,3.339,,,,,,,,,,,,,20.462
12084,4.279,4.676,11.32,3.339,,,,,,,,,,,,,19.468
12085,4.279,4.676,11.32,3.339,,,,,,,,,,,,,19.953
12086,4.279,4.676,11.32,3.339,,,,,,,,,,,,,20.231
12087,4.279,4.676,11.32,3.339,,,,,,,,,,,,,19.581
12088,4.279,4.676,11.32,3.339,,,,,,,,,,,,,19.849
12089,4.279,4.676,11.32,3.339,,,,,,,,,,,,,20.295
12091,4.279,4.676,11.32,3.339,,,,,,,,,,,,,47.948
12092,4.279,4.676,11.32,3.339,,,,,,,,,,,,,4.119
12093,4.279,4.676,11.32,3.339,,,,,,,,,,,,,8.356
12094,4.279,4.676,11.32,3.339,,,,,,,,,,,,,19.778
12097,4.279,4.676,11.32,3.339,,,,,,,,,,,,,25.064
12098,4.279,4.676,11.32,3.339,,,,,,,,,,,,,14.993
12099,4.279,4.676,11.32,3.339,,,,,,,,,,,,,19.84
12100,4.279,4.675,11.32,3.339,,,,,,,,,,,,,19.916
12101,4.279,4.675,11.32,3.339,,,,,,,,,,,,,20.314
12102,4.279,4.676,11.32,3.339,,,,,,,,,,,,,19.636
12103,4.279,4.676,11.32,3.339,,,,,,,,,,,,,19.98
12104,4.279,4.676,11.32,3.339,,,,,,,,,,,,,21.256
12105,4.279,4.676,11.32,3.339,,,,,,,,,,,,,19.491
12106,4.279,4.676,11.32,3.339,,,,,,,,,,,,,19.321
12107,4.279,4.676,11.32,3.339,,,,,,,,,,,,,20.321
12108,4.279,4.676,11.32,3.339,,,,,,,,,,,,,26.454
12109,4.279,4.676,11.32,3.339,,,,,,,,,,,,,13.351
12110,4.279,4.676,11.32,3.339,,,,,,,,,,,,,19.813
12115,4.279,4.676,11.32,3.339,,,,,,,,,,,,,34.172
12116,4.279,4.676,11.32,3.339,,,,,,,,,,,,,7.627
12117,4.279,4.676,11.32,3.339,,,,,,,,,,,,,21.557
12118,4.279,4.676,11.32,3.339,,,,,,,,,,,,,16.604
12119,4.279,4.675,11.32,3.339,,,,,,,,,,,,,20.119
12121,4.279,4.676,11.32,3.339,,,,,,,,,,,,,15.069
12122,4.279,4.676,11.32,3.339,,,,,,,,,,,,,46.936
12123,4.279,4.676,11.32,3.339,,,,,,,,,,,,,4.151
12124,4.279,4.676,11.32,3.339,,,,,,,,,,,,,9.193
12125,4.279,4.676,11.32,3.339,,,,,,,,,,,,,21.972
12128,4.279,4.676,11.32,3.339,,,,,,,,,,,,,20.554
12129,4.279,4.676,11.32,3.339,,,,,,,,,,,,,18.37
12130,4.279,4.676,11.32,3.339,,,,,,,,,,,,,19.826
12131,4.279,4.675,11.32,3.339,,,,,,,,,,,,,22.916
12132,4.279,4.675,11.32,3.339,,,,,,,,,,,,,18.511
12134,4.279,4.676,11.32,3.339,,,,,,,,,,,,,18.562
12135,4.279,4.676,11.32,3.339,,,,,,,,,,,,,21.346
12138,4.279,4.676,11.32,3.339,,,,,,,,,,,,,21.465
12139,4.279,4.676,11.32,3.339,,,,,,,,,,,,,18.978
12140,4.279,4.676,11.32,3.339,,,,,,,,,,,,,19.699
12141,4.279,4.676,11.32,3.339,,,,,,,,,,,,,20.047
12142,4.279,4.676,11.32,3.339,,,,,,,,,,,,,22.324
12143,4.279,4.676,11.32,3.339,,,,,,,,,,,,,18.087
12144,4.279,4.676,11.32,3.339,,,,,,,,,,,,,19.601
12145,4.279,4.676,11.32,3.339,,,,,,,,,,,,,19.858
12146,4.279,4.676,11.32,3.339,,,,,,,,,,,,,26.07
12147,4.279,4.676,11.32,3.339,,,,,,,,,,,,,15.61
12148,4.279,4.676,11.32,3.339,,,,,,,,,,,,,18.578
12149,4.279,4.676,11.32,3.339,,,,,,,,,,,,,19.908
12150,4.279,4.676,11.32,3.339,,,,,,,,,,,,,20.121
12151,4.279,4.676,11.32,3.339,,,,,,,,,,,,,19.988
12153,4.279,4.676,11.32,3.339,,,,,,,,,,,,,17.461
12154,4.279,4.676,11.32,3.339,,,,,,,,,,,,,20.057
12155,4.279,4.676,11.32,3.339,,,,,,,,,,,,,20.059
12156,4.279,4.676,11.32,3.339,,,,,,,,,,,,,22.726
12157,4.279,4.676,11.32,3.339,,,,,,,,,,,,,17.217
12158,4.279,4.676,11.32,3.339,,,,,,,,,,,,,43.127
12159,4.279,4.676,11.32,3.339,,,,,,,,,,,,,3.898
12160,4.279,4.676,11.32,3.339,,,,,,,,,,,,,15.979
12161,4.279,4.676,11.32,3.339,,,,,,,,,,,,,16.915
12162,4.279,4.676,11.32,3.339,,,,,,,,,,,,,21.478
12163,4.279,4.676,11.32,3.339,,,,,,,,,,,,,18.62
12164,4.279,4.676,11.32,3.339,,,,,,,,,,,,,20.079
12167,4.279,4.676,11.32,3.339,,,,,,,,,,,,,20.832
12168,4.279,4.676,11.32,3.339,,,,,,,,,,,,,19.515
12169,4.279,4.676,11.32,3.339,,,,,,,,,,,,,20.604
12170,4.279,4.676,11.32,3.339,,,,,,,,,,,,,19.022
12171,4.279,4.676,11.32,3.339,,,,,,,,,,,,,20.916
12172,4.279,4.676,11.32,3.339,,,,,,,,,,,,,19.17
12173,4.279,4.676,11.32,3.339,,,,,,,,,,,,,21.45
12174,4.279,4.676,11.32,3.339,,,,,,,,,,,,,20.821
12175,4.279,4.676,11.32,3.339,,,,,,,,,,,,,17.753
12176,4.279,4.676,11.32,3.339,,,,,,,,,,,,,20.168
12177,4.279,4.675,11.32,3.339,,,,,,,,,,,,,20.108
12178,4.279,4.675,11.32,3.339,,,,,,,,,,,,,23.626
12179,4.279,4.676,11.32,3.339,,,,,,,,,,,,,16.897
12180,4.279,4.675,11.32,3.339,,,,,,,,,,,,,20.195
12181,4.279,4.675,11.32,3.339,,,,,,,,,,,,,19.98
12183,4.279,4.676,11.32,3.339,,,,,,,,,,,,,20.164
12186,4.279,4.675,11.32,3.339,,,,,,,,,,,,,37.234
12187,4.279,4.676,11.32,3.339,,,,,,,,,,,,,6.567
12188,4.279,4.676,11.32,3.339,,,,,,,,,,,,,38.157
12189,4.279,4.676,11.32,3.339,,,,,,,,,,,,,5.123
12190,4.279,4.676,11.32,3.339,,,,,,,,,,,,,12.771
12191,4.279,4.676,11.32,3.339,,,,,,,,,,,,,19.961
12192,4.279,4.676,11.32,3.339,,,,,,,,,,,,,20.145
12193,4.279,4.676,11.32,3.339,,,,,,,,,,,,,19.809
12194,4.279,4.676,11.32,3.339,,,,,,,,,,,,,20.164
12195,4.279,4.676,11.32,3.339,,,,,,,,,,,,,19.77
12196,4.279,4.675,11.32,3.339,,,,,,,,,,,,,20.021
12197,4.279,4.675,11.32,3.339,,,,,,,,,,,,,20.328
12198,4.279,4.676,11.32,3.339,,,,,,,,,,,,,22.199
12199,4.279,4.676,11.32,3.339,,,,,,,,,,,,,18.491
12200,4.279,4.676,11.32,3.339,,,,,,,,,,,,,18.978
12201,4.279,4.676,11.32,3.339,,,,,,,,,,,,,21.925
12202,4.279,4.676,11.32,3.339,,,,,,,,,,,,,18.368
12206,4.279,4.676,11.32,3.339,,,,,,,,,,,,,24.358
12207,4.279,4.676,11.32,3.339,,,,,,,,,,,,,15.778
12208,4.279,4.676,11.32,3.339,,,,,,,,,,,,,19.795
12209,4.279,4.676,11.32,3.339,,,,,,,,,,,,,20.128
12210,4.279,4.676,11.32,3.339,,,,,,,,,,,,,19.775
12211,4.279,4.675,11.32,3.339,,,,,,,,,,,,,20.007
12212,4.279,4.675,11.32,3.339,,,,,,,,,,,,,20.752
12213,4.279,4.675,11.32,3.339,,,,,,,,,,,,,19.961
12214,4.279,4.676,11.32,3.339,,,,,,,,,,,,,19.61
12215,4.279,4.676,11.32,3.339,,,,,,,,,,,,,19.8
12216,4.279,4.676,11.32,3.339,,,,,,,,,,,,,20.148
12217,4.279,4.676,11.32,3.339,,,,,,,,,,,,,19.785
12218,4.279,4.676,11.32,3.339,,,,,,,,,,,,,19.981
12219,4.279,4.676,11.32,3.339,,,,,,,,,,,,,20.73
12220,4.279,4.676,11.32,3.339,,,,,,,,,,,,,51.807
12221,4.279,4.676,11.32,3.339,,,,,,,,,,,,,3.934
12222,4.279,4.676,11.32,3.339,,,,,,,,,,,,,4.898
12223,4.279,4.676,11.32,3.339,,,,,,,,,,,,,18.742
12225,4.279,4.676,11.32,3.339,,,,,,,,,,,,,18.229
12228,4.279,4.676,11.32,3.339,,,,,,,,,,,,,19.948
12229,4.279,4.676,11.32,3.339,,,,,,,,,,,,,20.242
12230,4.279,4.675,11.32,3.339,,,,,,,,,,,,,19.977
12231,4.279,4.676,11.32,3.339,,,,,,,,,,,,,19.934
12232,4.279,4.676,11.32,3.339,,,,,,,,,,,,,20.187
12233,4.279,4.676,11.32,3.339,,,,,,,,,,,,,19.769
12234,4.279,4.676,11.32,3.339,,,,,,,,,,,,,23.625
12235,4.279,4.676,11.32,3.339,,,,,,,,,,,,,19.141
12236,4.279,4.676,11.32,3.339,,,,,,,,,,,,,20.856
12237,4.279,4.676,11.32,3.339,,,,,,,,,,,,,16.678
12238,4.279,4.675,11.32,3.339,,,,,,,,,,,,,19.806
12239,4.279,4.676,11.32,3.339,,,,,,,,,,,,,20.493
12242,4.279,4.676,11.32,3.339,,,,,,,,,,,,,15.807
12243,4.279,4.676,11.32,3.339,,,,,,,,,,,,,19.991
12244,4.279,4.676,11.32,3.339,,,,,,,,,,,,,20.663
12245,4.279,4.676,11.32,3.339,,,,,,,,,,,,,19.536
12246,4.279,4.675,11.32,3.339,,,,,,,,,,,,,20.011
12247,4.279,4.675,11.32,3.339,,,,,,,,,,,,,20.093
12248,4.279,4.676,11.32,3.339,,,,,,,,,,,,,21.881
12251,4.279,4.676,11.32,3.339,,,,,,,,,,,,,4.094
12252,4.279,4.676,11.32,3.339,,,,,,,,,,,,,19.035
12253,4.279,4.675,11.32,3.339,,,,,,,,,,,,,20.256
12254,4.279,4.676,11.32,3.339,,,,,,,,,,,,,19.69
12255,4.279,4.676,11.32,3.339,,,,,,,,,,,,,19.664
12256,4.279,4.676,11.32,3.339,,,,,,,,,,,,,19.998
12257,4.279,4.676,11.32,3.339,,,,,,,,,,,,,22.786
12258,4.279,4.676,11.32,3.339,,,,,,,,,,,,,18.176
12259,4.279,4.676,11.32,3.339,,,,,,,,,,,,,18.948
12260,4.279,4.676,11.32,3.339,,,,,,,,,,,,,20.358
12261,4.279,4.676,11.32,3.339,,,,,,,,,,,,,20.086
12262,4.279,4.676,11.32,3.339,,,,,,,,,,,,,19.866
12263,4.279,4.676,11.32,3.339,,,,,,,,,,,,,20.086
12264,4.279,4.676,11.32,3.339,,,,,,,,,,,,,19.969
12267,4.279,4.676,11.32,3.339,,,,,,,,,,,,,36.622
12270,4.279,4.676,11.32,3.339,,,,,,,,,,,,,23.928
12271,4.279,4.676,11.32,3.339,,,,,,,,,,,,,15.348
12272,4.279,4.676,11.32,3.339,,,,,,,,,,,,,21.507
12273,4.279,4.676,11.32,3.339,,,,,,,,,,,,,18.675
12274,4.279,4.676,11.32,3.339,,,,,,,,,,,,,19.745
12275,4.279,4.676,11.32,3.339,,,,,,,,,,,,,19.959
12276,4.279,4.676,11.32,3.339,,,,,,,,,,,,,20.233
12277,4.279,4.676,11.32,3.339,,,,,,,,,,,,,20.093
12278,4.279,4.676,11.32,3.339,,,,,,,,,,,,,25.226
12279,4.279,4.676,11.32,3.339,,,,,,,,,,,,,16.265
12282,4.279,4.675,11.32,3.339,,,,,,,,,,,,,19.108
12283,4.279,4.676,11.32,3.339,,,,,,,,,,,,,40.972
12284,4.279,4.676,11.32,3.339,,,,,,,,,,,,,13.005
12285,4.279,4.676,11.32,3.339,,,,,,,,,,,,,7.128
12286,4.279,4.676,11.32,3.339,,,,,,,,,,,,,19.035
12288,4.279,4.676,11.32,3.339,,,,,,,,,,,,,19.857
12289,4.279,4.676,11.32,3.339,,,,,,,,,,,,,22.039
12290,4.279,4.676,11.32,3.339,,,,,,,,,,,,,18.318
12291,4.279,4.676,11.32,3.339,,,,,,,,,,,,,19.24
12292,4.279,4.676,11.32,3.339,,,,,,,,,,,,,20.108
12293,4.279,4.676,11.32,3.339,,,,,,,,,,,,,20.388
12294,4.279,4.676,11.32,3.339,,,,,,,,,,,,,23.109
12295,4.279,4.676,11.32,3.339,,,,,,,,,,,,,16.828
12296,4.279,4.676,11.32,3.339,,,,,,,,,,,,,19.96
12297,4.279,4.676,11.32,3.339,,,,,,,,,,,,,19.983
12298,4.279,4.676,11.32,3.339,,,,,,,,,,,,,21.506
12299,4.279,4.676,11.32,3.339,,,,,,,,,,,,,24.096
12300,4.279,4.675,11.32,3.339,,,,,,,,,,,,,14.448
12301,4.279,4.675,11.32,3.339,,,,,,,,,,,,,20.03
12302,4.279,4.676,11.32,3.339,,,,,,,,,,,,,20.018
12303,4.279,4.676,11.32,3.339,,,,,,,,,,,,,19.981
12304,4.279,4.675,11.32,3.339,,,,,,,,,,,,,19.963
12305,4.279,4.675,11.32,3.339,,,,,,,,,,,,,19.974
12306,4.279,4.676,11.32,3.339,,,,,,,,,,,,,20.014
12307,4.279,4.676,11.32,3.339,,,,,,,,,,,,,20.196
12308,4.279,4.676,11.32,3.339,,,,,,,,,,,,,19.611
12309,4.279,4.676,11.32,3.339,,,,,,,,,,,,,20.039
12310,4.279,4.676,11.32,3.339,,,,,,,,,,,,,20.351
12311,4.279,4.676,11.32,3.339,,,,,,,,,,,,,23.75
12312,4.279,4.676,11.32,3.339,,,,,,,,,,,,,38.641
12313,4.279,4.676,11.32,3.339,,,,,,,,,,,,,3.991
12314,4.279,4.676,11.32,3.339,,,,,,,,,,,,,13.571
12315,4.279,4.675,11.32,3.339,,,,,,,,,,,,,24.488
12316,4.279,4.676,11.32,3.339,,,,,,,,,,,,,15.516
12317,4.279,4.676,11.32,3.339,,,,,,,,,,,,,20.127
12318,4.279,4.676,11.32,3.339,,,,,,,,,,,,,19.802
12321,4.279,4.676,11.32,3.339,,,,,,,,,,,,,19.943
12322,4.279,4.676,11.32,3.339,,,,,,,,,,,,,19.978
12323,4.279,4.676,11.32,3.339,,,,,,,,,,,,,20.164
12324,4.279,4.676,11.32,3.339,,,,,,,,,,,,,20.02
12325,4.279,4.676,11.32,3.339,,,,,,,,,,,,,20.275
12328,4.279,4.676,11.32,3.339,,,,,,,,,,,,,18.818
12329,4.279,4.676,11.32,3.339,,,,,,,,,,,,,19.747
12332,4.279,4.675,11.32,3.339,,,,,,,,,,,,,21.165
12333,4.279,4.676,11.32,3.339,,,,,,,,,,,,,18.971
12334,4.279,4.676,11.32,3.339,,,,,,,,,,,,,23.623
12335,4.279,4.675,11.32,3.339,,,,,,,,,,,,,31.327
12336,4.279,4.675,11.32,3.339,,,,,,,,,,,,,5.895
12337,4.279,4.676,11.32,3.339,,,,,,,,,,,,,19.554
12338,4.279,4.676,11.32,3.339,,,,,,,,,,,,,19.438
12339,4.279,4.676,11.32,3.339,,,,,,,,,,,,,62.583
12340,4.279,4.676,11.32,3.339,,,,,,,,,,,,,4.677
12341,4.279,4.676,11.32,3.339,,,,,,,,,,,,,2.015
12342,4.279,4.676,11.32,3.339,,,,,,,,,,,,,10.928
12343,4.279,4.676,11.32,3.339,,,,,,,,,,,,,21.51
12347,4.279,4.676,11.32,3.339,,,,,,,,,,,,,12.23
12348,4.279,4.676,11.32,3.339,,,,,,,,,,,,,19.415
12349,4.279,4.676,11.32,3.339,,,,,,,,,,,,,20.31
12350,4.279,4.676,11.32,3.339,,,,,,,,,,,,,19.822
12351,4.279,4.676,11.32,3.339,,,,,,,,,,,,,22.9
12353,4.279,4.675,11.32,3.339,,,,,,,,,,,,,17.884
12354,4.279,4.676,11.32,3.339,,,,,,,,,,,,,19.99
12355,4.279,4.676,11.32,3.339,,,,,,,,,,,,,20.055
12359,4.279,4.675,11.32,3.339,,,,,,,,,,,,,18.953
12360,4.279,4.676,11.32,3.339,,,,,,,,,,,,,19.815
12361,4.279,4.676,11.32,3.339,,,,,,,,,,,,,19.965
12362,4.279,4.676,11.32,3.339,,,,,,,,,,,,,20.467
12363,4.279,4.676,11.32,3.339,,,,,,,,,,,,,19.535
12364,4.279,4.676,11.32,3.339,,,,,,,,,,,,,19.905
12365,4.279,4.676,11.32,3.339,,,,,,,,,,,,,20.045
12366,4.279,4.676,11.32,3.339,,,,,,,,,,,,,22.798
12367,4.279,4.676,11.32,3.339,,,,,,,,,,,,,17.358
12368,4.279,4.676,11.32,3.339,,,,,,,,,,,,,43.747
12369,4.279,4.676,11.32,3.339,,,,,,,,,,,,,4.048
12370,4.279,4.676,11.32,3.339,,,,,,,,,,,,,12.084
12372,4.279,4.676,11.32,3.339,,,,,,,,,,,,,16.095
12373,4.279,4.675,11.32,3.339,,,,,,,,,,,,,19.2
12374,4.279,4.675,11.32,3.339,,,,,,,,,,,,,19.915
12375,4.279,4.676,11.32,3.339,,,,,,,,,,,,,20.006
12376,4.279,4.676,11.32,3.339,,,,,,,,,,,,,19.983
12377,4.279,4.676,11.32,3.339,,,,,,,,,,,,,20.052
12378,4.279,4.676,11.32,3.339,,,,,,,,,,,,,21.336
12380,4.279,4.676,11.32,3.339,,,,,,,,,,,,,20.094
12381,4.279,4.676,11.32,3.339,,,,,,,,,,,,,205.789
12382,4.279,4.676,11.32,3.339,,,,,,,,,,,,,4.933
12383,4.279,4.676,11.32,3.339,,,,,,,,,,,,,2.57
12384,4.279,4.676,11.32,3.339,,,,,,,,,,,,,1.681
12385,4.279,4.676,11.32,3.339,,,,,,,,,,,,,1.368
12386,4.279,4.676,11.32,3.339,,,,,,,,,,,,,1.531
12388,4.279,4.676,11.32,3.339,,,,,,,,,,,,,0.149
12389,4.279,4.676,11.32,3.339,,,,,,,,,,,,,1.769
12391,4.279,4.676,11.32,3.339,,,,,,,,,,,,,0.21
12392,4.279,4.676,11.32,3.339,,,,,,,,,,,,,17.505
12393,4.279,4.676,11.32,3.339,,,,,,,,,,,,,19.635
12394,4.279,4.676,11.32,3.339,,,,,,,,,,,,,19.343
12395,4.279,4.676,11.32,3.339,,,,,,,,,,,,,32.709
12396,4.279,4.675,11.32,3.339,,,,,,,,,,,,,7.883
12397,4.279,4.675,11.32,3.339,,,,,,,,,,,,,19.598
12398,4.279,4.676,11.32,3.339,,,,,,,,,,,,,21.682
12399,4.279,4.676,11.32,3.339,,,,,,,,,,,,,48.625
12400,4.279,4.675,11.32,3.339,,,,,,,,,,,,,3.864
12401,4.279,4.675,11.32,3.339,,,,,,,,,,,,,8.949
12402,4.279,4.676,11.32,3.339,,,,,,,,,,,,,16.997
12405,4.279,4.675,11.32,3.339,,,,,,,,,,,,,4.241
12406,4.279,4.676,11.32,3.339,,,,,,,,,,,,,2.283
12407,4.279,4.676,11.32,3.339,,,,,,,,,,,,,12.637
12408,4.279,4.676,11.32,3.339,,,,,,,,,,,,,19.98
12409,4.279,4.676,11.32,3.339,,,,,,,,,,,,,21.241
12410,4.279,4.676,11.32,3.339,,,,,,,,,,,,,19.012
12411,4.279,4.675,11.32,3.339,,,,,,,,,,,,,24.787
12412,4.279,4.676,11.32,3.339,,,,,,,,,,,,,15.16
12413,4.279,4.676,11.32,3.339,,,,,,,,,,,,,22.891
12414,4.279,4.676,11.32,3.339,,,,,,,,,,,,,18.873
12415,4.279,4.676,11.32,3.339,,,,,,,,,,,,,19.912
12416,4.279,4.676,11.32,3.339,,,,,,,,,,,,,18.105
12418,4.279,4.676,11.32,3.339,,,,,,,,,,,,,19.998
12419,4.279,4.676,11.32,3.339,,,,,,,,,,,,,22.426
12420,4.279,4.676,11.32,3.339,,,,,,,,,,,,,17.518
12421,4.279,4.676,11.32,3.339,,,,,,,,,,,,,19.963
12422,4.279,4.676,11.32,3.339,,,,,,,,,,,,,20.234
12425,4.279,4.676,11.32,3.339,,,,,,,,,,,,,15.559
12426,4.279,4.676,11.32,3.339,,,,,,,,,,,,,21.248
12427,4.279,4.676,11.32,3.339,,,,,,,,,,,,,18.61
12428,4.279,4.676,11.32,3.339,,,,,,,,,,,,,28.246
12429,4.279,4.676,11.32,3.339,,,,,,,,,,,,,11.813
12432,4.279,4.676,11.32,3.339,,,,,,,,,,,,,19.583
12433,4.279,4.676,11.32,3.339,,,,,,,,,,,,,19.263
12436,4.279,4.676,11.32,3.339,,,,,,,,,,,,,45.553
12437,4.279,4.676,11.32,3.339,,,,,,,,,,,,,3.882
12438,4.279,4.675,11.32,3.339,,,,,,,,,,,,,12.169
12439,4.279,4.675,11.32,3.339,,,,,,,,,,,,,18.666
12440,4.279,4.675,11.32,3.339,,,,,,,,,,,,,19.828
12441,4.279,4.676,11.32,3.339,,,,,,,,,,,,,20.018
12442,4.279,4.675,11.32,3.339,,,,,,,,,,,,,19.926
12443,4.279,4.676,11.32,3.339,,,,,,,,,,,,,19.96
12444,4.279,4.676,11.32,3.339,,,,,,,,,,,,,20.178
12445,4.279,4.676,11.32,3.339,,,,,,,,,,,,,19.818
12446,4.279,4.676,11.32,3.339,,,,,,,,,,,,,20.181
12447,4.279,4.676,11.32,3.339,,,,,,,,,,,,,20.26
12448,4.279,4.676,11.32,3.339,,,,,,,,,,,,,19.705
12449,4.279,4.676,11.32,3.339,,,,,,,,,,,,,20.49
12450,4.279,4.676,11.32,3.339,,,,,,,,,,,,,19.704
12451,4.279,4.676,11.32,3.339,,,,,,,,,,,,,20.777
12452,4.279,4.676,11.32,3.339,,,,,,,,,,,,,18.886
12453,4.279,4.676,11.32,3.339,,,,,,,,,,,,,20.621
12454,4.279,4.676,11.32,3.339,,,,,,,,,,,,,22.24
12456,4.279,4.676,11.32,3.339,,,,,,,,,,,,,19.953
12457,4.279,4.676,11.32,3.339,,,,,,,,,,,,,20.254
12458,4.279,4.676,11.32,3.339,,,,,,,,,,,,,19.76
12459,4.279,4.676,11.32,3.339,,,,,,,,,,,,,19.886
12460,4.279,4.676,11.32,3.339,,,,,,,,,,,,,19.97
12461,4.279,4.676,11.32,3.339,,,,,,,,,,,,,19.956
12462,4.279,4.675,11.32,3.339,,,,,,,,,,,,,21.566
12463,4.279,4.675,11.32,3.339,,,,,,,,,,,,,18.584
12464,4.279,4.676,11.32,3.339,,,,,,,,,,,,,20.221
12465,4.279,4.676,11.32,3.339,,,,,,,,,,,,,29.32
12466,4.279,4.676,11.32,3.339,,,,,,,,,,,,,32.208
12467,4.279,4.676,11.32,3.339,,,,,,,,,,,,,4.132
12468,4.279,4.676,11.32,3.339,,,,,,,,,,,,,14.012
12469,4.279,4.676,11.32,3.339,,,,,,,,,,,,,19.979
12470,4.279,4.676,11.32,3.339,,,,,,,,,,,,,20.205
12471,4.279,4.676,11.32,3.339,,,,,,,,,,,,,20.244
12472,4.279,4.676,11.32,3.339,,,,,,,,,,,,,20.329
12473,4.279,4.676,11.32,3.339,,,,,,,,,,,,,20.472
12474,4.279,4.676,11.32,3.339,,,,,,,,,,,,,17.733
12475,4.279,4.676,11.32,3.339,,,,,,,,,,,,,21.076
12476,4.279,4.676,11.32,3.339,,,,,,,,,,,,,26.654
12477,4.279,4.675,11.32,3.339,,,,,,,,,,,,,13.592
12480,4.279,4.676,11.32,3.339,,,,,,,,,,,,,20.252
12481,4.279,4.676,11.32,3.339,,,,,,,,,,,,,25
12483,4.279,4.676,11.32,3.339,,,,,,,,,,,,,19.91
12486,4.279,4.676,11.32,3.339,,,,,,,,,,,,,19.324
12488,4.279,4.675,11.32,3.339,,,,,,,,,,,,,20.294
12489,4.279,4.676,11.32,3.339,,,,,,,,,,,,,19.923
12490,4.279,4.676,11.32,3.339,,,,,,,,,,,,,20.086
12491,4.279,4.676,11.32,3.339,,,,,,,,,,,,,19.925
12492,4.279,4.676,11.32,3.339,,,,,,,,,,,,,19.874
12493,4.279,4.676,11.32,3.339,,,,,,,,,,,,,23.031
12494,4.279,4.676,11.32,3.339,,,,,,,,,,,,,49.293
12495,4.279,4.676,11.32,3.339,,,,,,,,,,,,,4.409
12496,4.279,4.676,11.32,3.339,,,,,,,,,,,,,4.892
12497,4.279,4.676,11.32,3.339,,,,,,,,,,,,,20.805
12498,4.279,4.676,11.32,3.339,,,,,,,,,,,,,17.654
12500,4.279,4.676,11.32,3.339,,,,,,,,,,,,,20.006
12501,4.279,4.676,11.32,3.339,,,,,,,,,,,,,19.894
12502,4.279,4.676,11.32,3.339,,,,,,,,,,,,,38.459
12503,4.279,4.676,11.32,3.339,,,,,,,,,,,,,14.776
12504,4.279,4.676,11.32,3.339,,,,,,,,,,,,,7.344
12505,4.279,4.676,11.32,3.339,,,,,,,,,,,,,19.54
12507,4.279,4.675,11.32,3.339,,,,,,,,,,,,,18.714
12508,4.279,4.676,11.32,3.339,,,,,,,,,,,,,21.88
12510,4.279,4.676,11.32,3.339,,,,,,,,,,,,,20.568
12511,4.279,4.676,11.32,3.339,,,,,,,,,,,,,19.835
12512,4.279,4.676,11.32,3.339,,,,,,,,,,,,,19.851
12513,4.279,4.676,11.32,3.339,,,,,,,,,,,,,20.023
12514,4.279,4.676,11.32,3.339,,,,,,,,,,,,,19.946
12515,4.279,4.676,11.32,3.339,,,,,,,,,,,,,19.963
12516,4.279,4.676,11.32,3.339,,,,,,,,,,,,,19.944
12519,4.279,4.676,11.32,3.339,,,,,,,,,,,,,19.96
12520,4.279,4.676,11.32,3.339,,,,,,,,,,,,,26.854
12522,4.279,4.676,11.32,3.339,,,,,,,,,,,,,19.816
12523,4.279,4.676,11.32,3.339,,,,,,,,,,,,,36.552
12524,4.279,4.676,11.32,3.339,,,,,,,,,,,,,4.565
12525,4.279,4.676,11.32,3.339,,,,,,,,,,,,,18.827
12528,4.279,4.676,11.32,3.339,,,,,,,,,,,,,21.121
12530,4.279,4.676,11.32,3.339,,,,,,,,,,,,,23.525
12531,4.279,4.676,11.32,3.339,,,,,,,,,,,,,16.514
12532,4.279,4.676,11.32,3.339,,,,,,,,,,,,,23.097
12533,4.279,4.676,11.32,3.339,,,,,,,,,,,,,16.78
12534,4.279,4.676,11.32,3.339,,,,,,,,,,,,,19.949
12535,4.279,4.676,11.32,3.339,,,,,,,,,,,,,19.941
12536,4.279,4.676,11.32,3.339,,,,,,,,,,,,,20.245
12537,4.279,4.676,11.32,3.339,,,,,,,,,,,,,20.035
12538,4.279,4.676,11.32,3.339,,,,,,,,,,,,,19.904
12539,4.279,4.676,11.32,3.339,,,,,,,,,,,,,20.257
12540,4.279,4.676,11.32,3.339,,,,,,,,,,,,,19.679
12541,4.279,4.676,11.32,3.339,,,,,,,,,,,,,20.238
12542,4.279,4.676,11.32,3.339,,,,,,,,,,,,,19.929
12543,4.279,4.676,11.32,3.339,,,,,,,,,,,,,20.04
12544,4.279,4.676,11.32,3.339,,,,,,,,,,,,,19.909
12545,4.279,4.676,11.32,3.339,,,,,,,,,,,,,19.971
12548,4.279,4.676,11.32,3.339,,,,,,,,,,,,,19.573
12549,4.279,4.676,11.32,3.339,,,,,,,,,,,,,19.981
12550,4.279,4.675,11.32,3.339,,,,,,,,,,,,,18.958
12551,4.279,4.675,11.32,3.339,,,,,,,,,,,,,46.874
12552,4.279,4.676,11.32,3.339,,,,,,,,,,,,,3.982
12553,4.279,4.676,11.32,3.339,,,,,,,,,,,,,20.296
12554,4.279,4.676,11.32,3.339,,,,,,,,,,,,,9.519
12555,4.279,4.676,11.32,3.339,,,,,,,,,,,,,19.412
12556,4.279,4.676,11.32,3.339,,,,,,,,,,,,,19.992
12559,4.279,4.676,11.32,3.339,,,,,,,,,,,,,18.417
12560,4.279,4.676,11.32,3.339,,,,,,,,,,,,,27.189
12561,4.279,4.676,11.32,3.339,,,,,,,,,,,,,13.267
12562,4.279,4.676,11.32,3.339,,,,,,,,,,,,,19.719
12563,4.279,4.676,11.32,3.339,,,,,,,,,,,,,20.321
12564,4.279,4.676,11.32,3.339,,,,,,,,,,,,,20.125
12565,4.279,4.675,11.32,3.339,,,,,,,,,,,,,21.724
12566,4.279,4.676,11.32,3.339,,,,,,,,,,,,,17.804
12571,4.279,4.676,11.32,3.339,,,,,,,,,,,,,19.926
12572,4.279,4.676,11.32,3.339,,,,,,,,,,,,,20.25
12573,4.279,4.676,11.32,3.339,,,,,,,,,,,,,22.184
12574,4.279,4.676,11.32,3.339,,,,,,,,,,,,,20.444
12578,4.279,4.676,11.32,3.339,,,,,,,,,,,,,20.754
12579,4.279,4.676,11.32,3.339,,,,,,,,,,,,,19.966
12580,4.279,4.676,11.32,3.339,,,,,,,,,,,,,21.807
12581,4.279,4.675,11.32,3.339,,,,,,,,,,,,,21.734
12582,4.279,4.675,11.32,3.339,,,,,,,,,,,,,20.785
12583,4.279,4.676,11.32,3.339,,,,,,,,,,,,,41.83
12584,4.279,4.676,11.32,3.339,,,,,,,,,,,,,64.971
12585,4.279,4.676,11.32,3.339,,,,,,,,,,,,,2.189
12586,4.279,4.676,11.32,3.339,,,,,,,,,,,,,1.613
12587,4.279,4.676,11.32,3.339,,,,,,,,,,,,,1.507
12588,4.279,4.675,11.32,3.339,,,,,,,,,,,,,16.556
12589,4.279,4.675,11.32,3.339,,,,,,,,,,,,,8.168
12590,4.279,4.675,11.32,3.339,,,,,,,,,,,,,20.407
12591,4.279,4.676,11.32,3.339,,,,,,,,,,,,,18.875
12592,4.279,4.675,11.32,3.339,,,,,,,,,,,,,21.605
12593,4.279,4.676,11.32,3.339,,,,,,,,,,,,,17.857
12594,4.279,4.676,11.32,3.339,,,,,,,,,,,,,19.996
12595,4.279,4.676,11.32,3.339,,,,,,,,,,,,,20.12
12598,4.279,4.676,11.32,3.339,,,,,,,,,,,,,20.101
12599,4.279,4.676,11.32,3.339,,,,,,,,,,,,,25.123
12600,4.279,4.676,11.32,3.339,,,,,,,,,,,,,14.633
12601,4.279,4.676,11.32,3.339,,,,,,,,,,,,,20.248
12602,4.279,4.676,11.32,3.339,,,,,,,,,,,,,19.948
12603,4.279,4.676,11.32,3.339,,,,,,,,,,,,,19.972
12604,4.279,4.676,11.32,3.339,,,,,,,,,,,,,33.186
12605,4.279,4.676,11.32,3.339,,,,,,,,,,,,,15.52
12606,4.279,4.676,11.32,3.339,,,,,,,,,,,,,15.233
12607,4.279,4.676,11.32,3.339,,,,,,,,,,,,,16.198
12608,4.279,4.676,11.32,3.339,,,,,,,,,,,,,19.977
12610,4.279,4.676,11.32,3.339,,,,,,,,,,,,,22.535
12613,4.279,4.676,11.32,3.339,,,,,,,,,,,,,19.834
12614,4.279,4.676,11.32,3.339,,,,,,,,,,,,,20.105
12615,4.279,4.676,11.32,3.339,,,,,,,,,,,,,19.834
12616,4.279,4.676,11.32,3.339,,,,,,,,,,,,,20.112
12617,4.279,4.676,11.32,3.339,,,,,,,,,,,,,21.392
12618,4.279,4.676,11.32,3.339,,,,,,,,,,,,,32.777
12619,4.279,4.675,11.32,3.339,,,,,,,,,,,,,9.432
12620,4.279,4.676,11.32,3.339,,,,,,,,,,,,,16.386
12621,4.279,4.676,11.32,3.339,,,,,,,,,,,,,19.974
12622,4.279,4.676,11.32,3.339,,,,,,,,,,,,,19.978
12625,4.279,4.676,11.32,3.339,,,,,,,,,,,,,20.844
12626,4.279,4.676,11.32,3.339,,,,,,,,,,,,,19.342
12627,4.279,4.675,11.32,3.339,,,,,,,,,,,,,20.491
12628,4.279,4.675,11.32,3.339,,,,,,,,,,,,,19.739
12632,4.279,4.676,11.32,3.339,,,,,,,,,,,,,18.799
12633,4.279,4.676,11.32,3.339,,,,,,,,,,,,,20.073
12634,4.279,4.676,11.32,3.339,,,,,,,,,,,,,19.907
12635,4.279,4.676,11.32,3.339,,,,,,,,,,,,,23.741
12636,4.279,4.676,11.32,3.339,,,,,,,,,,,,,19.051
12637,4.279,4.676,11.32,3.339,,,,,,,,,,,,,17.114
12640,4.279,4.676,11.32,3.339,,,,,,,,,,,,,16.677
12641,4.279,4.676,11.32,3.339,,,,,,,,,,,,,19.943
12642,4.279,4.676,11.32,3.339,,,,,,,,,,,,,19.93
12643,4.279,4.676,11.32,3.339,,,,,,,,,,,,,19.982
12644,4.279,4.676,11.32,3.339,,,,,,,,,,,,,20.41
12645,4.279,4.676,11.32,3.339,,,,,,,,,,,,,19.544
12646,4.279,4.676,11.32,3.339,,,,,,,,,,,,,19.976
12647,4.279,4.676,11.32,3.339,,,,,,,,,,,,,20.292
12648,4.279,4.676,11.32,3.339,,,,,,,,,,,,,24.4
12650,4.279,4.676,11.32,3.339,,,,,,,,,,,,,19.188
12651,4.279,4.676,11.32,3.339,,,,,,,,,,,,,37.897
12652,4.279,4.676,11.32,3.339,,,,,,,,,,,,,4.775
12653,4.279,4.676,11.32,3.339,,,,,,,,,,,,,17.23
12654,4.279,4.676,11.32,3.339,,,,,,,,,,,,,20.509
12655,4.279,4.676,11.32,3.339,,,,,,,,,,,,,20.997
12657,4.279,4.676,11.32,3.339,,,,,,,,,,,,,21.743
12658,4.279,4.676,11.32,3.339,,,,,,,,,,,,,18.437
12660,4.279,4.676,11.32,3.339,,,,,,,,,,,,,19.936
12661,4.279,4.676,11.32,3.339,,,,,,,,,,,,,19.564
12662,4.279,4.676,11.32,3.339,,,,,,,,,,,,,20.047
12663,4.279,4.676,11.32,3.339,,,,,,,,,,,,,19.98
12664,4.279,4.676,11.32,3.339,,,,,,,,,,,,,20.209
12665,4.279,4.676,11.32,3.339,,,,,,,,,,,,,29.208
12666,4.279,4.676,11.32,3.339,,,,,,,,,,,,,11.066
12667,4.279,4.676,11.32,3.339,,,,,,,,,,,,,20.674
12668,4.279,4.676,11.32,3.339,,,,,,,,,,,,,19.201
12669,4.279,4.676,11.32,3.339,,,,,,,,,,,,,19.683
12670,4.279,4.676,11.32,3.339,,,,,,,,,,,,,20.072
12672,4.279,4.676,11.32,3.339,,,,,,,,,,,,,19.395
12673,4.279,4.676,11.32,3.339,,,,,,,,,,,,,20.138
12674,4.279,4.676,11.32,3.339,,,,,,,,,,,,,31.846
12676,4.279,4.676,11.32,3.339,,,,,,,,,,,,,20.465
12677,4.279,4.676,11.32,3.339,,,,,,,,,,,,,19.197
12678,4.279,4.676,11.32,3.339,,,,,,,,,,,,,21.387
12679,4.279,4.676,11.32,3.339,,,,,,,,,,,,,19.582
12680,4.279,4.676,11.32,3.339,,,,,,,,,,,,,21.543
12681,4.279,4.676,11.32,3.339,,,,,,,,,,,,,22.921
12682,4.279,4.676,11.32,3.339,,,,,,,,,,,,,19.532
12683,4.279,4.676,11.32,3.339,,,,,,,,,,,,,16.355
12684,4.279,4.676,11.32,3.339,,,,,,,,,,,,,19.914
12685,4.279,4.676,11.32,3.339,,,,,,,,,,,,,19.999
12686,4.279,4.676,11.32,3.339,,,,,,,,,,,,,34.926
12688,4.279,4.676,11.32,3.339,,,,,,,,,,,,,12.601
12689,4.279,4.676,11.32,3.339,,,,,,,,,,,,,16.816
12690,4.279,4.676,11.32,3.339,,,,,,,,,,,,,27.868
12691,4.279,4.676,11.32,3.339,,,,,,,,,,,,,48.683
12692,4.279,4.676,11.32,3.339,,,,,,,,,,,,,4.545
12693,4.279,4.676,11.32,3.339,,,,,,,,,,,,,2.064
12694,4.279,4.676,11.32,3.339,,,,,,,,,,,,,16.659
12695,4.279,4.676,11.32,3.339,,,,,,,,,,,,,20.188
12696,4.279,4.676,11.32,3.339,,,,,,,,,,,,,19.728
12697,4.279,4.676,11.32,3.339,,,,,,,,,,,,,20.236
12699,4.279,4.676,11.32,3.339,,,,,,,,,,,,,19.985
12700,4.279,4.676,11.32,3.339,,,,,,,,,,,,,20.742
12701,4.279,4.676,11.32,3.339,,,,,,,,,,,,,19.208
12702,4.279,4.676,11.32,3.339,,,,,,,,,,,,,19.973
12706,4.279,4.676,11.32,3.339,,,,,,,,,,,,,20.037
12707,4.279,4.676,11.32,3.339,,,,,,,,,,,,,19.975
12708,4.279,4.676,11.32,3.339,,,,,,,,,,,,,19.946
12710,4.279,4.676,11.32,3.339,,,,,,,,,,,,,20.151
12711,4.279,4.676,11.32,3.339,,,,,,,,,,,,,21.416
12712,4.279,4.676,11.32,3.339,,,,,,,,,,,,,18.274
12713,4.279,4.676,11.32,3.339,,,,,,,,,,,,,19.968
12714,4.279,4.676,11.32,3.339,,,,,,,,,,,,,20.251
12715,4.279,4.676,11.32,3.339,,,,,,,,,,,,,131.765
12716,4.279,4.676,11.32,3.339,,,,,,,,,,,,,1.985
12717,4.279,4.676,11.32,3.339,,,,,,,,,,,,,1.368
12718,4.279,4.676,11.32,3.339,,,,,,,,,,,,,1.083
12719,4.279,4.676,11.32,3.339,,,,,,,,,,,,,1.173
12720,4.279,4.676,11.32,3.339,,,,,,,,,,,,,1.208
12721,4.279,4.676,11.32,3.339,,,,,,,,,,,,,8.517
12722,4.279,4.676,11.32,3.339,,,,,,,,,,,,,12.907
12723,4.279,4.676,11.32,3.339,,,,,,,,,,,,,21.195
12724,4.279,4.676,11.32,3.339,,,,,,,,,,,,,19.96
12725,4.279,4.676,11.32,3.339,,,,,,,,,,,,,18.912
12726,4.279,4.676,11.32,3.339,,,,,,,,,,,,,21.08
12727,4.279,4.676,11.32,3.339,,,,,,,,,,,,,18.941
12728,4.279,4.676,11.32,3.339,,,,,,,,,,,,,24.091
12730,4.279,4.676,11.32,3.339,,,,,,,,,,,,,20.763
12731,4.279,4.676,11.32,3.339,,,,,,,,,,,,,19.471
12732,4.279,4.676,11.32,3.339,,,,,,,,,,,,,19.908
12733,4.279,4.676,11.32,3.339,,,,,,,,,,,,,19.996
12734,4.279,4.676,11.32,3.339,,,,,,,,,,,,,20.065
12735,4.279,4.676,11.32,3.339,,,,,,,,,,,,,19.888
12736,4.279,4.676,11.32,3.339,,,,,,,,,,,,,20.145
12738,4.279,4.676,11.32,3.339,,,,,,,,,,,,,19.461
12739,4.279,4.676,11.32,3.339,,,,,,,,,,,,,21.614
12740,4.279,4.676,11.32,3.339,,,,,,,,,,,,,18.537
12742,4.279,4.676,11.32,3.339,,,,,,,,,,,,,20.088
12743,4.279,4.675,11.32,3.339,,,,,,,,,,,,,19.808
12744,4.279,4.675,11.32,3.339,,,,,,,,,,,,,24.088
12746,4.279,4.676,11.32,3.339,,,,,,,,,,,,,3.931
12747,4.279,4.676,11.32,3.339,,,,,,,,,,,,,15.185
12748,4.279,4.676,11.32,3.339,,,,,,,,,,,,,20.248
12750,4.279,4.676,11.32,3.339,,,,,,,,,,,,,19.195
12751,4.279,4.676,11.32,3.339,,,,,,,,,,,,,20.166
12752,4.279,4.676,11.32,3.339,,,,,,,,,,,,,21.166
12753,4.279,4.676,11.32,3.339,,,,,,,,,,,,,18.491
12754,4.279,4.676,11.32,3.339,,,,,,,,,,,,,20.867
12755,4.279,4.676,11.32,3.339,,,,,,,,,,,,,19.421
12756,4.279,4.676,11.32,3.339,,,,,,,,,,,,,19.979
12757,4.279,4.676,11.32,3.339,,,,,,,,,,,,,19.899
12758,4.279,4.675,11.32,3.339,,,,,,,,,,,,,261.368
12759,4.279,4.675,11.32,3.339,,,,,,,,,,,,,2.494
12760,4.279,4.676,11.32,3.339,,,,,,,,,,,,,1.462
12761,4.279,4.675,11.32,3.339,,,,,,,,,,,,,1.174
12762,4.279,4.675,11.32,3.339,,,,,,,,,,,,,1.469
12763,4.279,4.675,11.32,3.339,,,,,,,,,,,,,1.606
12764,4.279,4.676,11.32,3.339,,,,,,,,,,,,,1.373
12765,4.279,4.675,11.32,3.339,,,,,,,,,,,,,1.16
12766,4.279,4.676,11.32,3.339,,,,,,,,,,,,,1.252
12767,4.279,4.676,11.32,3.339,,,,,,,,,,,,,2.002
12768,4.279,4.676,11.32,3.339,,,,,,,,,,,,,1.576
12769,4.279,4.676,11.32,3.339,,,,,,,,,,,,,1.946
12770,4.279,4.676,11.32,3.339,,,,,,,,,,,,,2.193
12771,4.279,4.676,11.32,3.339,,,,,,,,,,,,,217.718
12772,4.279,4.676,11.32,3.339,,,,,,,,,,,,,2.141
12775,4.279,4.676,11.32,3.339,,,,,,,,,,,,,0.137
12776,4.279,4.676,11.32,3.339,,,,,,,,,,,,,1.443
12777,4.279,4.675,11.32,3.339,,,,,,,,,,,,,1.522
12778,4.279,4.675,11.32,3.339,,,,,,,,,,,,,2.024
12779,4.279,4.676,11.32,3.339,,,,,,,,,,,,,1.733
12780,4.279,4.676,11.32,3.339,,,,,,,,,,,,,1.589
12781,4.279,4.676,11.32,3.339,,,,,,,,,,,,,1.631
12782,4.279,4.676,11.32,3.339,,,,,,,,,,,,,1.862
12783,4.279,4.676,11.32,3.339,,,,,,,,,,,,,7.524
12784,4.279,4.676,11.32,3.339,,,,,,,,,,,,,19.299
12785,4.279,4.676,11.32,3.339,,,,,,,,,,,,,260.552
12786,4.279,4.676,11.32,3.339,,,,,,,,,,,,,2.183
12787,4.279,4.676,11.32,3.339,,,,,,,,,,,,,1.36
12790,4.279,4.676,11.32,3.339,,,,,,,,,,,,,0.173
12791,4.279,4.676,11.32,3.339,,,,,,,,,,,,,3.126
12792,4.279,4.676,11.32,3.339,,,,,,,,,,,,,2.382
12793,4.279,4.675,11.32,3.339,,,,,,,,,,,,,2.306
12794,4.279,4.675,11.32,3.339,,,,,,,,,,,,,1.744
12795,4.279,4.676,11.32,3.339,,,,,,,,,,,,,1.477
12796,4.279,4.676,11.32,3.339,,,,,,,,,,,,,1.975
12797,4.279,4.676,11.32,3.339,,,,,,,,,,,,,1.738
12798,4.279,4.676,11.32,3.339,,,,,,,,,,,,,2.445
12799,4.279,4.676,11.32,3.339,,,,,,,,,,,,,186.154
12802,4.279,4.676,11.32,3.339,,,,,,,,,,,,,0.128
12804,4.279,4.675,11.32,3.339,,,,,,,,,,,,,0.1
12805,4.279,4.675,11.32,3.339,,,,,,,,,,,,,1.177
12806,4.279,4.676,11.32,3.339,,,,,,,,,,,,,1.618
12807,4.279,4.676,11.32,3.339,,,,,,,,,,,,,2.831
12808,4.279,4.675,11.32,3.339,,,,,,,,,,,,,1.56
12809,4.279,4.675,11.32,3.339,,,,,,,,,,,,,19.769
12810,4.279,4.676,11.32,3.339,,,,,,,,,,,,,33.939
12811,4.279,4.676,11.32,3.339,,,,,,,,,,,,,5.948
12812,4.279,4.675,11.32,3.339,,,,,,,,,,,,,170.594
12813,4.279,4.675,11.32,3.339,,,,,,,,,,,,,5.284
12814,4.279,4.676,11.32,3.339,,,,,,,,,,,,,2.63
12815,4.279,4.676,11.32,3.339,,,,,,,,,,,,,1.891
12816,4.279,4.676,11.32,3.339,,,,,,,,,,,,,1.916
12817,4.279,4.676,11.32,3.339,,,,,,,,,,,,,1.769
12818,4.279,4.676,11.32,3.339,,,,,,,,,,,,,1.447
12819,4.279,4.675,11.32,3.339,,,,,,,,,,,,,1.739
12820,4.279,4.675,11.32,3.339,,,,,,,,,,,,,2.015
12821,4.279,4.675,11.32,3.339,,,,,,,,,,,,,11.912
12822,4.279,4.676,11.32,3.339,,,,,,,,,,,,,18.582
12823,4.279,4.676,11.32,3.339,,,,,,,,,,,,,21.67
12824,4.279,4.676,11.32,3.339,,,,,,,,,,,,,18.236
12825,4.279,4.676,11.32,3.339,,,,,,,,,,,,,23.419
12826,4.279,4.676,11.32,3.339,,,,,,,,,,,,,261.402
12827,4.279,4.676,11.32,3.339,,,,,,,,,,,,,2.044
12828,4.279,4.676,11.32,3.339,,,,,,,,,,,,,1.475
12829,4.279,4.676,11.32,3.339,,,,,,,,,,,,,1.565
12832,4.279,4.675,11.32,3.339,,,,,,,,,,,,,0.126
12833,4.279,4.676,11.32,3.339,,,,,,,,,,,,,2.144
12836,4.279,4.675,11.32,3.339,,,,,,,,,,,,,0.083
12837,4.279,4.676,11.32,3.339,,,,,,,,,,,,,1.863
12838,4.279,4.676,11.32,3.339,,,,,,,,,,,,,1.982
12839,4.279,4.676,11.32,3.339,,,,,,,,,,,,,1.728
12841,4.279,4.676,11.32,3.339,,,,,,,,,,,,,0.258
12842,4.279,4.676,11.32,3.339,,,,,,,,,,,,,2.039
12843,4.279,4.676,11.32,3.339,,,,,,,,,,,,,1.635
12844,4.279,4.676,11.32,3.339,,,,,,,,,,,,,1.405
12845,4.279,4.676,11.32,3.339,,,,,,,,,,,,,1.681
12846,4.279,4.676,11.32,3.339,,,,,,,,,,,,,1.784
12847,4.279,4.676,11.32,3.339,,,,,,,,,,,,,1.426
12848,4.279,4.676,11.32,3.339,,,,,,,,,,,,,1.438
12849,4.279,4.676,11.32,3.339,,,,,,,,,,,,,1.988
12850,4.279,4.676,11.32,3.339,,,,,,,,,,,,,13.249
12851,4.279,4.676,11.32,3.339,,,,,,,,,,,,,20.509
12852,4.279,4.676,11.32,3.339,,,,,,,,,,,,,19.602
12853,4.279,4.676,11.32,3.339,,,,,,,,,,,,,172.394
12854,4.279,4.675,11.32,3.339,,,,,,,,,,,,,4.08
12855,4.279,4.675,11.32,3.339,,,,,,,,,,,,,1.752
12856,4.279,4.676,11.32,3.339,,,,,,,,,,,,,1.823
12857,4.279,4.676,11.32,3.339,,,,,,,,,,,,,2.137
12858,4.279,4.675,11.32,3.339,,,,,,,,,,,,,2.346
12859,4.279,4.675,11.32,3.339,,,,,,,,,,,,,3.481
12860,4.279,4.676,11.32,3.339,,,,,,,,,,,,,2.949
12861,4.279,4.676,11.32,3.339,,,,,,,,,,,,,2.528
12862,4.279,4.676,11.32,3.339,,,,,,,,,,,,,6.73
12863,4.279,4.676,11.32,3.339,,,,,,,,,,,,,19.793
12864,4.279,4.676,11.32,3.339,,,,,,,,,,,,,20.2
12865,4.279,4.676,11.32,3.339,,,,,,,,,,,,,20.459
12866,4.279,4.675,11.32,3.339,,,,,,,,,,,,,19.225
12867,4.279,4.675,11.32,3.339,,,,,,,,,,,,,262.027
12869,4.279,4.676,11.32,3.339,,,,,,,,,,,,,0.224
12870,4.279,4.675,11.32,3.339,,,,,,,,,,,,,1.806
12871,4.279,4.675,11.32,3.339,,,,,,,,,,,,,1.171
12872,4.279,4.676,11.32,3.339,,,,,,,,,,,,,1.209
12873,4.279,4.676,11.32,3.339,,,,,,,,,,,,,1.708
12874,4.279,4.676,11.32,3.339,,,,,,,,,,,,,1.777
12875,4.279,4.676,11.32,3.339,,,,,,,,,,,,,1.478
12876,4.279,4.676,11.32,3.339,,,,,,,,,,,,,1.287
12877,4.279,4.676,11.32,3.339,,,,,,,,,,,,,1.462
12878,4.279,4.676,11.32,3.339,,,,,,,,,,,,,1.483
12879,4.279,4.676,11.32,3.339,,,,,,,,,,,,,1.668
12880,4.279,4.676,11.32,3.339,,,,,,,,,,,,,151.645
12881,4.279,4.676,11.32,3.339,,,,,,,,,,,,,4.7
12882,4.279,4.676,11.32,3.339,,,,,,,,,,,,,2.035
12884,4.279,4.676,11.32,3.339,,,,,,,,,,,,,0.233
12885,4.279,4.676,11.32,3.339,,,,,,,,,,,,,2.196
12886,4.279,4.676,11.32,3.339,,,,,,,,,,,,,2.711
12887,4.279,4.676,11.32,3.339,,,,,,,,,,,,,2.087
12888,4.279,4.676,11.32,3.339,,,,,,,,,,,,,2.041
12889,4.279,4.675,11.32,3.339,,,,,,,,,,,,,12.314
12895,4.279,4.676,11.32,3.339,,,,,,,,,,,,,4.353
12896,4.279,4.676,11.32,3.339,,,,,,,,,,,,,2.204
12897,4.279,4.676,11.32,3.339,,,,,,,,,,,,,2.043
12898,4.279,4.676,11.32,3.339,,,,,,,,,,,,,2.319
12899,4.279,4.676,11.32,3.339,,,,,,,,,,,,,1.796
12900,4.279,4.676,11.32,3.339,,,,,,,,,,,,,2.346
12901,4.279,4.676,11.32,3.339,,,,,,,,,,,,,2.538
12902,4.279,4.676,11.32,3.339,,,,,,,,,,,,,2.635
12903,4.279,4.676,11.32,3.339,,,,,,,,,,,,,7.37
12904,4.279,4.676,11.32,3.339,,,,,,,,,,,,,20.042
12905,4.279,4.676,11.32,3.339,,,,,,,,,,,,,20.931
12906,4.279,4.676,11.32,3.339,,,,,,,,,,,,,19.239
12907,4.279,4.676,11.32,3.339,,,,,,,,,,,,,183.464
12908,4.279,4.676,11.32,3.339,,,,,,,,,,,,,4.056
12909,4.279,4.676,11.32,3.339,,,,,,,,,,,,,1.67
12910,4.279,4.676,11.32,3.339,,,,,,,,,,,,,1.258
12911,4.279,4.676,11.32,3.339,,,,,,,,,,,,,1.488
12912,4.279,4.675,11.32,3.339,,,,,,,,,,,,,1.18
12913,4.279,4.675,11.32,3.339,,,,,,,,,,,,,1.109
12915,4.279,4.676,11.32,3.339,,,,,,,,,,,,,0.122
12916,4.279,4.675,11.32,3.339,,,,,,,,,,,,,4.562
12917,4.279,4.675,11.32,3.339,,,,,,,,,,,,,25.271
12918,4.279,4.676,11.32,3.339,,,,,,,,,,,,,14.553
12919,4.279,4.676,11.32,3.339,,,,,,,,,,,,,21.784
12920,4.279,4.676,11.32,3.339,,,,,,,,,,,,,18.838
12921,4.279,4.676,11.32,3.339,,,,,,,,,,,,,24.246
12922,4.279,4.676,11.32,3.339,,,,,,,,,,,,,181.146
12923,4.279,4.676,11.32,3.339,,,,,,,,,,,,,2.023
12924,4.279,4.676,11.32,3.339,,,,,,,,,,,,,1.219
12925,4.279,4.676,11.32,3.339,,,,,,,,,,,,,1.083
12926,4.279,4.676,11.32,3.339,,,,,,,,,,,,,1.284
12927,4.279,4.675,11.32,3.339,,,,,,,,,,,,,1.509
12928,4.279,4.675,11.32,3.339,,,,,,,,,,,,,1.356
12929,4.279,4.676,11.32,3.339,,,,,,,,,,,,,1.332
12931,4.279,4.676,11.32,3.339,,,,,,,,,,,,,2.888
12932,4.279,4.676,11.32,3.339,,,,,,,,,,,,,19.924
12933,4.279,4.676,11.32,3.339,,,,,,,,,,,,,22.531
12934,4.279,4.676,11.32,3.339,,,,,,,,,,,,,17.333
12935,4.279,4.676,11.32,3.339,,,,,,,,,,,,,156.516
12936,4.279,4.676,11.32,3.339,,,,,,,,,,,,,2.388
12937,4.279,4.676,11.32,3.339,,,,,,,,,,,,,1.809
12938,4.279,4.675,11.32,3.339,,,,,,,,,,,,,1.458
12939,4.279,4.676,11.32,3.339,,,,,,,,,,,,,1.656
12941,4.279,4.676,11.32,3.339,,,,,,,,,,,,,0.16
12942,4.279,4.675,11.32,3.339,,,,,,,,,,,,,4.738
12943,4.279,4.676,11.32,3.339,,,,,,,,,,,,,9.639
12944,4.279,4.676,11.32,3.339,,,,,,,,,,,,,31.132
12945,4.279,4.676,11.32,3.339,,,,,,,,,,,,,9.307
12946,4.279,4.676,11.32,3.339,,,,,,,,,,,,,19.173
12947,4.279,4.676,11.32,3.339,,,,,,,,,,,,,20.1
12948,4.279,4.676,11.32,3.339,,,,,,,,,,,,,178.859
12949,4.279,4.676,11.32,3.339,,,,,,,,,,,,,4.158
12950,4.279,4.676,11.32,3.339,,,,,,,,,,,,,1.571
12951,4.279,4.676,11.32,3.339,,,,,,,,,,,,,1.435
12952,4.279,4.676,11.32,3.339,,,,,,,,,,,,,2.145
12953,4.279,4.676,11.32,3.339,,,,,,,,,,,,,1.803
12954,4.279,4.676,11.32,3.339,,,,,,,,,,,,,1.39
12955,4.279,4.676,11.32,3.339,,,,,,,,,,,,,1.394
12956,4.279,4.676,11.32,3.339,,,,,,,,,,,,,1.479
12957,4.279,4.676,11.32,3.339,,,,,,,,,,,,,5.639
12958,4.279,4.676,11.32,3.339,,,,,,,,,,,,,19.965
12960,4.279,4.676,11.32,3.339,,,,,,,,,,,,,19.181
12961,4.279,4.676,11.32,3.339,,,,,,,,,,,,,20.134
12962,4.279,4.676,11.32,3.339,,,,,,,,,,,,,186.447
12963,4.279,4.676,11.32,3.339,,,,,,,,,,,,,6.421
12964,4.279,4.676,11.32,3.339,,,,,,,,,,,,,1.942
12965,4.279,4.676,11.32,3.339,,,,,,,,,,,,,2.049
12966,4.279,4.675,11.32,3.339,,,,,,,,,,,,,2.197
12967,4.279,4.675,11.32,3.339,,,,,,,,,,,,,1.943
12968,4.279,4.676,11.32,3.339,,,,,,,,,,,,,1.895
12969,4.279,4.675,11.32,3.339,,,,,,,,,,,,,1.778
12970,4.279,4.676,11.32,3.339,,,,,,,,,,,,,1.34
12971,4.279,4.676,11.32,3.339,,,,,,,,,,,,,1.332
12972,4.279,4.676,11.32,3.339,,,,,,,,,,,,,12.546
12973,4.279,4.676,11.32,3.339,,,,,,,,,,,,,19.981
12974,4.279,4.676,11.32,3.339,,,,,,,,,,,,,20.543
12975,4.279,4.676,11.32,3.339,,,,,,,,,,,,,19.343
12977,4.279,4.676,11.32,3.339,,,,,,,,,,,,,0.343
12978,4.279,4.676,11.32,3.339,,,,,,,,,,,,,2.397
12979,4.279,4.676,11.32,3.339,,,,,,,,,,,,,1.835
12980,4.279,4.676,11.32,3.339,,,,,,,,,,,,,1.522
12981,4.279,4.675,11.32,3.339,,,,,,,,,,,,,1.63
12982,4.279,4.675,11.32,3.339,,,,,,,,,,,,,2.151
12983,4.279,4.676,11.32,3.339,,,,,,,,,,,,,1.535
12984,4.279,4.676,11.32,3.339,,,,,,,,,,,,,1.338
12985,4.279,4.676,11.32,3.339,,,,,,,,,,,,,1.452
12986,4.279,4.676,11.32,3.339,,,,,,,,,,,,,1.246
12987,4.279,4.676,11.32,3.339,,,,,,,,,,,,,1.133
12988,4.279,4.676,11.32,3.339,,,,,,,,,,,,,8.004
12989,4.279,4.676,11.32,3.339,,,,,,,,,,,,,20.499
12990,4.279,4.676,11.32,3.339,,,,,,,,,,,,,261.596
12991,4.279,4.676,11.32,3.339,,,,,,,,,,,,,2.205
12992,4.279,4.676,11.32,3.339,,,,,,,,,,,,,1.435
12993,4.279,4.676,11.32,3.339,,,,,,,,,,,,,1.211
12994,4.279,4.676,11.32,3.339,,,,,,,,,,,,,1.284
12995,4.279,4.676,11.32,3.339,,,,,,,,,,,,,2.325
12996,4.279,4.675,11.32,3.339,,,,,,,,,,,,,1.671
12997,4.279,4.676,11.32,3.339,,,,,,,,,,,,,1.979
12998,4.279,4.676,11.32,3.339,,,,,,,,,,,,,2.243
12999,4.279,4.676,11.32,3.339,,,,,,,,,,,,,1.957
13002,4.279,4.676,11.32,3.339,,,,,,,,,,,,,0.145
13003,4.279,4.676,11.32,3.339,,,,,,,,,,,,,185.496
13004,4.279,4.676,11.32,3.339,,,,,,,,,,,,,1.979
13005,4.279,4.676,11.32,3.339,,,,,,,,,,,,,1.211
13006,4.279,4.676,11.32,3.339,,,,,,,,,,,,,1.147
13007,4.279,4.676,11.32,3.339,,,,,,,,,,,,,1.132
13008,4.279,4.675,11.32,3.339,,,,,,,,,,,,,1.163
13009,4.279,4.675,11.32,3.339,,,,,,,,,,,,,1.982
13010,4.279,4.676,11.32,3.339,,,,,,,,,,,,,1.81
13011,4.279,4.676,11.32,3.339,,,,,,,,,,,,,1.494
13012,4.279,4.676,11.32,3.339,,,,,,,,,,,,,1.439
13013,4.279,4.676,11.32,3.339,,,,,,,,,,,,,2.563
13014,4.279,4.676,11.32,3.339,,,,,,,,,,,,,18.676
13015,4.279,4.676,11.32,3.339,,,,,,,,,,,,,19.955
13016,4.279,4.676,11.32,3.339,,,,,,,,,,,,,20.045
13017,4.279,4.676,11.32,3.339,,,,,,,,,,,,,231.077
13018,4.279,4.676,11.32,3.339,,,,,,,,,,,,,2.126
13019,4.279,4.676,11.32,3.339,,,,,,,,,,,,,1.292
13020,4.279,4.676,11.32,3.339,,,,,,,,,,,,,1.708
13021,4.279,4.676,11.32,3.339,,,,,,,,,,,,,1.344
13022,4.279,4.676,11.32,3.339,,,,,,,,,,,,,1.651
13023,4.279,4.676,11.32,3.339,,,,,,,,,,,,,2.156
13024,4.279,4.676,11.32,3.339,,,,,,,,,,,,,1.899
13025,4.279,4.676,11.32,3.339,,,,,,,,,,,,,1.413
13026,4.279,4.676,11.32,3.339,,,,,,,,,,,,,1.405
13027,4.279,4.676,11.32,3.339,,,,,,,,,,,,,1.706
13028,4.279,4.676,11.32,3.339,,,,,,,,,,,,,1.556
13029,4.279,4.676,11.32,3.339,,,,,,,,,,,,,10.442
13030,4.279,4.676,11.32,3.339,,,,,,,,,,,,,22.581
13031,4.279,4.675,11.32,3.339,,,,,,,,,,,,,256.299
13032,4.279,4.675,11.32,3.339,,,,,,,,,,,,,2.105
13033,4.279,4.676,11.32,3.339,,,,,,,,,,,,,1.338
13034,4.279,4.676,11.32,3.339,,,,,,,,,,,,,1.254
13035,4.279,4.676,11.32,3.339,,,,,,,,,,,,,2.138
13036,4.279,4.676,11.32,3.339,,,,,,,,,,,,,2.173
13037,4.279,4.676,11.32,3.339,,,,,,,,,,,,,1.549
13038,4.279,4.676,11.32,3.339,,,,,,,,,,,,,1.327
13039,4.279,4.676,11.32,3.339,,,,,,,,,,,,,1.415
13040,4.279,4.676,11.32,3.339,,,,,,,,,,,,,1.514
13041,4.279,4.676,11.32,3.339,,,,,,,,,,,,,1.284
13042,4.279,4.676,11.32,3.339,,,,,,,,,,,,,1.288
13043,4.279,4.676,11.32,3.339,,,,,,,,,,,,,1.726
13044,4.279,4.676,11.32,3.339,,,,,,,,,,,,,143.877
13045,4.279,4.676,11.32,3.339,,,,,,,,,,,,,4.829
13046,4.279,4.676,11.32,3.339,,,,,,,,,,,,,2.411
13047,4.279,4.675,11.32,3.339,,,,,,,,,,,,,1.643
13048,4.279,4.675,11.32,3.339,,,,,,,,,,,,,1.3
13049,4.279,4.676,11.32,3.339,,,,,,,,,,,,,2.041
13050,4.279,4.675,11.32,3.339,,,,,,,,,,,,,1.959
13051,4.279,4.676,11.32,3.339,,,,,,,,,,,,,1.528
13052,4.279,4.676,11.32,3.339,,,,,,,,,,,,,2.516
13053,4.279,4.676,11.32,3.339,,,,,,,,,,,,,21.008
13054,4.279,4.676,11.32,3.339,,,,,,,,,,,,,19.204
13055,4.279,4.676,11.32,3.339,,,,,,,,,,,,,19.995
13056,4.279,4.676,11.32,3.339,,,,,,,,,,,,,19.885
13057,4.279,4.676,11.32,3.339,,,,,,,,,,,,,19.938
13058,4.279,4.676,11.32,3.339,,,,,,,,,,,,,233.271
13059,4.279,4.676,11.32,3.339,,,,,,,,,,,,,2.121
13061,4.279,4.676,11.32,3.339,,,,,,,,,,,,,0.172
13062,4.279,4.676,11.32,3.339,,,,,,,,,,,,,1.935
13063,4.279,4.676,11.32,3.339,,,,,,,,,,,,,1.48
13065,4.279,4.675,11.32,3.339,,,,,,,,,,,,,0.153
13066,4.279,4.676,11.32,3.339,,,,,,,,,,,,,1.767
13067,4.279,4.676,11.32,3.339,,,,,,,,,,,,,1.596
13068,4.279,4.676,11.32,3.339,,,,,,,,,,,,,1.377
13069,4.279,4.676,11.32,3.339,,,,,,,,,,,,,1.314
13070,4.279,4.676,11.32,3.339,,,,,,,,,,,,,12.914
13071,4.279,4.676,11.32,3.339,,,,,,,,,,,,,22.859
13072,4.279,4.676,11.32,3.339,,,,,,,,,,,,,257.928
13073,4.279,4.675,11.32,3.339,,,,,,,,,,,,,2.431
13074,4.279,4.676,11.32,3.339,,,,,,,,,,,,,1.86
13075,4.279,4.676,11.32,3.339,,,,,,,,,,,,,1.34
13076,4.279,4.676,11.32,3.339,,,,,,,,,,,,,2.193
13077,4.279,4.675,11.32,3.339,,,,,,,,,,,,,1.901
13078,4.279,4.676,11.32,3.339,,,,,,,,,,,,,1.388
13079,4.279,4.676,11.32,3.339,,,,,,,,,,,,,1.629
13081,4.279,4.676,11.32,3.339,,,,,,,,,,,,,0.13
13082,4.279,4.676,11.32,3.339,,,,,,,,,,,,,1.341
13083,4.279,4.676,11.32,3.339,,,,,,,,,,,,,1.955
13084,4.279,4.676,11.32,3.339,,,,,,,,,,,,,1.865
13085,4.279,4.676,11.32,3.339,,,,,,,,,,,,,140.42
13086,4.279,4.676,11.32,3.339,,,,,,,,,,,,,2.256
13087,4.279,4.676,11.32,3.339,,,,,,,,,,,,,1.302
13088,4.279,4.675,11.32,3.339,,,,,,,,,,,,,1.129
13089,4.279,4.675,11.32,3.339,,,,,,,,,,,,,1.155
13091,4.279,4.676,11.32,3.339,,,,,,,,,,,,,0.218
13092,4.279,4.675,11.32,3.339,,,,,,,,,,,,,27.331
13093,4.279,4.675,11.32,3.339,,,,,,,,,,,,,6.951
13094,4.279,4.675,11.32,3.339,,,,,,,,,,,,,4.441
13095,4.279,4.676,11.32,3.339,,,,,,,,,,,,,17.513
13096,4.279,4.675,11.32,3.339,,,,,,,,,,,,,14.633
13097,4.279,4.676,11.32,3.339,,,,,,,,,,,,,22.099
13098,4.279,4.676,11.32,3.339,,,,,,,,,,,,,18.76
13099,4.279,4.676,11.32,3.339,,,,,,,,,,,,,228.701
13100,4.279,4.675,11.32,3.339,,,,,,,,,,,,,1.998
13101,4.279,4.676,11.32,3.339,,,,,,,,,,,,,1.59
13102,4.279,4.676,11.32,3.339,,,,,,,,,,,,,1.935
13103,4.279,4.676,11.32,3.339,,,,,,,,,,,,,1.586
13104,4.279,4.675,11.32,3.339,,,,,,,,,,,,,2.081
13105,4.279,4.676,11.32,3.339,,,,,,,,,,,,,2.177
13106,4.279,4.676,11.32,3.339,,,,,,,,,,,,,1.594
13107,4.279,4.676,11.32,3.339,,,,,,,,,,,,,1.532
13108,4.279,4.676,11.32,3.339,,,,,,,,,,,,,1.787
13109,4.279,4.676,11.32,3.339,,,,,,,,,,,,,1.604
13110,4.279,4.676,11.32,3.339,,,,,,,,,,,,,1.761
13111,4.279,4.676,11.32,3.339,,,,,,,,,,,,,10.581
13112,4.279,4.676,11.32,3.339,,,,,,,,,,,,,20.224
13113,4.279,4.676,11.32,3.339,,,,,,,,,,,,,20.192
13114,4.279,4.676,11.32,3.339,,,,,,,,,,,,,35.871
13115,4.279,4.676,11.32,3.339,,,,,,,,,,,,,4.581
13116,4.279,4.676,11.32,3.339,,,,,,,,,,,,,27.641
13117,4.279,4.676,11.32,3.339,,,,,,,,,,,,,12.244
13118,4.279,4.676,11.32,3.339,,,,,,,,,,,,,19.494
13119,4.279,4.675,11.32,3.339,,,,,,,,,,,,,19.759
13120,4.279,4.676,11.32,3.339,,,,,,,,,,,,,20.249
13122,4.279,4.676,11.32,3.339,,,,,,,,,,,,,16.236
13125,4.279,4.676,11.32,3.339,,,,,,,,,,,,,21.615
13126,4.279,4.676,11.32,3.339,,,,,,,,,,,,,32.432
13127,4.279,4.676,11.32,3.339,,,,,,,,,,,,,6.62
13128,4.279,4.676,11.32,3.339,,,,,,,,,,,,,54.236
13129,4.279,4.676,11.32,3.339,,,,,,,,,,,,,4.039
13130,4.279,4.676,11.32,3.339,,,,,,,,,,,,,3.846
13131,4.279,4.676,11.32,3.339,,,,,,,,,,,,,16.953
13132,4.279,4.676,11.32,3.339,,,,,,,,,,,,,21.833
13133,4.279,4.676,11.32,3.339,,,,,,,,,,,,,24.058
13134,4.279,4.676,11.32,3.339,,,,,,,,,,,,,14.318
13135,4.279,4.676,11.32,3.339,,,,,,,,,,,,,20.204
13136,4.279,4.676,11.32,3.339,,,,,,,,,,,,,19.719
13137,4.279,4.676,11.32,3.339,,,,,,,,,,,,,25.45
13138,4.279,4.676,11.32,3.339,,,,,,,,,,,,,14.502
13139,4.279,4.675,11.32,3.339,,,,,,,,,,,,,19.942
13140,4.279,4.675,11.32,3.339,,,,,,,,,,,,,19.962
13141,4.279,4.676,11.32,3.339,,,,,,,,,,,,,20.558
13142,4.279,4.676,11.32,3.339,,,,,,,,,,,,,20.152
13143,4.279,4.675,11.32,3.339,,,,,,,,,,,,,21.793
13144,4.279,4.675,11.32,3.339,,,,,,,,,,,,,17.87
13145,4.279,4.676,11.32,3.339,,,,,,,,,,,,,20.186
13146,4.279,4.676,11.32,3.339,,,,,,,,,,,,,20.81
13147,4.279,4.676,11.32,3.339,,,,,,,,,,,,,18.455
13148,4.279,4.676,11.32,3.339,,,,,,,,,,,,,20.556
13149,4.279,4.676,11.32,3.339,,,,,,,,,,,,,19.534
13150,4.279,4.676,11.32,3.339,,,,,,,,,,,,,20.768
13151,4.279,4.676,11.32,3.339,,,,,,,,,,,,,19.561
13152,4.279,4.676,11.32,3.339,,,,,,,,,,,,,19.853
13153,4.279,4.676,11.32,3.339,,,,,,,,,,,,,20.039
13154,4.279,4.676,11.32,3.339,,,,,,,,,,,,,20.495
13155,4.279,4.676,11.32,3.339,,,,,,,,,,,,,32.242
13156,4.279,4.676,11.32,3.339,,,,,,,,,,,,,7.686
13157,4.279,4.676,11.32,3.339,,,,,,,,,,,,,19.386
13158,4.279,4.676,11.32,3.339,,,,,,,,,,,,,21.681
13159,4.279,4.676,11.32,3.339,,,,,,,,,,,,,18.606
13160,4.279,4.676,11.32,3.339,,,,,,,,,,,,,43.436
13161,4.279,4.676,11.32,3.339,,,,,,,,,,,,,10.609
13162,4.279,4.675,11.32,3.339,,,,,,,,,,,,,6.254
13163,4.279,4.675,11.32,3.339,,,,,,,,,,,,,28.029
13164,4.279,4.676,11.32,3.339,,,,,,,,,,,,,11.991
13167,4.279,4.675,11.32,3.339,,,,,,,,,,,,,19.781
13168,4.279,4.676,11.32,3.339,,,,,,,,,,,,,19.982
13169,4.279,4.675,11.32,3.339,,,,,,,,,,,,,19.966
13170,4.279,4.675,11.32,3.339,,,,,,,,,,,,,19.961
13171,4.279,4.675,11.32,3.339,,,,,,,,,,,,,20.719
13172,4.279,4.676,11.32,3.339,,,,,,,,,,,,,19.498
13173,4.279,4.676,11.32,3.339,,,,,,,,,,,,,19.935
13174,4.279,4.676,11.32,3.339,,,,,,,,,,,,,24.631
13175,4.279,4.676,11.32,3.339,,,,,,,,,,,,,15.846
13176,4.279,4.676,11.32,3.339,,,,,,,,,,,,,19.429
13177,4.279,4.676,11.32,3.339,,,,,,,,,,,,,19.981
13178,4.279,4.676,11.32,3.339,,,,,,,,,,,,,21.016
13179,4.279,4.676,11.32,3.339,,,,,,,,,,,,,19.34
13183,4.279,4.676,11.32,3.339,,,,,,,,,,,,,18.534
13184,4.279,4.676,11.32,3.339,,,,,,,,,,,,,19.974
13185,4.279,4.676,11.32,3.339,,,,,,,,,,,,,20.069
13186,4.279,4.676,11.32,3.339,,,,,,,,,,,,,20.007
13187,4.279,4.676,11.32,3.339,,,,,,,,,,,,,19.774
13190,4.279,4.676,11.32,3.339,,,,,,,,,,,,,20.487
13191,4.279,4.676,11.32,3.339,,,,,,,,,,,,,40.43
13192,4.279,4.676,11.32,3.339,,,,,,,,,,,,,4.795
13193,4.279,4.676,11.32,3.339,,,,,,,,,,,,,13.306
13194,4.279,4.676,11.32,3.339,,,,,,,,,,,,,20.809
13196,4.279,4.676,11.32,3.339,,,,,,,,,,,,,19.555
13197,4.279,4.676,11.32,3.339,,,,,,,,,,,,,20.146
13198,4.279,4.676,11.32,3.339,,,,,,,,,,,,,20.61
13200,4.279,4.676,11.32,3.339,,,,,,,,,,,,,23.927
13201,4.279,4.675,11.32,3.339,,,,,,,,,,,,,18.505
13202,4.279,4.675,11.32,3.339,,,,,,,,,,,,,17.469
13203,4.279,4.676,11.32,3.339,,,,,,,,,,,,,21.267
13206,4.279,4.676,11.32,3.339,,,,,,,,,,,,,19.989
13207,4.279,4.676,11.32,3.339,,,,,,,,,,,,,20.47
13208,4.279,4.676,11.32,3.339,,,,,,,,,,,,,19.751
13209,4.279,4.676,11.32,3.339,,,,,,,,,,,,,21.24
13210,4.279,4.676,11.32,3.339,,,,,,,,,,,,,22.779
13211,4.279,4.676,11.32,3.339,,,,,,,,,,,,,15.794
13212,4.279,4.676,11.32,3.339,,,,,,,,,,,,,19.862
13213,4.279,4.676,11.32,3.339,,,,,,,,,,,,,20.213
13214,4.279,4.676,11.32,3.339,,,,,,,,,,,,,19.993
13217,4.279,4.676,11.32,3.339,,,,,,,,,,,,,20.074
13218,4.279,4.676,11.32,3.339,,,,,,,,,,,,,19.862
13221,4.279,4.675,11.32,3.339,,,,,,,,,,,,,20.312
13223,4.279,4.676,11.32,3.339,,,,,,,,,,,,,20.2
13224,4.279,4.676,11.32,3.339,,,,,,,,,,,,,37.124
13225,4.279,4.676,11.32,3.339,,,,,,,,,,,,,5.359
13226,4.279,4.676,11.32,3.339,,,,,,,,,,,,,31.523
13227,4.279,4.676,11.32,3.339,,,,,,,,,,,,,6.867
13228,4.279,4.675,11.32,3.339,,,,,,,,,,,,,21.06
13229,4.279,4.675,11.32,3.339,,,,,,,,,,,,,17.629
13230,4.279,4.676,11.32,3.339,,,,,,,,,,,,,19.977
13231,4.279,4.676,11.32,3.339,,,,,,,,,,,,,20.372
13232,4.279,4.676,11.32,3.339,,,,,,,,,,,,,21.652
13233,4.279,4.676,11.32,3.339,,,,,,,,,,,,,18.118
13235,4.279,4.676,11.32,3.339,,,,,,,,,,,,,19.955
13236,4.279,4.676,11.32,3.339,,,,,,,,,,,,,20.268
13237,4.279,4.676,11.32,3.339,,,,,,,,,,,,,34.056
13238,4.279,4.676,11.32,3.339,,,,,,,,,,,,,6.124
13239,4.279,4.676,11.32,3.339,,,,,,,,,,,,,26.526
13240,4.279,4.676,11.32,3.339,,,,,,,,,,,,,13.144
13241,4.279,4.676,11.32,3.339,,,,,,,,,,,,,19.974
13244,4.279,4.675,11.32,3.339,,,,,,,,,,,,,19.449
13245,4.279,4.676,11.32,3.339,,,,,,,,,,,,,20.763
13246,4.279,4.676,11.32,3.339,,,,,,,,,,,,,19.608
13247,4.279,4.676,11.32,3.339,,,,,,,,,,,,,19.013
13248,4.279,4.676,11.32,3.339,,,,,,,,,,,,,20.108
13250,4.279,4.676,11.32,3.339,,,,,,,,,,,,,20.033
13251,4.279,4.676,11.32,3.339,,,,,,,,,,,,,20.09
13252,4.279,4.676,11.32,3.339,,,,,,,,,,,,,31.026
13253,4.279,4.676,11.32,3.339,,,,,,,,,,,,,12.307
13254,4.279,4.676,11.32,3.339,,,,,,,,,,,,,45.039
13255,4.279,4.676,11.32,3.339,,,,,,,,,,,,,3.987
13256,4.279,4.676,11.32,3.339,,,,,,,,,,,,,7.512
13257,4.279,4.676,11.32,3.339,,,,,,,,,,,,,19.976
13258,4.279,4.676,11.32,3.339,,,,,,,,,,,,,20.135
13259,4.279,4.676,11.32,3.339,,,,,,,,,,,,,20.231
13261,4.279,4.676,11.32,3.339,,,,,,,,,,,,,22.258
13262,4.279,4.676,11.32,3.339,,,,,,,,,,,,,17.861
13263,4.279,4.676,11.32,3.339,,,,,,,,,,,,,19.963
13264,4.279,4.676,11.32,3.339,,,,,,,,,,,,,19.999
13265,4.279,4.676,11.32,3.339,,,,,,,,,,,,,19.939
13266,4.279,4.676,11.32,3.339,,,,,,,,,,,,,23.597
13267,4.279,4.676,11.32,3.339,,,,,,,,,,,,,16.36
13268,4.279,4.676,11.32,3.339,,,,,,,,,,,,,20.217
13269,4.279,4.675,11.32,3.339,,,,,,,,,,,,,20.391
13270,4.279,4.676,11.32,3.339,,,,,,,,,,,,,19.305
13271,4.279,4.676,11.32,3.339,,,,,,,,,,,,,20.432
13273,4.279,4.676,11.32,3.339,,,,,,,,,,,,,27.91
13274,4.279,4.675,11.32,3.339,,,,,,,,,,,,,10.033
13275,4.279,4.675,11.32,3.339,,,,,,,,,,,,,19.435
13276,4.279,4.676,11.32,3.339,,,,,,,,,,,,,20.245
13277,4.279,4.676,11.32,3.339,,,,,,,,,,,,,19.704
13278,4.279,4.675,11.32,3.339,,,,,,,,,,,,,21.244
13279,4.279,4.675,11.32,3.339,,,,,,,,,,,,,19.754
13280,4.279,4.676,11.32,3.339,,,,,,,,,,,,,20.171
13281,4.279,4.676,11.32,3.339,,,,,,,,,,,,,21.023
13282,4.279,4.676,11.32,3.339,,,,,,,,,,,,,21.591
13283,4.279,4.676,11.32,3.339,,,,,,,,,,,,,37.802
13284,4.279,4.676,11.32,3.339,,,,,,,,,,,,,8.976
13285,4.279,4.676,11.32,3.339,,,,,,,,,,,,,12.666
13286,4.279,4.676,11.32,3.339,,,,,,,,,,,,,19.988
13287,4.279,4.676,11.32,3.339,,,,,,,,,,,,,17.944
13288,4.279,4.676,11.32,3.339,,,,,,,,,,,,,49.546
13289,4.279,4.676,11.32,3.339,,,,,,,,,,,,,5.319
13290,4.279,4.676,11.32,3.339,,,,,,,,,,,,,6.579
13291,4.279,4.676,11.32,3.339,,,,,,,,,,,,,19.513
13292,4.279,4.676,11.32,3.339,,,,,,,,,,,,,19.989
13293,4.279,4.676,11.32,3.339,,,,,,,,,,,,,19.959
13294,4.279,4.676,11.32,3.339,,,,,,,,,,,,,23.602
13295,4.279,4.676,11.32,3.339,,,,,,,,,,,,,16.337
13296,4.279,4.676,11.32,3.339,,,,,,,,,,,,,21.461
13297,4.279,4.675,11.32,3.339,,,,,,,,,,,,,20.805
13299,4.279,4.676,11.32,3.339,,,,,,,,,,,,,20.735
13300,4.279,4.675,11.32,3.339,,,,,,,,,,,,,19.19
13301,4.279,4.675,11.32,3.339,,,,,,,,,,,,,20.005
13302,4.279,4.675,11.32,3.339,,,,,,,,,,,,,24.306
13303,4.279,4.676,11.32,3.339,,,,,,,,,,,,,16.922
13304,4.279,4.676,11.32,3.339,,,,,,,,,,,,,18.984
13305,4.279,4.676,11.32,3.339,,,,,,,,,,,,,19.911
13306,4.279,4.676,11.32,3.339,,,,,,,,,,,,,21.019
13307,4.279,4.676,11.32,3.339,,,,,,,,,,,,,18.916
13308,4.279,4.676,11.32,3.339,,,,,,,,,,,,,20.231
13309,4.279,4.676,11.32,3.339,,,,,,,,,,,,,19.958
13310,4.279,4.676,11.32,3.339,,,,,,,,,,,,,23.343
13311,4.279,4.676,11.32,3.339,,,,,,,,,,,,,23.495
13312,4.279,4.676,11.32,3.339,,,,,,,,,,,,,14.866
13313,4.279,4.676,11.32,3.339,,,,,,,,,,,,,30.164
13314,4.279,4.676,11.32,3.339,,,,,,,,,,,,,16.023
13315,4.279,4.676,11.32,3.339,,,,,,,,,,,,,15.095
13316,4.279,4.676,11.32,3.339,,,,,,,,,,,,,16.829
13317,4.279,4.676,11.32,3.339,,,,,,,,,,,,,19.956
13318,4.279,4.676,11.32,3.339,,,,,,,,,,,,,20.001
13321,4.279,4.676,11.32,3.339,,,,,,,,,,,,,19.965
13322,4.279,4.676,11.32,3.339,,,,,,,,,,,,,39.649
13323,4.279,4.676,11.32,3.339,,,,,,,,,,,,,3.952
13324,4.279,4.675,11.32,3.339,,,,,,,,,,,,,16.211
13326,4.279,4.676,11.32,3.339,,,,,,,,,,,,,19.99
13327,4.279,4.675,11.32,3.339,,,,,,,,,,,,,19.974
13328,4.279,4.676,11.32,3.339,,,,,,,,,,,,,20.021
13329,4.279,4.676,11.32,3.339,,,,,,,,,,,,,20.325
13330,4.279,4.676,11.32,3.339,,,,,,,,,,,,,19.784
13331,4.279,4.676,11.32,3.339,,,,,,,,,,,,,19.962
13332,4.279,4.676,11.32,3.339,,,,,,,,,,,,,19.989
13334,4.279,4.676,11.32,3.339,,,,,,,,,,,,,19.574
13335,4.279,4.675,11.32,3.339,,,,,,,,,,,,,20.977
13336,4.279,4.676,11.32,3.339,,,,,,,,,,,,,20.011
13337,4.279,4.676,11.32,3.339,,,,,,,,,,,,,21.75
13338,4.279,4.676,11.32,3.339,,,,,,,,,,,,,24.491
13339,4.279,4.676,11.32,3.339,,,,,,,,,,,,,15.276
13340,4.279,4.676,11.32,3.339,,,,,,,,,,,,,30.959
13342,4.279,4.676,11.32,3.339,,,,,,,,,,,,,13.101
13343,4.279,4.675,11.32,3.339,,,,,,,,,,,,,18.87
13344,4.279,4.675,11.32,3.339,,,,,,,,,,,,,20.245
13346,4.279,4.676,11.32,3.339,,,,,,,,,,,,,19.98
13347,4.279,4.676,11.32,3.339,,,,,,,,,,,,,19.989
13348,4.279,4.676,11.32,3.339,,,,,,,,,,,,,20.225
13349,4.279,4.676,11.32,3.339,,,,,,,,,,,,,19.706
13350,4.279,4.676,11.32,3.339,,,,,,,,,,,,,20.188
13351,4.279,4.676,11.32,3.339,,,,,,,,,,,,,19.743
13352,4.279,4.676,11.32,3.339,,,,,,,,,,,,,20.986
13353,4.279,4.676,11.32,3.339,,,,,,,,,,,,,19.216
13356,4.279,4.675,11.32,3.339,,,,,,,,,,,,,3.928
13357,4.279,4.676,11.32,3.339,,,,,,,,,,,,,9.574
13358,4.279,4.676,11.32,3.339,,,,,,,,,,,,,19.73
13359,4.279,4.676,11.32,3.339,,,,,,,,,,,,,20.209
13360,4.279,4.676,11.32,3.339,,,,,,,,,,,,,20.113
13362,4.279,4.676,11.32,3.339,,,,,,,,,,,,,19.958
13363,4.279,4.676,11.32,3.339,,,,,,,,,,,,,21.321
13364,4.279,4.676,11.32,3.339,,,,,,,,,,,,,18.878
13365,4.279,4.676,11.32,3.339,,,,,,,,,,,,,19.956
13366,4.279,4.675,11.32,3.339,,,,,,,,,,,,,19.704
13367,4.279,4.675,11.32,3.339,,,,,,,,,,,,,20.007
13368,4.279,4.676,11.32,3.339,,,,,,,,,,,,,19.998
13369,4.279,4.676,11.32,3.339,,,,,,,,,,,,,20.178
13370,4.279,4.676,11.32,3.339,,,,,,,,,,,,,19.964
13372,4.279,4.676,11.32,3.339,,,,,,,,,,,,,19.949
13375,4.279,4.676,11.32,3.339,,,,,,,,,,,,,16.063
13376,4.279,4.676,11.32,3.339,,,,,,,,,,,,,20.345
13377,4.279,4.676,11.32,3.339,,,,,,,,,,,,,19.812
13378,4.279,4.676,11.32,3.339,,,,,,,,,,,,,19.986
13379,4.279,4.676,11.32,3.339,,,,,,,,,,,,,20.027
13381,4.279,4.676,11.32,3.339,,,,,,,,,,,,,19.95
13382,4.279,4.676,11.32,3.339,,,,,,,,,,,,,19.992
13383,4.279,4.676,11.32,3.339,,,,,,,,,,,,,23.854
13384,4.279,4.676,11.32,3.339,,,,,,,,,,,,,26.157
13385,4.279,4.676,11.32,3.339,,,,,,,,,,,,,16.376
13386,4.279,4.676,11.32,3.339,,,,,,,,,,,,,13.673
13387,4.279,4.676,11.32,3.339,,,,,,,,,,,,,20.004
13388,4.279,4.676,11.32,3.339,,,,,,,,,,,,,19.995
13389,4.279,4.676,11.32,3.339,,,,,,,,,,,,,20.747
13390,4.279,4.676,11.32,3.339,,,,,,,,,,,,,19.13
13391,4.279,4.676,11.32,3.339,,,,,,,,,,,,,20.019
13392,4.279,4.676,11.32,3.339,,,,,,,,,,,,,19.983
13393,4.279,4.675,11.32,3.339,,,,,,,,,,,,,20.212
13394,4.279,4.675,11.32,3.339,,,,,,,,,,,,,28.448
13396,4.279,4.676,11.32,3.339,,,,,,,,,,,,,29.247
13397,4.279,4.676,11.32,3.339,,,,,,,,,,,,,10.668
13399,4.279,4.676,11.32,3.339,,,,,,,,,,,,,18.88
13400,4.279,4.676,11.32,3.339,,,,,,,,,,,,,19.282
13401,4.279,4.676,11.32,3.339,,,,,,,,,,,,,19.993
13402,4.279,4.676,11.32,3.339,,,,,,,,,,,,,19.987
13403,4.279,4.676,11.32,3.339,,,,,,,,,,,,,33.802
13404,4.279,4.676,11.32,3.339,,,,,,,,,,,,,6.621
13405,4.279,4.676,11.32,3.339,,,,,,,,,,,,,19.449
13406,4.279,4.676,11.32,3.339,,,,,,,,,,,,,20.24
13407,4.279,4.676,11.32,3.339,,,,,,,,,,,,,19.826
13408,4.279,4.676,11.32,3.339,,,,,,,,,,,,,20.083
13409,4.279,4.676,11.32,3.339,,,,,,,,,,,,,19.998
13410,4.279,4.676,11.32,3.339,,,,,,,,,,,,,26.675
13417,4.279,4.676,11.32,3.339,,,,,,,,,,,,,19.423
13418,4.279,4.676,11.32,3.339,,,,,,,,,,,,,19.946
13421,4.279,4.676,11.32,3.339,,,,,,,,,,,,,19.997
13422,4.279,4.676,11.32,3.339,,,,,,,,,,,,,19.973
13423,4.279,4.675,11.32,3.339,,,,,,,,,,,,,23.722
13424,4.279,4.676,11.32,3.339,,,,,,,,,,,,,16.266
13425,4.279,4.676,11.32,3.339,,,,,,,,,,,,,20.17
13426,4.279,4.676,11.32,3.339,,,,,,,,,,,,,20.085
13427,4.279,4.676,11.32,3.339,,,,,,,,,,,,,20.744
13428,4.279,4.676,11.32,3.339,,,,,,,,,,,,,21.116
13429,4.279,4.676,11.32,3.339,,,,,,,,,,,,,22.563
13430,4.279,4.676,11.32,3.339,,,,,,,,,,,,,16.489
13431,4.279,4.676,11.32,3.339,,,,,,,,,,,,,22.4
13432,4.279,4.676,11.32,3.339,,,,,,,,,,,,,16.668
13434,4.279,4.676,11.32,3.339,,,,,,,,,,,,,20.734
13435,4.279,4.676,11.32,3.339,,,,,,,,,,,,,18.873
13436,4.279,4.676,11.32,3.339,,,,,,,,,,,,,25.864
13437,4.279,4.676,11.32,3.339,,,,,,,,,,,,,17.581
13438,4.279,4.676,11.32,3.339,,,,,,,,,,,,,16.015
13439,4.279,4.676,11.32,3.339,,,,,,,,,,,,,19.702
13440,4.279,4.676,11.32,3.339,,,,,,,,,,,,,20.156
13441,4.279,4.676,11.32,3.339,,,,,,,,,,,,,50.993
13442,4.279,4.676,11.32,3.339,,,,,,,,,,,,,4.038
13443,4.279,4.675,11.32,3.339,,,,,,,,,,,,,6.239
13444,4.279,4.675,11.32,3.339,,,,,,,,,,,,,18.813
13445,4.279,4.676,11.32,3.339,,,,,,,,,,,,,19.82
13446,4.279,4.676,11.32,3.339,,,,,,,,,,,,,20.122
13447,4.279,4.676,11.32,3.339,,,,,,,,,,,,,20.127
13448,4.279,4.676,11.32,3.339,,,,,,,,,,,,,20.374
13449,4.279,4.676,11.32,3.339,,,,,,,,,,,,,19.272
13450,4.279,4.676,11.32,3.339,,,,,,,,,,,,,20.444
13451,4.279,4.676,11.32,3.339,,,,,,,,,,,,,20.015
13453,4.279,4.676,11.32,3.339,,,,,,,,,,,,,19.988
13454,4.279,4.675,11.32,3.339,,,,,,,,,,,,,20.848
13455,4.279,4.676,11.32,3.339,,,,,,,,,,,,,19.321
13456,4.279,4.676,11.32,3.339,,,,,,,,,,,,,24.073
13457,4.279,4.676,11.32,3.339,,,,,,,,,,,,,15.9
13460,4.279,4.676,11.32,3.339,,,,,,,,,,,,,19.976
13461,4.279,4.676,11.32,3.339,,,,,,,,,,,,,20.232
13462,4.279,4.675,11.32,3.339,,,,,,,,,,,,,19.69
13463,4.279,4.675,11.32,3.339,,,,,,,,,,,,,23.596
13464,4.279,4.676,11.32,3.339,,,,,,,,,,,,,16.61
13467,4.279,4.675,11.32,3.339,,,,,,,,,,,,,19.978
13468,4.279,4.676,11.32,3.339,,,,,,,,,,,,,19.959
13469,4.279,4.676,11.32,3.339,,,,,,,,,,,,,19.974
13470,4.279,4.676,11.32,3.339,,,,,,,,,,,,,19.975
13471,4.279,4.676,11.32,3.339,,,,,,,,,,,,,20.046
13475,4.279,4.676,11.32,3.339,,,,,,,,,,,,,18.729
13476,4.279,4.676,11.32,3.339,,,,,,,,,,,,,20.112
13477,4.279,4.675,11.32,3.339,,,,,,,,,,,,,19.881
13478,4.279,4.676,11.32,3.339,,,,,,,,,,,,,43.797
13479,4.279,4.676,11.32,3.339,,,,,,,,,,,,,13.203
13480,4.279,4.676,11.32,3.339,,,,,,,,,,,,,4.665
13481,4.279,4.675,11.32,3.339,,,,,,,,,,,,,19.195
13482,4.279,4.676,11.32,3.339,,,,,,,,,,,,,19.946
13484,4.279,4.676,11.32,3.339,,,,,,,,,,,,,20.007
13485,4.279,4.676,11.32,3.339,,,,,,,,,,,,,26.274
13486,4.279,4.676,11.32,3.339,,,,,,,,,,,,,13.883
13487,4.279,4.676,11.32,3.339,,,,,,,,,,,,,19.729
13488,4.279,4.676,11.32,3.339,,,,,,,,,,,,,19.962
13489,4.279,4.676,11.32,3.339,,,,,,,,,,,,,20.239
13490,4.279,4.676,11.32,3.339,,,,,,,,,,,,,19.962
13492,4.279,4.676,11.32,3.339,,,,,,,,,,,,,19.97
13493,4.279,4.676,11.32,3.339,,,,,,,,,,,,,20.228
13494,4.279,4.676,11.32,3.339,,,,,,,,,,,,,24.019
13495,4.279,4.676,11.32,3.339,,,,,,,,,,,,,15.684
13496,4.279,4.676,11.32,3.339,,,,,,,,,,,,,19.959
13497,4.279,4.676,11.32,3.339,,,,,,,,,,,,,19.978
13498,4.279,4.676,11.32,3.339,,,,,,,,,,,,,20.206
13500,4.279,4.676,11.32,3.339,,,,,,,,,,,,,19.932
13501,4.279,4.675,11.32,3.339,,,,,,,,,,,,,19.954
13502,4.279,4.675,11.32,3.339,,,,,,,,,,,,,20.119
13503,4.279,4.676,11.32,3.339,,,,,,,,,,,,,20.361
13504,4.279,4.676,11.32,3.339,,,,,,,,,,,,,19.566
13505,4.279,4.675,11.32,3.339,,,,,,,,,,,,,20.388
13506,4.279,4.675,11.32,3.339,,,,,,,,,,,,,19.692
13507,4.279,4.676,11.32,3.339,,,,,,,,,,,,,20.204
13508,4.279,4.675,11.32,3.339,,,,,,,,,,,,,39.587
13509,4.279,4.676,11.32,3.339,,,,,,,,,,,,,5.212
13510,4.279,4.676,11.32,3.339,,,,,,,,,,,,,18.713
13511,4.279,4.676,11.32,3.339,,,,,,,,,,,,,19.706
13512,4.279,4.676,11.32,3.339,,,,,,,,,,,,,30.256
13513,4.279,4.676,11.32,3.339,,,,,,,,,,,,,6.619
13514,4.279,4.676,11.32,3.339,,,,,,,,,,,,,25.17
13515,4.279,4.676,11.32,3.339,,,,,,,,,,,,,14.533
13516,4.279,4.676,11.32,3.339,,,,,,,,,,,,,23.057
13517,4.279,4.676,11.32,3.339,,,,,,,,,,,,,16.882
13518,4.279,4.676,11.32,3.339,,,,,,,,,,,,,20.081
13519,4.279,4.676,11.32,3.339,,,,,,,,,,,,,19.823
13520,4.279,4.676,11.32,3.339,,,,,,,,,,,,,20.108
13521,4.279,4.676,11.32,3.339,,,,,,,,,,,,,19.967
13522,4.279,4.676,11.32,3.339,,,,,,,,,,,,,20.912
13523,4.279,4.676,11.32,3.339,,,,,,,,,,,,,19.408
13524,4.279,4.675,11.32,3.339,,,,,,,,,,,,,19.698
13526,4.279,4.676,11.32,3.339,,,,,,,,,,,,,20.026
13530,4.279,4.676,11.32,3.339,,,,,,,,,,,,,20.06
13531,4.279,4.676,11.32,3.339,,,,,,,,,,,,,43.733
13532,4.279,4.676,11.32,3.339,,,,,,,,,,,,,4.245
13533,4.279,4.676,11.32,3.339,,,,,,,,,,,,,12.149
13534,4.279,4.676,11.32,3.339,,,,,,,,,,,,,19.968
13535,4.279,4.676,11.32,3.339,,,,,,,,,,,,,19.943
13536,4.279,4.676,11.32,3.339,,,,,,,,,,,,,44.301
13537,4.279,4.676,11.32,3.339,,,,,,,,,,,,,4.747
13538,4.279,4.676,11.32,3.339,,,,,,,,,,,,,12.633
13539,4.279,4.676,11.32,3.339,,,,,,,,,,,,,18.156
13540,4.279,4.676,11.32,3.339,,,,,,,,,,,,,21.448
13541,4.279,4.676,11.32,3.339,,,,,,,,,,,,,18.887
13542,4.279,4.676,11.32,3.339,,,,,,,,,,,,,21.833
13543,4.279,4.676,11.32,3.339,,,,,,,,,,,,,21.574
13544,4.279,4.676,11.32,3.339,,,,,,,,,,,,,29.158
13545,4.279,4.676,11.32,3.339,,,,,,,,,,,,,14.563
13546,4.279,4.676,11.32,3.339,,,,,,,,,,,,,16.37
13547,4.279,4.676,11.32,3.339,,,,,,,,,,,,,31.27
13548,4.279,4.676,11.32,3.339,,,,,,,,,,,,,13.76
13549,4.279,4.676,11.32,3.339,,,,,,,,,,,,,12.385
13552,4.279,4.676,11.32,3.339,,,,,,,,,,,,,25.876
13553,4.279,4.676,11.32,3.339,,,,,,,,,,,,,15.266
13554,4.279,4.676,11.32,3.339,,,,,,,,,,,,,18.93
13555,4.279,4.676,11.32,3.339,,,,,,,,,,,,,19.706
13556,4.279,4.676,11.32,3.339,,,,,,,,,,,,,19.965
13557,4.279,4.676,11.32,3.339,,,,,,,,,,,,,19.959
13558,4.279,4.676,11.32,3.339,,,,,,,,,,,,,20.507
13559,4.279,4.676,11.32,3.339,,,,,,,,,,,,,19.435
13560,4.279,4.676,11.32,3.339,,,,,,,,,,,,,20.21
13564,4.279,4.676,11.32,3.339,,,,,,,,,,,,,22.015
13565,4.279,4.676,11.32,3.339,,,,,,,,,,,,,18.377
13566,4.279,4.676,11.32,3.339,,,,,,,,,,,,,19.507
13567,4.279,4.676,11.32,3.339,,,,,,,,,,,,,20.772
13568,4.279,4.676,11.32,3.339,,,,,,,,,,,,,19.194
13569,4.279,4.676,11.32,3.339,,,,,,,,,,,,,19.952
13570,4.279,4.676,11.32,3.339,,,,,,,,,,,,,20.289
13571,4.279,4.676,11.32,3.339,,,,,,,,,,,,,26.029
13572,4.279,4.676,11.32,3.339,,,,,,,,,,,,,13.843
13573,4.279,4.675,11.32,3.339,,,,,,,,,,,,,39.449
13574,4.279,4.676,11.32,3.339,,,,,,,,,,,,,4.256
13575,4.279,4.676,11.32,3.339,,,,,,,,,,,,,16.208
13576,4.279,4.676,11.32,3.339,,,,,,,,,,,,,24.638
13577,4.279,4.676,11.32,3.339,,,,,,,,,,,,,15.628
13578,4.279,4.676,11.32,3.339,,,,,,,,,,,,,20.922
13579,4.279,4.676,11.32,3.339,,,,,,,,,,,,,19.211
13580,4.279,4.676,11.32,3.339,,,,,,,,,,,,,21.23
13581,4.279,4.676,11.32,3.339,,,,,,,,,,,,,20.502
13582,4.279,4.676,11.32,3.339,,,,,,,,,,,,,18.92
13583,4.279,4.676,11.32,3.339,,,,,,,,,,,,,20.124
13584,4.279,4.676,11.32,3.339,,,,,,,,,,,,,19.855
13585,4.279,4.676,11.32,3.339,,,,,,,,,,,,,22.594
13586,4.279,4.676,11.32,3.339,,,,,,,,,,,,,17.568
13587,4.279,4.676,11.32,3.339,,,,,,,,,,,,,21.417
13588,4.279,4.676,11.32,3.339,,,,,,,,,,,,,18.642
13589,4.279,4.676,11.32,3.339,,,,,,,,,,,,,19.865
13590,4.279,4.676,11.32,3.339,,,,,,,,,,,,,30.132
13591,4.279,4.676,11.32,3.339,,,,,,,,,,,,,10.311
13593,4.279,4.676,11.32,3.339,,,,,,,,,,,,,20.193
13594,4.279,4.676,11.32,3.339,,,,,,,,,,,,,22.099
13595,4.279,4.676,11.32,3.339,,,,,,,,,,,,,19.17
13596,4.279,4.676,11.32,3.339,,,,,,,,,,,,,18.7
13597,4.279,4.676,11.32,3.339,,,,,,,,,,,,,22.823
13598,4.279,4.676,11.32,3.339,,,,,,,,,,,,,17.565
13599,4.279,4.676,11.32,3.339,,,,,,,,,,,,,20.795
13600,4.279,4.676,11.32,3.339,,,,,,,,,,,,,18.7
13601,4.279,4.676,11.32,3.339,,,,,,,,,,,,,20.609
13602,4.279,4.676,11.32,3.339,,,,,,,,,,,,,20.778
13603,4.279,4.676,11.32,3.339,,,,,,,,,,,,,19.061
13604,4.279,4.676,11.32,3.339,,,,,,,,,,,,,19.666
13605,4.279,4.675,11.32,3.339,,,,,,,,,,,,,21.264
13606,4.279,4.675,11.32,3.339,,,,,,,,,,,,,18.748
13607,4.279,4.676,11.32,3.339,,,,,,,,,,,,,19.812
13608,4.279,4.676,11.32,3.339,,,,,,,,,,,,,20.149
13609,4.279,4.676,11.32,3.339,,,,,,,,,,,,,37.692
13610,4.279,4.676,11.32,3.339,,,,,,,,,,,,,17.78
13611,4.279,4.676,11.32,3.339,,,,,,,,,,,,,5.755
13612,4.279,4.675,11.32,3.339,,,,,,,,,,,,,18.815
13613,4.279,4.676,11.32,3.339,,,,,,,,,,,,,19.98
13614,4.279,4.676,11.32,3.339,,,,,,,,,,,,,19.946
13615,4.279,4.676,11.32,3.339,,,,,,,,,,,,,21.521
13616,4.279,4.676,11.32,3.339,,,,,,,,,,,,,21.5
13617,4.279,4.676,11.32,3.339,,,,,,,,,,,,,19.399
13618,4.279,4.676,11.32,3.339,,,,,,,,,,,,,17.737
13619,4.279,4.676,11.32,3.339,,,,,,,,,,,,,19.796
13620,4.279,4.676,11.32,3.339,,,,,,,,,,,,,23.171
13621,4.279,4.676,11.32,3.339,,,,,,,,,,,,,19.422
13622,4.279,4.676,11.32,3.339,,,,,,,,,,,,,17.466
13623,4.279,4.676,11.32,3.339,,,,,,,,,,,,,20.231
13624,4.279,4.675,11.32,3.339,,,,,,,,,,,,,19.718
13625,4.279,4.675,11.32,3.339,,,,,,,,,,,,,22.265
13626,4.279,4.676,11.32,3.339,,,,,,,,,,,,,18.182
13627,4.279,4.675,11.32,3.339,,,,,,,,,,,,,21.799
13628,4.279,4.675,11.32,3.339,,,,,,,,,,,,,18.194
13629,4.279,4.675,11.32,3.339,,,,,,,,,,,,,20.426
13630,4.279,4.676,11.32,3.339,,,,,,,,,,,,,19.207
13631,4.279,4.676,11.32,3.339,,,,,,,,,,,,,20.481
13632,4.279,4.676,11.32,3.339,,,,,,,,,,,,,19.443
13633,4.279,4.676,11.32,3.339,,,,,,,,,,,,,23.08
13634,4.279,4.676,11.32,3.339,,,,,,,,,,,,,16.877
13635,4.279,4.676,11.32,3.339,,,,,,,,,,,,,24.451
13636,4.279,4.676,11.32,3.339,,,,,,,,,,,,,15.735
13637,4.279,4.676,11.32,3.339,,,,,,,,,,,,,28.193
13641,4.279,4.676,11.32,3.339,,,,,,,,,,,,,21.529
13642,4.279,4.676,11.32,3.339,,,,,,,,,,,,,18.68
13643,4.279,4.676,11.32,3.339,,,,,,,,,,,,,19.973
13644,4.279,4.676,11.32,3.339,,,,,,,,,,,,,22.418
13645,4.279,4.676,11.32,3.339,,,,,,,,,,,,,39.479
13646,4.279,4.676,11.32,3.339,,,,,,,,,,,,,9.494
13647,4.279,4.676,11.32,3.339,,,,,,,,,,,,,8.754
13648,4.279,4.676,11.32,3.339,,,,,,,,,,,,,19.768
13649,4.279,4.676,11.32,3.339,,,,,,,,,,,,,19.892
13650,4.279,4.676,11.32,3.339,,,,,,,,,,,,,19.969
13651,4.279,4.676,11.32,3.339,,,,,,,,,,,,,20.229
13652,4.279,4.676,11.32,3.339,,,,,,,,,,,,,19.958
13653,4.279,4.676,11.32,3.339,,,,,,,,,,,,,19.977
13654,4.279,4.675,11.32,3.339,,,,,,,,,,,,,20.001
13655,4.279,4.676,11.32,3.339,,,,,,,,,,,,,21.171
13657,4.279,4.676,11.32,3.339,,,,,,,,,,,,,22.845
13658,4.279,4.675,11.32,3.339,,,,,,,,,,,,,17.141
13659,4.279,4.675,11.32,3.339,,,,,,,,,,,,,27.366
13661,4.279,4.676,11.32,3.339,,,,,,,,,,,,,18.342
13662,4.279,4.676,11.32,3.339,,,,,,,,,,,,,20.005
13663,4.279,4.676,11.32,3.339,,,,,,,,,,,,,19.999
13664,4.279,4.676,11.32,3.339,,,,,,,,,,,,,19.902
13665,4.279,4.676,11.32,3.339,,,,,,,,,,,,,20.361
13666,4.279,4.675,11.32,3.339,,,,,,,,,,,,,19.592
13667,4.279,4.675,11.32,3.339,,,,,,,,,,,,,20.217
13668,4.279,4.676,11.32,3.339,,,,,,,,,,,,,25.296
13669,4.279,4.676,11.32,3.339,,,,,,,,,,,,,14.636
13670,4.279,4.675,11.32,3.339,,,,,,,,,,,,,20.969
13671,4.279,4.675,11.32,3.339,,,,,,,,,,,,,19.041
13672,4.279,4.676,11.32,3.339,,,,,,,,,,,,,20.152
13675,4.279,4.676,11.32,3.339,,,,,,,,,,,,,6.079
13676,4.279,4.676,11.32,3.339,,,,,,,,,,,,,19.323
13679,4.279,4.676,11.32,3.339,,,,,,,,,,,,,19.752
13680,4.279,4.676,11.32,3.339,,,,,,,,,,,,,19.935
13681,4.279,4.676,11.32,3.339,,,,,,,,,,,,,20.084
13682,4.279,4.675,11.32,3.339,,,,,,,,,,,,,19.847
13683,4.279,4.675,11.32,3.339,,,,,,,,,,,,,20.323
13684,4.279,4.676,11.32,3.339,,,,,,,,,,,,,19.86
13685,4.279,4.676,11.32,3.339,,,,,,,,,,,,,20.273
13686,4.279,4.676,11.32,3.339,,,,,,,,,,,,,19.872
13687,4.279,4.676,11.32,3.339,,,,,,,,,,,,,20.124
13688,4.279,4.676,11.32,3.339,,,,,,,,,,,,,19.896
13689,4.279,4.676,11.32,3.339,,,,,,,,,,,,,19.729
13690,4.279,4.676,11.32,3.339,,,,,,,,,,,,,21.658
13691,4.279,4.676,11.32,3.339,,,,,,,,,,,,,19.817
13692,4.279,4.676,11.32,3.339,,,,,,,,,,,,,18.607
13693,4.279,4.676,11.32,3.339,,,,,,,,,,,,,20.138
13694,4.279,4.676,11.32,3.339,,,,,,,,,,,,,21.027
13696,4.279,4.676,11.32,3.339,,,,,,,,,,,,,20.488
13697,4.279,4.676,11.32,3.339,,,,,,,,,,,,,20.481
13698,4.279,4.676,11.32,3.339,,,,,,,,,,,,,18.94
13699,4.279,4.676,11.32,3.339,,,,,,,,,,,,,20.305
13700,4.279,4.676,11.32,3.339,,,,,,,,,,,,,19.738
13701,4.279,4.676,11.32,3.339,,,,,,,,,,,,,20.125
13702,4.279,4.676,11.32,3.339,,,,,,,,,,,,,48.468
13703,4.279,4.676,11.32,3.339,,,,,,,,,,,,,4.157
13704,4.279,4.676,11.32,3.339,,,,,,,,,,,,,7.417
13705,4.279,4.676,11.32,3.339,,,,,,,,,,,,,19.897
13706,4.279,4.676,11.32,3.339,,,,,,,,,,,,,20.073
13707,4.279,4.676,11.32,3.339,,,,,,,,,,,,,19.788
13708,4.279,4.676,11.32,3.339,,,,,,,,,,,,,20.21
13709,4.279,4.675,11.32,3.339,,,,,,,,,,,,,20.254
13711,4.279,4.676,11.32,3.339,,,,,,,,,,,,,18.079
13712,4.279,4.675,11.32,3.339,,,,,,,,,,,,,18.498
13713,4.279,4.675,11.32,3.339,,,,,,,,,,,,,20.297
13714,4.279,4.675,11.32,3.339,,,,,,,,,,,,,19.983
13715,4.279,4.676,11.32,3.339,,,,,,,,,,,,,19.869
13716,4.279,4.676,11.32,3.339,,,,,,,,,,,,,23.916
13717,4.279,4.676,11.32,3.339,,,,,,,,,,,,,16.129
13718,4.279,4.676,11.32,3.339,,,,,,,,,,,,,19.994
13719,4.279,4.676,11.32,3.339,,,,,,,,,,,,,21.887
13722,4.279,4.676,11.32,3.339,,,,,,,,,,,,,19.895
13723,4.279,4.676,11.32,3.339,,,,,,,,,,,,,20.011
13724,4.279,4.676,11.32,3.339,,,,,,,,,,,,,20.167
13725,4.279,4.676,11.32,3.339,,,,,,,,,,,,,20.115
13726,4.279,4.676,11.32,3.339,,,,,,,,,,,,,21.012
13727,4.279,4.676,11.32,3.339,,,,,,,,,,,,,18.832
13728,4.279,4.676,11.32,3.339,,,,,,,,,,,,,23.739
13729,4.279,4.676,11.32,3.339,,,,,,,,,,,,,16.125
13730,4.279,4.676,11.32,3.339,,,,,,,,,,,,,36.639
13731,4.279,4.676,11.32,3.339,,,,,,,,,,,,,9.164
13732,4.279,4.676,11.32,3.339,,,,,,,,,,,,,14.444
13733,4.279,4.676,11.32,3.339,,,,,,,,,,,,,20.046
13737,4.279,4.676,11.32,3.339,,,,,,,,,,,,,19.932
13738,4.279,4.676,11.32,3.339,,,,,,,,,,,,,19.936
13741,4.279,4.676,11.32,3.339,,,,,,,,,,,,,20.749
13742,4.279,4.676,11.32,3.339,,,,,,,,,,,,,29.215
13743,4.279,4.676,11.32,3.339,,,,,,,,,,,,,10.019
13744,4.279,4.676,11.32,3.339,,,,,,,,,,,,,20.467
13745,4.279,4.676,11.32,3.339,,,,,,,,,,,,,20.206
13746,4.279,4.676,11.32,3.339,,,,,,,,,,,,,19.317
13747,4.279,4.676,11.32,3.339,,,,,,,,,,,,,19.954
13748,4.279,4.676,11.32,3.339,,,,,,,,,,,,,21.132
13749,4.279,4.676,11.32,3.339,,,,,,,,,,,,,18.943
13750,4.279,4.675,11.32,3.339,,,,,,,,,,,,,19.955
13751,4.279,4.676,11.32,3.339,,,,,,,,,,,,,20.512
13754,4.279,4.676,11.32,3.339,,,,,,,,,,,,,18.994
13755,4.279,4.676,11.32,3.339,,,,,,,,,,,,,18.781
13756,4.279,4.676,11.32,3.339,,,,,,,,,,,,,20.163
13757,4.279,4.676,11.32,3.339,,,,,,,,,,,,,22.173
13758,4.279,4.676,11.32,3.339,,,,,,,,,,,,,17.863
13759,4.279,4.675,11.32,3.339,,,,,,,,,,,,,19.931
13760,4.279,4.675,11.32,3.339,,,,,,,,,,,,,19.953
13761,4.279,4.676,11.32,3.339,,,,,,,,,,,,,31.118
13764,4.279,4.676,11.32,3.339,,,,,,,,,,,,,21.746
13765,4.279,4.676,11.32,3.339,,,,,,,,,,,,,18.541
13766,4.279,4.676,11.32,3.339,,,,,,,,,,,,,19.977
13767,4.279,4.676,11.32,3.339,,,,,,,,,,,,,19.951
13768,4.279,4.676,11.32,3.339,,,,,,,,,,,,,23.564
13769,4.279,4.676,11.32,3.339,,,,,,,,,,,,,16.462
13770,4.279,4.676,11.32,3.339,,,,,,,,,,,,,19.937
13771,4.279,4.676,11.32,3.339,,,,,,,,,,,,,20.053
13772,4.279,4.676,11.32,3.339,,,,,,,,,,,,,20.252
13773,4.279,4.676,11.32,3.339,,,,,,,,,,,,,21.327
13774,4.279,4.676,11.32,3.339,,,,,,,,,,,,,18.429
13775,4.279,4.676,11.32,3.339,,,,,,,,,,,,,19.98
13776,4.279,4.676,11.32,3.339,,,,,,,,,,,,,20.028
13777,4.279,4.676,11.32,3.339,,,,,,,,,,,,,23.259
13778,4.279,4.676,11.32,3.339,,,,,,,,,,,,,17.916
13779,4.279,4.676,11.32,3.339,,,,,,,,,,,,,19.847
13780,4.279,4.676,11.32,3.339,,,,,,,,,,,,,20.064
13781,4.279,4.676,11.32,3.339,,,,,,,,,,,,,20.002
13782,4.279,4.676,11.32,3.339,,,,,,,,,,,,,19.98
13783,4.279,4.676,11.32,3.339,,,,,,,,,,,,,20.429
13784,4.279,4.676,11.32,3.339,,,,,,,,,,,,,19.675
13785,4.279,4.676,11.32,3.339,,,,,,,,,,,,,27.024
13786,4.279,4.676,11.32,3.339,,,,,,,,,,,,,12.673
13787,4.279,4.676,11.32,3.339,,,,,,,,,,,,,20.008
13789,4.279,4.675,11.32,3.339,,,,,,,,,,,,,63.306
13790,4.279,4.676,11.32,3.339,,,,,,,,,,,,,2.062
13791,4.279,4.676,11.32,3.339,,,,,,,,,,,,,2.512
13792,4.279,4.676,11.32,3.339,,,,,,,,,,,,,7.506
13793,4.279,4.675,11.32,3.339,,,,,,,,,,,,,19.888
13794,4.279,4.675,11.32,3.339,,,,,,,,,,,,,19.977
13795,4.279,4.676,11.32,3.339,,,,,,,,,,,,,29.531
13796,4.279,4.676,11.32,3.339,,,,,,,,,,,,,11.493
13797,4.279,4.676,11.32,3.339,,,,,,,,,,,,,18.696
13798,4.279,4.676,11.32,3.339,,,,,,,,,,,,,20.301
13803,4.279,4.676,11.32,3.339,,,,,,,,,,,,,20.217
13804,4.279,4.675,11.32,3.339,,,,,,,,,,,,,19.898
13805,4.279,4.676,11.32,3.339,,,,,,,,,,,,,19.842
13806,4.279,4.676,11.32,3.339,,,,,,,,,,,,,20.205
13807,4.279,4.676,11.32,3.339,,,,,,,,,,,,,19.922
13808,4.279,4.675,11.32,3.339,,,,,,,,,,,,,19.978
13809,4.279,4.676,11.32,3.339,,,,,,,,,,,,,20.141
13810,4.279,4.676,11.32,3.339,,,,,,,,,,,,,37.716
13811,4.279,4.676,11.32,3.339,,,,,,,,,,,,,4.031
13812,4.279,4.676,11.32,3.339,,,,,,,,,,,,,18.06
13813,4.279,4.676,11.32,3.339,,,,,,,,,,,,,26.841
13814,4.279,4.676,11.32,3.339,,,,,,,,,,,,,14.267
13815,4.279,4.676,11.32,3.339,,,,,,,,,,,,,26.171
13818,4.279,4.676,11.32,3.339,,,,,,,,,,,,,23.236
13819,4.279,4.676,11.32,3.339,,,,,,,,,,,,,16.858
13820,4.279,4.676,11.32,3.339,,,,,,,,,,,,,19.853
13821,4.279,4.676,11.32,3.339,,,,,,,,,,,,,20.213
13822,4.279,4.676,11.32,3.339,,,,,,,,,,,,,19.939
13823,4.279,4.676,11.32,3.339,,,,,,,,,,,,,20.24
13824,4.279,4.676,11.32,3.339,,,,,,,,,,,,,29.831
13825,4.279,4.676,11.32,3.339,,,,,,,,,,,,,32.557
13827,4.279,4.676,11.32,3.339,,,,,,,,,,,,,15.131
13828,4.279,4.675,11.32,3.339,,,,,,,,,,,,,19.978
13830,4.279,4.676,11.32,3.339,,,,,,,,,,,,,20.026
13833,4.279,4.676,11.32,3.339,,,,,,,,,,,,,19.305
13834,4.279,4.676,11.32,3.339,,,,,,,,,,,,,18.665
13835,4.279,4.675,11.32,3.339,,,,,,,,,,,,,20.079
13836,4.279,4.676,11.32,3.339,,,,,,,,,,,,,19.906
13837,4.279,4.676,11.32,3.339,,,,,,,,,,,,,23.605
13838,4.279,4.676,11.32,3.339,,,,,,,,,,,,,16.692
13839,4.279,4.676,11.32,3.339,,,,,,,,,,,,,19.883
13840,4.279,4.676,11.32,3.339,,,,,,,,,,,,,20.704
13841,4.279,4.676,11.32,3.339,,,,,,,,,,,,,19.541
13842,4.279,4.676,11.32,3.339,,,,,,,,,,,,,21.476
13843,4.279,4.676,11.32,3.339,,,,,,,,,,,,,18.036
13844,4.279,4.676,11.32,3.339,,,,,,,,,,,,,20.119
13845,4.279,4.676,11.32,3.339,,,,,,,,,,,,,20.188
13846,4.279,4.676,11.32,3.339,,,,,,,,,,,,,20.048
13847,4.279,4.676,11.32,3.339,,,,,,,,,,,,,19.849
13852,4.279,4.676,11.32,3.339,,,,,,,,,,,,,23.806
13853,4.279,4.676,11.32,3.339,,,,,,,,,,,,,15.655
13854,4.279,4.676,11.32,3.339,,,,,,,,,,,,,19.963
13855,4.279,4.676,11.32,3.339,,,,,,,,,,,,,19.918
13856,4.279,4.676,11.32,3.339,,,,,,,,,,,,,23.05
13857,4.279,4.676,11.32,3.339,,,,,,,,,,,,,26.291
13858,4.279,4.676,11.32,3.339,,,,,,,,,,,,,10.704
13859,4.279,4.676,11.32,3.339,,,,,,,,,,,,,25.232
13860,4.279,4.676,11.32,3.339,,,,,,,,,,,,,14.578
13861,4.279,4.676,11.32,3.339,,,,,,,,,,,,,42.567
13862,4.279,4.676,11.32,3.339,,,,,,,,,,,,,3.942
13863,4.279,4.676,11.32,3.339,,,,,,,,,,,,,15.569
13864,4.279,4.676,11.32,3.339,,,,,,,,,,,,,21.449
13865,4.279,4.676,11.32,3.339,,,,,,,,,,,,,16.567
13866,4.279,4.675,11.32,3.339,,,,,,,,,,,,,19.96
13867,4.279,4.675,11.32,3.339,,,,,,,,,,,,,19.984
13868,4.279,4.676,11.32,3.339,,,,,,,,,,,,,19.943
13869,4.279,4.676,11.32,3.339,,,,,,,,,,,,,20.255
13872,4.279,4.676,11.32,3.339,,,,,,,,,,,,,19.848
13873,4.279,4.676,11.32,3.339,,,,,,,,,,,,,23.818
13874,4.279,4.676,11.32,3.339,,,,,,,,,,,,,16.249
13875,4.279,4.676,11.32,3.339,,,,,,,,,,,,,19.837
13876,4.279,4.676,11.32,3.339,,,,,,,,,,,,,20.034
13877,4.279,4.676,11.32,3.339,,,,,,,,,,,,,20.155
13878,4.279,4.676,11.32,3.339,,,,,,,,,,,,,21.254
13879,4.279,4.676,11.32,3.339,,,,,,,,,,,,,20.103
13880,4.279,4.676,11.32,3.339,,,,,,,,,,,,,19.561
13881,4.279,4.676,11.32,3.339,,,,,,,,,,,,,19.978
13882,4.279,4.676,11.32,3.339,,,,,,,,,,,,,20.233
13883,4.279,4.676,11.32,3.339,,,,,,,,,,,,,19.767
13884,4.279,4.676,11.32,3.339,,,,,,,,,,,,,19.931
13887,4.279,4.676,11.32,3.339,,,,,,,,,,,,,20.511
13888,4.279,4.676,11.32,3.339,,,,,,,,,,,,,23.908
13889,4.279,4.676,11.32,3.339,,,,,,,,,,,,,15.768
13890,4.279,4.676,11.32,3.339,,,,,,,,,,,,,20.179
13891,4.279,4.676,11.32,3.339,,,,,,,,,,,,,19.935
13892,4.279,4.676,11.32,3.339,,,,,,,,,,,,,19.758
13893,4.279,4.676,11.32,3.339,,,,,,,,,,,,,20.278
13894,4.279,4.676,11.32,3.339,,,,,,,,,,,,,20.139
13895,4.279,4.676,11.32,3.339,,,,,,,,,,,,,19.753
13896,4.279,4.676,11.32,3.339,,,,,,,,,,,,,20.221
13897,4.279,4.676,11.32,3.339,,,,,,,,,,,,,19.876
13898,4.279,4.676,11.32,3.339,,,,,,,,,,,,,42.111
13899,4.279,4.676,11.32,3.339,,,,,,,,,,,,,7.145
13900,4.279,4.676,11.32,3.339,,,,,,,,,,,,,13.506
13901,4.279,4.676,11.32,3.339,,,,,,,,,,,,,17.315
13903,4.279,4.676,11.32,3.339,,,,,,,,,,,,,19.769
13904,4.279,4.676,11.32,3.339,,,,,,,,,,,,,23.53
13905,4.279,4.676,11.32,3.339,,,,,,,,,,,,,25.113
13906,4.279,4.676,11.32,3.339,,,,,,,,,,,,,11.231
13907,4.279,4.676,11.32,3.339,,,,,,,,,,,,,22.319
13908,4.279,4.676,11.32,3.339,,,,,,,,,,,,,20.267
13909,4.279,4.676,11.32,3.339,,,,,,,,,,,,,17.597
13910,4.279,4.676,11.32,3.339,,,,,,,,,,,,,20.001
13911,4.279,4.676,11.32,3.339,,,,,,,,,,,,,19.956
13912,4.279,4.676,11.32,3.339,,,,,,,,,,,,,19.857
13913,4.279,4.676,11.32,3.339,,,,,,,,,,,,,20.062
13914,4.279,4.676,11.32,3.339,,,,,,,,,,,,,20.007
13916,4.279,4.676,11.32,3.339,,,,,,,,,,,,,20.164
13917,4.279,4.676,11.32,3.339,,,,,,,,,,,,,20.227
13918,4.279,4.676,11.32,3.339,,,,,,,,,,,,,20.302
13919,4.279,4.676,11.32,3.339,,,,,,,,,,,,,19.522
13920,4.279,4.676,11.32,3.339,,,,,,,,,,,,,19.91
13921,4.279,4.676,11.32,3.339,,,,,,,,,,,,,24.328
13922,4.279,4.676,11.32,3.339,,,,,,,,,,,,,15.911
13923,4.279,4.676,11.32,3.339,,,,,,,,,,,,,20.309
13924,4.279,4.676,11.32,3.339,,,,,,,,,,,,,19.461
13925,4.279,4.676,11.32,3.339,,,,,,,,,,,,,19.956
13926,4.279,4.676,11.32,3.339,,,,,,,,,,,,,21.44
13927,4.279,4.676,11.32,3.339,,,,,,,,,,,,,19.795
13928,4.279,4.676,11.32,3.339,,,,,,,,,,,,,21.952
13929,4.279,4.676,11.32,3.339,,,,,,,,,,,,,17.353
13930,4.279,4.676,11.32,3.339,,,,,,,,,,,,,19.422
13931,4.279,4.675,11.32,3.339,,,,,,,,,,,,,20.12
13932,4.279,4.676,11.32,3.339,,,,,,,,,,,,,39.022
13933,4.279,4.676,11.32,3.339,,,,,,,,,,,,,4.05
13934,4.279,4.676,11.32,3.339,,,,,,,,,,,,,18.26
13935,4.279,4.676,11.32,3.339,,,,,,,,,,,,,29.968
13936,4.279,4.675,11.32,3.339,,,,,,,,,,,,,9.688
13937,4.279,4.675,11.32,3.339,,,,,,,,,,,,,19.152
13939,4.279,4.676,11.32,3.339,,,,,,,,,,,,,20.114
13940,4.279,4.676,11.32,3.339,,,,,,,,,,,,,19.298
13942,4.279,4.676,11.32,3.339,,,,,,,,,,,,,14.725
13943,4.279,4.676,11.32,3.339,,,,,,,,,,,,,22.716
13944,4.279,4.676,11.32,3.339,,,,,,,,,,,,,17.123
13945,4.279,4.676,11.32,3.339,,,,,,,,,,,,,19.973
13946,4.279,4.676,11.32,3.339,,,,,,,,,,,,,25.885
13947,4.279,4.676,11.32,3.339,,,,,,,,,,,,,14.482
13948,4.279,4.676,11.32,3.339,,,,,,,,,,,,,19.517
13950,4.279,4.676,11.32,3.339,,,,,,,,,,,,,19.383
13951,4.279,4.676,11.32,3.339,,,,,,,,,,,,,27.154
13952,4.279,4.676,11.32,3.339,,,,,,,,,,,,,13.052
13953,4.279,4.676,11.32,3.339,,,,,,,,,,,,,19.738
13954,4.279,4.676,11.32,3.339,,,,,,,,,,,,,20.072
13955,4.279,4.676,11.32,3.339,,,,,,,,,,,,,19.847
13956,4.279,4.676,11.32,3.339,,,,,,,,,,,,,19.95
13958,4.279,4.676,11.32,3.339,,,,,,,,,,,,,18.905
13959,4.279,4.675,11.32,3.339,,,,,,,,,,,,,20.818
13960,4.279,4.675,11.32,3.339,,,,,,,,,,,,,19.359
13961,4.279,4.676,11.32,3.339,,,,,,,,,,,,,20.07
13962,4.279,4.675,11.32,3.339,,,,,,,,,,,,,19.812
13963,4.279,4.675,11.32,3.339,,,,,,,,,,,,,38.536
13964,4.279,4.675,11.32,3.339,,,,,,,,,,,,,4.021
13965,4.279,4.676,11.32,3.339,,,,,,,,,,,,,17.421
13969,4.279,4.676,11.32,3.339,,,,,,,,,,,,,19.986
13975,4.279,4.676,11.32,3.339,,,,,,,,,,,,,19.986
13977,4.279,4.676,11.32,3.339,,,,,,,,,,,,,36.405
13978,4.279,4.676,11.32,3.339,,,,,,,,,,,,,4.987
13979,4.279,4.676,11.32,3.339,,,,,,,,,,,,,19.657
13980,4.279,4.676,11.32,3.339,,,,,,,,,,,,,19.845
13981,4.279,4.676,11.32,3.339,,,,,,,,,,,,,19.989
13982,4.279,4.676,11.32,3.339,,,,,,,,,,,,,19.97
13983,4.279,4.676,11.32,3.339,,,,,,,,,,,,,20.201
13984,4.279,4.676,11.32,3.339,,,,,,,,,,,,,21.187
13985,4.279,4.676,11.32,3.339,,,,,,,,,,,,,18.785
13986,4.279,4.676,11.32,3.339,,,,,,,,,,,,,22.3
13987,4.279,4.676,11.32,3.339,,,,,,,,,,,,,17.707
13988,4.279,4.676,11.32,3.339,,,,,,,,,,,,,19.898
13989,4.279,4.676,11.32,3.339,,,,,,,,,,,,,19.981
13990,4.279,4.676,11.32,3.339,,,,,,,,,,,,,21.15
13991,4.279,4.676,11.32,3.339,,,,,,,,,,,,,19.019
13992,4.279,4.676,11.32,3.339,,,,,,,,,,,,,28.19
13993,4.279,4.676,11.32,3.339,,,,,,,,,,,,,12.784
13994,4.279,4.676,11.32,3.339,,,,,,,,,,,,,18.947
13996,4.279,4.676,11.32,3.339,,,,,,,,,,,,,4.048
13997,4.279,4.675,11.32,3.339,,,,,,,,,,,,,18.951
13998,4.279,4.675,11.32,3.339,,,,,,,,,,,,,19.826
13999,4.279,4.676,11.32,3.339,,,,,,,,,,,,,19.961
14000,4.279,4.676,11.32,3.339,,,,,,,,,,,,,20.221
14001,4.279,4.676,11.32,3.339,,,,,,,,,,,,,19.931
14002,4.279,4.676,11.32,3.339,,,,,,,,,,,,,19.984
14004,4.279,4.676,11.32,3.339,,,,,,,,,,,,,22.136
14005,4.279,4.676,11.32,3.339,,,,,,,,,,,,,18.104
14006,4.279,4.676,11.32,3.339,,,,,,,,,,,,,19.675
14007,4.279,4.676,11.32,3.339,,,,,,,,,,,,,21.54
14010,4.279,4.676,11.32,3.339,,,,,,,,,,,,,19.422
14015,4.279,4.676,11.32,3.339,,,,,,,,,,,,,20.967
14016,4.279,4.676,11.32,3.339,,,,,,,,,,,,,17.612
14017,4.279,4.676,11.32,3.339,,,,,,,,,,,,,21.455
14018,4.279,4.676,11.32,3.339,,,,,,,,,,,,,18.452
14019,4.279,4.676,11.32,3.339,,,,,,,,,,,,,32.367
14020,4.279,4.676,11.32,3.339,,,,,,,,,,,,,9.201
14021,4.279,4.676,11.32,3.339,,,,,,,,,,,,,18.441
14022,4.279,4.676,11.32,3.339,,,,,,,,,,,,,20.961
14023,4.279,4.676,11.32,3.339,,,,,,,,,,,,,34.199
14024,4.279,4.676,11.32,3.339,,,,,,,,,,,,,12.165
14025,4.279,4.676,11.32,3.339,,,,,,,,,,,,,13.132
14026,4.279,4.676,11.32,3.339,,,,,,,,,,,,,19.631
14027,4.279,4.676,11.32,3.339,,,,,,,,,,,,,20.067
14028,4.279,4.676,11.32,3.339,,,,,,,,,,,,,19.869
14029,4.279,4.676,11.32,3.339,,,,,,,,,,,,,19.955
14031,4.279,4.676,11.32,3.339,,,,,,,,,,,,,20.122
14032,4.279,4.676,11.32,3.339,,,,,,,,,,,,,19.836
14033,4.279,4.676,11.32,3.339,,,,,,,,,,,,,20.168
14034,4.279,4.676,11.32,3.339,,,,,,,,,,,,,20.044
14035,4.279,4.676,11.32,3.339,,,,,,,,,,,,,21.245
14036,4.279,4.676,11.32,3.339,,,,,,,,,,,,,19.448
14037,4.279,4.676,11.32,3.339,,,,,,,,,,,,,19.568
14038,4.279,4.676,11.32,3.339,,,,,,,,,,,,,36.407
14039,4.279,4.676,11.32,3.339,,,,,,,,,,,,,4.559
14040,4.279,4.676,11.32,3.339,,,,,,,,,,,,,18.7
14041,4.279,4.676,11.32,3.339,,,,,,,,,,,,,19.832
14042,4.279,4.676,11.32,3.339,,,,,,,,,,,,,20.758
14043,4.279,4.676,11.32,3.339,,,,,,,,,,,,,19.185
14044,4.279,4.676,11.32,3.339,,,,,,,,,,,,,23.766
14045,4.279,4.676,11.32,3.339,,,,,,,,,,,,,23.503
14046,4.279,4.676,11.32,3.339,,,,,,,,,,,,,12.84
14047,4.279,4.676,11.32,3.339,,,,,,,,,,,,,20.297
14048,4.279,4.676,11.32,3.339,,,,,,,,,,,,,19.951
14049,4.279,4.676,11.32,3.339,,,,,,,,,,,,,19.723
14052,4.279,4.676,11.32,3.339,,,,,,,,,,,,,4.019
14053,4.279,4.676,11.32,3.339,,,,,,,,,,,,,8.727
14054,4.279,4.676,11.32,3.339,,,,,,,,,,,,,19.691
14055,4.279,4.675,11.32,3.339,,,,,,,,,,,,,19.751
14057,4.279,4.676,11.32,3.339,,,,,,,,,,,,,19.962
14058,4.279,4.676,11.32,3.339,,,,,,,,,,,,,20.136
14059,4.279,4.676,11.32,3.339,,,,,,,,,,,,,19.751
14060,4.279,4.676,11.32,3.339,,,,,,,,,,,,,19.948
14061,4.279,4.676,11.32,3.339,,,,,,,,,,,,,20.721
14062,4.279,4.676,11.32,3.339,,,,,,,,,,,,,19.144
14063,4.279,4.675,11.32,3.339,,,,,,,,,,,,,20.214
14066,4.279,4.676,11.32,3.339,,,,,,,,,,,,,22.84
14067,4.279,4.676,11.32,3.339,,,,,,,,,,,,,17.095
14068,4.279,4.676,11.32,3.339,,,,,,,,,,,,,20.028
14069,4.279,4.676,11.32,3.339,,,,,,,,,,,,,22.928
14070,4.279,4.675,11.32,3.339,,,,,,,,,,,,,17.525
14071,4.279,4.675,11.32,3.339,,,,,,,,,,,,,21.446
14073,4.279,4.676,11.32,3.339,,,,,,,,,,,,,19.934
14076,4.279,4.676,11.32,3.339,,,,,,,,,,,,,19.873
14077,4.279,4.676,11.32,3.339,,,,,,,,,,,,,20.068
14078,4.28,4.676,11.32,3.339,,,,,,,,,,,,,21.17
14079,4.279,4.676,11.32,3.339,,,,,,,,,,,,,21.225
14080,4.279,4.676,11.32,3.339,,,,,,,,,,,,,69.309
14083,4.279,4.676,11.32,3.339,,,,,,,,,,,,,5.963
14084,4.279,4.676,11.32,3.339,,,,,,,,,,,,,18.73
14085,4.279,4.675,11.32,3.339,,,,,,,,,,,,,25.22
14086,4.279,4.676,11.32,3.339,,,,,,,,,,,,,18.228
14087,4.279,4.676,11.32,3.339,,,,,,,,,,,,,19.967
14088,4.279,4.676,11.32,3.339,,,,,,,,,,,,,16.712
14089,4.279,4.676,11.32,3.339,,,,,,,,,,,,,19.931
14090,4.279,4.675,11.32,3.339,,,,,,,,,,,,,20.018
14093,4.279,4.676,11.32,3.339,,,,,,,,,,,,,20.053
14094,4.279,4.675,11.32,3.339,,,,,,,,,,,,,19.825
14095,4.279,4.675,11.32,3.339,,,,,,,,,,,,,22.578
14096,4.279,4.676,11.32,3.338,,,,,,,,,,,,,17.45
14097,4.28,4.676,11.32,3.338,,,,,,,,,,,,,20.362
14098,4.279,4.676,11.32,3.339,,,,,,,,,,,,,19.816
14099,4.279,4.676,11.32,3.341,,,,,,,,,,,,,19.912
14100,4.279,4.676,11.32,3.337,,,,,,,,,,,,,19.95
14101,4.279,4.676,11.32,3.337,,,,,,,,,,,,,19.989
14102,4.279,4.676,11.32,3.339,,,,,,,,,,,,,20.306
14103,4.279,4.676,11.32,3.34,,,,,,,,,,,,,23.708
14104,4.279,4.676,11.32,3.338,,,,,,,,,,,,,15.891
14105,4.279,4.676,11.32,3.338,,,,,,,,,,,,,20.211
14106,4.279,4.676,11.32,3.338,,,,,,,,,,,,,19.989
14107,4.279,4.676,11.32,3.339,,,,,,,,,,,,,19.971
14108,4.279,4.676,11.32,3.339,,,,,,,,,,,,,20.06
14109,4.279,4.676,11.32,3.339,,,,,,,,,,,,,21.001
14112,4.279,4.676,11.32,3.339,,,,,,,,,,,,,20.327
14113,4.279,4.676,11.32,3.339,,,,,,,,,,,,,19.871
14114,4.279,4.676,11.32,3.338,,,,,,,,,,,,,20
14115,4.279,4.676,11.32,3.338,,,,,,,,,,,,,19.968
14116,4.279,4.676,11.32,3.338,,,,,,,,,,,,,43.188
14117,4.279,4.676,11.32,3.339,,,,,,,,,,,,,4.147
14118,4.279,4.676,11.32,3.339,,,,,,,,,,,,,12.572
14120,4.279,4.676,11.32,3.338,,,,,,,,,,,,,20.234
14121,4.279,4.676,11.32,3.339,,,,,,,,,,,,,35.222
14122,4.279,4.676,11.32,3.339,,,,,,,,,,,,,9.435
14123,4.279,4.676,11.32,3.339,,,,,,,,,,,,,15.72
14124,4.279,4.676,11.32,3.339,,,,,,,,,,,,,24.376
14125,4.279,4.676,11.32,3.339,,,,,,,,,,,,,15.369
14126,4.279,4.676,11.32,3.339,,,,,,,,,,,,,19.666
14127,4.279,4.676,11.32,3.339,,,,,,,,,,,,,20.152
14128,4.279,4.675,11.32,3.339,,,,,,,,,,,,,53.828
14129,4.279,4.675,11.32,3.339,,,,,,,,,,,,,4.059
14130,4.279,4.676,11.32,3.339,,,,,,,,,,,,,7.324
14133,4.279,4.676,11.32,3.339,,,,,,,,,,,,,19.835
14134,4.279,4.676,11.32,3.339,,,,,,,,,,,,,20.365
14135,4.279,4.676,11.32,3.339,,,,,,,,,,,,,20.4
14136,4.279,4.676,11.32,3.339,,,,,,,,,,,,,22.895
14137,4.279,4.676,11.32,3.339,,,,,,,,,,,,,16.395
14138,4.279,4.676,11.32,3.339,,,,,,,,,,,,,20.576
14139,4.279,4.676,11.32,3.339,,,,,,,,,,,,,20.239
14140,4.279,4.676,11.32,3.339,,,,,,,,,,,,,22.078
14141,4.279,4.676,11.32,3.339,,,,,,,,,,,,,17.266
14142,4.279,4.676,11.32,3.339,,,,,,,,,,,,,19.758
14145,4.279,4.676,11.32,3.339,,,,,,,,,,,,,41.211
14146,4.279,4.676,11.32,3.339,,,,,,,,,,,,,8.411
14149,4.279,4.676,11.32,3.339,,,,,,,,,,,,,19.269
14150,4.279,4.676,11.32,3.339,,,,,,,,,,,,,20.002
14151,4.279,4.676,11.32,3.339,,,,,,,,,,,,,20.499
14152,4.279,4.676,11.32,3.339,,,,,,,,,,,,,19.423
14154,4.279,4.676,11.32,3.339,,,,,,,,,,,,,19.979
14155,4.279,4.676,11.32,3.339,,,,,,,,,,,,,20.027
14157,4.279,4.676,11.32,3.339,,,,,,,,,,,,,20.005
14158,4.279,4.676,11.32,3.339,,,,,,,,,,,,,22.442
14159,4.279,4.676,11.32,3.339,,,,,,,,,,,,,18.024
14160,4.279,4.676,11.32,3.339,,,,,,,,,,,,,19.439
14162,4.279,4.676,11.32,3.339,,,,,,,,,,,,,17.284
14163,4.279,4.676,11.32,3.339,,,,,,,,,,,,,19.877
14164,4.279,4.676,11.32,3.339,,,,,,,,,,,,,20.01
14166,4.279,4.676,11.32,3.339,,,,,,,,,,,,,24.107
14167,4.279,4.676,11.32,3.339,,,,,,,,,,,,,14.571
14168,4.279,4.676,11.32,3.339,,,,,,,,,,,,,20.224
14169,4.279,4.676,11.32,3.339,,,,,,,,,,,,,19.961
14170,4.279,4.676,11.32,3.339,,,,,,,,,,,,,21.312
14171,4.279,4.676,11.32,3.339,,,,,,,,,,,,,40.418
14172,4.279,4.676,11.32,3.339,,,,,,,,,,,,,4.406
14174,4.279,4.676,11.32,3.339,,,,,,,,,,,,,21.215
14175,4.279,4.676,11.32,3.339,,,,,,,,,,,,,19.835
14177,4.279,4.676,11.32,3.339,,,,,,,,,,,,,46.531
14178,4.279,4.676,11.32,3.339,,,,,,,,,,,,,4.996
14179,4.279,4.676,11.32,3.339,,,,,,,,,,,,,9.064
14180,4.279,4.676,11.32,3.339,,,,,,,,,,,,,19.735
14181,4.279,4.676,11.32,3.339,,,,,,,,,,,,,19.944
14182,4.279,4.676,11.32,3.339,,,,,,,,,,,,,20.22
14183,4.279,4.676,11.32,3.339,,,,,,,,,,,,,19.792
14184,4.279,4.676,11.32,3.339,,,,,,,,,,,,,20.696
14185,4.279,4.676,11.32,3.339,,,,,,,,,,,,,19.756
14186,4.279,4.676,11.32,3.339,,,,,,,,,,,,,19.821
14187,4.279,4.676,11.32,3.339,,,,,,,,,,,,,19.921
14188,4.279,4.676,11.32,3.339,,,,,,,,,,,,,19.841
14189,4.279,4.676,11.32,3.339,,,,,,,,,,,,,19.942
14190,4.279,4.676,11.32,3.339,,,,,,,,,,,,,20.537
14191,4.279,4.676,11.32,3.339,,,,,,,,,,,,,19.413
14192,4.279,4.676,11.32,3.339,,,,,,,,,,,,,21.782
14193,4.279,4.676,11.32,3.339,,,,,,,,,,,,,18.414
14194,4.279,4.676,11.32,3.339,,,,,,,,,,,,,20.119
14195,4.279,4.676,11.32,3.339,,,,,,,,,,,,,19.96
14196,4.279,4.676,11.32,3.339,,,,,,,,,,,,,21.847
14197,4.279,4.676,11.32,3.339,,,,,,,,,,,,,22.345
14198,4.279,4.676,11.32,3.339,,,,,,,,,,,,,15.631
14199,4.279,4.676,11.32,3.339,,,,,,,,,,,,,19.939
14200,4.279,4.676,11.32,3.339,,,,,,,,,,,,,19.999
14203,4.279,4.676,11.32,3.339,,,,,,,,,,,,,20.048
14204,4.279,4.676,11.32,3.339,,,,,,,,,,,,,23.131
14205,4.279,4.676,11.32,3.339,,,,,,,,,,,,,16.752
14207,4.279,4.676,11.32,3.339,,,,,,,,,,,,,20.011
14208,4.279,4.676,11.32,3.339,,,,,,,,,,,,,19.935
14209,4.279,4.676,11.32,3.339,,,,,,,,,,,,,20.248
14210,4.279,4.676,11.32,3.339,,,,,,,,,,,,,37.85
14212,4.279,4.676,11.32,3.339,,,,,,,,,,,,,22.758
14213,4.279,4.676,11.32,3.339,,,,,,,,,,,,,15.639
14215,4.279,4.676,11.32,3.339,,,,,,,,,,,,,19.848
14216,4.279,4.676,11.32,3.339,,,,,,,,,,,,,21.087
14217,4.279,4.676,11.32,3.339,,,,,,,,,,,,,19.095
14218,4.279,4.676,11.32,3.339,,,,,,,,,,,,,23.319
14219,4.279,4.676,11.32,3.339,,,,,,,,,,,,,16.621
14220,4.279,4.676,11.32,3.339,,,,,,,,,,,,,20.001
14221,4.279,4.676,11.32,3.339,,,,,,,,,,,,,19.951
14222,4.279,4.676,11.32,3.339,,,,,,,,,,,,,19.957
14223,4.279,4.676,11.32,3.339,,,,,,,,,,,,,23.052
14224,4.279,4.676,11.32,3.339,,,,,,,,,,,,,17.151
14225,4.279,4.676,11.32,3.339,,,,,,,,,,,,,20.093
14226,4.279,4.676,11.32,3.339,,,,,,,,,,,,,19.957
14227,4.279,4.676,11.32,3.339,,,,,,,,,,,,,20.013
14228,4.279,4.676,11.32,3.339,,,,,,,,,,,,,19.813
14229,4.279,4.676,11.32,3.339,,,,,,,,,,,,,19.966
14230,4.279,4.676,11.32,3.339,,,,,,,,,,,,,20.643
14233,4.279,4.676,11.32,3.339,,,,,,,,,,,,,19.749
14234,4.279,4.676,11.32,3.339,,,,,,,,,,,,,20.189
14235,4.279,4.676,11.32,3.339,,,,,,,,,,,,,19.951
14236,4.279,4.676,11.32,3.339,,,,,,,,,,,,,20.002
14237,4.279,4.676,11.32,3.339,,,,,,,,,,,,,19.927
14238,4.279,4.676,11.32,3.339,,,,,,,,,,,,,44.867
14239,4.279,4.676,11.32,3.339,,,,,,,,,,,,,4.033
14240,4.279,4.676,11.32,3.339,,,,,,,,,,,,,23.59
14241,4.279,4.676,11.32,3.339,,,,,,,,,,,,,8.174
14242,4.279,4.676,11.32,3.339,,,,,,,,,,,,,19.445
14245,4.279,4.676,11.32,3.339,,,,,,,,,,,,,19.515
14246,4.279,4.676,11.32,3.339,,,,,,,,,,,,,19.732
14247,4.279,4.676,11.32,3.339,,,,,,,,,,,,,20.075
14248,4.279,4.676,11.32,3.339,,,,,,,,,,,,,22.051
14249,4.279,4.676,11.32,3.339,,,,,,,,,,,,,17.888
14250,4.279,4.676,11.32,3.339,,,,,,,,,,,,,20.235
14251,4.279,4.675,11.32,3.339,,,,,,,,,,,,,19.954
14252,4.279,4.675,11.32,3.339,,,,,,,,,,,,,20.034
14253,4.279,4.676,11.32,3.339,,,,,,,,,,,,,19.98
14254,4.279,4.676,11.32,3.339,,,,,,,,,,,,,19.88
14255,4.279,4.676,11.32,3.339,,,,,,,,,,,,,20.018
14256,4.279,4.676,11.32,3.339,,,,,,,,,,,,,19.943
14257,4.279,4.676,11.32,3.339,,,,,,,,,,,,,19.965
14258,4.279,4.676,11.32,3.339,,,,,,,,,,,,,20.297
14259,4.279,4.676,11.32,3.339,,,,,,,,,,,,,19.914
14260,4.279,4.676,11.32,3.339,,,,,,,,,,,,,20.622
14261,4.279,4.676,11.32,3.339,,,,,,,,,,,,,19.318
14262,4.279,4.676,11.32,3.339,,,,,,,,,,,,,19.992
14263,4.279,4.676,11.32,3.339,,,,,,,,,,,,,19.951
14264,4.279,4.676,11.32,3.339,,,,,,,,,,,,,19.937
14265,4.279,4.676,11.32,3.339,,,,,,,,,,,,,25.929
14266,4.279,4.676,11.32,3.339,,,,,,,,,,,,,14.303
14267,4.279,4.675,11.32,3.339,,,,,,,,,,,,,19.96
14268,4.279,4.675,11.32,3.339,,,,,,,,,,,,,20.04
14269,4.279,4.676,11.32,3.339,,,,,,,,,,,,,22.25
14270,4.279,4.676,11.32,3.339,,,,,,,,,,,,,17.622
14271,4.279,4.676,11.32,3.339,,,,,,,,,,,,,46.099
14273,4.279,4.676,11.32,3.339,,,,,,,,,,,,,9.986
14274,4.279,4.676,11.32,3.339,,,,,,,,,,,,,19.79
14275,4.279,4.676,11.32,3.339,,,,,,,,,,,,,20.231
14276,4.279,4.676,11.32,3.339,,,,,,,,,,,,,23.017
14277,4.279,4.676,11.32,3.339,,,,,,,,,,,,,17.866
14280,4.279,4.676,11.32,3.339,,,,,,,,,,,,,19.961
14281,4.279,4.676,11.32,3.339,,,,,,,,,,,,,21.247
14282,4.279,4.676,11.32,3.339,,,,,,,,,,,,,18.947
14284,4.279,4.676,11.32,3.339,,,,,,,,,,,,,20.696
14285,4.279,4.676,11.32,3.339,,,,,,,,,,,,,19.203
14286,4.279,4.676,11.32,3.339,,,,,,,,,,,,,20.172
14287,4.279,4.676,11.32,3.339,,,,,,,,,,,,,19.764
14288,4.279,4.676,11.32,3.339,,,,,,,,,,,,,19.974
14291,4.279,4.675,11.32,3.339,,,,,,,,,,,,,20.205
14293,4.279,4.676,11.32,3.339,,,,,,,,,,,,,18.706
14294,4.279,4.676,11.32,3.339,,,,,,,,,,,,,21.257
14295,4.279,4.676,11.32,3.339,,,,,,,,,,,,,16.366
14299,4.279,4.676,11.32,3.339,,,,,,,,,,,,,20.141
14300,4.279,4.676,11.32,3.339,,,,,,,,,,,,,19.799
14301,4.279,4.676,11.32,3.339,,,,,,,,,,,,,19.969
14302,4.279,4.676,11.32,3.339,,,,,,,,,,,,,41.344
14303,4.279,4.676,11.32,3.339,,,,,,,,,,,,,5.928
14304,4.279,4.676,11.32,3.339,,,,,,,,,,,,,12.636
14305,4.279,4.676,11.32,3.339,,,,,,,,,,,,,30.006
14306,4.279,4.676,11.32,3.339,,,,,,,,,,,,,10.203
14307,4.279,4.676,11.32,3.339,,,,,,,,,,,,,19.947
14308,4.279,4.676,11.32,3.339,,,,,,,,,,,,,20.082
14309,4.279,4.676,11.32,3.339,,,,,,,,,,,,,20.054
14311,4.279,4.676,11.32,3.339,,,,,,,,,,,,,19.888
14312,4.279,4.676,11.32,3.339,,,,,,,,,,,,,19.983
14313,4.279,4.676,11.32,3.339,,,,,,,,,,,,,19.969
14314,4.279,4.676,11.32,3.339,,,,,,,,,,,,,20.027
14315,4.279,4.676,11.32,3.339,,,,,,,,,,,,,20.31
14316,4.279,4.676,11.32,3.339,,,,,,,,,,,,,19.845
14317,4.279,4.676,11.32,3.339,,,,,,,,,,,,,23.12
14319,4.279,4.676,11.32,3.339,,,,,,,,,,,,,23.011
14320,4.279,4.676,11.32,3.339,,,,,,,,,,,,,16.608
14321,4.279,4.676,11.32,3.339,,,,,,,,,,,,,20.263
14322,4.279,4.676,11.32,3.339,,,,,,,,,,,,,20.214
14323,4.279,4.676,11.32,3.339,,,,,,,,,,,,,19.706
14324,4.279,4.676,11.32,3.339,,,,,,,,,,,,,24.778
14325,4.279,4.676,11.32,3.339,,,,,,,,,,,,,17.24
14326,4.279,4.676,11.32,3.339,,,,,,,,,,,,,19.952
14327,4.279,4.676,11.32,3.339,,,,,,,,,,,,,18.024
14328,4.279,4.676,11.32,3.339,,,,,,,,,,,,,19.873
14329,4.279,4.676,11.32,3.339,,,,,,,,,,,,,22.006
14331,4.279,4.676,11.32,3.339,,,,,,,,,,,,,18.826
14332,4.279,4.676,11.32,3.339,,,,,,,,,,,,,19.951
14333,4.279,4.676,11.32,3.339,,,,,,,,,,,,,19.967
14334,4.279,4.676,11.32,3.339,,,,,,,,,,,,,38.408
14335,4.279,4.676,11.32,3.339,,,,,,,,,,,,,4.275
14336,4.279,4.675,11.32,3.339,,,,,,,,,,,,,17.243
14337,4.279,4.675,11.32,3.339,,,,,,,,,,,,,20.523
14338,4.279,4.676,11.32,3.339,,,,,,,,,,,,,19.819
14339,4.279,4.676,11.32,3.339,,,,,,,,,,,,,19.986
14340,4.279,4.676,11.32,3.339,,,,,,,,,,,,,19.809
14341,4.279,4.676,11.32,3.339,,,,,,,,,,,,,20.128
14342,4.279,4.676,11.32,3.339,,,,,,,,,,,,,19.828
14343,4.279,4.676,11.32,3.339,,,,,,,,,,,,,19.921
14344,4.279,4.676,11.32,3.339,,,,,,,,,,,,,20.073
14345,4.279,4.676,11.32,3.339,,,,,,,,,,,,,19.891
14346,4.279,4.676,11.32,3.339,,,,,,,,,,,,,20.243
14347,4.279,4.676,11.32,3.339,,,,,,,,,,,,,22.634
14348,4.279,4.676,11.32,3.339,,,,,,,,,,,,,21.695
14350,4.279,4.676,11.32,3.339,,,,,,,,,,,,,19.925
14353,4.279,4.676,11.32,3.339,,,,,,,,,,,,,20.736
14354,4.279,4.676,11.32,3.339,,,,,,,,,,,,,21.022
14355,4.279,4.676,11.32,3.339,,,,,,,,,,,,,29.471
14356,4.279,4.676,11.32,3.339,,,,,,,,,,,,,12.238
14357,4.279,4.676,11.32,3.339,,,,,,,,,,,,,16.595
14358,4.279,4.676,11.32,3.339,,,,,,,,,,,,,20.228
14359,4.279,4.676,11.32,3.339,,,,,,,,,,,,,22.63
14360,4.279,4.676,11.32,3.339,,,,,,,,,,,,,17.466
14361,4.279,4.676,11.32,3.339,,,,,,,,,,,,,52.875
14362,4.279,4.676,11.32,3.339,,,,,,,,,,,,,4.034
14363,4.279,4.676,11.32,3.339,,,,,,,,,,,,,3.803
14364,4.279,4.676,11.32,3.339,,,,,,,,,,,,,18.971
14365,4.279,4.676,11.32,3.339,,,,,,,,,,,,,52.519
14366,4.279,4.676,11.32,3.339,,,,,,,,,,,,,4.039
14367,4.279,4.676,11.32,3.339,,,,,,,,,,,,,4.324
14368,4.279,4.676,11.32,3.339,,,,,,,,,,,,,19.116
14369,4.279,4.676,11.32,3.339,,,,,,,,,,,,,19.93
14370,4.279,4.676,11.32,3.339,,,,,,,,,,,,,21.515
14371,4.279,4.676,11.32,3.339,,,,,,,,,,,,,18.642
14372,4.279,4.676,11.32,3.339,,,,,,,,,,,,,19.98
14373,4.279,4.676,11.32,3.339,,,,,,,,,,,,,20.49
14374,4.279,4.676,11.32,3.339,,,,,,,,,,,,,19.675
14375,4.279,4.676,11.32,3.339,,,,,,,,,,,,,19.967
14377,4.279,4.676,11.32,3.339,,,,,,,,,,,,,19.777
14378,4.279,4.676,11.32,3.339,,,,,,,,,,,,,21.201
14379,4.279,4.676,11.32,3.339,,,,,,,,,,,,,19.984
14380,4.279,4.676,11.32,3.339,,,,,,,,,,,,,19.999
14381,4.279,4.676,11.32,3.339,,,,,,,,,,,,,26.165
14382,4.279,4.676,11.32,3.339,,,,,,,,,,,,,13.726
14383,4.279,4.676,11.32,3.339,,,,,,,,,,,,,20.016
14384,4.279,4.676,11.32,3.339,,,,,,,,,,,,,19.94
14385,4.279,4.676,11.32,3.339,,,,,,,,,,,,,20.248
14386,4.279,4.676,11.32,3.339,,,,,,,,,,,,,19.804
14387,4.279,4.676,11.32,3.339,,,,,,,,,,,,,19.852
14388,4.279,4.676,11.32,3.339,,,,,,,,,,,,,20.213
14389,4.279,4.676,11.32,3.339,,,,,,,,,,,,,20.157
14390,4.279,4.676,11.32,3.339,,,,,,,,,,,,,20.068
14391,4.279,4.676,11.32,3.339,,,,,,,,,,,,,19.683
14393,4.279,4.676,11.32,3.339,,,,,,,,,,,,,33.098
14394,4.279,4.676,11.32,3.339,,,,,,,,,,,,,5.972
14395,4.279,4.676,11.32,3.339,,,,,,,,,,,,,19.685
14396,4.279,4.676,11.32,3.339,,,,,,,,,,,,,23.359
14397,4.279,4.676,11.32,3.339,,,,,,,,,,,,,16.674
14398,4.279,4.676,11.32,3.339,,,,,,,,,,,,,23.116
14399,4.279,4.676,11.32,3.339,,,,,,,,,,,,,16.845
14400,4.279,4.676,11.32,3.339,,,,,,,,,,,,,20.231
14401,4.279,4.676,11.32,3.339,,,,,,,,,,,,,19.733
14402,4.279,4.676,11.32,3.339,,,,,,,,,,,,,19.928
14404,4.279,4.676,11.32,3.339,,,,,,,,,,,,,20.233
14405,4.279,4.676,11.32,3.339,,,,,,,,,,,,,20.057
14406,4.279,4.676,11.32,3.339,,,,,,,,,,,,,19.874
14407,4.279,4.676,11.32,3.339,,,,,,,,,,,,,20.201
14408,4.279,4.676,11.32,3.339,,,,,,,,,,,,,19.83
14409,4.279,4.676,11.32,3.339,,,,,,,,,,,,,20.664
14410,4.279,4.676,11.32,3.339,,,,,,,,,,,,,19.724
14411,4.279,4.676,11.32,3.339,,,,,,,,,,,,,19.463
14412,4.279,4.676,11.32,3.339,,,,,,,,,,,,,20.187
14413,4.279,4.676,11.32,3.339,,,,,,,,,,,,,24.608
14414,4.279,4.676,11.32,3.339,,,,,,,,,,,,,15.729
14415,4.279,4.676,11.32,3.339,,,,,,,,,,,,,19.644
14416,4.279,4.676,11.32,3.339,,,,,,,,,,,,,20.932
14417,4.279,4.676,11.32,3.339,,,,,,,,,,,,,18.985
14418,4.279,4.676,11.32,3.339,,,,,,,,,,,,,23.644
14419,4.279,4.676,11.32,3.339,,,,,,,,,,,,,19.861
14420,4.279,4.676,11.32,3.339,,,,,,,,,,,,,19.461
14421,4.279,4.676,11.32,3.339,,,,,,,,,,,,,18.959
14422,4.279,4.676,11.32,3.339,,,,,,,,,,,,,30.717
14423,4.279,4.676,11.32,3.339,,,,,,,,,,,,,20.503
14424,4.279,4.676,11.32,3.339,,,,,,,,,,,,,11.983
14425,4.279,4.676,11.32,3.339,,,,,,,,,,,,,18.779
14426,4.279,4.676,11.32,3.339,,,,,,,,,,,,,15.959
14427,4.279,4.676,11.32,3.339,,,,,,,,,,,,,22.636
14428,4.279,4.676,11.32,3.339,,,,,,,,,,,,,17.789
14429,4.279,4.676,11.32,3.339,,,,,,,,,,,,,19.824
14430,4.279,4.676,11.32,3.339,,,,,,,,,,,,,21.145
14431,4.279,4.676,11.32,3.339,,,,,,,,,,,,,18.977
14432,4.279,4.676,11.32,3.339,,,,,,,,,,,,,19.793
14434,4.279,4.676,11.32,3.339,,,,,,,,,,,,,20.804
14435,4.279,4.676,11.32,3.339,,,,,,,,,,,,,19.385
14436,4.279,4.676,11.32,3.339,,,,,,,,,,,,,19.965
14437,4.279,4.676,11.32,3.339,,,,,,,,,,,,,18.534
14441,4.279,4.676,11.32,3.339,,,,,,,,,,,,,18.876
14442,4.279,4.676,11.32,3.339,,,,,,,,,,,,,22.708
14443,4.279,4.676,11.32,3.339,,,,,,,,,,,,,17.235
14444,4.279,4.676,11.32,3.339,,,,,,,,,,,,,20.225
14445,4.279,4.676,11.32,3.339,,,,,,,,,,,,,19.954
14447,4.279,4.676,11.32,3.339,,,,,,,,,,,,,18.715
14448,4.279,4.676,11.32,3.339,,,,,,,,,,,,,20.907
14450,4.279,4.676,11.32,3.339,,,,,,,,,,,,,16.628
14451,4.279,4.676,11.32,3.339,,,,,,,,,,,,,19.467
14452,4.279,4.676,11.32,3.339,,,,,,,,,,,,,19.952
14453,4.279,4.676,11.32,3.339,,,,,,,,,,,,,19.958
14454,4.279,4.676,11.32,3.339,,,,,,,,,,,,,25.886
14457,4.279,4.676,11.32,3.339,,,,,,,,,,,,,3.779
14458,4.279,4.676,11.32,3.339,,,,,,,,,,,,,15.628
14459,4.279,4.676,11.32,3.339,,,,,,,,,,,,,42.03
14461,4.279,4.676,11.32,3.339,,,,,,,,,,,,,14.004
14462,4.279,4.676,11.32,3.339,,,,,,,,,,,,,19.872
14463,4.279,4.676,11.32,3.339,,,,,,,,,,,,,25.937
14464,4.279,4.676,11.32,3.339,,,,,,,,,,,,,14.071
14465,4.279,4.676,11.32,3.339,,,,,,,,,,,,,20.178
14466,4.279,4.676,11.32,3.339,,,,,,,,,,,,,19.944
14467,4.279,4.676,11.32,3.339,,,,,,,,,,,,,19.968
14468,4.279,4.676,11.32,3.339,,,,,,,,,,,,,23.176
14469,4.279,4.676,11.32,3.339,,,,,,,,,,,,,16.796
14470,4.279,4.676,11.32,3.339,,,,,,,,,,,,,23.802
14471,4.279,4.675,11.32,3.339,,,,,,,,,,,,,16.662
14472,4.279,4.675,11.32,3.339,,,,,,,,,,,,,19.411
14474,4.279,4.676,11.32,3.339,,,,,,,,,,,,,13.807
14475,4.279,4.676,11.32,3.339,,,,,,,,,,,,,23.564
14476,4.279,4.676,11.32,3.339,,,,,,,,,,,,,17.652
14477,4.279,4.676,11.32,3.339,,,,,,,,,,,,,19.002
14478,4.279,4.676,11.32,3.339,,,,,,,,,,,,,20.967
14479,4.279,4.676,11.32,3.339,,,,,,,,,,,,,19.97
14480,4.279,4.676,11.32,3.339,,,,,,,,,,,,,19.927
14481,4.279,4.676,11.32,3.339,,,,,,,,,,,,,19.974
14482,4.279,4.676,11.32,3.339,,,,,,,,,,,,,20.111
14483,4.279,4.676,11.32,3.339,,,,,,,,,,,,,19.832
14484,4.279,4.676,11.32,3.339,,,,,,,,,,,,,27.862
14487,4.279,4.676,11.32,3.339,,,,,,,,,,,,,27.323
14488,4.279,4.676,11.32,3.339,,,,,,,,,,,,,12.58
14489,4.279,4.676,11.32,3.339,,,,,,,,,,,,,19.98
14490,4.279,4.676,11.32,3.339,,,,,,,,,,,,,19.971
14491,4.279,4.676,11.32,3.339,,,,,,,,,,,,,50.404
14492,4.279,4.676,11.32,3.339,,,,,,,,,,,,,4.068
14493,4.279,4.676,11.32,3.339,,,,,,,,,,,,,6.869
14494,4.279,4.676,11.32,3.339,,,,,,,,,,,,,18.801
14495,4.279,4.676,11.32,3.339,,,,,,,,,,,,,19.945
14496,4.279,4.676,11.32,3.339,,,,,,,,,,,,,20.269
14497,4.279,4.676,11.32,3.339,,,,,,,,,,,,,19.723
14498,4.279,4.676,11.32,3.339,,,,,,,,,,,,,24.056
14499,4.279,4.676,11.32,3.339,,,,,,,,,,,,,15.99
14500,4.279,4.676,11.32,3.339,,,,,,,,,,,,,19.817
14501,4.279,4.676,11.32,3.339,,,,,,,,,,,,,20.243
14502,4.279,4.676,11.32,3.339,,,,,,,,,,,,,19.963
14503,4.279,4.676,11.32,3.339,,,,,,,,,,,,,19.959
14504,4.279,4.676,11.32,3.339,,,,,,,,,,,,,20.11
14505,4.279,4.676,11.32,3.339,,,,,,,,,,,,,19.897
14506,4.279,4.676,11.32,3.339,,,,,,,,,,,,,22.999
14508,4.279,4.676,11.32,3.339,,,,,,,,,,,,,19.825
14509,4.279,4.676,11.32,3.339,,,,,,,,,,,,,20.789
14510,4.279,4.676,11.32,3.339,,,,,,,,,,,,,19.421
14511,4.279,4.676,11.32,3.339,,,,,,,,,,,,,21.393
14512,4.279,4.676,11.32,3.339,,,,,,,,,,,,,18.568
14513,4.279,4.676,11.32,3.339,,,,,,,,,,,,,20.206
14514,4.279,4.676,11.32,3.339,,,,,,,,,,,,,19.717
14515,4.279,4.676,11.32,3.339,,,,,,,,,,,,,20.214
14516,4.279,4.675,11.32,3.339,,,,,,,,,,,,,19.696
14517,4.279,4.676,11.32,3.339,,,,,,,,,,,,,21.278
14518,4.279,4.676,11.32,3.339,,,,,,,,,,,,,18.944
14519,4.279,4.676,11.32,3.339,,,,,,,,,,,,,20.051
14520,4.279,4.676,11.32,3.339,,,,,,,,,,,,,19.877
14521,4.279,4.676,11.32,3.339,,,,,,,,,,,,,19.958
14522,4.279,4.676,11.32,3.339,,,,,,,,,,,,,37.597
14523,4.279,4.676,11.32,3.339,,,,,,,,,,,,,4.041
14524,4.279,4.676,11.32,3.339,,,,,,,,,,,,,19.048
14525,4.279,4.676,11.32,3.339,,,,,,,,,,,,,22.24
14526,4.279,4.676,11.32,3.339,,,,,,,,,,,,,17.179
14527,4.279,4.676,11.32,3.339,,,,,,,,,,,,,19.976
14528,4.279,4.676,11.32,3.339,,,,,,,,,,,,,19.98
14529,4.279,4.676,11.32,3.339,,,,,,,,,,,,,21.531
14530,4.279,4.676,11.32,3.339,,,,,,,,,,,,,18.723
14531,4.279,4.676,11.32,3.339,,,,,,,,,,,,,19.663
14532,4.279,4.676,11.32,3.339,,,,,,,,,,,,,22.808
14533,4.279,4.676,11.32,3.339,,,,,,,,,,,,,17.388
14534,4.279,4.676,11.32,3.339,,,,,,,,,,,,,20.093
14535,4.279,4.676,11.32,3.339,,,,,,,,,,,,,19.921
14536,4.279,4.676,11.32,3.339,,,,,,,,,,,,,20.669
14537,4.279,4.676,11.32,3.339,,,,,,,,,,,,,23.101
14538,4.279,4.676,11.32,3.339,,,,,,,,,,,,,16.038
14539,4.279,4.676,11.32,3.339,,,,,,,,,,,,,19.983
14540,4.279,4.676,11.32,3.339,,,,,,,,,,,,,21.596
14541,4.279,4.676,11.32,3.339,,,,,,,,,,,,,18.724
14542,4.279,4.676,11.32,3.339,,,,,,,,,,,,,24.231
14543,4.279,4.676,11.32,3.339,,,,,,,,,,,,,16.967
14544,4.279,4.676,11.32,3.339,,,,,,,,,,,,,18.825
14545,4.279,4.676,11.32,3.339,,,,,,,,,,,,,19.715
14547,4.279,4.676,11.32,3.339,,,,,,,,,,,,,25.33
14548,4.279,4.676,11.32,3.339,,,,,,,,,,,,,14.522
14549,4.279,4.676,11.32,3.339,,,,,,,,,,,,,21.001
14550,4.279,4.676,11.32,3.339,,,,,,,,,,,,,53.367
14551,4.279,4.676,11.32,3.339,,,,,,,,,,,,,4.123
14552,4.279,4.676,11.32,3.339,,,,,,,,,,,,,5.517
14553,4.279,4.676,11.32,3.339,,,,,,,,,,,,,15.783
14554,4.279,4.676,11.32,3.339,,,,,,,,,,,,,21.715
14555,4.279,4.676,11.32,3.339,,,,,,,,,,,,,30.046
14556,4.279,4.676,11.32,3.339,,,,,,,,,,,,,12.581
14557,4.279,4.676,11.32,3.339,,,,,,,,,,,,,15.736
14560,4.279,4.676,11.32,3.339,,,,,,,,,,,,,21.251
14561,4.279,4.676,11.32,3.339,,,,,,,,,,,,,18.745
14562,4.279,4.676,11.32,3.339,,,,,,,,,,,,,19.968
14563,4.279,4.676,11.32,3.339,,,,,,,,,,,,,25.044
14564,4.279,4.676,11.32,3.339,,,,,,,,,,,,,17.776
14565,4.279,4.676,11.32,3.339,,,,,,,,,,,,,17.22
14568,4.279,4.676,11.32,3.339,,,,,,,,,,,,,19.886
14573,4.279,4.676,11.32,3.339,,,,,,,,,,,,,20.16
14574,4.279,4.675,11.32,3.339,,,,,,,,,,,,,19.954
14575,4.279,4.676,11.32,3.339,,,,,,,,,,,,,19.901
14576,4.279,4.676,11.32,3.339,,,,,,,,,,,,,20.79
14578,4.279,4.676,11.32,3.339,,,,,,,,,,,,,21.217
14579,4.279,4.676,11.32,3.339,,,,,,,,,,,,,22.545
14581,4.279,4.676,11.32,3.339,,,,,,,,,,,,,6.123
14584,4.279,4.676,11.32,3.339,,,,,,,,,,,,,19.189
14585,4.279,4.676,11.32,3.339,,,,,,,,,,,,,20.032
14586,4.279,4.676,11.32,3.339,,,,,,,,,,,,,22.506
14587,4.279,4.676,11.32,3.339,,,,,,,,,,,,,17.339
14588,4.279,4.676,11.32,3.339,,,,,,,,,,,,,20.022
14589,4.279,4.676,11.32,3.339,,,,,,,,,,,,,20.185
14590,4.279,4.676,11.32,3.339,,,,,,,,,,,,,25.968
14591,4.279,4.676,11.32,3.339,,,,,,,,,,,,,15.532
14592,4.279,4.676,11.32,3.339,,,,,,,,,,,,,19.3
14593,4.279,4.676,11.32,3.339,,,,,,,,,,,,,19.855
14594,4.279,4.676,11.32,3.339,,,,,,,,,,,,,19.249
14595,4.279,4.676,11.32,3.339,,,,,,,,,,,,,21.896
14597,4.279,4.675,11.32,3.339,,,,,,,,,,,,,15.744
14598,4.279,4.676,11.32,3.339,,,,,,,,,,,,,19.858
14599,4.279,4.676,11.32,3.339,,,,,,,,,,,,,19.973
14601,4.279,4.676,11.32,3.339,,,,,,,,,,,,,22.474
14602,4.279,4.676,11.32,3.339,,,,,,,,,,,,,17.493
14603,4.279,4.676,11.32,3.339,,,,,,,,,,,,,19.848
14604,4.279,4.676,11.32,3.339,,,,,,,,,,,,,25.736
14605,4.279,4.676,11.32,3.339,,,,,,,,,,,,,14.503
14606,4.279,4.676,11.32,3.339,,,,,,,,,,,,,19.92
14607,4.279,4.676,11.32,3.339,,,,,,,,,,,,,21.287
14609,4.279,4.676,11.32,3.339,,,,,,,,,,,,,19.394
14610,4.279,4.676,11.32,3.339,,,,,,,,,,,,,20.483
14611,4.279,4.676,11.32,3.339,,,,,,,,,,,,,31.184
14612,4.279,4.676,11.32,3.339,,,,,,,,,,,,,9.523
14613,4.279,4.676,11.32,3.339,,,,,,,,,,,,,18.707
14615,4.279,4.676,11.32,3.339,,,,,,,,,,,,,19.782
14616,4.279,4.676,11.32,3.339,,,,,,,,,,,,,48.12
14617,4.279,4.676,11.32,3.339,,,,,,,,,,,,,4.049
14619,4.279,4.676,11.32,3.339,,,,,,,,,,,,,21.732
14620,4.279,4.676,11.32,3.339,,,,,,,,,,,,,19.187
14621,4.279,4.676,11.32,3.339,,,,,,,,,,,,,18.766
14622,4.279,4.676,11.32,3.339,,,,,,,,,,,,,22.609
14623,4.279,4.676,11.32,3.339,,,,,,,,,,,,,17.202
14624,4.279,4.676,11.32,3.339,,,,,,,,,,,,,19.951
14625,4.279,4.676,11.32,3.339,,,,,,,,,,,,,20.163
14626,4.279,4.676,11.32,3.339,,,,,,,,,,,,,19.811
14627,4.279,4.676,11.32,3.339,,,,,,,,,,,,,19.947
14628,4.279,4.676,11.32,3.339,,,,,,,,,,,,,38.613
14629,4.279,4.676,11.32,3.339,,,,,,,,,,,,,8.694
14630,4.279,4.676,11.32,3.339,,,,,,,,,,,,,12.882
14631,4.279,4.676,11.32,3.339,,,,,,,,,,,,,21.689
14634,4.279,4.676,11.32,3.339,,,,,,,,,,,,,19.755
14635,4.279,4.676,11.32,3.339,,,,,,,,,,,,,20.113
14636,4.279,4.676,11.32,3.339,,,,,,,,,,,,,19.821
14637,4.279,4.676,11.32,3.339,,,,,,,,,,,,,23.715
14638,4.279,4.676,11.32,3.339,,,,,,,,,,,,,16.485
14639,4.279,4.676,11.32,3.339,,,,,,,,,,,,,19.964
14640,4.279,4.676,11.32,3.339,,,,,,,,,,,,,20.294
14641,4.279,4.676,11.32,3.339,,,,,,,,,,,,,19.898
14642,4.279,4.676,11.32,3.339,,,,,,,,,,,,,19.728
14643,4.279,4.676,11.32,3.339,,,,,,,,,,,,,19.979
14644,4.279,4.676,11.32,3.339,,,,,,,,,,,,,20.746
14645,4.279,4.676,11.32,3.339,,,,,,,,,,,,,19.674
14646,4.279,4.676,11.32,3.339,,,,,,,,,,,,,20.248
14647,4.279,4.676,11.32,3.339,,,,,,,,,,,,,21.929
14648,4.279,4.676,11.32,3.339,,,,,,,,,,,,,18.077
14649,4.279,4.676,11.32,3.339,,,,,,,,,,,,,19.657
14650,4.279,4.676,11.32,3.339,,,,,,,,,,,,,36.663
14651,4.279,4.676,11.32,3.339,,,,,,,,,,,,,3.999
14652,4.279,4.676,11.32,3.339,,,,,,,,,,,,,19.081
14653,4.279,4.676,11.32,3.339,,,,,,,,,,,,,20.417
14655,4.279,4.676,11.32,3.339,,,,,,,,,,,,,20.114
14656,4.279,4.676,11.32,3.339,,,,,,,,,,,,,19.851
14657,4.279,4.676,11.32,3.339,,,,,,,,,,,,,19.989
14658,4.279,4.676,11.32,3.339,,,,,,,,,,,,,21.34
14659,4.279,4.676,11.32,3.339,,,,,,,,,,,,,18.844
14660,4.279,4.676,11.32,3.339,,,,,,,,,,,,,19.866
14661,4.279,4.676,11.32,3.339,,,,,,,,,,,,,19.819
14662,4.279,4.676,11.32,3.339,,,,,,,,,,,,,22.514
14663,4.279,4.676,11.32,3.339,,,,,,,,,,,,,20.335
14664,4.279,4.676,11.32,3.339,,,,,,,,,,,,,17.307
14665,4.279,4.676,11.32,3.339,,,,,,,,,,,,,22.376
14666,4.279,4.676,11.32,3.339,,,,,,,,,,,,,17.551
14667,4.279,4.676,11.32,3.339,,,,,,,,,,,,,20.096
14668,4.279,4.676,11.32,3.339,,,,,,,,,,,,,22.942
14669,4.279,4.676,11.32,3.339,,,,,,,,,,,,,17.303
14670,4.279,4.676,11.32,3.339,,,,,,,,,,,,,19.797
14671,4.279,4.676,11.32,3.339,,,,,,,,,,,,,19.999
14672,4.279,4.676,11.32,3.339,,,,,,,,,,,,,20.976
14673,4.279,4.676,11.32,3.339,,,,,,,,,,,,,23.042
14674,4.279,4.676,11.32,3.339,,,,,,,,,,,,,16.142
14675,4.279,4.676,11.32,3.339,,,,,,,,,,,,,19.87
14676,4.279,4.676,11.32,3.339,,,,,,,,,,,,,19.797
14677,4.279,4.676,11.32,3.339,,,,,,,,,,,,,21.79
14678,4.279,4.676,11.32,3.339,,,,,,,,,,,,,19.591
14679,4.279,4.676,11.32,3.339,,,,,,,,,,,,,19.799
14680,4.279,4.676,11.32,3.339,,,,,,,,,,,,,35.953
14681,4.279,4.676,11.32,3.339,,,,,,,,,,,,,5.313
14682,4.279,4.676,11.32,3.339,,,,,,,,,,,,,18.91
14683,4.279,4.676,11.32,3.339,,,,,,,,,,,,,19.682
14684,4.279,4.676,11.32,3.339,,,,,,,,,,,,,20.017
14685,4.279,4.676,11.32,3.339,,,,,,,,,,,,,19.934
14686,4.279,4.676,11.32,3.339,,,,,,,,,,,,,20.197
14687,4.279,4.676,11.32,3.339,,,,,,,,,,,,,19.76
14688,4.279,4.676,11.32,3.339,,,,,,,,,,,,,23.96
14689,4.279,4.676,11.32,3.339,,,,,,,,,,,,,16.349
14690,4.279,4.676,11.32,3.339,,,,,,,,,,,,,19.836
14691,4.279,4.676,11.32,3.339,,,,,,,,,,,,,20.789
14692,4.279,4.676,11.32,3.339,,,,,,,,,,,,,19.151
14693,4.279,4.676,11.32,3.339,,,,,,,,,,,,,25.515
14694,4.279,4.676,11.32,3.339,,,,,,,,,,,,,14.661
14695,4.279,4.676,11.32,3.339,,,,,,,,,,,,,20.061
14696,4.279,4.676,11.32,3.339,,,,,,,,,,,,,20.169
14699,4.279,4.676,11.32,3.339,,,,,,,,,,,,,25.97
14700,4.279,4.676,11.32,3.339,,,,,,,,,,,,,13.811
14704,4.279,4.676,11.32,3.339,,,,,,,,,,,,,19.776
14707,4.279,4.676,11.32,3.339,,,,,,,,,,,,,19.918
14708,4.279,4.676,11.32,3.339,,,,,,,,,,,,,19.922
14709,4.279,4.676,11.32,3.339,,,,,,,,,,,,,20.147
14710,4.279,4.676,11.32,3.339,,,,,,,,,,,,,21.959
14711,4.279,4.676,11.32,3.339,,,,,,,,,,,,,18.161
14714,4.279,4.676,11.32,3.339,,,,,,,,,,,,,19.79
14715,4.279,4.676,11.32,3.339,,,,,,,,,,,,,21.894
14716,4.279,4.676,11.32,3.339,,,,,,,,,,,,,48.047
14717,4.279,4.676,11.32,3.339,,,,,,,,,,,,,4.082
14718,4.279,4.676,11.32,3.339,,,,,,,,,,,,,6.932
14720,4.279,4.676,11.32,3.339,,,,,,,,,,,,,23.468
14721,4.279,4.676,11.32,3.339,,,,,,,,,,,,,14.191
14722,4.279,4.676,11.32,3.339,,,,,,,,,,,,,26.637
14723,4.279,4.676,11.32,3.339,,,,,,,,,,,,,13.273
14724,4.279,4.676,11.32,3.339,,,,,,,,,,,,,21.536
14725,4.279,4.676,11.32,3.339,,,,,,,,,,,,,18.468
14726,4.279,4.676,11.32,3.339,,,,,,,,,,,,,19.934
14727,4.279,4.676,11.32,3.339,,,,,,,,,,,,,20.212
14728,4.279,4.676,11.32,3.339,,,,,,,,,,,,,20.154
14729,4.279,4.676,11.32,3.339,,,,,,,,,,,,,21.096
14730,4.279,4.676,11.32,3.339,,,,,,,,,,,,,18.676
14734,4.279,4.676,11.32,3.339,,,,,,,,,,,,,19.969
14735,4.279,4.676,11.32,3.339,,,,,,,,,,,,,20.271
14736,4.279,4.676,11.32,3.339,,,,,,,,,,,,,20.474
14737,4.279,4.676,11.32,3.339,,,,,,,,,,,,,19.405
14738,4.279,4.676,11.32,3.339,,,,,,,,,,,,,20.551
14739,4.279,4.676,11.32,3.339,,,,,,,,,,,,,19.892
14740,4.279,4.676,11.32,3.339,,,,,,,,,,,,,19.524
14742,4.279,4.676,11.32,3.339,,,,,,,,,,,,,15.865
14743,4.279,4.676,11.32,3.339,,,,,,,,,,,,,20.727
14744,4.279,4.676,11.32,3.339,,,,,,,,,,,,,19.191
14745,4.279,4.676,11.32,3.339,,,,,,,,,,,,,22.576
14746,4.279,4.676,11.32,3.339,,,,,,,,,,,,,17.495
14747,4.279,4.676,11.32,3.339,,,,,,,,,,,,,20.17
14748,4.279,4.676,11.32,3.339,,,,,,,,,,,,,32.23
14749,4.279,4.676,11.32,3.339,,,,,,,,,,,,,7.883
14750,4.279,4.676,11.32,3.339,,,,,,,,,,,,,19.993
14751,4.279,4.676,11.32,3.339,,,,,,,,,,,,,26.555
14752,4.279,4.676,11.32,3.339,,,,,,,,,,,,,13.887
14753,4.279,4.676,11.32,3.339,,,,,,,,,,,,,19.981
14754,4.279,4.676,11.32,3.339,,,,,,,,,,,,,19.197
14755,4.279,4.676,11.32,3.339,,,,,,,,,,,,,20.308
14756,4.279,4.676,11.32,3.339,,,,,,,,,,,,,19.632
14757,4.279,4.676,11.32,3.339,,,,,,,,,,,,,27.258
14758,4.279,4.676,11.32,3.339,,,,,,,,,,,,,12.678
14759,4.279,4.676,11.32,3.339,,,,,,,,,,,,,20.203
14760,4.279,4.676,11.32,3.339,,,,,,,,,,,,,19.985
14761,4.279,4.676,11.32,3.339,,,,,,,,,,,,,19.98
14762,4.279,4.676,11.32,3.339,,,,,,,,,,,,,22.929
14763,4.279,4.676,11.32,3.339,,,,,,,,,,,,,16.926
14765,4.279,4.676,11.32,3.339,,,,,,,,,,,,,19.978
14766,4.279,4.676,11.32,3.339,,,,,,,,,,,,,20.219
14767,4.279,4.676,11.32,3.339,,,,,,,,,,,,,21.279
14768,4.279,4.676,11.32,3.339,,,,,,,,,,,,,18.828
14769,4.279,4.676,11.32,3.339,,,,,,,,,,,,,19.806
14770,4.279,4.676,11.32,3.339,,,,,,,,,,,,,23.852
14771,4.279,4.676,11.32,3.339,,,,,,,,,,,,,16.349
14772,4.279,4.676,11.32,3.339,,,,,,,,,,,,,19.736
14773,4.279,4.676,11.32,3.339,,,,,,,,,,,,,19.931
14774,4.279,4.676,11.32,3.339,,,,,,,,,,,,,20.058
14775,4.279,4.676,11.32,3.339,,,,,,,,,,,,,24.023
14776,4.279,4.676,11.32,3.339,,,,,,,,,,,,,16.213
14777,4.279,4.676,11.32,3.339,,,,,,,,,,,,,21.54
14778,4.279,4.676,11.32,3.339,,,,,,,,,,,,,30.97
14779,4.279,4.676,11.32,3.339,,,,,,,,,,,,,9.134
14780,4.279,4.676,11.32,3.339,,,,,,,,,,,,,28.633
14781,4.279,4.676,11.32,3.339,,,,,,,,,,,,,34.736
14782,4.279,4.676,11.32,3.339,,,,,,,,,,,,,1.992
14783,4.279,4.676,11.32,3.339,,,,,,,,,,,,,13.945
14784,4.279,4.676,11.32,3.339,,,,,,,,,,,,,21.517
14785,4.279,4.676,11.32,3.339,,,,,,,,,,,,,18.4
14786,4.279,4.676,11.32,3.339,,,,,,,,,,,,,21.04
14787,4.279,4.676,11.32,3.339,,,,,,,,,,,,,19.086
14788,4.279,4.676,11.32,3.339,,,,,,,,,,,,,19.798
14789,4.279,4.676,11.32,3.339,,,,,,,,,,,,,19.983
14790,4.279,4.676,11.32,3.339,,,,,,,,,,,,,19.985
14791,4.279,4.676,11.32,3.339,,,,,,,,,,,,,21.25
14792,4.279,4.676,11.32,3.339,,,,,,,,,,,,,18.917
14793,4.279,4.676,11.32,3.339,,,,,,,,,,,,,20.061
14794,4.279,4.676,11.32,3.339,,,,,,,,,,,,,21.68
14795,4.279,4.676,11.32,3.339,,,,,,,,,,,,,18.186
14796,4.279,4.676,11.32,3.339,,,,,,,,,,,,,20.315
14797,4.279,4.676,11.32,3.339,,,,,,,,,,,,,19.593
14798,4.279,4.676,11.32,3.339,,,,,,,,,,,,,20.006
14799,4.279,4.676,11.32,3.339,,,,,,,,,,,,,35.324
14800,4.279,4.676,11.32,3.339,,,,,,,,,,,,,5.335
14801,4.279,4.676,11.32,3.339,,,,,,,,,,,,,19.519
14802,4.279,4.676,11.32,3.339,,,,,,,,,,,,,19.913
14803,4.279,4.676,11.32,3.339,,,,,,,,,,,,,20.732
14804,4.279,4.676,11.32,3.339,,,,,,,,,,,,,19.222
14805,4.279,4.676,11.32,3.339,,,,,,,,,,,,,20.302
14806,4.279,4.676,11.32,3.339,,,,,,,,,,,,,20.478
14807,4.279,4.676,11.32,3.339,,,,,,,,,,,,,19.403
14808,4.279,4.676,11.32,3.339,,,,,,,,,,,,,20.19
14809,4.279,4.676,11.32,3.339,,,,,,,,,,,,,19.987
14810,4.279,4.676,11.32,3.339,,,,,,,,,,,,,19.733
14811,4.279,4.676,11.32,3.339,,,,,,,,,,,,,19.967
14812,4.279,4.676,11.32,3.339,,,,,,,,,,,,,53.009
14815,4.279,4.676,11.32,3.339,,,,,,,,,,,,,15.972
14816,4.279,4.676,11.32,3.339,,,,,,,,,,,,,22.475
14817,4.279,4.676,11.32,3.339,,,,,,,,,,,,,17.436
14818,4.279,4.676,11.32,3.339,,,,,,,,,,,,,20.059
14819,4.279,4.676,11.32,3.339,,,,,,,,,,,,,22.167
14820,4.279,4.676,11.32,3.339,,,,,,,,,,,,,23.9
14821,4.279,4.676,11.32,3.339,,,,,,,,,,,,,18.629
14822,4.279,4.676,11.32,3.339,,,,,,,,,,,,,15.076
14824,4.279,4.676,11.32,3.339,,,,,,,,,,,,,20.147
14825,4.279,4.676,11.32,3.339,,,,,,,,,,,,,24.937
14826,4.279,4.676,11.32,3.339,,,,,,,,,,,,,14.822
14827,4.279,4.676,11.32,3.339,,,,,,,,,,,,,19.96
14828,4.279,4.676,11.32,3.339,,,,,,,,,,,,,20.01
14829,4.279,4.676,11.32,3.339,,,,,,,,,,,,,19.932
14830,4.279,4.676,11.32,3.339,,,,,,,,,,,,,19.971
14831,4.279,4.676,11.32,3.339,,,,,,,,,,,,,20.135
14832,4.279,4.676,11.32,3.339,,,,,,,,,,,,,20.299
14833,4.279,4.676,11.32,3.339,,,,,,,,,,,,,19.746
14834,4.279,4.676,11.32,3.339,,,,,,,,,,,,,20.196
14835,4.279,4.676,11.32,3.339,,,,,,,,,,,,,20.074
14836,4.279,4.676,11.32,3.339,,,,,,,,,,,,,20.928
14837,4.279,4.676,11.32,3.339,,,,,,,,,,,,,18.77
14838,4.279,4.676,11.32,3.339,,,,,,,,,,,,,20.491
14839,4.279,4.676,11.32,3.339,,,,,,,,,,,,,19.88
14840,4.279,4.676,11.32,3.339,,,,,,,,,,,,,21.52
14841,4.279,4.676,11.32,3.339,,,,,,,,,,,,,20.724
14842,4.279,4.676,11.32,3.339,,,,,,,,,,,,,17.627
14843,4.279,4.676,11.32,3.339,,,,,,,,,,,,,19.754
14844,4.279,4.676,11.32,3.339,,,,,,,,,,,,,34.945
14845,4.279,4.676,11.32,3.339,,,,,,,,,,,,,5.277
14846,4.279,4.676,11.32,3.339,,,,,,,,,,,,,19.627
14847,4.279,4.676,11.32,3.339,,,,,,,,,,,,,20.109
14848,4.279,4.676,11.32,3.339,,,,,,,,,,,,,20.099
14849,4.279,4.676,11.32,3.339,,,,,,,,,,,,,20.273
14851,4.279,4.676,11.32,3.339,,,,,,,,,,,,,19.94
14852,4.279,4.676,11.32,3.339,,,,,,,,,,,,,19.965
14853,4.279,4.676,11.32,3.339,,,,,,,,,,,,,20.23
14854,4.279,4.676,11.32,3.339,,,,,,,,,,,,,20.977
14855,4.279,4.675,11.32,3.339,,,,,,,,,,,,,19.163
14856,4.279,4.676,11.32,3.339,,,,,,,,,,,,,19.755
14857,4.279,4.676,11.32,3.339,,,,,,,,,,,,,21.062
14858,4.279,4.676,11.32,3.339,,,,,,,,,,,,,18.868
14859,4.279,4.676,11.32,3.339,,,,,,,,,,,,,21.778
14860,4.279,4.676,11.32,3.339,,,,,,,,,,,,,18.172
14861,4.279,4.676,11.32,3.339,,,,,,,,,,,,,20.11
14862,4.279,4.676,11.32,3.339,,,,,,,,,,,,,24.211
14863,4.279,4.676,11.32,3.339,,,,,,,,,,,,,20.953
14864,4.279,4.676,11.32,3.339,,,,,,,,,,,,,15.642
14865,4.279,4.676,11.32,3.339,,,,,,,,,,,,,19.465
14866,4.279,4.676,11.32,3.339,,,,,,,,,,,,,19.673
14867,4.279,4.676,11.32,3.339,,,,,,,,,,,,,20.143
14868,4.279,4.676,11.32,3.339,,,,,,,,,,,,,19.88
14869,4.279,4.676,11.32,3.339,,,,,,,,,,,,,23.995
14870,4.279,4.676,11.32,3.339,,,,,,,,,,,,,16.834
14871,4.279,4.676,11.32,3.339,,,,,,,,,,,,,19.473
14872,4.279,4.676,11.32,3.339,,,,,,,,,,,,,19.755
14873,4.279,4.676,11.32,3.339,,,,,,,,,,,,,24.375
14874,4.279,4.676,11.32,3.339,,,,,,,,,,,,,15.568
14875,4.279,4.676,11.32,3.339,,,,,,,,,,,,,20.012
14876,4.279,4.676,11.32,3.339,,,,,,,,,,,,,39.395
14877,4.279,4.676,11.32,3.339,,,,,,,,,,,,,4.085
14878,4.279,4.676,11.32,3.339,,,,,,,,,,,,,17.697
14879,4.279,4.676,11.32,3.339,,,,,,,,,,,,,19.812
14880,4.279,4.676,11.32,3.339,,,,,,,,,,,,,20.094
14881,4.279,4.676,11.32,3.339,,,,,,,,,,,,,20.025
14885,4.279,4.676,11.32,3.339,,,,,,,,,,,,,21.27
14886,4.279,4.676,11.32,3.339,,,,,,,,,,,,,18.831
14887,4.279,4.676,11.32,3.339,,,,,,,,,,,,,20.06
14888,4.279,4.676,11.32,3.339,,,,,,,,,,,,,19.717
14889,4.279,4.676,11.32,3.339,,,,,,,,,,,,,29.255
14890,4.279,4.676,11.32,3.339,,,,,,,,,,,,,11.467
14891,4.279,4.676,11.32,3.339,,,,,,,,,,,,,19.855
14892,4.279,4.676,11.32,3.339,,,,,,,,,,,,,19.498
14893,4.279,4.676,11.32,3.339,,,,,,,,,,,,,20.818
14894,4.279,4.676,11.32,3.339,,,,,,,,,,,,,19.236
14895,4.279,4.676,11.32,3.339,,,,,,,,,,,,,19.892
14896,4.279,4.676,11.32,3.339,,,,,,,,,,,,,20.005
14899,4.279,4.676,11.32,3.339,,,,,,,,,,,,,9.173
14900,4.279,4.676,11.32,3.339,,,,,,,,,,,,,19.543
14903,4.279,4.676,11.32,3.339,,,,,,,,,,,,,22.318
14904,4.279,4.676,11.32,3.339,,,,,,,,,,,,,17.816
14905,4.279,4.676,11.32,3.339,,,,,,,,,,,,,21.318
14906,4.279,4.676,11.32,3.339,,,,,,,,,,,,,18.768
14909,4.279,4.676,11.32,3.339,,,,,,,,,,,,,17.898
14910,4.279,4.676,11.32,3.339,,,,,,,,,,,,,32.594
14911,4.279,4.676,11.32,3.339,,,,,,,,,,,,,5.201
14912,4.279,4.676,11.32,3.339,,,,,,,,,,,,,19.22
14913,4.279,4.676,11.32,3.339,,,,,,,,,,,,,20.045
14914,4.279,4.676,11.32,3.339,,,,,,,,,,,,,20.248
14915,4.279,4.676,11.32,3.339,,,,,,,,,,,,,19.957
14916,4.279,4.676,11.32,3.339,,,,,,,,,,,,,19.981
14917,4.279,4.676,11.32,3.339,,,,,,,,,,,,,19.946
14919,4.279,4.676,11.32,3.339,,,,,,,,,,,,,20.706
14920,4.279,4.676,11.32,3.339,,,,,,,,,,,,,19.198
14921,4.279,4.676,11.32,3.339,,,,,,,,,,,,,20.771
14922,4.279,4.676,11.32,3.339,,,,,,,,,,,,,19.395
14923,4.279,4.676,11.32,3.339,,,,,,,,,,,,,20.011
14924,4.279,4.676,11.32,3.339,,,,,,,,,,,,,19.946
14925,4.279,4.676,11.32,3.339,,,,,,,,,,,,,20.208
14926,4.279,4.676,11.32,3.339,,,,,,,,,,,,,20.39
14927,4.279,4.676,11.32,3.339,,,,,,,,,,,,,19.498
14928,4.279,4.676,11.32,3.339,,,,,,,,,,,,,19.976
14929,4.279,4.676,11.32,3.339,,,,,,,,,,,,,20.04
14930,4.279,4.676,11.32,3.339,,,,,,,,,,,,,21.249
14931,4.279,4.676,11.32,3.339,,,,,,,,,,,,,19.043
14932,4.279,4.676,11.32,3.339,,,,,,,,,,,,,19.618
14933,4.279,4.675,11.32,3.339,,,,,,,,,,,,,19.976
14934,4.279,4.675,11.32,3.339,,,,,,,,,,,,,19.943
14935,4.279,4.676,11.32,3.339,,,,,,,,,,,,,19.97
14936,4.279,4.676,11.32,3.339,,,,,,,,,,,,,20.291
14937,4.279,4.676,11.32,3.339,,,,,,,,,,,,,20.049
14938,4.279,4.676,11.32,3.339,,,,,,,,,,,,,19.747
14939,4.279,4.676,11.32,3.339,,,,,,,,,,,,,20.071
14940,4.279,4.676,11.32,3.339,,,,,,,,,,,,,20.172
14941,4.279,4.676,11.32,3.339,,,,,,,,,,,,,20.814
14942,4.279,4.676,11.32,3.339,,,,,,,,,,,,,18.902
14943,4.279,4.676,11.32,3.339,,,,,,,,,,,,,20.248
14944,4.279,4.676,11.32,3.339,,,,,,,,,,,,,41.877
14945,4.279,4.676,11.32,3.339,,,,,,,,,,,,,10.539
14946,4.279,4.676,11.32,3.339,,,,,,,,,,,,,8.754
14947,4.279,4.676,11.32,3.339,,,,,,,,,,,,,18.7
14948,4.279,4.676,11.32,3.339,,,,,,,,,,,,,20.962
14949,4.279,4.676,11.32,3.339,,,,,,,,,,,,,22.026
14950,4.279,4.676,11.32,3.339,,,,,,,,,,,,,16.909
14951,4.279,4.676,11.32,3.339,,,,,,,,,,,,,20.054
14952,4.279,4.676,11.32,3.339,,,,,,,,,,,,,19.883
14953,4.279,4.676,11.32,3.339,,,,,,,,,,,,,22.987
14954,4.279,4.676,11.32,3.339,,,,,,,,,,,,,17.224
14955,4.279,4.676,11.32,3.339,,,,,,,,,,,,,20.236
14956,4.279,4.676,11.32,3.339,,,,,,,,,,,,,23.067
14957,4.279,4.676,11.32,3.339,,,,,,,,,,,,,19.056
14958,4.279,4.676,11.32,3.339,,,,,,,,,,,,,17.636
14959,4.279,4.676,11.32,3.339,,,,,,,,,,,,,19.842
14960,4.279,4.676,11.32,3.339,,,,,,,,,,,,,20.233
14961,4.279,4.676,11.32,3.339,,,,,,,,,,,,,20.081
14962,4.279,4.676,11.32,3.339,,,,,,,,,,,,,19.847
14963,4.279,4.675,11.32,3.339,,,,,,,,,,,,,19.965
14964,4.279,4.675,11.32,3.339,,,,,,,,,,,,,19.96
14965,4.279,4.676,11.32,3.339,,,,,,,,,,,,,19.992
14966,4.279,4.676,11.32,3.339,,,,,,,,,,,,,20.134
14967,4.279,4.676,11.32,3.339,,,,,,,,,,,,,25.089
14968,4.279,4.676,11.32,3.339,,,,,,,,,,,,,14.955
14970,4.279,4.676,11.32,3.339,,,,,,,,,,,,,21.244
14971,4.279,4.676,11.32,3.339,,,,,,,,,,,,,20.498
14973,4.279,4.676,11.32,3.339,,,,,,,,,,,,,38.888
14974,4.279,4.676,11.32,3.339,,,,,,,,,,,,,4.267
14975,4.279,4.676,11.32,3.339,,,,,,,,,,,,,14.143
14976,4.279,4.676,11.32,3.339,,,,,,,,,,,,,21.417
14977,4.279,4.676,11.32,3.339,,,,,,,,,,,,,19.976
14978,4.279,4.676,11.32,3.339,,,,,,,,,,,,,19.558
14979,4.279,4.676,11.32,3.339,,,,,,,,,,,,,21.717
14980,4.279,4.676,11.32,3.339,,,,,,,,,,,,,18.482
14981,4.279,4.676,11.32,3.339,,,,,,,,,,,,,19.721
14982,4.279,4.676,11.32,3.339,,,,,,,,,,,,,19.964
14983,4.279,4.676,11.32,3.339,,,,,,,,,,,,,19.964
14984,4.279,4.676,11.32,3.339,,,,,,,,,,,,,20.003
14985,4.279,4.676,11.32,3.339,,,,,,,,,,,,,19.911
14986,4.279,4.676,11.32,3.339,,,,,,,,,,,,,21.536
14987,4.279,4.676,11.32,3.339,,,,,,,,,,,,,18.663
14989,4.279,4.676,11.32,3.339,,,,,,,,,,,,,20.132
14990,4.279,4.676,11.32,3.339,,,,,,,,,,,,,21.62
14991,4.279,4.676,11.32,3.339,,,,,,,,,,,,,18.568
14992,4.279,4.676,11.32,3.339,,,,,,,,,,,,,19.598
14993,4.279,4.676,11.32,3.339,,,,,,,,,,,,,19.976
14994,4.279,4.676,11.32,3.339,,,,,,,,,,,,,20.235
14995,4.279,4.676,11.32,3.339,,,,,,,,,,,,,24.714
14996,4.279,4.676,11.32,3.339,,,,,,,,,,,,,15.267
14997,4.279,4.676,11.32,3.339,,,,,,,,,,,,,19.896
14998,4.279,4.676,11.32,3.339,,,,,,,,,,,,,20.237
14999,4.279,4.676,11.32,3.339,,,,,,,,,,,,,19.681
15000,4.279,4.676,11.32,3.339,,,,,,,,,,,,,20.001
15001,4.279,4.676,11.32,3.339,,,,,,,,,,,,,20.027
15002,4.279,4.676,11.32,3.339,,,,,,,,,,,,,20.058
15003,4.279,4.676,11.32,3.339,,,,,,,,,,,,,32.153
15005,4.279,4.676,11.32,3.339,,,,,,,,,,,,,19.644
15006,4.279,4.676,11.32,3.339,,,,,,,,,,,,,20.554
15007,4.279,4.676,11.32,3.339,,,,,,,,,,,,,15.54
15008,4.279,4.676,11.32,3.339,,,,,,,,,,,,,25.296
15009,4.279,4.676,11.32,3.339,,,,,,,,,,,,,14.805
15010,4.279,4.676,11.32,3.339,,,,,,,,,,,,,20.251
15012,4.279,4.676,11.32,3.339,,,,,,,,,,,,,14.503
15013,4.279,4.676,11.32,3.339,,,,,,,,,,,,,19.994
15014,4.279,4.676,11.32,3.339,,,,,,,,,,,,,20.765
15015,4.279,4.676,11.32,3.339,,,,,,,,,,,,,19.033
15016,4.279,4.676,11.32,3.339,,,,,,,,,,,,,19.901
15017,4.279,4.676,11.32,3.339,,,,,,,,,,,,,21.621
15018,4.279,4.676,11.32,3.339,,,,,,,,,,,,,18.585
15019,4.279,4.676,11.32,3.339,,,,,,,,,,,,,20.023
15020,4.279,4.676,11.32,3.339,,,,,,,,,,,,,20.125
15021,4.279,4.676,11.32,3.339,,,,,,,,,,,,,20.784
15022,4.279,4.676,11.32,3.339,,,,,,,,,,,,,19.777
15023,4.279,4.676,11.32,3.339,,,,,,,,,,,,,19.362
15024,4.279,4.676,11.32,3.339,,,,,,,,,,,,,19.719
15025,4.279,4.676,11.32,3.339,,,,,,,,,,,,,20.223
15026,4.279,4.676,11.32,3.339,,,,,,,,,,,,,20.108
15027,4.279,4.676,11.32,3.339,,,,,,,,,,,,,19.832
15028,4.279,4.676,11.32,3.339,,,,,,,,,,,,,22.292
15029,4.279,4.676,11.32,3.339,,,,,,,,,,,,,19.05
15030,4.279,4.676,11.32,3.339,,,,,,,,,,,,,40.271
15034,4.279,4.676,11.32,3.339,,,,,,,,,,,,,20.239
15035,4.279,4.676,11.32,3.339,,,,,,,,,,,,,19.937
15038,4.279,4.676,11.32,3.339,,,,,,,,,,,,,20.287
15039,4.279,4.676,11.32,3.339,,,,,,,,,,,,,26.172
15040,4.279,4.676,11.32,3.339,,,,,,,,,,,,,13.415
15041,4.279,4.676,11.32,3.339,,,,,,,,,,,,,20.133
15042,4.279,4.676,11.32,3.339,,,,,,,,,,,,,21.415
15043,4.279,4.676,11.32,3.339,,,,,,,,,,,,,18.611
15044,4.279,4.676,11.32,3.339,,,,,,,,,,,,,20.19
15045,4.279,4.676,11.32,3.339,,,,,,,,,,,,,19.879
15046,4.279,4.676,11.32,3.339,,,,,,,,,,,,,20.104
15047,4.279,4.676,11.32,3.339,,,,,,,,,,,,,21.301
15048,4.279,4.676,11.32,3.339,,,,,,,,,,,,,18.37
15050,4.279,4.676,11.32,3.339,,,,,,,,,,,,,19.963
15051,4.279,4.676,11.32,3.339,,,,,,,,,,,,,19.957
15052,4.279,4.676,11.32,3.339,,,,,,,,,,,,,20.034
15053,4.279,4.676,11.32,3.339,,,,,,,,,,,,,20.34
15054,4.279,4.676,11.32,3.339,,,,,,,,,,,,,19.567
15057,4.279,4.676,11.32,3.339,,,,,,,,,,,,,16.347
15058,4.279,4.676,11.32,3.339,,,,,,,,,,,,,19.253
15059,4.279,4.676,11.32,3.339,,,,,,,,,,,,,20.22
15060,4.279,4.676,11.32,3.339,,,,,,,,,,,,,20.075
15061,4.279,4.676,11.32,3.339,,,,,,,,,,,,,19.935
15062,4.279,4.676,11.32,3.339,,,,,,,,,,,,,20.153
15063,4.279,4.676,11.32,3.339,,,,,,,,,,,,,19.831
15064,4.279,4.676,11.32,3.339,,,,,,,,,,,,,36.939
15065,4.279,4.676,11.32,3.339,,,,,,,,,,,,,3.933
15066,4.279,4.676,11.32,3.339,,,,,,,,,,,,,19.207
15067,4.279,4.676,11.32,3.339,,,,,,,,,,,,,20.956
15068,4.279,4.676,11.32,3.339,,,,,,,,,,,,,18.933
15069,4.279,4.676,11.32,3.339,,,,,,,,,,,,,19.993
15070,4.279,4.676,11.32,3.339,,,,,,,,,,,,,20.159
15071,4.279,4.676,11.32,3.339,,,,,,,,,,,,,20.139
15072,4.279,4.676,11.32,3.339,,,,,,,,,,,,,24.486
15073,4.279,4.676,11.32,3.339,,,,,,,,,,,,,16.136
15074,4.279,4.676,11.32,3.339,,,,,,,,,,,,,21.481
15075,4.279,4.676,11.32,3.339,,,,,,,,,,,,,17.779
15077,4.279,4.676,11.32,3.339,,,,,,,,,,,,,15.91
15078,4.279,4.676,11.32,3.339,,,,,,,,,,,,,21.328
15079,4.279,4.676,11.32,3.339,,,,,,,,,,,,,19.668
15081,4.279,4.676,11.32,3.339,,,,,,,,,,,,,37.684
15082,4.279,4.676,11.32,3.339,,,,,,,,,,,,,16.064
15083,4.279,4.676,11.32,3.339,,,,,,,,,,,,,15.012
15084,4.279,4.676,11.32,3.339,,,,,,,,,,,,,15.379
15085,4.279,4.676,11.32,3.339,,,,,,,,,,,,,16.437
15086,4.279,4.676,11.32,3.339,,,,,,,,,,,,,30.166
15087,4.279,4.676,11.32,3.339,,,,,,,,,,,,,9.515
15088,4.279,4.676,11.32,3.339,,,,,,,,,,,,,21.462
15089,4.279,4.676,11.32,3.339,,,,,,,,,,,,,18.239
15090,4.279,4.676,11.32,3.339,,,,,,,,,,,,,21.829
15091,4.279,4.676,11.32,3.339,,,,,,,,,,,,,18.292
15092,4.279,4.676,11.32,3.339,,,,,,,,,,,,,20.008
15094,4.279,4.676,11.32,3.339,,,,,,,,,,,,,19.961
15095,4.279,4.676,11.32,3.339,,,,,,,,,,,,,20.259
15097,4.279,4.676,11.32,3.339,,,,,,,,,,,,,19.936
15098,4.279,4.676,11.32,3.339,,,,,,,,,,,,,33.548
15099,4.279,4.676,11.32,3.339,,,,,,,,,,,,,7.616
15100,4.279,4.676,11.32,3.339,,,,,,,,,,,,,18.991
15101,4.279,4.676,11.32,3.339,,,,,,,,,,,,,19.949
15102,4.279,4.676,11.32,3.339,,,,,,,,,,,,,20.142
15103,4.279,4.676,11.32,3.339,,,,,,,,,,,,,19.958
15104,4.279,4.676,11.32,3.339,,,,,,,,,,,,,19.799
15105,4.279,4.676,11.32,3.339,,,,,,,,,,,,,20.322
15106,4.279,4.676,11.32,3.339,,,,,,,,,,,,,19.93
15107,4.279,4.676,11.32,3.339,,,,,,,,,,,,,19.972
15108,4.279,4.676,11.32,3.339,,,,,,,,,,,,,22.682
15109,4.279,4.675,11.32,3.339,,,,,,,,,,,,,17.317
15110,4.279,4.676,11.32,3.339,,,,,,,,,,,,,19.855
15111,4.279,4.676,11.32,3.339,,,,,,,,,,,,,20.088
15112,4.279,4.676,11.32,3.339,,,,,,,,,,,,,21.726
15115,4.279,4.676,11.32,3.339,,,,,,,,,,,,,20.872
15116,4.279,4.676,11.32,3.339,,,,,,,,,,,,,19.474
15117,4.279,4.676,11.32,3.339,,,,,,,,,,,,,24.219
15118,4.279,4.676,11.32,3.339,,,,,,,,,,,,,15.579
15119,4.279,4.676,11.32,3.339,,,,,,,,,,,,,20.259
15120,4.279,4.676,11.32,3.339,,,,,,,,,,,,,19.674
15121,4.279,4.676,11.32,3.339,,,,,,,,,,,,,20.043
15122,4.279,4.676,11.32,3.339,,,,,,,,,,,,,19.818
15123,4.279,4.676,11.32,3.339,,,,,,,,,,,,,24.4
15124,4.279,4.676,11.32,3.339,,,,,,,,,,,,,17.171
15125,4.279,4.676,11.32,3.339,,,,,,,,,,,,,18.673
15126,4.279,4.676,11.32,3.339,,,,,,,,,,,,,20.801
15127,4.279,4.676,11.32,3.339,,,,,,,,,,,,,19.156
15128,4.279,4.676,11.32,3.339,,,,,,,,,,,,,20.726
15129,4.279,4.676,11.32,3.339,,,,,,,,,,,,,20.502
15130,4.279,4.676,11.32,3.339,,,,,,,,,,,,,19.703
15132,4.279,4.676,11.32,3.339,,,,,,,,,,,,,41.291
15133,4.279,4.676,11.32,3.339,,,,,,,,,,,,,8.187
15134,4.279,4.676,11.32,3.339,,,,,,,,,,,,,10.222
15135,4.279,4.676,11.32,3.339,,,,,,,,,,,,,20.124
15136,4.279,4.676,11.32,3.339,,,,,,,,,,,,,19.908
15137,4.279,4.676,11.32,3.339,,,,,,,,,,,,,20.148
15138,4.279,4.676,11.32,3.339,,,,,,,,,,,,,19.719
15139,4.279,4.676,11.32,3.339,,,,,,,,,,,,,19.959
15140,4.279,4.676,11.32,3.339,,,,,,,,,,,,,20.23
15141,4.279,4.676,11.32,3.339,,,,,,,,,,,,,20.017
15142,4.279,4.676,11.32,3.339,,,,,,,,,,,,,20.505
15143,4.279,4.676,11.32,3.339,,,,,,,,,,,,,20.929
15144,4.279,4.676,11.32,3.339,,,,,,,,,,,,,18.469
15145,4.279,4.676,11.32,3.339,,,,,,,,,,,,,20.071
15146,4.279,4.676,11.32,3.339,,,,,,,,,,,,,20.834
15147,4.279,4.676,11.32,3.339,,,,,,,,,,,,,19.287
15148,4.279,4.676,11.32,3.339,,,,,,,,,,,,,24.019
15149,4.279,4.676,11.32,3.339,,,,,,,,,,,,,15.909
15154,4.279,4.676,11.32,3.339,,,,,,,,,,,,,15.622
15155,4.279,4.676,11.32,3.339,,,,,,,,,,,,,20.209
15156,4.279,4.676,11.32,3.339,,,,,,,,,,,,,20.296
15157,4.279,4.676,11.32,3.339,,,,,,,,,,,,,19.662
15158,4.279,4.676,11.32,3.339,,,,,,,,,,,,,21.502
15159,4.279,4.676,11.32,3.339,,,,,,,,,,,,,18.637
15160,4.279,4.676,11.32,3.339,,,,,,,,,,,,,33.415
15161,4.279,4.676,11.32,3.339,,,,,,,,,,,,,7.268
15162,4.279,4.676,11.32,3.339,,,,,,,,,,,,,19.015
15163,4.279,4.676,11.32,3.339,,,,,,,,,,,,,20.215
15164,4.279,4.676,11.32,3.339,,,,,,,,,,,,,21.768
15165,4.279,4.676,11.32,3.339,,,,,,,,,,,,,18.232
15166,4.279,4.676,11.32,3.339,,,,,,,,,,,,,21.805
15167,4.279,4.676,11.32,3.339,,,,,,,,,,,,,18.097
15168,4.279,4.676,11.32,3.339,,,,,,,,,,,,,19.988
15170,4.279,4.676,11.32,3.339,,,,,,,,,,,,,15.314
15171,4.279,4.676,11.32,3.339,,,,,,,,,,,,,19.97
15172,4.279,4.676,11.32,3.339,,,,,,,,,,,,,20.54
15173,4.279,4.676,11.32,3.339,,,,,,,,,,,,,20.192
15174,4.279,4.676,11.32,3.339,,,,,,,,,,,,,20.135
15175,4.279,4.676,11.32,3.339,,,,,,,,,,,,,19.544
15176,4.279,4.676,11.32,3.339,,,,,,,,,,,,,20.991
15177,4.279,4.676,11.32,3.339,,,,,,,,,,,,,18.935
15180,4.279,4.676,11.32,3.339,,,,,,,,,,,,,11.58
15181,4.279,4.676,11.32,3.339,,,,,,,,,,,,,19.745
15182,4.279,4.676,11.32,3.339,,,,,,,,,,,,,20.001
15183,4.279,4.676,11.32,3.339,,,,,,,,,,,,,20.203
15185,4.279,4.676,11.32,3.339,,,,,,,,,,,,,17.101
15186,4.279,4.676,11.32,3.339,,,,,,,,,,,,,18.438
15187,4.279,4.676,11.32,3.339,,,,,,,,,,,,,19.936
15188,4.279,4.676,11.32,3.339,,,,,,,,,,,,,20.237
15189,4.279,4.676,11.32,3.339,,,,,,,,,,,,,19.956
15190,4.279,4.676,11.32,3.339,,,,,,,,,,,,,44.846
15191,4.279,4.676,11.32,3.339,,,,,,,,,,,,,4.064
15192,4.279,4.676,11.32,3.339,,,,,,,,,,,,,11.43
15193,4.279,4.676,11.32,3.339,,,,,,,,,,,,,19.538
15194,4.279,4.676,11.32,3.339,,,,,,,,,,,,,19.993
15195,4.279,4.676,11.32,3.339,,,,,,,,,,,,,20.612
15196,4.279,4.676,11.32,3.339,,,,,,,,,,,,,19.568
15197,4.279,4.676,11.32,3.339,,,,,,,,,,,,,20.04
15198,4.279,4.676,11.32,3.339,,,,,,,,,,,,,19.924
15199,4.279,4.676,11.32,3.339,,,,,,,,,,,,,19.928
15200,4.279,4.676,11.32,3.339,,,,,,,,,,,,,24.491
15201,4.279,4.676,11.32,3.339,,,,,,,,,,,,,15.459
15202,4.279,4.676,11.32,3.339,,,,,,,,,,,,,19.976
15203,4.279,4.676,11.32,3.339,,,,,,,,,,,,,20.213
15204,4.279,4.676,11.32,3.339,,,,,,,,,,,,,19.974
15205,4.279,4.676,11.32,3.339,,,,,,,,,,,,,20.891
15206,4.279,4.676,11.32,3.339,,,,,,,,,,,,,19.055
15207,4.279,4.676,11.32,3.339,,,,,,,,,,,,,19.895
15208,4.279,4.676,11.32,3.339,,,,,,,,,,,,,21.08
15209,4.279,4.676,11.32,3.339,,,,,,,,,,,,,18.936
15210,4.279,4.676,11.32,3.339,,,,,,,,,,,,,22.621
15211,4.279,4.676,11.32,3.339,,,,,,,,,,,,,17.37
15212,4.279,4.676,11.32,3.339,,,,,,,,,,,,,20.079
15213,4.279,4.676,11.32,3.339,,,,,,,,,,,,,20.573
15214,4.279,4.676,11.32,3.339,,,,,,,,,,,,,19.474
15215,4.279,4.676,11.32,3.339,,,,,,,,,,,,,24.056
15216,4.279,4.676,11.32,3.339,,,,,,,,,,,,,17.179
15217,4.279,4.676,11.32,3.339,,,,,,,,,,,,,18.766
15218,4.279,4.676,11.32,3.339,,,,,,,,,,,,,19.858
15219,4.279,4.676,11.32,3.339,,,,,,,,,,,,,19.961
15220,4.279,4.676,11.32,3.339,,,,,,,,,,,,,20.257
15221,4.279,4.676,11.32,3.339,,,,,,,,,,,,,26.657
15222,4.279,4.676,11.32,3.339,,,,,,,,,,,,,13.266
15223,4.279,4.676,11.32,3.339,,,,,,,,,,,,,19.945
15224,4.279,4.676,11.32,3.339,,,,,,,,,,,,,49.272
15225,4.279,4.676,11.32,3.339,,,,,,,,,,,,,3.941
15226,4.279,4.676,11.32,3.339,,,,,,,,,,,,,13.636
15227,4.279,4.676,11.32,3.339,,,,,,,,,,,,,14.581
15228,4.279,4.676,11.32,3.339,,,,,,,,,,,,,18.607
15229,4.279,4.676,11.32,3.339,,,,,,,,,,,,,20.043
15231,4.279,4.676,11.32,3.339,,,,,,,,,,,,,19.97
15232,4.279,4.676,11.32,3.339,,,,,,,,,,,,,19.934
15233,4.279,4.676,11.32,3.339,,,,,,,,,,,,,19.996
15234,4.279,4.676,11.32,3.339,,,,,,,,,,,,,20.057
15235,4.279,4.676,11.32,3.339,,,,,,,,,,,,,19.9
15236,4.279,4.676,11.32,3.339,,,,,,,,,,,,,19.965
15237,4.279,4.676,11.32,3.339,,,,,,,,,,,,,20.339
15238,4.279,4.676,11.32,3.339,,,,,,,,,,,,,20.406
15239,4.279,4.676,11.32,3.339,,,,,,,,,,,,,19.453
15240,4.279,4.676,11.32,3.339,,,,,,,,,,,,,19.914
15241,4.279,4.676,11.32,3.339,,,,,,,,,,,,,20.765
15243,4.279,4.676,11.32,3.339,,,,,,,,,,,,,19.995
15244,4.279,4.676,11.32,3.339,,,,,,,,,,,,,20.208
15245,4.279,4.676,11.32,3.339,,,,,,,,,,,,,20.119
15246,4.279,4.676,11.32,3.339,,,,,,,,,,,,,21.942
15247,4.279,4.676,11.32,3.339,,,,,,,,,,,,,20.964
15248,4.279,4.676,11.32,3.339,,,,,,,,,,,,,16.989
15249,4.279,4.676,11.32,3.339,,,,,,,,,,,,,19.892
15250,4.279,4.676,11.32,3.339,,,,,,,,,,,,,20.248
15251,4.279,4.676,11.32,3.339,,,,,,,,,,,,,55.693
15252,4.279,4.676,11.32,3.339,,,,,,,,,,,,,4.047
15253,4.279,4.676,11.32,3.339,,,,,,,,,,,,,4.422
15254,4.279,4.676,11.32,3.339,,,,,,,,,,,,,15.653
15255,4.279,4.676,11.32,3.339,,,,,,,,,,,,,19.962
15256,4.279,4.676,11.32,3.339,,,,,,,,,,,,,19.943
15257,4.279,4.676,11.32,3.339,,,,,,,,,,,,,21.027
15258,4.279,4.676,11.32,3.339,,,,,,,,,,,,,18.956
15259,4.279,4.676,11.32,3.339,,,,,,,,,,,,,22.284
15260,4.279,4.676,11.32,3.339,,,,,,,,,,,,,18.425
15261,4.279,4.676,11.32,3.339,,,,,,,,,,,,,20.147
15262,4.279,4.676,11.32,3.339,,,,,,,,,,,,,19.456
15265,4.279,4.676,11.32,3.339,,,,,,,,,,,,,19.958
15266,4.279,4.676,11.32,3.339,,,,,,,,,,,,,23.39
15267,4.279,4.676,11.32,3.339,,,,,,,,,,,,,16.791
15268,4.279,4.676,11.32,3.339,,,,,,,,,,,,,24.363
15269,4.279,4.676,11.32,3.339,,,,,,,,,,,,,15.592
15270,4.279,4.676,11.32,3.339,,,,,,,,,,,,,20.039
15271,4.279,4.676,11.32,3.339,,,,,,,,,,,,,19.895
15272,4.279,4.676,11.32,3.339,,,,,,,,,,,,,19.969
15273,4.279,4.676,11.32,3.339,,,,,,,,,,,,,20.062
15274,4.279,4.676,11.32,3.339,,,,,,,,,,,,,19.921
15275,4.279,4.676,11.32,3.339,,,,,,,,,,,,,20.077
15276,4.279,4.676,11.32,3.339,,,,,,,,,,,,,21.09
15277,4.279,4.676,11.32,3.339,,,,,,,,,,,,,19.003
15278,4.279,4.676,11.32,3.339,,,,,,,,,,,,,20.962
15279,4.279,4.676,11.32,3.339,,,,,,,,,,,,,19.94
15280,4.279,4.676,11.32,3.339,,,,,,,,,,,,,20.857
15281,4.279,4.676,11.32,3.339,,,,,,,,,,,,,19.096
15282,4.279,4.676,11.32,3.339,,,,,,,,,,,,,40.223
15283,4.279,4.676,11.32,3.339,,,,,,,,,,,,,7.135
15284,4.279,4.676,11.32,3.339,,,,,,,,,,,,,27.429
15285,4.279,4.676,11.32,3.339,,,,,,,,,,,,,6.611
15286,4.279,4.676,11.32,3.339,,,,,,,,,,,,,19.744
15287,4.279,4.676,11.32,3.339,,,,,,,,,,,,,19.007
15289,4.279,4.676,11.32,3.339,,,,,,,,,,,,,28.759
15290,4.279,4.676,11.32,3.339,,,,,,,,,,,,,11.16
15291,4.279,4.676,11.32,3.339,,,,,,,,,,,,,22.032
15292,4.279,4.676,11.32,3.339,,,,,,,,,,,,,25.282
15294,4.279,4.676,11.32,3.339,,,,,,,,,,,,,24.629
15295,4.279,4.676,11.32,3.339,,,,,,,,,,,,,15.291
15296,4.279,4.676,11.32,3.339,,,,,,,,,,,,,27.869
15297,4.279,4.676,11.32,3.339,,,,,,,,,,,,,14.135
15298,4.279,4.676,11.32,3.339,,,,,,,,,,,,,18.002
15299,4.279,4.676,11.32,3.339,,,,,,,,,,,,,20.147
15300,4.279,4.676,11.32,3.339,,,,,,,,,,,,,20.439
15301,4.279,4.676,11.32,3.339,,,,,,,,,,,,,19.888
15302,4.279,4.676,11.32,3.339,,,,,,,,,,,,,19.586
15303,4.279,4.676,11.32,3.339,,,,,,,,,,,,,21.89
15304,4.279,4.676,11.32,3.339,,,,,,,,,,,,,18.035
15305,4.279,4.676,11.32,3.339,,,,,,,,,,,,,19.974
15306,4.279,4.676,11.32,3.339,,,,,,,,,,,,,22.304
15307,4.279,4.676,11.32,3.339,,,,,,,,,,,,,17.789
15308,4.279,4.676,11.32,3.339,,,,,,,,,,,,,20.588
15309,4.279,4.676,11.32,3.339,,,,,,,,,,,,,19.869
15310,4.279,4.676,11.32,3.339,,,,,,,,,,,,,21.627
15311,4.279,4.676,11.32,3.339,,,,,,,,,,,,,17.89
15312,4.279,4.676,11.32,3.339,,,,,,,,,,,,,19.961
15315,4.279,4.676,11.32,3.339,,,,,,,,,,,,,16.474
15317,4.279,4.676,11.32,3.339,,,,,,,,,,,,,19.897
15318,4.279,4.676,11.32,3.339,,,,,,,,,,,,,19.987
15320,4.279,4.676,11.32,3.339,,,,,,,,,,,,,20.011
15323,4.279,4.676,11.32,3.339,,,,,,,,,,,,,19.997
15324,4.279,4.676,11.32,3.339,,,,,,,,,,,,,19.942
15325,4.279,4.676,11.32,3.339,,,,,,,,,,,,,22.335
15326,4.279,4.676,11.32,3.339,,,,,,,,,,,,,17.879
15330,4.279,4.676,11.32,3.339,,,,,,,,,,,,,19.888
15331,4.279,4.676,11.32,3.339,,,,,,,,,,,,,19.956
15332,4.279,4.676,11.32,3.339,,,,,,,,,,,,,20.046
15333,4.279,4.676,11.32,3.339,,,,,,,,,,,,,19.861
15334,4.279,4.676,11.32,3.339,,,,,,,,,,,,,20.211
15338,4.279,4.676,11.32,3.339,,,,,,,,,,,,,21.084
15340,4.279,4.676,11.32,3.339,,,,,,,,,,,,,19.918
15341,4.279,4.676,11.32,3.339,,,,,,,,,,,,,22.533
15342,4.279,4.676,11.32,3.339,,,,,,,,,,,,,17.656
15343,4.279,4.676,11.32,3.339,,,,,,,,,,,,,24.87
15344,4.279,4.676,11.32,3.339,,,,,,,,,,,,,32.437
15345,4.279,4.676,11.32,3.339,,,,,,,,,,,,,4.056
15346,4.279,4.676,11.32,3.339,,,,,,,,,,,,,18.608
15350,4.279,4.676,11.32,3.339,,,,,,,,,,,,,20.002
15351,4.279,4.676,11.32,3.339,,,,,,,,,,,,,19.93
15352,4.279,4.676,11.32,3.339,,,,,,,,,,,,,19.946
15353,4.279,4.676,11.32,3.339,,,,,,,,,,,,,20.08
15355,4.279,4.676,11.32,3.339,,,,,,,,,,,,,19.999
15356,4.279,4.676,11.32,3.339,,,,,,,,,,,,,20.092
15357,4.279,4.676,11.32,3.339,,,,,,,,,,,,,22.156
15358,4.279,4.676,11.32,3.339,,,,,,,,,,,,,17.897
15359,4.279,4.676,11.32,3.339,,,,,,,,,,,,,20.13
15360,4.279,4.676,11.32,3.339,,,,,,,,,,,,,19.906
15361,4.279,4.676,11.32,3.339,,,,,,,,,,,,,19.933
15362,4.279,4.676,11.32,3.339,,,,,,,,,,,,,19.908
15363,4.279,4.676,11.32,3.339,,,,,,,,,,,,,20.057
15364,4.279,4.676,11.32,3.339,,,,,,,,,,,,,19.879
15365,4.279,4.676,11.32,3.339,,,,,,,,,,,,,22.02
15366,4.279,4.676,11.32,3.339,,,,,,,,,,,,,31.768
15367,4.279,4.676,11.32,3.339,,,,,,,,,,,,,7.005
15368,4.279,4.676,11.32,3.339,,,,,,,,,,,,,19.429
15369,4.279,4.676,11.32,3.339,,,,,,,,,,,,,19.907
15370,4.279,4.676,11.32,3.339,,,,,,,,,,,,,19.964
15371,4.279,4.676,11.32,3.339,,,,,,,,,,,,,54.085
15372,4.279,4.676,11.32,3.339,,,,,,,,,,,,,4.046
15373,4.279,4.676,11.32,3.339,,,,,,,,,,,,,4.065
15374,4.279,4.676,11.32,3.339,,,,,,,,,,,,,18.711
15375,4.279,4.676,11.32,3.339,,,,,,,,,,,,,19.176
15376,4.279,4.676,11.32,3.339,,,,,,,,,,,,,21.338
15378,4.279,4.676,11.32,3.339,,,,,,,,,,,,,20.996
15379,4.279,4.676,11.32,3.339,,,,,,,,,,,,,19.959
15380,4.279,4.676,11.32,3.339,,,,,,,,,,,,,20.032
15381,4.279,4.676,11.32,3.339,,,,,,,,,,,,,20.141
15382,4.279,4.676,11.32,3.339,,,,,,,,,,,,,19.831
15383,4.279,4.676,11.32,3.339,,,,,,,,,,,,,24.637
15384,4.279,4.676,11.32,3.339,,,,,,,,,,,,,15.568
15385,4.279,4.676,11.32,3.339,,,,,,,,,,,,,20.991
15386,4.279,4.676,11.32,3.339,,,,,,,,,,,,,18.965
15387,4.279,4.676,11.32,3.339,,,,,,,,,,,,,20.087
15388,4.279,4.676,11.32,3.339,,,,,,,,,,,,,19.731
15389,4.279,4.676,11.32,3.339,,,,,,,,,,,,,19.959
15390,4.279,4.676,11.32,3.339,,,,,,,,,,,,,20.025
15391,4.279,4.676,11.32,3.339,,,,,,,,,,,,,20.09
15392,4.279,4.676,11.32,3.339,,,,,,,,,,,,,20.225
15393,4.279,4.676,11.32,3.339,,,,,,,,,,,,,21.752
15394,4.279,4.676,11.32,3.339,,,,,,,,,,,,,18.039
15395,4.279,4.676,11.32,3.339,,,,,,,,,,,,,20.543
15397,4.279,4.676,11.32,3.339,,,,,,,,,,,,,20.007
15398,4.279,4.676,11.32,3.339,,,,,,,,,,,,,21.264
15399,4.279,4.676,11.32,3.339,,,,,,,,,,,,,19.098
15401,4.279,4.676,11.32,3.339,,,,,,,,,,,,,31.928
15402,4.279,4.676,11.32,3.339,,,,,,,,,,,,,8.229
15403,4.279,4.676,11.32,3.339,,,,,,,,,,,,,19.71
15404,4.279,4.676,11.32,3.339,,,,,,,,,,,,,21.216
15405,4.279,4.676,11.32,3.339,,,,,,,,,,,,,18.71
15406,4.279,4.676,11.32,3.339,,,,,,,,,,,,,20.254
15407,4.279,4.676,11.32,3.339,,,,,,,,,,,,,20.094
15408,4.279,4.676,11.32,3.339,,,,,,,,,,,,,19.83
15409,4.279,4.676,11.32,3.339,,,,,,,,,,,,,20.476
15410,4.279,4.676,11.32,3.339,,,,,,,,,,,,,19.586
15411,4.279,4.676,11.32,3.339,,,,,,,,,,,,,25.582
15412,4.279,4.676,11.32,3.339,,,,,,,,,,,,,14.628
15413,4.279,4.676,11.32,3.339,,,,,,,,,,,,,19.598
15414,4.279,4.676,11.32,3.339,,,,,,,,,,,,,19.929
15415,4.279,4.676,11.32,3.339,,,,,,,,,,,,,20.503
15416,4.279,4.676,11.32,3.339,,,,,,,,,,,,,19.835
15417,4.279,4.676,11.32,3.339,,,,,,,,,,,,,19.983
15418,4.279,4.676,11.32,3.339,,,,,,,,,,,,,19.818
15419,4.279,4.676,11.32,3.339,,,,,,,,,,,,,20.081
15420,4.279,4.676,11.32,3.339,,,,,,,,,,,,,19.994
15421,4.279,4.676,11.32,3.339,,,,,,,,,,,,,19.989
15422,4.279,4.676,11.32,3.339,,,,,,,,,,,,,20.192
15423,4.279,4.676,11.32,3.339,,,,,,,,,,,,,20.101
15424,4.279,4.676,11.32,3.339,,,,,,,,,,,,,19.714
15425,4.279,4.676,11.32,3.339,,,,,,,,,,,,,22.294
15426,4.279,4.676,11.32,3.339,,,,,,,,,,,,,17.708
15428,4.279,4.676,11.32,3.339,,,,,,,,,,,,,20.009
15429,4.279,4.676,11.32,3.339,,,,,,,,,,,,,25.829
15430,4.279,4.676,11.32,3.339,,,,,,,,,,,,,14.13
15431,4.279,4.676,11.32,3.339,,,,,,,,,,,,,49.435
15432,4.279,4.676,11.32,3.339,,,,,,,,,,,,,4.061
15433,4.279,4.676,11.32,3.339,,,,,,,,,,,,,6.997
15434,4.279,4.676,11.32,3.339,,,,,,,,,,,,,20.761
15435,4.279,4.676,11.32,3.339,,,,,,,,,,,,,19.045
15436,4.279,4.676,11.32,3.339,,,,,,,,,,,,,19.875
15437,4.279,4.676,11.32,3.339,,,,,,,,,,,,,23.136
15438,4.279,4.676,11.32,3.339,,,,,,,,,,,,,17.193
15440,4.279,4.676,11.32,3.339,,,,,,,,,,,,,19.986
15441,4.279,4.676,11.32,3.339,,,,,,,,,,,,,21.991
15442,4.279,4.676,11.32,3.339,,,,,,,,,,,,,17.934
15443,4.279,4.676,11.32,3.339,,,,,,,,,,,,,20.218
15444,4.279,4.676,11.32,3.339,,,,,,,,,,,,,19.731
15445,4.279,4.676,11.32,3.339,,,,,,,,,,,,,22.554
15448,4.279,4.676,11.32,3.339,,,,,,,,,,,,,19.865
15449,4.279,4.676,11.32,3.339,,,,,,,,,,,,,21.075
